domain,http_status,https_status,redirect_url
1amazon.info,200,,https://www.amazon.com/ref=as_li_ss_tl?ie=UTF8&linkCode=sl2&tag=amznipops-20&linkId=ef33ef1998890bd8a89ba9c3007fa6cd
2imdb.com,200,,https://www.amazon.com/ref=as_li_ss_tl?ie=UTF8&linkCode=sl2&tag=amznipops-20&linkId=ef33ef1998890bd8a89ba9c3007fa6cd
365bywholefoods.fr,200,,https://www.wholefoodsmarket.com/
5twitch.com,200,,https://www.twitch.tv/
6twitch.com,200,,https://www.twitch.tv/
a-azonaws.com,200,,https://aws.amazon.com:443/
aamazon.biz,202,202,https://www.amazon.com:443/
aamazon.com,202,202,https://www.amazon.com:443/
aamazon.it,202,,https://www.amazon.it/
aamazon.net,200,,https://www.amazon.com/ref=as_li_ss_tl?_encoding=UTF8&camp=1789&creative=390957&linkCode=ur2&tag=amznipops-20&linkId=VETEOIMPO7O4WRWZ
aawss.com,200,,https://aws.amazon.com/
abonnementkindle.fr,200,,https://www.amazon.fr/kindle-dbs/hz/subscribe/ku?_encoding=UTF8&*Version*=1&shoppingPortalEnabled=true&*entries*=0
aboutamazon.co.in,200,,https://www.aboutamazon.com/
aboutamazon.com,200,200,https://www.aboutamazon.com:443/
aboutamazon.cz,200,,https://www.aboutamazon.com/
aboutamazon.fr,200,200,https://www.aboutamazon.fr/
aboutamazon.in,200,200,https://www.aboutamazon.in/
aboutamazon.info,200,,https://www.aboutamazon.com/
aboutamazon.it,200,200,https://www.aboutamazon.it/
aboutamazon.net,200,,https://www.aboutamazon.com/
acceleraconamazon.it,200,200,https://acceleraconamazon.it/
acmvalidationsaws.com,200,,https://aws.amazon.com/certificate-manager/
actorsimdb.info,200,,https://www.safebrowse.io/warn.html?url=http://actorsimdb.info/&token=69c983de
adsamazon.com,200,,https://advertising.amazon.com/
adsamazon.fr,200,,https://advertising.amazon.com/fr-fr
adsamazon.it,200,,https://advertising.amazon.com/it-it
advertisewithamazon.fr,200,,https://advertising.amazon.com/fr-fr
advertisingamazon.fr,200,,https://advertising.amazon.com/fr-fr
advertisingamazon.it,200,,https://advertising.amazon.com/it-it
affiliateamazon.at,200,,https://www.amazon.de/
affiliateamazon.co.at,200,,https://www.amazon.de/
affiliateamazon.fr,202,,https://www.amazon.fr/
affiliateamazon.it,202,,https://www.amazon.it/
affiliationamazon.fr,202,,https://www.amazon.fr/
affiliazioneamazon.it,202,,https://www.amazon.it/
agenciaamazonia.com,200,,https://www.amazon.com/ref=as_li_ss_tl?_encoding=UTF8&camp=1789&creative=390957&linkCode=ur2&tag=amznipops-20&linkId=VETEOIMPO7O4WRWZ
aiamazon.com,200,,https://www.amazon.com/ref=as_li_ss_tl?_encoding=UTF8&camp=1789&creative=390957&linkCode=ur2&tag=amznipops-20&linkId=VETEOIMPO7O4WRWZ
aiazonaws.com,200,,https://aws.amazon.com:443/
aicare-onemedical.com,200,,
aichaevanslawsuit.com,200,,
aichaevanslawsuit.info,200,,
aichaevanslawsuit.net,200,,
aichaevanslawsuit.org,200,,
airprime.at,200,,https://www.amazon.de/
airprime.co.in,200,,https://www.amazon.in/
airprime.fr,202,,https://www.amazon.fr/
airprime.info,200,,https://www.amazon.com/b?node=206533607011
airprime.it,202,,https://www.amazon.it/
airprime.net,200,,https://www.amazon.com/b?node=206533607011
airprime.org,200,,https://www.amazon.com/b?node=206533607011
alazonaws.com,200,,https://aws.amazon.com:443/
alexa-agent.com,200,,
alexa-frame.com,200,,https://www.amazon.com/b?ie=UTF8&node=116898096011
alexa-internet.it,202,,https://www.amazon.it/
alexa-live.com,200,,https://developer.amazon.com/en-US/alexa/alexa-live
alexa.bayern,200,,https://www.amazon.de/gp/browse.html?node=14100226031
alexa.click,200,,https://alexa.amazon.com/about
alexa.cloud,200,,https://developer.amazon.com/en-US/alexa
alexa.club,200,,https://alexa.amazon.com/about
alexa.com,200,200,https://alexa.amazon.com/about
alexa.cooking,200,,https://www.amazon.com/alexa/shop-echo-devices?ref_=nav_sul_ods_ha_echo_cp_0_2_4_2
alexa.cyou,200,,https://www.amazon.com/b?node=21576558011
alexa.dealer,200,,https://www.amazon.com/b?node=21576558011
alexa.desi,200,,https://alexa.amazon.com/about
alexa.design,200,200,https://developer.amazon.com/en-US/alexa
alexa.diet,200,,https://alexa.amazon.com/about
alexa.earth,200,,https://developer.amazon.com/en-US/alexa
alexa.fashion,200,,https://alexa.amazon.com/about
alexa.foundation,200,,https://developer.amazon.com/en-US/alexa/alexa-fund-venture-capital/
alexa.gives,200,,https://developer.amazon.com/en-US/alexa/alexa-fund-venture-capital/
alexa.help,200,,https://alexa.amazon.com/about
alexa.horse,200,,https://alexa.amazon.com/about
alexa.hosting,200,,https://alexa.amazon.com/about
alexa.lat,200,,https://alexa.amazon.com/about
alexa.love,200,,https://alexa.amazon.com/about
alexa.men,200,,https://alexa.amazon.com/about
alexa.miami,200,,https://alexa.amazon.com/about
alexa.ooo,200,,https://www.amazon.com/alexa/shop-echo-devices?ref_=nav_sul_ods_ha_echo_cp_0_2_4_2
alexa.party,200,,https://alexa.amazon.com/about
alexa.property,200,,https://alexa.amazon.com/about
alexa.qpon,200,,https://www.amazon.com/events/memorialdaysale?bubble-id=deals-collection-coupons
alexa.radio,200,,https://www.amazon.com/alexa/shop-echo-devices?ref_=nav_sul_ods_ha_echo_cp_0_2_4_2
alexa.rent,200,,https://alexa.amazon.com/about
alexa.review,200,,https://www.amazon.com/alexa/shop-echo-devices?ref_=nav_sul_ods_ha_echo_cp_0_2_4_2
alexa.ruhr,200,,https://alexa.amazon.com/about
alexa.study,200,,https://alexa.amazon.com/about
alexa.surf,200,,https://alexa.amazon.com/about
alexa.taipei,200,,https://alexa.amazon.com/about
alexa.tech,200,,https://developer.amazon.com/en-US/alexa/alexa-fund-venture-capital/
alexa.vodka,200,,https://alexa.amazon.com/about
alexa.wiki,200,,https://www.amazon.com/alexa/shop-echo-devices?ref_=nav_sul_ods_ha_echo_cp_0_2_4_2
alexa.xyz,200,,https://developer.amazon.com/en-US/alexa/alexa-fund-venture-capital/
alexabuild-it.com,200,,https://www.amazon.com/b?node=21601403011
alexacare.info,200,,https://www.amazon.com/dp/B0BZSZBK3T
alexacare.net,200,,https://www.amazon.com/dp/B0BZSZBK3T
alexacarehub.org,200,,https://www.amazon.com/dp/B0BZSZBK3T
alexacuckooclock.com,200,,https://www.amazon.com/dp/B08TCL7ZLQ
alexadeals.com,200,,https://www.amazon.com/b?node=14552177011
alexaexperts.fr,200,,https://developer.amazon.com/en-US/alexa
alexaexperts.it,200,,https://developer.amazon.com/en-US/alexa
alexafirecube.at,200,,https://www.amazon.com/dp/B09BZZ3MM7?ref-ods_surl_ge
alexafirecube.com,200,,https://www.amazon.com/dp/B09BZZ3MM7?ref-ods_surl_ge
alexafirecube.fr,200,,https://www.amazon.com/dp/B09BZZ3MM7?ref-ods_surl_ge
alexafirecube.info,200,,https://www.amazon.com/dp/B09BZZ3MM7?ref-ods_surl_ge
alexafirecube.it,200,,https://www.amazon.com/dp/B09BZZ3MM7?ref-ods_surl_ge
alexafirecube.net,200,,https://www.amazon.com/dp/B07KGVB6D6/?ref_=ods_dom_smp
alexafirecube.org,200,,https://www.amazon.com/dp/B09BZZ3MM7?ref-ods_surl_ge
alexafiretv.com,200,,https://www.amazon.com/b/ref=ods_dom_smp?node=8521791011
alexafiretvcube.at,200,,https://www.amazon.com/dp/B09BZZ3MM7?ref-ods_surl_ge
alexafiretvcube.com,200,,https://www.amazon.com/dp/B09BZZ3MM7?ref-ods_surl_ge
alexafiretvcube.fr,200,,https://www.amazon.com/dp/B09BZZ3MM7?ref-ods_surl_ge
alexafiretvcube.info,200,,https://www.amazon.com/dp/B09BZZ3MM7?ref-ods_surl_ge
alexafiretvcube.it,200,,https://www.amazon.com/dp/B09BZZ3MM7?ref-ods_surl_ge
alexafiretvcube.net,200,,https://www.amazon.com/dp/B09BZZ3MM7?ref-ods_surl_ge
alexafiretvcube.org,200,,https://www.amazon.com/dp/B09BZZ3MM7?ref-ods_surl_ge
alexaforshopping.co.in,200,,
alexaforshopping.in,200,,
alexaforshopping.info,200,,
alexaforshopping.net,200,,
alexaforshopping.org,200,,
alexaforshoppingai.com,200,,
alexaforshoppingassist.com,200,,
alexaforshoppingassistant.com,200,,
alexafund.fr,200,,https://developer.amazon.com/en-US/alexa/alexa-fund-venture-capital/
alexafund.it,200,,https://developer.amazon.com/en-US/alexa/alexa-fund-venture-capital/
alexagadget.com,200,,
alexagadgets.com,200,,https://www.amazon.com/b?node=9818047011
alexaglasses.com,200,,https://www.amazon.com/b?ie=UTF8&node=116898096011
alexahealthai.com,200,,
alexahealthassistant.com,200,,
alexahealthcompanion.com,200,,
alexahome.audio,200,,https://www.amazon.com/alexa/shop-echo-devices?ref_=nav_sul_ods_ha_echo_cp_0_2_4_2
alexahomeaudio.com,200,,https://www.amazon.com/alexa/shop-echo-devices?ref_=nav_sul_ods_ha_echo_cp_0_2_4_2
alexahometheatre.com,200,,
alexajokes.com,200,,https://www.amazon.com/alexa/shop-echo-devices?ref_=nav_sul_ods_ha_echo_cp_0_2_4_2
alexamediacalai.com,200,,
alexamedicalassist.com,200,,
alexamedicalassistant.com,200,,
alexander-preiss.ch,200,200,https://www.alexander-preiss.ch/
alexanderpreiss.ch,200,200,https://www.alexander-preiss.ch/
alexandra-zvekan.ch,200,200,
alexandraziegler.ch,200,200,https://www.alexandraziegler.ch/
alexanoteprinter.com,200,,https://www.amazon.com/dp/B08SZ26WF9
alexaphone.com,200,,https://www.amazon.com/alexa/shop-echo-devices?ref_=nav_sul_ods_ha_echo_cp_0_2_4_2
alexaplus.com,200,200,https://www.amazon.com:443/alexaplus
alexaplus.net,200,,
alexaplus.us,200,,
alexapro.it,202,,https://www.amazon.it/
alexasdk.com,302,,
alexashopping.ai,200,,
alexashopping.com,200,,https://www.amazon.com/b?node=14552177011
alexashoppingai.com,200,,
alexashoppingapp.com,200,,
alexashoppingassistant.com,200,,
alexashoppinglist.com,200,,https://www.amazon.com/alexa/shop-echo-devices?ref_=nav_sul_ods_ha_echo_cp_0_2_4_2
alexasmartcuckooclock.com,200,,https://www.amazon.com/dp/B08TCL7ZLQ
alexasmartnutritionscale.com,200,,https://www.amazon.com/dp/B08SPBLN1C
alexasmartstickynoteprinter.com,200,,https://www.amazon.com/dp/B08SZ26WF9
alexasocial.com,200,,https://www.amazon.com/alexa/shop-echo-devices?ref_=nav_sul_ods_ha_echo_cp_0_2_4_2
alexaspeaker.com,200,,https://www.amazon.com/dp/B06XCM9LJ4/ref=as_li_ss_tl?ie=UTF8&linkCode=sl1&tag=amznipecho-20&linkId=513a9c18add166160a1dfbf91ca03687
alexastickynoteprinter.com,200,,https://www.amazon.com/dp/B08SZ26WF9
alexastocks.com,200,,https://www.amazon.com/alexa/shop-echo-devices?ref_=nav_sul_ods_ha_echo_cp_0_2_4_2
alexastreaming.com,200,,https://www.amazon.com/alexa/shop-echo-devices?ref_=nav_sul_ods_ha_echo_cp_0_2_4_2
alexatechnicalsupport.com,200,,
alexavideoskillapi.com,200,,https://developer.amazon.com/en-US/docs/alexa/video/understand-the-video-skill-api.html
alexavoice.com,302,,
alexavoice.fr,202,,https://www.amazon.fr/
alexavoiceremote.fr,200,,https://www.amazon.fr/dp/B0CK1971VB
alexavoiceremote.it,200,,https://www.amazon.it/dp/B0CK1971VB
alexavoiceremotelite.fr,200,,https://www.amazon.fr/dp/B07ZZVWB4L
alexavoiceremotelite.it,200,,https://www.amazon.it/dp/B07ZZVWB4L
allkindle.com,200,,https://www.amazon.com/b/ref=as_li_ss_tl?ie=UTF8&node=6669702011&linkCode=sl2&tag=amznipkindle-20&linkId=551706601a1080104e2dbb0e17826f96
allkindlebooks.com,200,,https://www.amazon.com/b/ref=as_li_ss_tl?ie=UTF8&node=6669702011&linkCode=sl2&tag=amznipkindle-20&linkId=551706601a1080104e2dbb0e17826f96
allkindlecases.com,200,,https://www.amazon.com/ref=as_li_ss_tl?ie=UTF8&linkCode=sl2&tag=amznipops-20&linkId=ef33ef1998890bd8a89ba9c3007fa6cd
allofkindle.com,200,,https://www.amazon.com/b/ref=as_li_ss_tl?ie=UTF8&node=6669702011&linkCode=sl2&tag=amznipkindle-20&linkId=551706601a1080104e2dbb0e17826f96
allthingsamazon.com,202,202,https://www.amazon.com:443/
alternance-amazon.fr,200,200,https://alternance-amazon.fr/
amaamazon.com,202,202,https://www.amazon.com:443/
amaazonaws.com,200,,https://aws.amazon.com/
amajonaws.com,200,,https://aws.amazon.com:443/
amakindle.com,200,,https://www.amazon.com/dp/B00I15SB16
amamazon.com,200,,https://www.safebrowse.io/warn.html?url=http://amamazon.com/&token=8d1f1784
amaonkindles.com,200,,https://www.amazon.com/b/ref=as_li_ss_tl?ie=UTF8&node=6669702011&linkCode=sl2&tag=amznipkindle-20&linkId=551706601a1080104e2dbb0e17826f96
amazaudible.com,200,,https://www.audible.com/
amazingamazon.com,200,,https://www.amazon.com/ref=as_li_ss_tl?_encoding=UTF8&camp=1789&creative=390957&linkCode=ur2&tag=amznipops-20&linkId=VETEOIMPO7O4WRWZ
amazingamazon.org,200,,https://www.amazon.com/ref=as_li_ss_tl?ie=UTF8&linkCode=sl2&tag=amznipops-20&linkId=ef33ef1998890bd8a89ba9c3007fa6cd
amaznkindle.com,200,,https://www.amazon.com/dp/B00I15SB16
amazokindle.com,200,,https://www.amazon.com/ref=as_li_ss_tl?ie=UTF8&linkCode=sl2&tag=amznipops-20&linkId=07057771cdf5019fb44a6e88c747a894
amazolaws.com,200,,https://aws.amazon.com:443/
amazomaws.com,200,,https://aws.amazon.com/
amazon--coupons.info,200,,https://www.amazon.com/ref=as_li_ss_tl?_encoding=UTF8&camp=1789&creative=390957&linkCode=ur2&tag=amznipops-20&linkId=VETEOIMPO7O4WRWZ
amazon--kindle.info,200,,https://www.amazon.com/b/ref=as_li_ss_tl?ie=UTF8&node=6669702011&linkCode=sl2&tag=amznipkindle-20&linkId=551706601a1080104e2dbb0e17826f96
amazon-1-click.com,200,,https://www.amazon.com/ref=as_li_ss_tl?_encoding=UTF8&camp=1789&creative=390957&linkCode=ur2&tag=amznipops-20&linkId=VETEOIMPO7O4WRWZ
amazon-a2z.com,200,,https://www.amazon.com/ref=as_li_ss_tl?_encoding=UTF8&camp=1789&creative=390957&linkCode=ur2&tag=amznipops-20&linkId=VETEOIMPO7O4WRWZ
amazon-a9.com,200,,https://www.amazon.com/ref=as_li_ss_tl?ie=UTF8&linkCode=sl2&tag=amznipops-20&linkId=ef33ef1998890bd8a89ba9c3007fa6cd
amazon-ac.com,200,200,
amazon-account-sicherheit.com,200,,https://www.safebrowse.io/warn.html?url=http://amazon-account-sicherheit.com/&token=e44b0fb3
amazon-advertising.com,200,200,https://advertising.amazon.com/
amazon-affiliate.com,200,,https://affiliate-program.amazon.com/
amazon-aicare.com,200,,
amazon-alexa.at,200,,https://www.amazon.de/dp/B06ZXQV6P8/ref=nav_shopall_k_echo_rad
amazon-alexa.co.at,200,,https://www.amazon.de/dp/B06ZXQV6P8/ref=nav_shopall_k_echo_rad
amazon-alexa.co.in,200,,https://www.amazon.com/alexa/shop-echo-devices?ref_=nav_sul_ods_ha_echo_cp_0_2_4_2
amazon-alexa.com,200,,https://www.amazon.com/alexa/shop-echo-devices?ref_=nav_sul_ods_ha_echo_cp_0_2_4_2
amazon-alexa.fr,200,,https://www.amazon.com/alexa/shop-echo-devices?ref_=nav_sul_ods_ha_echo_cp_0_2_4_2
amazon-alexa.info,200,,https://www.amazon.com/alexa/shop-echo-devices?ref_=nav_sul_ods_ha_echo_cp_0_2_4_2
amazon-alexa.it,200,,https://www.amazon.com/alexa/shop-echo-devices?ref_=nav_sul_ods_ha_echo_cp_0_2_4_2
amazon-alexa.net,200,,https://www.amazon.com/alexa/shop-echo-devices?ref_=nav_sul_ods_ha_echo_cp_0_2_4_2
amazon-alexa.org,200,,https://www.amazon.com/alexa/shop-echo-devices?ref_=nav_sul_ods_ha_echo_cp_0_2_4_2
amazon-alexa.ru,200,,https://www.amazon.com/alexa/shop-echo-devices?ref_=nav_sul_ods_ha_echo_cp_0_2_4_2
amazon-alpha.com,200,,https://www.amazon.com/ref=as_li_ss_tl?_encoding=UTF8&camp=1789&creative=390957&linkCode=ur2&tag=amznipops-20&linkId=VETEOIMPO7O4WRWZ
amazon-apprendistati.it,200,200,https://amazon-apprendistati.it/
amazon-ar.com,200,,https://www.amazon.com/ref=as_li_ss_tl?_encoding=UTF8&camp=1789&creative=390957&linkCode=ur2&tag=amznipops-20&linkId=VETEOIMPO7O4WRWZ
amazon-asia.com,200,,https://www.amazon.com/ref=as_li_ss_tl?_encoding=UTF8&camp=1789&creative=390957&linkCode=ur2&tag=amznipops-20&linkId=VETEOIMPO7O4WRWZ
amazon-audible.asia,200,,https://www.amazon.com/ref=as_li_ss_tl?_encoding=UTF8&camp=1789&creative=390957&linkCode=ur2&tag=amznipops-20&linkId=VETEOIMPO7O4WRWZ
amazon-audible.info,200,,https://www.audible.com/
amazon-autographs.com,200,,https://www.amazon.com/ref=as_li_ss_tl?ie=UTF8&linkCode=sl2&tag=amznipops-20&linkId=ef33ef1998890bd8a89ba9c3007fa6cd
amazon-automatichealth.com,200,,
amazon-autos.com,200,,https://www.amazon.com/ref=as_li_ss_tl?_encoding=UTF8&camp=1789&creative=390957&linkCode=ur2&tag=amznipops-20&linkId=VETEOIMPO7O4WRWZ
amazon-aws-support.com,200,,https://aws.amazon.com/
amazon-basics.com,200,,https://www.amazon.com/ref=as_li_ss_tl?ie=UTF8&linkCode=sl2&tag=amznipops-20&linkId=ef33ef1998890bd8a89ba9c3007fa6cd
amazon-best-seller.info,200,200,https://www.amazon.com:443/bestsellers
amazon-bestseller.info,200,,https://www.amazon.com/ref=as_li_ss_tl?ie=UTF8&linkCode=sl2&tag=amznipops-20&linkId=ef33ef1998890bd8a89ba9c3007fa6cd
amazon-blog.com,200,200,https://www.aboutamazon.com:443/
amazon-blog.info,200,,https://www.amazon.com/ref=as_li_ss_tl?ie=UTF8&linkCode=sl2&tag=amznipops-20&linkId=07057771cdf5019fb44a6e88c747a894
amazon-blog.net,200,,https://www.amazon.com/ref=as_li_ss_tl?ie=UTF8&linkCode=sl2&tag=amznipops-20&linkId=07057771cdf5019fb44a6e88c747a894
amazon-blog.org,200,,https://www.amazon.com/ref=as_li_ss_tl?ie=UTF8&linkCode=sl2&tag=amznipops-20&linkId=07057771cdf5019fb44a6e88c747a894
amazon-blogs.com,200,200,https://www.aboutamazon.com:443/
amazon-blogs.info,200,,https://www.amazon.com/ref=as_li_ss_tl?ie=UTF8&linkCode=sl2&tag=amznipops-20&linkId=07057771cdf5019fb44a6e88c747a894
amazon-blogs.net,200,,https://www.amazon.com/ref=as_li_ss_tl?ie=UTF8&linkCode=sl2&tag=amznipops-20&linkId=07057771cdf5019fb44a6e88c747a894
amazon-blogs.org,200,,https://www.amazon.com/ref=as_li_ss_tl?ie=UTF8&linkCode=sl2&tag=amznipops-20&linkId=07057771cdf5019fb44a6e88c747a894
amazon-book-store.com,200,,https://www.amazon.com/amz-books/store?ou=psf&ie=UTF8&linkCode=sl2&tag=amznipbooks-20&linkId=d2297f1243b98eb7b649753d564b15f1&ref_=as_li_ss_tl
amazon-book.club,200,,https://www.amazon.com/amz-books/store?ou=psf&ie=UTF8&linkCode=sl2&tag=amznipbooks-20&linkId=d2297f1243b98eb7b649753d564b15f1&ref_=as_li_ss_tl
amazon-book.info,200,,https://www.amazon.com/amz-books/store?ou=psf&ie=UTF8&linkCode=sl2&tag=amznipbooks-20&linkId=d2297f1243b98eb7b649753d564b15f1&ref_=as_li_ss_tl
amazon-book.net,200,200,https://www.amazon.com:443/amz-books/store?ou=psf&ie=UTF8
amazon-book.org,200,,https://www.amazon.com/amz-books/store?ou=psf&ie=UTF8&linkCode=sl2&tag=amznipbooks-20&linkId=d2297f1243b98eb7b649753d564b15f1&ref_=as_li_ss_tl
amazon-books.com,200,200,https://www.amazon.com:443/amz-books/store?ou=psf&ie=UTF8
amazon-books.info,200,,https://www.amazon.com/amz-books/store?ou=psf&ie=UTF8&linkCode=sl2&tag=amznipbooks-20&linkId=d2297f1243b98eb7b649753d564b15f1&ref_=as_li_ss_tl
amazon-books.org,200,200,https://www.amazon.com:443/amz-books/store?ou=psf&ie=UTF8
amazon-bookstores.com,200,200,https://www.amazon.com:443/amz-books/store?ou=psf&ie=UTF8
amazon-brazil.net,200,,https://www.amazon.com/ref=as_li_ss_tl?ie=UTF8&linkCode=sl2&tag=amznipops-20&linkId=ef33ef1998890bd8a89ba9c3007fa6cd
amazon-brilliants.com,200,,https://www.amazon.com/ref=as_li_ss_tl?_encoding=UTF8&camp=1789&creative=390957&linkCode=ur2&tag=amznipops-20&linkId=VETEOIMPO7O4WRWZ
amazon-business.net,200,,https://www.amazon.com/ref=as_li_ss_tl?ie=UTF8&linkCode=sl2&tag=amznipops-20&linkId=ef33ef1998890bd8a89ba9c3007fa6cd
amazon-buy-here.info,200,,https://www.amazon.com/ref=as_li_ss_tl?_encoding=UTF8&camp=1789&creative=390957&linkCode=ur2&tag=amznipops-20&linkId=VETEOIMPO7O4WRWZ
amazon-buyerprotection.com,200,,https://www.amazon.com/ref=as_li_ss_tl?_encoding=UTF8&camp=1789&creative=390957&linkCode=ur2&tag=amznipops-20&linkId=VETEOIMPO7O4WRWZ
amazon-ca.com,200,,https://www.amazon.com/ref=as_li_ss_tl?_encoding=UTF8&camp=1789&creative=390957&linkCode=ur2&tag=amznipops-20&linkId=VETEOIMPO7O4WRWZ
amazon-care-ai.com,200,,
amazon-careers.com,200,,https://www.amazon.com/ref=as_li_ss_tl?_encoding=UTF8&camp=1789&creative=390957&linkCode=ur2&tag=amznipops-20&linkId=VETEOIMPO7O4WRWZ
amazon-careers.fr,202,,https://www.amazon.fr/
amazon-careers.it,202,,https://www.amazon.it/
amazon-cars.com,200,,https://www.amazon.com/ref=as_li_ss_tl?_encoding=UTF8&camp=1789&creative=390957&linkCode=ur2&tag=amznipops-20&linkId=VETEOIMPO7O4WRWZ
amazon-cars.org,200,200,https://www.amazon.com:443/automotive-auto-truck-replacements-parts/b?ie=UTF8&node=15684181
amazon-casino.com,200,,https://www.amazon.com/ref=as_li_ss_tl?_encoding=UTF8&camp=1789&creative=390957&linkCode=ur2&tag=amznipops-20&linkId=VETEOIMPO7O4WRWZ
amazon-cell.info,200,,https://www.amazon.com/ref=as_li_ss_tl?_encoding=UTF8&camp=1789&creative=390957&linkCode=ur2&tag=amznipops-20&linkId=VETEOIMPO7O4WRWZ
amazon-channel.com,200,,https://www.amazon.com/ref=as_li_ss_tl?_encoding=UTF8&camp=1789&creative=390957&linkCode=ur2&tag=amznipops-20&linkId=VETEOIMPO7O4WRWZ
amazon-checker.com,200,,https://www.amazon.com/ref=as_li_ss_tl?_encoding=UTF8&camp=1789&creative=390957&linkCode=ur2&tag=amznipops-20&linkId=VETEOIMPO7O4WRWZ
amazon-checkout.info,200,,https://www.amazon.com/ref=as_li_ss_tl?_encoding=UTF8&camp=1789&creative=390957&linkCode=ur2&tag=amznipops-20&linkId=VETEOIMPO7O4WRWZ
amazon-clothing-sales.info,200,,https://www.amazon.com/ref=as_li_ss_tl?_encoding=UTF8&camp=1789&creative=390957&linkCode=ur2&tag=amznipops-20&linkId=VETEOIMPO7O4WRWZ
amazon-cloudwatch.com,200,,https://www.amazon.com/ref=as_li_ss_tl?ie=UTF8&linkCode=sl2&tag=amznipops-20&linkId=ef33ef1998890bd8a89ba9c3007fa6cd
amazon-co.com,202,202,https://www.amazon.com:443/
amazon-code.com,200,,https://www.amazon.com/ref=as_li_ss_tl?_encoding=UTF8&camp=1789&creative=390957&linkCode=ur2&tag=amznipops-20&linkId=VETEOIMPO7O4WRWZ
amazon-communication.com,200,,https://www.amazon.com/ref=as_li_ss_tl?_encoding=UTF8&camp=1789&creative=390957&linkCode=ur2&tag=amznipops-20&linkId=VETEOIMPO7O4WRWZ
amazon-coreto.io,200,,https://aws.amazon.com/corretto/
amazon-coretto.io,200,,https://aws.amazon.com/corretto/
amazon-corporate.fr,202,,https://www.amazon.fr/
amazon-corporate.it,202,,https://www.amazon.it/
amazon-correto.io,200,,https://aws.amazon.com/corretto/
amazon-corretto.io,200,,https://aws.amazon.com/corretto/
amazon-coupon-code.info,200,,https://www.amazon.com/ref=as_li_ss_tl?_encoding=UTF8&camp=1789&creative=390957&linkCode=ur2&tag=amznipops-20&linkId=VETEOIMPO7O4WRWZ
amazon-coupon.info,200,,https://www.amazon.com/ref=as_li_ss_tl?ie=UTF8&linkCode=sl2&tag=amznipops-20&linkId=07057771cdf5019fb44a6e88c747a894
amazon-coupons.info,200,,https://www.amazon.com/ref=as_li_ss_tl?_encoding=UTF8&camp=1789&creative=390957&linkCode=ur2&tag=amznipops-20&linkId=VETEOIMPO7O4WRWZ
amazon-coupons.net,200,,https://www.amazon.com/ref=as_li_ss_tl?_encoding=UTF8&camp=1789&creative=390957&linkCode=ur2&tag=amznipops-20&linkId=VETEOIMPO7O4WRWZ
amazon-coupons.org,200,,https://www.amazon.com/ref=as_li_ss_tl?ie=UTF8&linkCode=sl2&tag=amznipops-20&linkId=ef33ef1998890bd8a89ba9c3007fa6cd
amazon-crossing.com,200,,https://amazonpublishing.amazon.com/
amazon-customer.com,200,,https://www.amazon.com/ref=as_li_ss_tl?_encoding=UTF8&camp=1789&creative=390957&linkCode=ur2&tag=amznipops-20&linkId=VETEOIMPO7O4WRWZ
amazon-customers.com,200,200,https://www.amazon.com:443/gp/help/customer/display.html?ie=UTF8&nodeId=508510
amazon-customers.net,200,,https://www.amazon.com/ref=as_li_ss_tl?_encoding=UTF8&camp=1789&creative=390957&linkCode=ur2&tag=amznipops-20&linkId=VETEOIMPO7O4WRWZ
amazon-d.com,200,,https://www.amazon.com/ref=as_li_ss_tl?_encoding=UTF8&camp=1789&creative=390957&linkCode=ur2&tag=amznipops-20&linkId=VETEOIMPO7O4WRWZ
amazon-daily-blog.com,200,,https://www.amazon.com/ref=as_li_ss_tl?ie=UTF8&linkCode=sl2&tag=amznipops-20&linkId=07057771cdf5019fb44a6e88c747a894
amazon-daily.com,200,,https://www.amazon.com/ref=as_li_ss_tl?ie=UTF8&linkCode=sl2&tag=amznipops-20&linkId=07057771cdf5019fb44a6e88c747a894
amazon-dealer.com,200,,https://www.amazon.com/ref=as_li_ss_tl?_encoding=UTF8&camp=1789&creative=390957&linkCode=ur2&tag=amznipops-20&linkId=VETEOIMPO7O4WRWZ
amazon-deals.com,200,200,https://www.amazon.com/events/memorialdaysale
amazon-deals.info,200,,https://www.amazon.com/ref=as_li_ss_tl?_encoding=UTF8&camp=1789&creative=390957&linkCode=ur2&tag=amznipops-20&linkId=VETEOIMPO7O4WRWZ
amazon-deals.net,200,,https://www.amazon.com/ref=as_li_ss_tl?ie=UTF8&linkCode=sl2&tag=amznipops-20&linkId=ef33ef1998890bd8a89ba9c3007fa6cd
amazon-design.com,200,,https://www.amazon.com/ref=as_li_ss_tl?_encoding=UTF8&camp=1789&creative=390957&linkCode=ur2&tag=amznipops-20&linkId=VETEOIMPO7O4WRWZ
amazon-designs.com,200,,https://www.amazon.com/ref=as_li_ss_tl?_encoding=UTF8&camp=1789&creative=390957&linkCode=ur2&tag=amznipops-20&linkId=VETEOIMPO7O4WRWZ
amazon-directories.info,200,,https://www.amazon.com/ref=as_li_ss_tl?_encoding=UTF8&camp=1789&creative=390957&linkCode=ur2&tag=amznipops-20&linkId=VETEOIMPO7O4WRWZ
amazon-discount-coupons.info,200,,https://www.safebrowse.io/warn.html?url=http://amazon-discount-coupons.info/&token=6ad56781
amazon-discount.info,200,,https://www.amazon.com/ref=as_li_ss_tl?ie=UTF8&linkCode=sl2&tag=amznipops-20&linkId=ef33ef1998890bd8a89ba9c3007fa6cd
amazon-dmc.com,200,,
amazon-domain.info,200,,https://www.amazon.com/ref=as_li_ss_tl?_encoding=UTF8&camp=1789&creative=390957&linkCode=ur2&tag=amznipops-20&linkId=VETEOIMPO7O4WRWZ
amazon-doorway.info,200,,https://www.amazon.com/ref=as_li_ss_tl?_encoding=UTF8&camp=1789&creative=390957&linkCode=ur2&tag=amznipops-20&linkId=VETEOIMPO7O4WRWZ
amazon-dtp.info,200,,https://www.amazon.com/ref=as_li_ss_tl?ie=UTF8&linkCode=sl2&tag=amznipops-20&linkId=07057771cdf5019fb44a6e88c747a894
amazon-e-books.com,200,,https://www.amazon.com/amz-books/store?ou=psf&ie=UTF8&linkCode=sl2&tag=amznipbooks-20&linkId=d2297f1243b98eb7b649753d564b15f1&ref_=as_li_ss_tl
amazon-e-books.info,200,,https://www.amazon.com/amz-books/store?ou=psf&ie=UTF8&linkCode=sl2&tag=amznipbooks-20&linkId=d2297f1243b98eb7b649753d564b15f1&ref_=as_li_ss_tl
amazon-ec2.fr,200,,https://aws.amazon.com/
amazon-ec2image.com,200,,https://aws.amazon.com/
amazon-echo.at,200,,https://www.amazon.com/alexa/shop-echo-devices?ref_=nav_sul_ods_ha_echo_cp_0_2_4_2
amazon-echo.co.at,200,,https://www.amazon.de/dp/B06ZXQV6P8/ref=nav_shopall_k_echo_rad
amazon-echo.com,200,,https://www.amazon.com/dp/B06XCM9LJ4/ref=as_li_ss_tl?ie=UTF8&linkCode=sl1&tag=amznipecho-20&linkId=513a9c18add166160a1dfbf91ca03687
amazon-echo.fr,200,,https://www.amazon.com/alexa/shop-echo-devices?ref_=nav_sul_ods_ha_echo_cp_0_2_4_2
amazon-echo.info,200,,https://www.amazon.com/alexa/shop-echo-devices?ref_=nav_sul_ods_ha_echo_cp_0_2_4_2
amazon-echo.it,200,,https://www.amazon.com/alexa/shop-echo-devices?ref_=nav_sul_ods_ha_echo_cp_0_2_4_2
amazon-echo.net,200,,https://www.amazon.com/alexa/shop-echo-devices?ref_=nav_sul_ods_ha_echo_cp_0_2_4_2
amazon-echo.org,200,,https://www.amazon.com/alexa/shop-echo-devices?ref_=nav_sul_ods_ha_echo_cp_0_2_4_2
amazon-echo.ru,200,,https://www.amazon.com/alexa/shop-echo-devices?ref_=nav_sul_ods_ha_echo_cp_0_2_4_2
amazon-edge.com,200,,https://www.amazon.com/ref=as_li_ss_tl?_encoding=UTF8&camp=1789&creative=390957&linkCode=ur2&tag=amznipops-20&linkId=VETEOIMPO7O4WRWZ
amazon-electronic.com,202,202,https://www.amazon.com:443/
amazon-electronics.biz,200,200,https://www.amazon.com:443/consumer-electronics-tvs-cameras-phones/b?ie=UTF8&node=172282
amazon-electronics.com,202,202,https://www.amazon.com:443/
amazon-es.com,200,,https://www.amazon.com/ref=as_li_ss_tl?_encoding=UTF8&camp=1789&creative=390957&linkCode=ur2&tag=amznipops-20&linkId=VETEOIMPO7O4WRWZ
amazon-espana.com,200,,https://www.amazon.com/ref=as_li_ss_tl?_encoding=UTF8&camp=1789&creative=390957&linkCode=ur2&tag=amznipops-20&linkId=VETEOIMPO7O4WRWZ
amazon-express.com,200,,https://www.amazon.com/ref=as_li_ss_tl?_encoding=UTF8&camp=1789&creative=390957&linkCode=ur2&tag=amznipops-20&linkId=VETEOIMPO7O4WRWZ
amazon-fabrics.com,200,,https://www.amazon.com/ref=as_li_ss_tl?_encoding=UTF8&camp=1789&creative=390957&linkCode=ur2&tag=amznipops-20&linkId=VETEOIMPO7O4WRWZ
amazon-faq.info,200,,https://www.amazon.com/ref=as_li_ss_tl?_encoding=UTF8&camp=1789&creative=390957&linkCode=ur2&tag=amznipops-20&linkId=VETEOIMPO7O4WRWZ
amazon-fast-update.com,200,,https://www.amazon.com/ref=as_li_ss_tl?_encoding=UTF8&camp=1789&creative=390957&linkCode=ur2&tag=amznipops-20&linkId=VETEOIMPO7O4WRWZ
amazon-film.com,200,200,https://www.amazon.com:443/b?node=2625373011
amazon-films.net,200,,https://www.amazon.com/ref=as_li_ss_tl?_encoding=UTF8&camp=1789&creative=390957&linkCode=ur2&tag=amznipops-20&linkId=VETEOIMPO7O4WRWZ
amazon-finance.info,200,,https://www.amazon.com/ref=as_li_ss_tl?ie=UTF8&linkCode=sl2&tag=amznipops-20&linkId=ef33ef1998890bd8a89ba9c3007fa6cd
amazon-fire-max.com,200,,https://www.amazon.com/dp/B0B1VQ1ZQY/ref=ods_surl_stne
amazon-firetv.com,200,,https://www.amazon.com/b/ref=ods_dom_smp?node=8521791011
amazon-firetv.info,200,,https://www.amazon.com/b/ref=ods_dom_smp?node=8521791011
amazon-firetv.org,200,,https://www.amazon.com/b/ref=ods_dom_smp?node=8521791011
amazon-flexible-payment.com,200,,https://www.amazon.com/ref=as_li_ss_tl?_encoding=UTF8&camp=1789&creative=390957&linkCode=ur2&tag=amznipops-20&linkId=VETEOIMPO7O4WRWZ
amazon-fresh.biz,200,,https://www.amazon.com:443/alm/storefront?almBrandId=QW1hem9uIEZyZXNo
amazon-fresh.com,200,,https://www.amazon.com:443/alm/storefront?almBrandId=QW1hem9uIEZyZXNo
amazon-fresh.info,200,,https://www.amazon.com:443/alm/storefront?almBrandId=QW1hem9uIEZyZXNo
amazon-fresh.net,200,,https://www.amazon.com:443/alm/storefront?almBrandId=QW1hem9uIEZyZXNo
amazon-fresh.org,200,,https://www.amazon.com:443/alm/storefront?almBrandId=QW1hem9uIEZyZXNo
amazon-furniture.com,200,200,https://www.amazon.com:443/b?node=1063498
amazon-gameroom.com,200,,https://www.amazon.com/ref=as_li_ss_tl?ie=UTF8&linkCode=sl2&tag=amznipops-20&linkId=07057771cdf5019fb44a6e88c747a894
amazon-games.info,200,,https://www.amazon.com/ref=as_li_ss_tl?_encoding=UTF8&camp=1789&creative=390957&linkCode=ur2&tag=amznipops-20&linkId=VETEOIMPO7O4WRWZ
amazon-gaming-systems.info,200,,https://www.amazon.com/ref=as_li_ss_tl?_encoding=UTF8&camp=1789&creative=390957&linkCode=ur2&tag=amznipops-20&linkId=VETEOIMPO7O4WRWZ
amazon-gift-cards.com,200,,https://www.amazon.com/ref=as_li_ss_tl?_encoding=UTF8&camp=1789&creative=390957&linkCode=ur2&tag=amznipops-20&linkId=VETEOIMPO7O4WRWZ
amazon-gift.net,200,,https://www.amazon.com/ref=as_li_ss_tl?_encoding=UTF8&camp=1789&creative=390957&linkCode=ur2&tag=amznipops-20&linkId=VETEOIMPO7O4WRWZ
amazon-giftcard.com,200,,https://www.amazon.com/ref=as_li_ss_tl?ie=UTF8&linkCode=sl2&tag=amznipops-20&linkId=ef33ef1998890bd8a89ba9c3007fa6cd
amazon-giftcard.info,200,,https://www.amazon.com/ref=as_li_ss_tl?_encoding=UTF8&camp=1789&creative=390957&linkCode=ur2&tag=amznipops-20&linkId=VETEOIMPO7O4WRWZ
amazon-gifts.com,200,,https://www.amazon.com/ref=as_li_ss_tl?_encoding=UTF8&camp=1789&creative=390957&linkCode=ur2&tag=amznipops-20&linkId=VETEOIMPO7O4WRWZ
amazon-glacier.com,200,,https://aws.amazon.com/
amazon-global.fr,202,,https://www.amazon.fr/
amazon-global.info,200,,https://www.amazon.com/ref=as_li_ss_tl?ie=UTF8&linkCode=sl2&tag=amznipops-20&linkId=07057771cdf5019fb44a6e88c747a894
amazon-global.it,202,,https://www.amazon.it/
amazon-global.org,200,,https://www.amazon.com/ref=as_li_ss_tl?ie=UTF8&linkCode=sl2&tag=amznipops-20&linkId=07057771cdf5019fb44a6e88c747a894
amazon-go.mobi,200,,https://www.amazon.com/ref=as_li_ss_tl?_encoding=UTF8&camp=1789&creative=390957&linkCode=ur2&tag=amznipops-20&linkId=VETEOIMPO7O4WRWZ
amazon-greece.com,200,,https://www.amazon.com/ref=as_li_ss_tl?_encoding=UTF8&camp=1789&creative=390957&linkCode=ur2&tag=amznipops-20&linkId=VETEOIMPO7O4WRWZ
amazon-green.com,200,,https://www.amazon.com/ref=as_li_ss_tl?_encoding=UTF8&camp=1789&creative=390957&linkCode=ur2&tag=amznipops-20&linkId=VETEOIMPO7O4WRWZ
amazon-green.info,200,,https://www.amazon.com/ref=as_li_ss_tl?ie=UTF8&linkCode=sl2&tag=amznipops-20&linkId=07057771cdf5019fb44a6e88c747a894
amazon-health-ai.com,200,,
amazon-help.info,200,,https://www.amazon.com/ref=as_li_ss_tl?_encoding=UTF8&camp=1789&creative=390957&linkCode=ur2&tag=amznipops-20&linkId=VETEOIMPO7O4WRWZ
amazon-home.com,200,200,https://www.amazon.com:443/kitchen-housewares-small-appliances-cookware/b?ie=UTF8&node=284507
amazon-id.com,202,202,https://www.amazon.com:443/
amazon-instant-video.info,200,,https://www.amazon.com/ref=as_li_ss_tl?ie=UTF8&linkCode=sl2&tag=amznipops-20&linkId=ef33ef1998890bd8a89ba9c3007fa6cd
amazon-instantcare.com,200,,
amazon-international.com,200,,https://www.amazon.com/ref=as_li_ss_tl?_encoding=UTF8&camp=1789&creative=390957&linkCode=ur2&tag=amznipops-20&linkId=VETEOIMPO7O4WRWZ
amazon-invoice-order.com,200,,https://www.amazon.com/ref=as_li_ss_tl?ie=UTF8&linkCode=sl2&tag=amznipops-20&linkId=ef33ef1998890bd8a89ba9c3007fa6cd
amazon-invoice-payments.com,200,,https://www.amazon.com/ref=as_li_ss_tl?_encoding=UTF8&camp=1789&creative=390957&linkCode=ur2&tag=amznipops-20&linkId=VETEOIMPO7O4WRWZ
amazon-italia.biz,200,,https://www.amazon.com/ref=as_li_ss_tl?ie=UTF8&linkCode=sl2&tag=amznipops-20&linkId=ef33ef1998890bd8a89ba9c3007fa6cd
amazon-italia.info,200,,https://www.amazon.com/ref=as_li_ss_tl?ie=UTF8&linkCode=sl2&tag=amznipops-20&linkId=ef33ef1998890bd8a89ba9c3007fa6cd
amazon-italia.it,202,,https://www.amazon.it/
amazon-jewelry-store.com,200,,https://www.amazon.com/ref=as_li_ss_tl?ie=UTF8&linkCode=sl2&tag=amznipops-20&linkId=ef33ef1998890bd8a89ba9c3007fa6cd
amazon-jewelry.com,200,200,https://www.amazon.com:443/b?node=7141123011
amazon-jewelry.info,200,,https://www.amazon.com/ref=as_li_ss_tl?_encoding=UTF8&camp=1789&creative=390957&linkCode=ur2&tag=amznipops-20&linkId=VETEOIMPO7O4WRWZ
amazon-jewelry.net,200,200,https://www.amazon.com:443/b?node=7141123011
amazon-jobs.fr,202,,https://www.amazon.fr/
amazon-jobs.it,202,,https://www.amazon.it/
amazon-kindle-2.com,200,,https://www.amazon.com/b/ref=as_li_ss_tl?ie=UTF8&node=6669702011&linkCode=sl2&tag=amznipkindle-20&linkId=551706601a1080104e2dbb0e17826f96
amazon-kindle-deals.info,200,,https://www.amazon.com/ref=as_li_ss_tl?ie=UTF8&linkCode=sl2&tag=amznipops-20&linkId=ef33ef1998890bd8a89ba9c3007fa6cd
amazon-kindle-ereader.com,200,,https://www.amazon.com/b/ref=as_li_ss_tl?ie=UTF8&node=6669702011&linkCode=sl2&tag=amznipkindle-20&linkId=551706601a1080104e2dbb0e17826f96
amazon-kindle-reader.org,200,,https://www.amazon.com/b/ref=as_li_ss_tl?ie=UTF8&node=6669702011&linkCode=sl2&tag=amznipkindle-20&linkId=551706601a1080104e2dbb0e17826f96
amazon-kindle-review.com,200,,https://www.amazon.com/dp/B00I15SB16
amazon-kindle-review.net,200,,https://www.amazon.com/dp/B00I15SB16
amazon-kindle-reviews.com,200,,https://www.amazon.com/b/ref=as_li_ss_tl?ie=UTF8&node=6669702011&linkCode=sl2&tag=amznipkindle-20&linkId=551706601a1080104e2dbb0e17826f96
amazon-kindle.com,200,,https://www.amazon.com/b/ref=as_li_ss_tl?ie=UTF8&node=6669702011&linkCode=sl2&tag=amznipkindle-20&linkId=551706601a1080104e2dbb0e17826f96
amazon-kindle.fr,202,,https://www.amazon.fr/
amazon-kindle.info,200,,https://www.amazon.com/b/ref=as_li_ss_tl?ie=UTF8&node=6669702011&linkCode=sl2&tag=amznipkindle-20&linkId=551706601a1080104e2dbb0e17826f96
amazon-kindle.net,200,,https://www.amazon.com/b/ref=as_li_ss_tl?ie=UTF8&node=6669702011&linkCode=sl2&tag=amznipkindle-20&linkId=551706601a1080104e2dbb0e17826f96
amazon-kindle.org,200,,https://www.amazon.com/b/ref=as_li_ss_tl?ie=UTF8&node=6669702011&linkCode=sl2&tag=amznipkindle-20&linkId=551706601a1080104e2dbb0e17826f96
amazon-kindles.com,200,,https://www.amazon.com/b/ref=as_li_ss_tl?ie=UTF8&node=6669702011&linkCode=sl2&tag=amznipkindle-20&linkId=551706601a1080104e2dbb0e17826f96
amazon-kindles.info,200,,https://www.amazon.com/ref=as_li_ss_tl?ie=UTF8&linkCode=sl2&tag=amznipops-20&linkId=ef33ef1998890bd8a89ba9c3007fa6cd
amazon-launchplace.fr,202,,https://www.amazon.fr/
amazon-launchplace.it,202,,https://www.amazon.it/
amazon-listings.com,200,,https://www.amazon.com/ref=as_li_ss_tl?_encoding=UTF8&camp=1789&creative=390957&linkCode=ur2&tag=amznipops-20&linkId=VETEOIMPO7O4WRWZ
amazon-login.com,200,,https://www.safebrowse.io/warn.html?url=http://amazon-login.com/&token=891ef66b
amazon-lovefilm.com,200,,https://www.amazon.com/ref=as_li_ss_tl?_encoding=UTF8&camp=1789&creative=390957&linkCode=ur2&tag=amznipops-20&linkId=VETEOIMPO7O4WRWZ
amazon-lowestprice.com,200,,https://www.amazon.com/ref=as_li_ss_tl?_encoding=UTF8&camp=1789&creative=390957&linkCode=ur2&tag=amznipops-20&linkId=VETEOIMPO7O4WRWZ
amazon-mail.com,200,200,https://www.amazon.com/ap/signin?openid.pape.max_auth_age=3600&openid.return_to=https%3A%2F%2Fwww.amazon.com%2Fpreferences%2Fsubscriptions%2Fyour-subscriptions%2Fbrowse-all-subscriptions%2F%3Fref%3Dsd_allcatpop_gss%2F&openid.identity=http%3A%2F%2Fspecs.openid.net%2Fauth%2F2.0%2Fidentifier_select&openid.assoc_handle=outbound_comm_preferences_us&openid.mode=checkid_setup&language=en_US&openid.claimed_id=http%3A%2F%2Fspecs.openid.net%2Fauth%2F2.0%2Fidentifier_select&pageId=loginCheckout-outbound_comm_preferences_us&openid.ns=http%3A%2F%2Fspecs.openid.net%2Fauth%2F2.0
amazon-mall.info,200,,https://www.amazon.com/ref=as_li_ss_tl?ie=UTF8&linkCode=sl2&tag=amznipops-20&linkId=ef33ef1998890bd8a89ba9c3007fa6cd
amazon-marketing.com,200,,https://www.amazon.com/ref=as_li_ss_tl?_encoding=UTF8&camp=1789&creative=390957&linkCode=ur2&tag=amznipops-20&linkId=VETEOIMPO7O4WRWZ
amazon-marketplace.com,200,200,https://www.amazon.com:443/s?rh=n%3A3309511&language=en_US&brr=1&ie=UTF8&rd=1
amazon-marketplace.info,200,200,https://www.amazon.com:443/s?rh=n%3A3309511&language=en_US&brr=1&ie=UTF8&rd=1
amazon-marketplace.net,200,,https://www.amazon.com/ref=as_li_ss_tl?_encoding=UTF8&camp=1789&creative=390957&linkCode=ur2&tag=amznipops-20&linkId=VETEOIMPO7O4WRWZ
amazon-marketplace.org,200,,https://www.amazon.com/ref=as_li_ss_tl?_encoding=UTF8&camp=1789&creative=390957&linkCode=ur2&tag=amznipops-20&linkId=VETEOIMPO7O4WRWZ
amazon-mechturk.com,200,,https://www.amazon.com/ref=as_li_ss_tl?_encoding=UTF8&camp=1789&creative=390957&linkCode=ur2&tag=amznipops-20&linkId=VETEOIMPO7O4WRWZ
amazon-media-group.fr,202,,https://www.amazon.fr/
amazon-media-group.it,202,,https://www.amazon.it/
amazon-mobile.info,200,,https://www.amazon.com/ref=as_li_ss_tl?ie=UTF8&linkCode=sl2&tag=amznipops-20&linkId=07057771cdf5019fb44a6e88c747a894
amazon-mobile.net,200,,https://www.amazon.com/ref=as_li_ss_tl?ie=UTF8&linkCode=sl2&tag=amznipops-20&linkId=07057771cdf5019fb44a6e88c747a894
amazon-mobile.org,200,,https://www.amazon.com/ref=as_li_ss_tl?ie=UTF8&linkCode=sl2&tag=amznipops-20&linkId=07057771cdf5019fb44a6e88c747a894
amazon-mom.com,200,,https://www.amazon.com/ref=as_li_ss_tl?_encoding=UTF8&camp=1789&creative=390957&linkCode=ur2&tag=amznipops-20&linkId=VETEOIMPO7O4WRWZ
amazon-mp3.com,200,,https://www.amazon.com:443/b/?node=163856011
amazon-mp3store.info,200,,https://www.amazon.com/ref=as_li_ss_tl?ie=UTF8&linkCode=sl2&tag=amznipops-20&linkId=ef33ef1998890bd8a89ba9c3007fa6cd
amazon-myshops.com,200,,https://www.amazon.com/ref=as_li_ss_tl?_encoding=UTF8&camp=1789&creative=390957&linkCode=ur2&tag=amznipops-20&linkId=VETEOIMPO7O4WRWZ
amazon-news.cz,200,200,https://press.aboutamazon.com/
amazon-offer.com,200,,https://www.amazon.com/events/memorialdaysale?linkCode=sl2&tag=amazon-offer.com-20&linkId=9c27fc47f036c3d958c9225aa74018e3&ie=UTF8
amazon-on-sale.com,200,,https://www.amazon.com/ref=as_li_ss_tl?_encoding=UTF8&camp=1789&creative=390957&linkCode=ur2&tag=amznipops-20&linkId=VETEOIMPO7O4WRWZ
amazon-onlineupdate.com,200,,https://www.amazon.com/ref=as_li_ss_tl?_encoding=UTF8&camp=1789&creative=390957&linkCode=ur2&tag=amznipops-20&linkId=VETEOIMPO7O4WRWZ
amazon-optimizer.com,200,,https://www.amazon.com/ref=as_li_ss_tl?_encoding=UTF8&camp=1789&creative=390957&linkCode=ur2&tag=amznipops-20&linkId=VETEOIMPO7O4WRWZ
amazon-order.asia,200,,https://www.amazon.com/ref=as_li_ss_tl?_encoding=UTF8&camp=1789&creative=390957&linkCode=ur2&tag=amznipops-20&linkId=VETEOIMPO7O4WRWZ
amazon-packaging.com,200,200,https://www.amazon-packaging.com/
amazon-paper-white.com,200,,https://www.amazon.com/gp/product/B00OQVZDJM/ref=as_li_tl?ie=UTF8&camp=1789&creative=9325&creativeASIN=B00OQVZDJM&linkCode=as2&tag=amznipdevice-20&linkId=5IK24Q5UGOUV5UJ6
amazon-pay-device.com,200,,https://www.amazon.com/b/ref=as_li_ss_tl?node=2102313011&linkCode=sl2&tag=amznipdevice-20&linkId=50dfab05edf5ab113c2734ea9070a381
amazon-pay.com,200,,https://pay.amazon.com/
amazon-pay.org,200,,https://pay.amazon.com/
amazon-payment-advanced.com,200,,https://www.amazon.com/ref=as_li_ss_tl?_encoding=UTF8&camp=1789&creative=390957&linkCode=ur2&tag=amznipops-20&linkId=VETEOIMPO7O4WRWZ
amazon-payment-confirm.com,200,,https://pay.amazon.com/
amazon-payment-department.com,200,,https://pay.amazon.com/
amazon-payment-device.com,200,,https://www.amazon.com/b/ref=as_li_ss_tl?node=2102313011&linkCode=sl2&tag=amznipdevice-20&linkId=50dfab05edf5ab113c2734ea9070a381
amazon-payment-online.com,200,,https://www.amazon.com/ref=as_li_ss_tl?ie=UTF8&linkCode=sl2&tag=amznipops-20&linkId=ef33ef1998890bd8a89ba9c3007fa6cd
amazon-payments-business.com,200,,https://pay.amazon.com/
amazon-payments-center.com,200,,https://pay.amazon.com/
amazon-payments-email.com,200,,https://pay.amazon.com/
amazon-payments-inc.com,200,,https://pay.amazon.com/
amazon-payments-request.com,200,,https://pay.amazon.com/
amazon-payments-transactions.com,200,,https://pay.amazon.com/
amazon-payments-update.com,200,,https://pay.amazon.com/
amazon-payments.info,200,,https://www.amazon.com/ref=as_li_ss_tl?ie=UTF8&linkCode=sl2&tag=amznipops-20&linkId=ef33ef1998890bd8a89ba9c3007fa6cd
amazon-paysafe.com,200,,https://pay.amazon.com/
amazon-pharmacy-ai.com,200,,
amazon-phone.com,200,200,https://www.amazon.com:443/b?node=2335752011
amazon-phone.fr,202,,https://www.amazon.fr/
amazon-phone.it,202,,https://www.amazon.it/
amazon-phone.org,200,200,https://www.amazon.com:443/b?node=2335752011
amazon-phones.com,200,,https://www.amazon.com/electronics-store/b/ref=as_li_ss_tl?ie=UTF8&node=14613304011&linkCode=sl2&tag=primephones.com-20&linkId=dd14f38235ccedbb10cb55b45b8bfdc3
amazon-podcast-network.com,200,,https://www.amazon.com/ref=as_li_ss_tl?ie=UTF8&linkCode=sl2&tag=amznipops-20&linkId=07057771cdf5019fb44a6e88c747a894
amazon-presse.fr,200,200,https://press.aboutamazon.com/
amazon-price.com,200,,https://www.amazon.com/ref=as_li_ss_tl?_encoding=UTF8&camp=1789&creative=390957&linkCode=ur2&tag=amznipops-20&linkId=VETEOIMPO7O4WRWZ
amazon-prime.com,200,200,https://www.amazon.com:443/amazonprime/?sr=53-1
amazon-product.com,200,,https://www.amazon.com/ref=as_li_ss_tl?_encoding=UTF8&camp=1789&creative=390957&linkCode=ur2&tag=amznipops-20&linkId=VETEOIMPO7O4WRWZ
amazon-products.com,200,,https://www.amazon.com/ref=as_li_ss_tl?_encoding=UTF8&camp=1789&creative=390957&linkCode=ur2&tag=amznipops-20&linkId=VETEOIMPO7O4WRWZ
amazon-profits.com,200,,https://www.amazon.com/ref=as_li_ss_tl?_encoding=UTF8&camp=1789&creative=390957&linkCode=ur2&tag=amznipops-20&linkId=VETEOIMPO7O4WRWZ
amazon-protection.com,200,,https://www.amazon.com/ref=as_li_ss_tl?_encoding=UTF8&camp=1789&creative=390957&linkCode=ur2&tag=amznipops-20&linkId=VETEOIMPO7O4WRWZ
amazon-pub.com,200,,https://amazonpublishing.amazon.com/
amazon-purses.info,200,,https://www.amazon.com/ref=as_li_ss_tl?_encoding=UTF8&camp=1789&creative=390957&linkCode=ur2&tag=amznipops-20&linkId=VETEOIMPO7O4WRWZ
amazon-rakuten.com,200,,https://www.amazon.com/ref=as_li_ss_tl?_encoding=UTF8&camp=1789&creative=390957&linkCode=ur2&tag=amznipops-20&linkId=VETEOIMPO7O4WRWZ
amazon-refund.com,200,,https://www.amazon.com/ref=as_li_ss_tl?ie=UTF8&linkCode=sl2&tag=amznipops-20&linkId=07057771cdf5019fb44a6e88c747a894
amazon-renewed.fr,200,,https://www.amazon.fr/b/ref=fr_renewed_domainforward/?ie=UTF8&node=10675213031
amazon-renewed.it,200,,https://www.amazon.it/b/ref=it_renewed_domainforward/?ie=UTF8&node=10675215031
amazon-rewards.com,200,,https://www.amazon.com/ref=as_li_ss_tl?_encoding=UTF8&camp=1789&creative=390957&linkCode=ur2&tag=amznipops-20&linkId=VETEOIMPO7O4WRWZ
amazon-rewards.info,200,,https://www.amazon.com/ref=as_li_ss_tl?_encoding=UTF8&camp=1789&creative=390957&linkCode=ur2&tag=amznipops-20&linkId=VETEOIMPO7O4WRWZ
amazon-s.com,200,,https://www.amazon.com/ref=as_li_ss_tl?_encoding=UTF8&camp=1789&creative=390957&linkCode=ur2&tag=amznipops-20&linkId=VETEOIMPO7O4WRWZ
amazon-s3-software.com,200,,https://aws.amazon.com/
amazon-s3.info,200,,https://www.amazon.com/ref=as_li_ss_tl?ie=UTF8&linkCode=sl2&tag=amznipops-20&linkId=ef33ef1998890bd8a89ba9c3007fa6cd
amazon-sales.com,200,200,https://www.amazon.com:443/outlet?ie=UTF8
amazon-sales.info,200,,https://www.amazon.com/ref=as_li_ss_tl?_encoding=UTF8&camp=1789&creative=390957&linkCode=ur2&tag=amznipops-20&linkId=VETEOIMPO7O4WRWZ
amazon-sales.net,200,,https://www.amazon.com/ref=as_li_ss_tl?_encoding=UTF8&camp=1789&creative=390957&linkCode=ur2&tag=amznipops-20&linkId=VETEOIMPO7O4WRWZ
amazon-satellite.com,200,,https://leo.amazon.com/
amazon-security.info,200,,https://www.amazon.com/ref=as_li_ss_tl?ie=UTF8&linkCode=sl2&tag=amznipops-20&linkId=07057771cdf5019fb44a6e88c747a894
amazon-seller.com,200,,https://www.amazon.com/ref=as_li_ss_tl?_encoding=UTF8&camp=1789&creative=390957&linkCode=ur2&tag=amznipops-20&linkId=VETEOIMPO7O4WRWZ
amazon-seller.org,200,,https://www.amazon.com/ref=as_li_ss_tl?_encoding=UTF8&camp=1789&creative=390957&linkCode=ur2&tag=amznipops-20&linkId=VETEOIMPO7O4WRWZ
amazon-sellercentral.com,200,200,https://www.amazon.com:443/s?rh=n%3A3309511&language=en_US&brr=1&ie=UTF8&rd=1
amazon-sellercentral.net,200,,https://www.amazon.com/ref=as_li_ss_tl?ie=UTF8&linkCode=sl2&tag=amznipops-20&linkId=ef33ef1998890bd8a89ba9c3007fa6cd
amazon-service.com,200,200,https://aws.amazon.com/
amazon-services.at,200,,https://www.amazon.de/
amazon-services.com,200,200,https://aws.amazon.com/
amazon-services.fr,202,,https://www.amazon.fr/
amazon-services.it,202,,https://www.amazon.it/
amazon-services.net,200,,https://sell.amazon.com/
amazon-sexy-boots.info,200,,https://www.amazon.com/ref=as_li_ss_tl?_encoding=UTF8&camp=1789&creative=390957&linkCode=ur2&tag=amznipops-20&linkId=VETEOIMPO7O4WRWZ
amazon-sexy-dresses-clubbing.info,200,,https://www.amazon.com/ref=as_li_ss_tl?_encoding=UTF8&camp=1789&creative=390957&linkCode=ur2&tag=amznipops-20&linkId=VETEOIMPO7O4WRWZ
amazon-shoe-store.com,200,,https://www.amazon.com/ref=as_li_ss_tl?ie=UTF8&linkCode=sl2&tag=amznipops-20&linkId=ef33ef1998890bd8a89ba9c3007fa6cd
amazon-sicherheit.com,200,,https://www.amazon.com/ref=as_li_ss_tl?_encoding=UTF8&camp=1789&creative=390957&linkCode=ur2&tag=amznipops-20&linkId=VETEOIMPO7O4WRWZ
amazon-sicherheit.net,200,,https://www.amazon.com/ref=as_li_ss_tl?_encoding=UTF8&camp=1789&creative=390957&linkCode=ur2&tag=amznipops-20&linkId=VETEOIMPO7O4WRWZ
amazon-sign-in-varzea.com,200,,https://www.amazon.com/ref=as_li_ss_tl?ie=UTF8&linkCode=sl2&tag=amznipops-20&linkId=07057771cdf5019fb44a6e88c747a894
amazon-sign-in1.com,200,,https://www.amazon.com/ref=as_li_ss_tl?ie=UTF8&linkCode=sl2&tag=amznipops-20&linkId=07057771cdf5019fb44a6e88c747a894
amazon-silk-kindle.com,200,,https://www.amazon.com/b/ref=as_li_ss_tl?ie=UTF8&node=6669702011&linkCode=sl2&tag=amznipkindle-20&linkId=551706601a1080104e2dbb0e17826f96
amazon-silk.at,200,,https://www.amazon.de/
amazon-silk.biz,200,,https://www.amazon.com/ref=as_li_ss_tl?_encoding=UTF8&camp=1789&creative=390957&linkCode=ur2&tag=amznipops-20&linkId=VETEOIMPO7O4WRWZ
amazon-silk.co.at,200,,https://www.amazon.de/
amazon-silk.com,200,,https://www.amazon.com/ref=as_li_ss_tl?_encoding=UTF8&camp=1789&creative=390957&linkCode=ur2&tag=amznipops-20&linkId=VETEOIMPO7O4WRWZ
amazon-silk.info,200,,https://www.amazon.com/ref=as_li_ss_tl?_encoding=UTF8&camp=1789&creative=390957&linkCode=ur2&tag=amznipops-20&linkId=VETEOIMPO7O4WRWZ
amazon-silk.it,202,,https://www.amazon.it/
amazon-silk.me,200,,https://www.aboutamazon.eu/
amazon-silk.net,200,,https://www.amazon.com/ref=as_li_ss_tl?_encoding=UTF8&camp=1789&creative=390957&linkCode=ur2&tag=amznipops-20&linkId=VETEOIMPO7O4WRWZ
amazon-silk.org,200,,https://www.amazon.com/ref=as_li_ss_tl?_encoding=UTF8&camp=1789&creative=390957&linkCode=ur2&tag=amznipops-20&linkId=VETEOIMPO7O4WRWZ
amazon-site.com,200,,https://www.amazon.com/ref=as_li_ss_tl?_encoding=UTF8&camp=1789&creative=390957&linkCode=ur2&tag=amznipops-20&linkId=VETEOIMPO7O4WRWZ
amazon-smartphone.com,200,,https://www.amazon.com/electronics-store/b/ref=as_li_ss_tl?ie=UTF8&node=14613304011&linkCode=sl2&tag=primephones.com-20&linkId=dd14f38235ccedbb10cb55b45b8bfdc3
amazon-smile.at,200,,https://www.amazon.de:443/
amazon-smile.com,200,200,https://www.amazon.com:443/
amazon-smiles.at,200,,https://www.amazon.de:443/
amazon-smiles.com,200,200,https://www.amazon.com:443/
amazon-snapshots.com,200,,https://www.amazon.com/ref=as_li_ss_tl?ie=UTF8&linkCode=sl2&tag=amznipops-20&linkId=07057771cdf5019fb44a6e88c747a894
amazon-solution.com,200,,https://www.amazon.com/ref=as_li_ss_tl?_encoding=UTF8&camp=1789&creative=390957&linkCode=ur2&tag=amznipops-20&linkId=VETEOIMPO7O4WRWZ
amazon-southafrica.info,200,,https://www.amazon.com/ref=as_li_ss_tl?ie=UTF8&linkCode=sl2&tag=amznipops-20&linkId=ef33ef1998890bd8a89ba9c3007fa6cd
amazon-southafrica.org,200,,https://www.amazon.com/ref=as_li_ss_tl?ie=UTF8&linkCode=sl2&tag=amznipops-20&linkId=ef33ef1998890bd8a89ba9c3007fa6cd
amazon-specials.com,200,200,https://www.amazon.com:443/Deals/b?ie=UTF8&node=909656
amazon-specials.net,200,,https://www.amazon.com/ref=as_li_ss_tl?ie=UTF8&linkCode=sl2&tag=amznipops-20&linkId=ef33ef1998890bd8a89ba9c3007fa6cd
amazon-sponsored-links.fr,202,,https://www.amazon.fr/
amazon-sponsored-links.it,202,,https://www.amazon.it/
amazon-sponsored-products.fr,202,,https://www.amazon.fr/
amazon-sponsored-products.net,200,,https://www.amazon.com/ref=as_li_ss_tl?_encoding=UTF8&camp=1789&creative=390957&linkCode=ur2&tag=amznipops-20&linkId=VETEOIMPO7O4WRWZ
amazon-storages.com,200,,https://www.amazon.com/ref=as_li_ss_tl?_encoding=UTF8&camp=1789&creative=390957&linkCode=ur2&tag=amznipops-20&linkId=VETEOIMPO7O4WRWZ
amazon-store.info,200,,https://www.amazon.com/ref=as_li_ss_tl?_encoding=UTF8&camp=1789&creative=390957&linkCode=ur2&tag=amznipops-20&linkId=VETEOIMPO7O4WRWZ
amazon-store.net,200,,https://www.amazon.com/ref=as_li_ss_tl?_encoding=UTF8&camp=1789&creative=390957&linkCode=ur2&tag=amznipops-20&linkId=VETEOIMPO7O4WRWZ
amazon-streamingvideo.com,200,,https://www.amazon.com/b/ref=as_li_ss_tl?&node=2858778011&linkCode=sl2&tag=amznipvideo-20&linkId=ad5fbe1dee38564cbbacf1392fafb4ae
amazon-subscription.com,200,,https://www.amazon.com/ref=as_li_ss_tl?_encoding=UTF8&camp=1789&creative=390957&linkCode=ur2&tag=amznipops-20&linkId=VETEOIMPO7O4WRWZ
amazon-suomi.net,200,200,https://www.amazon.com:443/
amazon-support-online.com,200,,https://www.amazon.com/ref=as_li_ss_tl?_encoding=UTF8&camp=1789&creative=390957&linkCode=ur2&tag=amznipops-20&linkId=VETEOIMPO7O4WRWZ
amazon-tablet.info,200,,https://www.amazon.com/b/ref=as_li_ss_tl?&node=6669703011&linkCode=sl2&tag=amznipdevice-20&linkId=b346db77eadf5ac338f5410cc2a35977
amazon-tablets.info,200,,https://www.amazon.com/b/ref=as_li_ss_tl?&node=6669703011&linkCode=sl2&tag=amznipdevice-20&linkId=b346db77eadf5ac338f5410cc2a35977
amazon-thomas-and-mercer.com,200,,https://amazonpublishing.amazon.com/
amazon-tickets.com,200,,https://www.amazon.com/ref=as_li_ss_tl?_encoding=UTF8&camp=1789&creative=390957&linkCode=ur2&tag=amznipops-20&linkId=VETEOIMPO7O4WRWZ
amazon-topsellers.com,200,,https://www.amazon.com/ref=as_li_ss_tl?ie=UTF8&linkCode=sl2&tag=amznipops-20&linkId=ef33ef1998890bd8a89ba9c3007fa6cd
amazon-transaction-inc.com,200,,https://www.amazon.com/ref=as_li_ss_tl?_encoding=UTF8&camp=1789&creative=390957&linkCode=ur2&tag=amznipops-20&linkId=VETEOIMPO7O4WRWZ
amazon-trust.com,200,,https://www.amazon.com/ref=as_li_ss_tl?_encoding=UTF8&camp=1789&creative=390957&linkCode=ur2&tag=amznipops-20&linkId=VETEOIMPO7O4WRWZ
amazon-twitch.com,200,,https://www.twitch.tv/
amazon-uae.com,200,,https://www.amazon.com/ref=as_li_ss_tl?ie=UTF8&linkCode=sl2&tag=amznipops-20&linkId=ef33ef1998890bd8a89ba9c3007fa6cd
amazon-uas.com,200,,https://www.amazon.com/ref=as_li_ss_tl?_encoding=UTF8&camp=1789&creative=390957&linkCode=ur2&tag=amznipops-20&linkId=VETEOIMPO7O4WRWZ
amazon-uk.info,200,,https://www.amazon.com/ref=as_li_ss_tl?_encoding=UTF8&camp=1789&creative=390957&linkCode=ur2&tag=amznipops-20&linkId=VETEOIMPO7O4WRWZ
amazon-unbox.com,200,,https://www.amazon.com/ref=as_li_ss_tl?ie=UTF8&linkCode=sl2&tag=amznipops-20&linkId=07057771cdf5019fb44a6e88c747a894
amazon-update-home.com,200,,https://www.amazon.com/ref=as_li_ss_tl?_encoding=UTF8&camp=1789&creative=390957&linkCode=ur2&tag=amznipops-20&linkId=VETEOIMPO7O4WRWZ
amazon-update-usa.com,200,,https://www.amazon.com/ref=as_li_ss_tl?_encoding=UTF8&camp=1789&creative=390957&linkCode=ur2&tag=amznipops-20&linkId=VETEOIMPO7O4WRWZ
amazon-update-usa1.com,200,,https://www.amazon.com/ref=as_li_ss_tl?_encoding=UTF8&camp=1789&creative=390957&linkCode=ur2&tag=amznipops-20&linkId=VETEOIMPO7O4WRWZ
amazon-upgraded.com,200,,https://www.amazon.com/ref=as_li_ss_tl?_encoding=UTF8&camp=1789&creative=390957&linkCode=ur2&tag=amznipops-20&linkId=VETEOIMPO7O4WRWZ
amazon-upgrades.com,200,,https://www.amazon.com/ref=as_li_ss_tl?_encoding=UTF8&camp=1789&creative=390957&linkCode=ur2&tag=amznipops-20&linkId=VETEOIMPO7O4WRWZ
amazon-us.com,200,200,https://www.amazon.com:443/
amazon-usa.com,200,200,https://www.amazon.com:443/
amazon-usa.net,200,,https://www.amazon.com/ref=as_li_ss_tl?_encoding=UTF8&camp=1789&creative=390957&linkCode=ur2&tag=amznipops-20&linkId=VETEOIMPO7O4WRWZ
amazon-user.com,200,,https://www.amazon.com/ref=as_li_ss_tl?_encoding=UTF8&camp=1789&creative=390957&linkCode=ur2&tag=amznipops-20&linkId=VETEOIMPO7O4WRWZ
amazon-value.com,200,,https://www.amazon.com/ref=as_li_ss_tl?_encoding=UTF8&camp=1789&creative=390957&linkCode=ur2&tag=amznipops-20&linkId=VETEOIMPO7O4WRWZ
amazon-vega.com,200,,
amazon-versand.com,200,,https://www.amazon.com/ref=as_li_ss_tl?_encoding=UTF8&camp=1789&creative=390957&linkCode=ur2&tag=amznipops-20&linkId=VETEOIMPO7O4WRWZ
amazon-video-a-richiesta.it,200,,https://www.amazon.it/
amazon-video-direct.com,200,,https://videodirect.amazon.com/home/landing
amazon-video-on-demand.com,200,,https://www.amazon.com/b/ref=as_li_ss_tl?&node=2858778011&linkCode=sl2&tag=amznipvideo-20&linkId=ad5fbe1dee38564cbbacf1392fafb4ae
amazon-video-reviews.com,200,,https://www.amazon.com/b/ref=as_li_ss_tl?&node=2858778011&linkCode=sl2&tag=amznipvideo-20&linkId=ad5fbe1dee38564cbbacf1392fafb4ae
amazon-videocare.com,200,,
amazon-videodirect.com,200,,https://videodirect.amazon.com/home/landing
amazon-vod.com,200,,https://www.amazon.com/b/ref=as_li_ss_tl?&node=2858778011&linkCode=sl2&tag=amznipops-20&linkId=69e10427e18539e7130aff5734b03c2d
amazon-watches.info,200,,https://www.amazon.com/ref=as_li_ss_tl?_encoding=UTF8&camp=1789&creative=390957&linkCode=ur2&tag=amznipops-20&linkId=VETEOIMPO7O4WRWZ
amazon-web-services.com,200,200,https://aws.amazon.com/
amazon-web.net,200,,https://www.amazon.com/ref=as_li_ss_tl?_encoding=UTF8&camp=1789&creative=390957&linkCode=ur2&tag=amznipops-20&linkId=VETEOIMPO7O4WRWZ
amazon-webcaset.com,200,,https://www.amazon.com/ref=as_li_ss_tl?_encoding=UTF8&camp=1789&creative=390957&linkCode=ur2&tag=amznipops-20&linkId=VETEOIMPO7O4WRWZ
amazon-webscr.com,200,,https://www.amazon.com/ref=as_li_ss_tl?_encoding=UTF8&camp=1789&creative=390957&linkCode=ur2&tag=amznipops-20&linkId=VETEOIMPO7O4WRWZ
amazon-webservices.com,200,200,https://aws.amazon.com/
amazon-webservices.net,200,,https://aws.amazon.com/
amazon-website.com,200,,https://www.amazon.com/ref=as_li_ss_tl?_encoding=UTF8&camp=1789&creative=390957&linkCode=ur2&tag=amznipops-20&linkId=VETEOIMPO7O4WRWZ
amazon-weightloss-sales.info,200,,https://www.amazon.com/ref=as_li_ss_tl?_encoding=UTF8&camp=1789&creative=390957&linkCode=ur2&tag=amznipops-20&linkId=VETEOIMPO7O4WRWZ
amazon-welcome.com,200,,https://www.amazon.com/ref=as_li_ss_tl?_encoding=UTF8&camp=1789&creative=390957&linkCode=ur2&tag=amznipops-20&linkId=VETEOIMPO7O4WRWZ
amazon-welcome.net,200,,https://www.amazon.com/ref=as_li_ss_tl?_encoding=UTF8&camp=1789&creative=390957&linkCode=ur2&tag=amznipops-20&linkId=VETEOIMPO7O4WRWZ
amazon-whispercast.com,200,,https://www.amazon.com/b/?node=19609234011
amazon-whispersync.me,200,,https://www.aboutamazon.eu/
amazon-wine-marketplace.com,200,,https://www.amazon.com/ref=as_li_ss_tl?_encoding=UTF8&camp=1789&creative=390957&linkCode=ur2&tag=amznipops-20&linkId=VETEOIMPO7O4WRWZ
amazon-wishlist.info,200,,https://www.amazon.com/ref=as_li_ss_tl?ie=UTF8&linkCode=sl2&tag=amznipops-20&linkId=07057771cdf5019fb44a6e88c747a894
amazon-withoutabox.com,200,,https://www.amazon.com/ref=as_li_ss_tl?_encoding=UTF8&camp=1789&creative=390957&linkCode=ur2&tag=amznipops-20&linkId=VETEOIMPO7O4WRWZ
amazon-womens-jewelry.info,200,,https://www.amazon.com/ref=as_li_ss_tl?_encoding=UTF8&camp=1789&creative=390957&linkCode=ur2&tag=amznipops-20&linkId=VETEOIMPO7O4WRWZ
amazon-womens-shoes.info,200,,https://www.amazon.com/b/ref=as_li_ss_tl?ie=UTF8&node=7141123011&linkCode=sl2&tag=amznipops-20&linkId=0ce87db61c8a43c585886574c2acb7b4
amazon-workmail.com,200,,https://aws.amazon.com/workmail/
amazon-xing-publishing.com,200,,https://www.amazon.com/ref=as_li_ss_tl?_encoding=UTF8&camp=1789&creative=390957&linkCode=ur2&tag=amznipops-20&linkId=VETEOIMPO7O4WRWZ
amazon.ad,200,,https://www.amazon.es/ref=rd_www_amazon_ad/?site-redirect=ad
amazon.ae,200,200,https://www.amazon.ae/
amazon.at,202,200,https://www.amazon.de/
amazon.barcelona,200,,https://www.amazon.es/
amazon.bi,200,200,https://www.amazon.com:443/
amazon.bid,200,,https://www.amazon.com/
amazon.biz,200,200,https://www.amazon.com:443/
amazon.blackfriday,200,,https://www.amazon.com/b/ref=as_li_ss_tl?ie=UTF8&node=384082011&linkCode=sl2&tag=amazon.blackfriday-20&linkId=0c9619918d4e356fdf9041e00b0523f2
amazon.blue,200,,https://www.amazon.com/ref=as_li_ss_tl?_encoding=UTF8&camp=1789&creative=390957&linkCode=ur2&tag=amznipops-20&linkId=VETEOIMPO7O4WRWZ
amazon.bz,200,200,https://www.amazon.com:443/?ref=rd_www_amazon_bz_en/
amazon.career,200,,https://www.amazon.jobs/en/
amazon.cc,200,200,https://www.amazon.com:443/
amazon.christmas,200,,https://www.amazon.com/b/?ie=UTF8&node=237796011
amazon.cl,200,200,https://www.amazon.com/
amazon.cloud,200,,https://aws.amazon.com/
amazon.co.in,202,202,https://www.amazon.in/
amazon.co.it,200,,https://www.amazon.it/
amazon.com,200,200,https://www.amazon.com/
amazon.com.ai,200,200,https://www.amazon.com:443/
amazon.com.kz,200,200,https://www.amazon.com/ref=rd_www_amazon_KZ_en
amazon.com.pl,202,202,https://www.amazon.de:443/?ref=rd_www_amazon_PL/language=pl_PL&site-redirect=PL
amazon.cr,200,200,https://www.amazon.com:443/?ref=rd_www_amazon_cr_en/
amazon.cricket,200,,https://www.amazon.com/
amazon.cyou,200,,https://www.amazon.com/
amazon.dealer,200,,https://www.amazon.com/
amazon.desi,200,,https://www.amazon.com/
amazon.design,200,200,https://www.amazon.design/
amazon.earth,200,,https://sustainability.aboutamazon.com/products-services/aws-cloud
amazon.eu.com,200,,https://www.aboutamazon.eu/
amazon.fi,202,202,https://www.amazon.de:443/
amazon.foundation,200,,https://www.amazon.com:443/
amazon.fr,202,202,https://www.amazon.fr/
amazon.in,202,202,https://www.amazon.in/
amazon.info,200,200,https://www.amazon.com:443/
amazon.international,200,,https://www.amazon.com/ref=as_li_ss_tl?_encoding=UTF8&camp=1789&creative=390957&linkCode=ur2&tag=amznipops-20&linkId=VETEOIMPO7O4WRWZ
amazon.io,200,200,https://www.aboutamazon.eu/
amazon.is,202,202,https://www.amazon.co.uk:443/
amazon.it,200,200,https://www.amazon.it/
amazon.jobs,200,200,https://amazon.jobs/en/
amazon.kz,200,200,https://www.amazon.com/ref=rd_www_amazon_KZ_en
amazon.lat,200,,https://www.amazon.es/
amazon.madrid,200,,https://www.amazon.es/
amazon.me,202,202,https://www.amazon.de:443/?ref=rd_www_amazon_ME&language=en_GB&site-redirect=ME
amazon.motorcycles,200,,https://www.amazon.com/b/?node=346333011
amazon.net.in,202,,https://www.amazon.in/
amazon.nyc,200,,https://www.amazon.com/fmc/learn-more?ref_=primenow
amazon.off.ai,200,200,https://www.amazon.com:443/
amazon.one,200,,https://www.amazon.com/
amazon.online,200,,https://www.amazon.com/
amazon.or.at,202,202,https://www.amazon.de:443/?ref=rd_www_amazon_at/site-redirect=at
amazon.org,200,200,https://www.amazon.com:443/
amazon.org.in,202,,https://www.amazon.in/
amazon.pharmacy,200,200,https://pharmacy.amazon.com/
amazon.photo,200,,https://www.amazon.com/ap/signin?openid.pape.max_auth_age=172800&openid.return_to=https%3A%2F%2Fwww.amazon.com%2Fphotos%2Fprimephotos%3Fcd%3D1&openid.identity=http%3A%2F%2Fspecs.openid.net%2Fauth%2F2.0%2Fidentifier_select&openid.assoc_handle=amzn_photos_web_us&openid.mode=checkid_setup&language=en_US&openid.claimed_id=http%3A%2F%2Fspecs.openid.net%2Fauth%2F2.0%2Fidentifier_select&openid.ns=http%3A%2F%2Fspecs.openid.net%2Fauth%2F2.0
amazon.pn,200,,https://www.amazon.com/ref=rd_www_amazon_pn_en
amazon.qpon,200,,https://www.amazon.com:443/hz/coupons/
amazon.quebec,202,,https://www.amazon.ca/
amazon.re,200,,https://www.amazon.com/ref=rd_www_amazon_re_en
amazon.ruhr,202,,https://www.amazon.de/
amazon.science,200,200,https://www.amazon.science/
amazon.site,200,,https://www.amazon.com/
amazon.tirol,202,,https://www.amazon.de/
amazon.tm.fr,200,200,https://www.aboutamazon.eu/
amazon.tv,200,200,https://www.amazon.com/b/ref=va_surl_vs?node=9013971011
amazon.vlaanderen,200,,https://www.aboutamazon.eu/
amazon.wien,202,,https://www.amazon.de/
amazon.work,200,,https://atoz-login.amazon.work/?source=ac
amazon.xyz,200,,https://www.amazon.com/
amazon1.com,200,200,https://www.amazon.com:443/
amazon1.info,200,,https://www.amazon.com/ref=as_li_ss_tl?_encoding=UTF8&camp=1789&creative=390957&linkCode=ur2&tag=amznipops-20&linkId=VETEOIMPO7O4WRWZ
amazon1.net,200,,https://www.amazon.com/ref=as_li_ss_tl?_encoding=UTF8&camp=1789&creative=390957&linkCode=ur2&tag=amznipops-20&linkId=VETEOIMPO7O4WRWZ
amazon101.com,200,,https://www.amazon.com/ref=as_li_ss_tl?_encoding=UTF8&camp=1789&creative=390957&linkCode=ur2&tag=amznipops-20&linkId=VETEOIMPO7O4WRWZ
amazon2.com,200,200,https://www.amazon.com:443/
amazon2.net,200,,https://www.amazon.com/ref=as_li_ss_tl?_encoding=UTF8&camp=1789&creative=390957&linkCode=ur2&tag=amznipops-20&linkId=VETEOIMPO7O4WRWZ
amazon2.org,200,,https://www.amazon.com/ref=as_li_ss_tl?_encoding=UTF8&camp=1789&creative=390957&linkCode=ur2&tag=amznipops-20&linkId=VETEOIMPO7O4WRWZ
amazon2business.com,200,,https://www.amazon.com/ref=as_li_ss_tl?_encoding=UTF8&camp=1789&creative=390957&linkCode=ur2&tag=amznipops-20&linkId=VETEOIMPO7O4WRWZ
amazon2india.com,200,,https://www.amazon.com/ref=as_li_ss_tl?_encoding=UTF8&camp=1789&creative=390957&linkCode=ur2&tag=amznipops-20&linkId=VETEOIMPO7O4WRWZ
amazon2vod.com,200,,https://www.amazon.com/ref=as_li_ss_tl?_encoding=UTF8&camp=1789&creative=390957&linkCode=ur2&tag=amznipops-20&linkId=VETEOIMPO7O4WRWZ
amazon3d.com,200,200,https://www.amazon.com:443/
amazon3dprinting.com,200,,https://www.amazon.com/ref=as_li_ss_tl?_encoding=UTF8&camp=1789&creative=390957&linkCode=ur2&tag=amznipops-20&linkId=VETEOIMPO7O4WRWZ
amazon3dscreen.com,200,,https://www.amazon.com/dp/B00OC0USA6
amazon3g.com,200,,https://www.amazon.com/ref=as_li_ss_tl?_encoding=UTF8&camp=1789&creative=390957&linkCode=ur2&tag=amznipops-20&linkId=VETEOIMPO7O4WRWZ
amazon4kids.com,200,,https://www.amazon.com/ref=as_li_ss_tl?_encoding=UTF8&camp=1789&creative=390957&linkCode=ur2&tag=amznipops-20&linkId=VETEOIMPO7O4WRWZ
amazon4kultra.com,200,,https://www.amazon.com/b/ref=as_li_ss_tl?&node=2858778011&linkCode=sl2&tag=amznipops-20&linkId=69e10427e18539e7130aff5734b03c2d
amazon4kultrahd.com,200,,https://www.amazon.com/b/ref=as_li_ss_tl?&node=2858778011&linkCode=sl2&tag=amznipops-20&linkId=69e10427e18539e7130aff5734b03c2d
amazon4kultrahdtv.com,200,,https://www.amazon.com/b/ref=as_li_ss_tl?&node=2858778011&linkCode=sl2&tag=amznipops-20&linkId=69e10427e18539e7130aff5734b03c2d
amazon4u.com,200,,https://www.amazon.com/ref=as_li_ss_tl?_encoding=UTF8&camp=1789&creative=390957&linkCode=ur2&tag=amznipops-20&linkId=VETEOIMPO7O4WRWZ
amazon4you.info,200,,https://www.amazon.com/ref=as_li_ss_tl?ie=UTF8&linkCode=sl2&tag=amznipops-20&linkId=ef33ef1998890bd8a89ba9c3007fa6cd
amazon6.com,200,,https://www.amazon.com/ref=as_li_ss_tl?_encoding=UTF8&camp=1789&creative=390957&linkCode=ur2&tag=amznipops-20&linkId=VETEOIMPO7O4WRWZ
amazon800.com,200,,https://www.amazon.com/ref=as_li_ss_tl?_encoding=UTF8&camp=1789&creative=390957&linkCode=ur2&tag=amznipops-20&linkId=VETEOIMPO7O4WRWZ
amazona.org,200,,https://www.amazon.com/ref=as_li_ss_tl?_encoding=UTF8&camp=1789&creative=390957&linkCode=ur2&tag=amznipops-20&linkId=VETEOIMPO7O4WRWZ
amazona1.com,200,,https://aws.amazon.com/ec2/
amazona2z.com,200,,https://www.amazon.com/ref=as_li_ss_tl?ie=UTF8&linkCode=sl2&tag=amznipops-20&linkId=ef33ef1998890bd8a89ba9c3007fa6cd
amazonabebooks.at,202,,https://www.amazon.de/
amazonabebooks.com,200,,https://www.abebooks.com/
amazonabebooks.fr,202,,https://www.amazon.fr/
amazonabebooks.info,200,,https://www.abebooks.com/
amazonabebooks.it,200,,https://www.abebooks.it/
amazonabebooks.me,200,,https://www.aboutamazon.eu/
amazonabebooks.net,200,,https://www.abebooks.com/
amazonabebooks.org,200,,https://www.abebooks.com/
amazonabiti.it,200,,https://www.amazon.it/
amazonabito.it,200,,https://www.amazon.it/
amazonaccount.net,200,,https://www.amazon.com/ref=as_li_ss_tl?_encoding=UTF8&camp=1789&creative=390957&linkCode=ur2&tag=amznipops-20&linkId=VETEOIMPO7O4WRWZ
amazonactivities.com,200,,https://www.amazon.com/ref=as_li_ss_tl?ie=UTF8&linkCode=sl2&tag=amznipops-20&linkId=07057771cdf5019fb44a6e88c747a894
amazonad.biz,200,,https://www.amazon.com/ref=as_li_ss_tl?_encoding=UTF8&camp=1789&creative=390957&linkCode=ur2&tag=amznipops-20&linkId=VETEOIMPO7O4WRWZ
amazonaddictionstore.info,200,,https://www.amazon.com/ref=as_li_ss_tl?ie=UTF8&linkCode=sl2&tag=amznipops-20&linkId=ef33ef1998890bd8a89ba9c3007fa6cd
amazonads.com,200,,https://advertising.amazon.com/
amazonads.fr,200,,https://advertising.amazon.com/fr-fr
amazonads.net,200,,https://www.amazon.com/ref=as_li_ss_tl?_encoding=UTF8&camp=1789&creative=390957&linkCode=ur2&tag=amznipops-20&linkId=VETEOIMPO7O4WRWZ
amazonadsresearchpanel.com,200,200,https://www.amazonadsresearchpanel.com/hub
amazonadvertisement.com,200,,https://www.amazon.com/ref=as_li_ss_tl?_encoding=UTF8&camp=1789&creative=390957&linkCode=ur2&tag=amznipops-20&linkId=VETEOIMPO7O4WRWZ
amazonadvertising.biz,200,,https://www.amazon.com/ref=as_li_ss_tl?_encoding=UTF8&camp=1789&creative=390957&linkCode=ur2&tag=amznipops-20&linkId=VETEOIMPO7O4WRWZ
amazonadvertising.com,403,200,https://advertising.amazon.com/
amazonadvertising.fr,200,,https://advertising.amazon.com/fr-fr
amazonadvertising.net,200,,https://www.amazon.com/ref=as_li_ss_tl?_encoding=UTF8&camp=1789&creative=390957&linkCode=ur2&tag=amznipops-20&linkId=VETEOIMPO7O4WRWZ
amazonadvertisingnetwork.net,200,200,https://www.amazon.com:443/Advertising/b?ie=UTF8&node=276241011
amazonae.com,200,200,https://www.amazon.com:443/
amazonaffiliate.info,200,,https://affiliate-program.amazon.com/
amazonaffiliateblog.com,200,,https://affiliate-program.amazon.com/
amazonaffiliatedstore.info,200,,https://www.amazon.com/ref=as_li_ss_tl?ie=UTF8&linkCode=sl2&tag=amznipops-20&linkId=ef33ef1998890bd8a89ba9c3007fa6cd
amazonaffiliatemarketing.com,200,,https://affiliate-program.amazon.com/
amazonaffiliates.club,200,,https://www.amazon.com/ref=as_li_ss_tl?ie=UTF8&linkCode=sl2&tag=amznipops-20&linkId=07057771cdf5019fb44a6e88c747a894
amazonaffiliates.com,200,,https://affiliate-program.amazon.com/
amazonaffiliates.info,200,,https://affiliate-program.amazon.com/
amazonaffiliates.org,200,,https://affiliate-program.amazon.com/
amazonaffiliatesscripts.com,200,,https://affiliate-program.amazon.com/
amazonaffiliatestore.com,200,,https://affiliate-program.amazon.com/
amazonaffiliatestore.info,200,,https://www.amazon.com/ref=as_li_ss_tl?ie=UTF8&linkCode=sl2&tag=amznipops-20&linkId=ef33ef1998890bd8a89ba9c3007fa6cd
amazonaffiliatewebsites.com,200,,https://affiliate-program.amazon.com/
amazonai.care,200,,
amazonai.com,200,200,https://www.amazon.com:443/
amazonaicare.bot,200,,
amazonaicare.org,200,,
amazonaicarehealth.com,200,,
amazonair.at,202,,https://www.amazon.de/
amazonair.co.at,202,,https://www.amazon.de/
amazonair.fr,202,,https://www.amazon.fr/
amazonair.it,200,,https://www.amazon.it/
amazonairborn.com,200,,https://www.amazon.com/ref=as_li_ss_tl?_encoding=UTF8&camp=1789&creative=390957&linkCode=ur2&tag=amznipops-20&linkId=VETEOIMPO7O4WRWZ
amazonairborne.fr,202,,https://www.amazon.fr/
amazonairplanes.com,200,,https://www.amazon.com/ref=as_li_ss_tl?_encoding=UTF8&camp=1789&creative=390957&linkCode=ur2&tag=amznipops-20&linkId=VETEOIMPO7O4WRWZ
amazonaldente.com,200,,https://www.amazon.com/ref=as_li_ss_tl?ie=UTF8&linkCode=sl2&tag=amznipops-20&linkId=07057771cdf5019fb44a6e88c747a894
amazonalexa.at,200,,https://www.amazon.de/dp/B06ZXQV6P8/ref=nav_shopall_k_echo_rad
amazonalexa.blackfriday,200,,https://www.amazon.com/alexa/shop-echo-devices?ref_=nav_sul_ods_ha_echo_cp_0_2_4_2
amazonalexa.club,200,,https://www.amazon.com/alexa/shop-echo-devices?ref_=nav_sul_ods_ha_echo_cp_0_2_4_2
amazonalexa.co.at,200,,https://www.amazon.de/dp/B06ZXQV6P8/ref=nav_shopall_k_echo_rad
amazonalexa.co.za,200,,https://www.amazon.com/alexa/shop-echo-devices?ref_=nav_sul_ods_ha_echo_cp_0_2_4_2
amazonalexa.com,200,200,https://www.amazon.com:443/alexaplus
amazonalexa.cz,200,,https://www.amazon.com/alexa/shop-echo-devices?ref_=nav_sul_ods_ha_echo_cp_0_2_4_2
amazonalexa.fr,200,,https://www.amazon.com/alexa/shop-echo-devices?ref_=nav_sul_ods_ha_echo_cp_0_2_4_2
amazonalexa.info,200,,https://www.amazon.com/alexa/shop-echo-devices?ref_=nav_sul_ods_ha_echo_cp_0_2_4_2
amazonalexa.it,200,,https://www.amazon.com/alexa/shop-echo-devices?ref_=nav_sul_ods_ha_echo_cp_0_2_4_2
amazonalexa.mobi,200,,https://www.amazon.com/alexa/shop-echo-devices?ref_=nav_sul_ods_ha_echo_cp_0_2_4_2
amazonalexa.net,200,,https://www.amazon.com/alexa/shop-echo-devices?ref_=nav_sul_ods_ha_echo_cp_0_2_4_2
amazonalexa.org,200,,https://www.amazon.com/alexa/shop-echo-devices?ref_=nav_sul_ods_ha_echo_cp_0_2_4_2
amazonalexa.ru,200,,https://www.amazon.com/alexa/shop-echo-devices?ref_=nav_sul_ods_ha_echo_cp_0_2_4_2
amazonalexa.xyz,200,,https://www.amazon.com/alexa/shop-echo-devices?ref_=nav_sul_ods_ha_echo_cp_0_2_4_2
amazonalexaapp.com,200,,https://www.amazon.com/alexa/shop-echo-devices?ref_=nav_sul_ods_ha_echo_cp_0_2_4_2
amazonalexaauto.com,200,,https://www.amazon.com/gp/product/B0753K4CWG
amazonalexaforshopping.com,200,,
amazonamazon.info,200,,https://www.amazon.com/ref=as_li_ss_tl?ie=UTF8&linkCode=sl2&tag=amznipops-20&linkId=07057771cdf5019fb44a6e88c747a894
amazonamazon.net,200,,https://www.amazon.com/ref=as_li_ss_tl?ie=UTF8&linkCode=sl2&tag=amznipops-20&linkId=07057771cdf5019fb44a6e88c747a894
amazonamzn.com,200,,https://www.amazon.com/ref=as_li_ss_tl?ie=UTF8&linkCode=sl2&tag=amznipops-20&linkId=ef33ef1998890bd8a89ba9c3007fa6cd
amazonanalytics.fr,202,,https://www.amazon.fr/
amazonanalytics.it,200,,https://www.amazon.it/
amazonandkindle.info,200,,https://www.amazon.com/ref=as_li_ss_tl?ie=UTF8&linkCode=sl2&tag=amznipops-20&linkId=ef33ef1998890bd8a89ba9c3007fa6cd
amazonandroidtablet.com,200,,https://www.amazon.com/b/ref=as_li_ss_tl?&node=6669703011&linkCode=sl2&tag=amznipdevice-20&linkId=b346db77eadf5ac338f5410cc2a35977
amazonanniversary.com,200,,https://www.amazon.com/ref=as_li_ss_tl?_encoding=UTF8&camp=1789&creative=390957&linkCode=ur2&tag=amznipops-20&linkId=VETEOIMPO7O4WRWZ
amazonanswers.com,200,,https://www.amazon.com/ref=as_li_ss_tl?_encoding=UTF8&camp=1789&creative=390957&linkCode=ur2&tag=amznipops-20&linkId=VETEOIMPO7O4WRWZ
amazonanswers.fr,202,,https://www.amazon.fr/
amazonanswers.it,200,,https://www.amazon.it/
amazonapn.com,200,,https://www.amazon.com/ref=as_li_ss_tl?ie=UTF8&linkCode=sl2&tag=amznipops-20&linkId=07057771cdf5019fb44a6e88c747a894
amazonapp-shop.fr,202,,https://www.amazon.fr/
amazonapp-shop.it,200,,https://www.amazon.it/
amazonapp.fr,202,,https://www.amazon.fr/
amazonapp.it,200,,https://www.amazon.it/
amazonappli.fr,202,,https://www.amazon.fr/
amazonappliances.com,200,,https://www.amazon.com/b/ref=as_li_ss_tl?ie=UTF8&node=284507&linkCode=sl2&tag=amznipdevice-20&linkId=f7c90b9f30128ad805d9a3feaad24620
amazonapplication.fr,202,,https://www.amazon.fr/
amazonapplis.fr,202,,https://www.amazon.fr/
amazonapplyonelineallentown.net,200,,https://www.amazon.com/ref=as_li_ss_tl?_encoding=UTF8&camp=1789&creative=390957&linkCode=ur2&tag=amznipops-20&linkId=VETEOIMPO7O4WRWZ
amazonapplyonelineallentown.org,200,,https://www.amazon.com/ref=as_li_ss_tl?_encoding=UTF8&camp=1789&creative=390957&linkCode=ur2&tag=amznipops-20&linkId=VETEOIMPO7O4WRWZ
amazonapplyonline.info,200,,https://www.amazon.com/ref=as_li_ss_tl?_encoding=UTF8&camp=1789&creative=390957&linkCode=ur2&tag=amznipops-20&linkId=VETEOIMPO7O4WRWZ
amazonapplyonlineallentown.com,200,,https://www.amazon.com/ref=as_li_ss_tl?_encoding=UTF8&camp=1789&creative=390957&linkCode=ur2&tag=amznipops-20&linkId=VETEOIMPO7O4WRWZ
amazonapplyonlineca.com,200,,https://www.amazon.com/ref=as_li_ss_tl?_encoding=UTF8&camp=1789&creative=390957&linkCode=ur2&tag=amznipops-20&linkId=VETEOIMPO7O4WRWZ
amazonapplyonlinetexas.com,200,,https://www.amazon.com/ref=as_li_ss_tl?_encoding=UTF8&camp=1789&creative=390957&linkCode=ur2&tag=amznipops-20&linkId=VETEOIMPO7O4WRWZ
amazonapps.com,200,,https://www.amazon.com/b?node=21430372011&ref_=mm_1_shortURL_desktop
amazonapps.fr,202,,https://www.amazon.fr/
amazonapps.info,200,,https://www.amazon.com/ref=as_li_ss_tl?_encoding=UTF8&camp=1789&creative=390957&linkCode=ur2&tag=amznipops-20&linkId=VETEOIMPO7O4WRWZ
amazonapps.it,200,,https://www.amazon.it/
amazonapps.mobi,200,,https://www.amazon.com/ref=as_li_ss_tl?_encoding=UTF8&camp=1789&creative=390957&linkCode=ur2&tag=amznipops-20&linkId=VETEOIMPO7O4WRWZ
amazonapps.net,200,,https://www.amazon.com/ref=as_li_ss_tl?_encoding=UTF8&camp=1789&creative=390957&linkCode=ur2&tag=amznipops-20&linkId=VETEOIMPO7O4WRWZ
amazonapps.org,200,,https://www.amazon.com/ref=as_li_ss_tl?_encoding=UTF8&camp=1789&creative=390957&linkCode=ur2&tag=amznipops-20&linkId=VETEOIMPO7O4WRWZ
amazonappshop.fr,202,,https://www.amazon.fr/
amazonappshop.it,200,,https://www.amazon.it/
amazonappslab.com,200,200,https://www.amazonappslab.com/hub
amazonappstore.com,200,,https://www.amazon.com:443/mobile-apps/b?node=2350149011
amazonappstore.info,200,,https://www.amazon.com/ref=as_li_ss_tl?_encoding=UTF8&camp=1789&creative=390957&linkCode=ur2&tag=amznipops-20&linkId=VETEOIMPO7O4WRWZ
amazonappstore.it,200,,https://www.amazon.it/
amazonappstore.net,200,,https://www.amazon.com/ref=as_li_ss_tl?_encoding=UTF8&camp=1789&creative=390957&linkCode=ur2&tag=amznipops-20&linkId=VETEOIMPO7O4WRWZ
amazonappstore.org,200,,https://www.amazon.com/ref=as_li_ss_tl?_encoding=UTF8&camp=1789&creative=390957&linkCode=ur2&tag=amznipops-20&linkId=VETEOIMPO7O4WRWZ
amazonappstoreapp.com,200,,https://www.amazon.com/ref=as_li_ss_tl?_encoding=UTF8&camp=1789&creative=390957&linkCode=ur2&tag=amznipops-20&linkId=VETEOIMPO7O4WRWZ
amazonappstream.fr,200,,https://aws.amazon.com/
amazonappstream.it,200,,https://www.amazon.it/
amazonappworld.com,200,,https://www.amazon.com/ref=as_li_ss_tl?_encoding=UTF8&camp=1789&creative=390957&linkCode=ur2&tag=amznipops-20&linkId=VETEOIMPO7O4WRWZ
amazonar.com,200,200,https://www.amazon.com:443/
amazonarena.info,200,,https://climatepledgearena.com/
amazonarena.net,200,,https://climatepledgearena.com/
amazonarena.org,200,,https://climatepledgearena.com/
amazonarena.us,200,,https://climatepledgearena.com/
amazonarena.xyz,200,,https://climatepledgearena.com/
amazonarredamento.it,200,,https://www.amazon.it/
amazonart.org,200,,https://www.amazon.com/ref=as_li_ss_tl?ie=UTF8&linkCode=sl2&tag=amznipops-20&linkId=ef33ef1998890bd8a89ba9c3007fa6cd
amazonartistry.com,200,,https://www.amazon.com/ref=as_li_ss_tl?_encoding=UTF8&camp=1789&creative=390957&linkCode=ur2&tag=amznipops-20&linkId=VETEOIMPO7O4WRWZ
amazonartists.com,200,,https://www.amazon.com/ref=as_li_ss_tl?_encoding=UTF8&camp=1789&creative=390957&linkCode=ur2&tag=amznipops-20&linkId=VETEOIMPO7O4WRWZ
amazonartiststore.com,200,,https://www.amazon.com/ref=as_li_ss_tl?_encoding=UTF8&camp=1789&creative=390957&linkCode=ur2&tag=amznipops-20&linkId=VETEOIMPO7O4WRWZ
amazonasks.com,200,200,https://www.amazonasks.com/hub
amazonasmarketplace.info,200,,https://www.amazon.com/ref=as_li_ss_tl?ie=UTF8&linkCode=sl2&tag=amznipops-20&linkId=ef33ef1998890bd8a89ba9c3007fa6cd
amazonasp.com,200,200,https://www.amazon.com:443/
amazonassets.com,200,,https://www.amazon.com/ref=as_li_ss_tl?_encoding=UTF8&camp=1789&creative=390957&linkCode=ur2&tag=amznipops-20&linkId=VETEOIMPO7O4WRWZ
amazonassets.net,200,,https://www.amazon.com/ref=as_li_ss_tl?_encoding=UTF8&camp=1789&creative=390957&linkCode=ur2&tag=amznipops-20&linkId=VETEOIMPO7O4WRWZ
amazonassets.org,200,,https://www.amazon.com/ref=as_li_ss_tl?_encoding=UTF8&camp=1789&creative=390957&linkCode=ur2&tag=amznipops-20&linkId=VETEOIMPO7O4WRWZ
amazonasshopping.com,200,,https://www.amazon.com/ref=as_li_ss_tl?_encoding=UTF8&camp=1789&creative=390957&linkCode=ur2&tag=amznipops-20&linkId=VETEOIMPO7O4WRWZ
amazonassist.com,200,,https://www.amazon.com:443/b?node=23967574011&ie=UTF8&docId=1000441411
amazonassist.fr,202,,https://www.amazon.fr/
amazonassist.info,200,,https://www.amazon.com/ref=as_li_ss_tl?_encoding=UTF8&camp=1789&creative=390957&linkCode=ur2&tag=amznipops-20&linkId=VETEOIMPO7O4WRWZ
amazonassist.me,200,,https://www.aboutamazon.eu/
amazonassist.mobi,200,,https://www.amazon.com/ref=as_li_ss_tl?_encoding=UTF8&camp=1789&creative=390957&linkCode=ur2&tag=amznipops-20&linkId=VETEOIMPO7O4WRWZ
amazonassist.net,200,,https://www.amazon.com/ref=as_li_ss_tl?_encoding=UTF8&camp=1789&creative=390957&linkCode=ur2&tag=amznipops-20&linkId=VETEOIMPO7O4WRWZ
amazonassist.org,200,,https://www.amazon.com/ref=as_li_ss_tl?_encoding=UTF8&camp=1789&creative=390957&linkCode=ur2&tag=amznipops-20&linkId=VETEOIMPO7O4WRWZ
amazonassistsux.com,200,,https://www.amazon.com/ref=as_li_ss_tl?_encoding=UTF8&camp=1789&creative=390957&linkCode=ur2&tag=amznipops-20&linkId=VETEOIMPO7O4WRWZ
amazonassociate.club,200,,https://www.amazon.com/ref=as_li_ss_tl?ie=UTF8&linkCode=sl2&tag=amznipops-20&linkId=07057771cdf5019fb44a6e88c747a894
amazonassociate.info,200,,https://affiliate-program.amazon.com/
amazonassociate.net,200,,https://affiliate-program.amazon.com/
amazonassociateblog.com,200,,https://affiliate-program.amazon.com/
amazonassociatedstore.info,200,,https://www.amazon.com/ref=as_li_ss_tl?ie=UTF8&linkCode=sl2&tag=amznipops-20&linkId=ef33ef1998890bd8a89ba9c3007fa6cd
amazonassociates.club,200,,https://www.amazon.com/ref=as_li_ss_tl?ie=UTF8&linkCode=sl2&tag=amznipops-20&linkId=07057771cdf5019fb44a6e88c747a894
amazonassociates.info,200,,https://affiliate-program.amazon.com/
amazonassociates.net,200,,https://affiliate-program.amazon.com/
amazonassociatestoreblog.info,200,,https://www.amazon.com/ref=as_li_ss_tl?ie=UTF8&linkCode=sl2&tag=amznipops-20&linkId=ef33ef1998890bd8a89ba9c3007fa6cd
amazonastore.info,200,,https://www.amazon.com/ref=as_li_ss_tl?ie=UTF8&linkCode=sl2&tag=amznipops-20&linkId=ef33ef1998890bd8a89ba9c3007fa6cd
amazonastro.com,200,,https://www.amazon.com/dp/B078NSDFSB
amazonasweb.com,200,200,https://aws.amazon.com/
amazonat.com,200,200,https://www.amazon.com:443/
amazonatoz.com,200,,https://www.amazon.com/ref=as_li_ss_tl?_encoding=UTF8&camp=1789&creative=390957&linkCode=ur2&tag=amznipops-20&linkId=VETEOIMPO7O4WRWZ
amazonattorneys.com,200,,https://www.amazon.com/ref=as_li_ss_tl?_encoding=UTF8&camp=1789&creative=390957&linkCode=ur2&tag=amznipops-20&linkId=VETEOIMPO7O4WRWZ
amazonaudible.asia,200,,https://www.amazon.com/ref=as_li_ss_tl?_encoding=UTF8&camp=1789&creative=390957&linkCode=ur2&tag=amznipops-20&linkId=VETEOIMPO7O4WRWZ
amazonaudible.info,200,,https://www.audible.com/
amazonaudio.it,200,,https://www.amazon.it/
amazonaudiobooks.com,200,,https://www.audible.com/
amazonaudiobooks.info,200,,https://www.amazon.com/b/ref=as_li_ss_tl?ie=UTF8&node=283155&linkCode=sl2&tag=amznipbooks-20&linkId=d2297f1243b98eb7b649753d564b15f1
amazonaudiobooks.org,200,,https://www.amazon.com/b/ref=as_li_ss_tl?ie=UTF8&node=283155&linkCode=sl2&tag=amznipbooks-20&linkId=d2297f1243b98eb7b649753d564b15f1
amazonaudiostreaming.com,200,,https://www.amazon.com/ref=as_li_ss_tl?_encoding=UTF8&camp=1789&creative=390957&linkCode=ur2&tag=amznipops-20&linkId=VETEOIMPO7O4WRWZ
amazonaurora.com,200,,https://aws.amazon.com/rds/aurora/
amazonauto.com,200,200,https://www.amazon.com:443/automotive-auto-truck-replacements-parts/b?ie=UTF8&node=15684181
amazonauto.net,200,,https://www.amazon.com/ref=as_li_ss_tl?_encoding=UTF8&camp=1789&creative=390957&linkCode=ur2&tag=amznipops-20&linkId=VETEOIMPO7O4WRWZ
amazonautoaccessories.com,200,200,https://www.amazon.com:443/automotive-auto-truck-replacements-parts/b?ie=UTF8&node=15684181
amazonautohealth.com,200,,
amazonautorip.at,202,,https://www.amazon.de/
amazonautorip.fr,202,,https://www.amazon.fr/
amazonautorip.info,200,,https://www.amazon.com/ref=as_li_ss_tl?_encoding=UTF8&camp=1789&creative=390957&linkCode=ur2&tag=amznipops-20&linkId=VETEOIMPO7O4WRWZ
amazonautorip.it,200,,https://www.amazon.it/
amazonautos.com,200,200,https://www.amazon.com:443/automotive-auto-truck-replacements-parts/b?ie=UTF8&node=15684181
amazonautostore.com,200,,https://www.amazon.com/ref=as_li_ss_tl?ie=UTF8&linkCode=sl2&tag=amznipops-20&linkId=ef33ef1998890bd8a89ba9c3007fa6cd
amazonavailabilityzones.com,200,,https://aws.amazon.com/
amazonawpayments.com,200,,https://www.amazon.com/ref=as_li_ss_tl?_encoding=UTF8&camp=1789&creative=390957&linkCode=ur2&tag=amznipops-20&linkId=VETEOIMPO7O4WRWZ
amazonaws-china.com,200,200,https://aws.amazon.com/
amazonaws.asia,200,200,https://aws.amazon.com:443/
amazonaws.at,200,,https://aws.amazon.com/
amazonaws.bid,200,,https://aws.amazon.com/ec2/spot/
amazonaws.biz,200,200,https://aws.amazon.com:443/
amazonaws.cc,200,200,https://aws.amazon.com:443/
amazonaws.click,200,,https://aws.amazon.com/
amazonaws.cloud,200,,https://aws.amazon.com/
amazonaws.club,200,,https://aws.amazon.com/
amazonaws.co.at,200,,https://aws.amazon.com/
amazonaws.co.in,200,200,https://aws.amazon.com:443/
amazonaws.com,200,200,https://aws.amazon.com:443/
amazonaws.download,200,,https://aws.amazon.com/
amazonaws.fr,200,,https://aws.amazon.com/
amazonaws.game,200,,https://aws.amazon.com/gametech/
amazonaws.health,200,,https://aws.amazon.com/health/
amazonaws.help,200,,https://aws.amazon.com/
amazonaws.in,200,200,https://aws.amazon.com:443/
amazonaws.info,200,200,https://aws.amazon.com:443/
amazonaws.it,200,,https://aws.amazon.com/
amazonaws.lat,200,,https://aws.amazon.com/
amazonaws.london,200,,https://aws.amazon.com/
amazonaws.melbourne,200,,https://aws.amazon.com/
amazonaws.miami,200,,https://aws.amazon.com/
amazonaws.nyc,200,,https://aws.amazon.com/
amazonaws.online,200,,https://www.amazon.com/
amazonaws.ooo,200,,https://aws.amazon.com/
amazonaws.org,200,,https://aws.amazon.com/
amazonaws.ovh,200,,https://aws.amazon.com/
amazonaws.paris,200,,
amazonaws.party,200,,https://aws.amazon.com/
amazonaws.ruhr,200,,https://aws.amazon.com/
amazonaws.taipei,200,,https://aws.amazon.com/
amazonaws.tv,200,,https://aws.amazon.com/media/
amazonaws.website,200,,https://aws.amazon.com/
amazonaws.wiki,200,,https://aws.amazon.com/
amazonaws.win,200,,https://aws.amazon.com/
amazonaws.xyz,200,,https://aws.amazon.com/
amazonawsapigateway.com,200,,https://aws.amazon.com/api-gateway/?nc2=h_m1
amazonawsapn.fr,200,,https://aws.amazon.com/
amazonawsapn.it,200,,https://aws.amazon.com/
amazonawsartifact.com,200,,https://aws.amazon.com/artifact/?nc2=h_m1
amazonawsaurora.com,200,,https://aws.amazon.com/rds/aurora/?nc2=h_m1
amazonawsbackup.com,200,,https://aws.amazon.com/
amazonawscloudfront.com,200,,https://aws.amazon.com/cloudfront/?nc2=h_m1
amazonawscognito.com,200,,https://aws.amazon.com/cognito/?nc2=h_m1
amazonawscorretto.com,200,,https://aws.amazon.com/corretto/
amazonawsdynamo.com,200,,https://aws.amazon.com/
amazonawsglacier.fr,200,,https://aws.amazon.com/
amazonawsglacier.it,200,,https://aws.amazon.com/
amazonawslambda.com,200,,https://aws.amazon.com/lambda/?nc2=h_m1
amazonawsmanagedblockchain.com,200,,https://aws.amazon.com/managed-blockchain/
amazonawsmarketplace.com,200,,https://www.amazon.com/ref=as_li_ss_tl?ie=UTF8&linkCode=sl2&tag=amznipops-20&linkId=ef33ef1998890bd8a89ba9c3007fa6cd
amazonawsmobilehub.com,200,,https://aws.amazon.com/products/frontend-web-mobile/
amazonawspartner.com,200,,https://aws.amazon.com/
amazonawspartnernetwork.fr,200,,https://aws.amazon.com/
amazonawspartnernetwork.it,200,,https://aws.amazon.com/
amazonawsroute53.com,200,,https://aws.amazon.com/
amazonawsroute53.info,200,,https://aws.amazon.com/
amazonawsroute53.org,200,,https://aws.amazon.com/
amazonawss.com,200,,https://aws.amazon.com/
amazonawssqs.com,200,,https://aws.amazon.com/sqs/?nc2=h_m1
amazonawsworkdocs.com,200,,https://aws.amazon.com/
amazonawsxray.com,200,,https://aws.amazon.com/cloudwatch/features/application-observability-apm/
amazonaz.com,200,200,https://www.amazon.com:443/
amazonb.com,200,,https://www.safebrowse.io/warn.html?url=http://amazonb.com/&token=d71ddb89
amazonb2b.fr,202,,https://www.amazon.fr/
amazonb2b.info,200,,https://www.amazon.com/ref=as_li_ss_tl?_encoding=UTF8&camp=1789&creative=390957&linkCode=ur2&tag=amznipops-20&linkId=VETEOIMPO7O4WRWZ
amazonb2b.it,200,,https://www.amazon.it/
amazonb2b.mobi,200,,https://www.amazon.com/ref=as_li_ss_tl?_encoding=UTF8&camp=1789&creative=390957&linkCode=ur2&tag=amznipops-20&linkId=VETEOIMPO7O4WRWZ
amazonb2b.net,200,,https://www.amazon.com/ref=as_li_ss_tl?_encoding=UTF8&camp=1789&creative=390957&linkCode=ur2&tag=amznipops-20&linkId=VETEOIMPO7O4WRWZ
amazonb2b.org,200,,https://www.amazon.com/ref=as_li_ss_tl?_encoding=UTF8&camp=1789&creative=390957&linkCode=ur2&tag=amznipops-20&linkId=VETEOIMPO7O4WRWZ
amazonbaby.it,200,,https://www.amazon.it/
amazonbabydeals.com,200,,https://www.amazon.com/gp/browse.html/ref=as_li_ss_tl?node=165796011&linkCode=sl2&tag=amznfam-20&linkId=955032c00e22313ac3c818d1a54e242a
amazonbacklot.com,200,200,https://www.amazonbacklot.com/
amazonbackstage.com,200,,https://www.amazon.com/ref=as_li_ss_tl?_encoding=UTF8&camp=1789&creative=390957&linkCode=ur2&tag=amznipops-20&linkId=VETEOIMPO7O4WRWZ
amazonbank.biz,200,,https://www.amazon.com/ref=as_li_ss_tl?_encoding=UTF8&camp=1789&creative=390957&linkCode=ur2&tag=amznipops-20&linkId=VETEOIMPO7O4WRWZ
amazonbank.info,200,,https://www.amazon.com/ref=as_li_ss_tl?_encoding=UTF8&camp=1789&creative=390957&linkCode=ur2&tag=amznipops-20&linkId=VETEOIMPO7O4WRWZ
amazonbank.net,200,,https://www.amazon.com/ref=as_li_ss_tl?_encoding=UTF8&camp=1789&creative=390957&linkCode=ur2&tag=amznipops-20&linkId=VETEOIMPO7O4WRWZ
amazonbank.org,200,,https://www.amazon.com/ref=as_li_ss_tl?_encoding=UTF8&camp=1789&creative=390957&linkCode=ur2&tag=amznipops-20&linkId=VETEOIMPO7O4WRWZ
amazonbanners.com,200,,https://www.amazon.com/ref=as_li_ss_tl?_encoding=UTF8&camp=1789&creative=390957&linkCode=ur2&tag=amznipops-20&linkId=VETEOIMPO7O4WRWZ
amazonbargains.biz,200,,https://www.amazon.com/ref=as_li_ss_tl?_encoding=UTF8&camp=1789&creative=390957&linkCode=ur2&tag=amznipops-20&linkId=VETEOIMPO7O4WRWZ
amazonbargains.info,200,,https://www.amazon.com/ref=as_li_ss_tl?_encoding=UTF8&camp=1789&creative=390957&linkCode=ur2&tag=amznipops-20&linkId=VETEOIMPO7O4WRWZ
amazonbasics.at,202,,https://www.amazon.de/
amazonbasics.biz,200,,https://www.amazon.com/ref=as_li_ss_tl?_encoding=UTF8&camp=1789&creative=390957&linkCode=ur2&tag=amznipops-20&linkId=VETEOIMPO7O4WRWZ
amazonbasics.fr,202,,https://www.amazon.fr/
amazonbasics.info,200,,https://www.amazon.com/ref=as_li_ss_tl?_encoding=UTF8&camp=1789&creative=390957&linkCode=ur2&tag=amznipops-20&linkId=VETEOIMPO7O4WRWZ
amazonbasics.it,200,,https://www.amazon.it/
amazonbasics.me,200,,https://www.aboutamazon.eu/
amazonbasics.net,200,,https://www.amazon.com/ref=as_li_ss_tl?_encoding=UTF8&camp=1789&creative=390957&linkCode=ur2&tag=amznipops-20&linkId=VETEOIMPO7O4WRWZ
amazonbasics.org,200,,https://www.amazon.com/ref=as_li_ss_tl?_encoding=UTF8&camp=1789&creative=390957&linkCode=ur2&tag=amznipops-20&linkId=VETEOIMPO7O4WRWZ
amazonbasicsconnectedmicrowave.com,200,,https://www.amazon.com/gp/product/B07894S727
amazonbasicx.com,200,,https://www.amazon.com/ref=as_li_ss_tl?_encoding=UTF8&camp=1789&creative=390957&linkCode=ur2&tag=amznipops-20&linkId=VETEOIMPO7O4WRWZ
amazonbasket.com,200,,https://www.amazon.com/ref=as_li_ss_tl?_encoding=UTF8&camp=1789&creative=390957&linkCode=ur2&tag=amznipops-20&linkId=VETEOIMPO7O4WRWZ
amazonbasocs.com,200,,https://www.amazon.com/ref=as_li_ss_tl?_encoding=UTF8&camp=1789&creative=390957&linkCode=ur2&tag=amznipops-20&linkId=VETEOIMPO7O4WRWZ
amazonbboks.com,200,,https://www.amazon.com/ref=as_li_ss_tl?_encoding=UTF8&camp=1789&creative=390957&linkCode=ur2&tag=amznipops-20&linkId=VETEOIMPO7O4WRWZ
amazonbeauty.fr,202,,https://www.amazon.fr/
amazonbeauty.it,200,,https://www.amazon.it/
amazonbeauty.net,200,200,https://www.amazon.com:443/beauty-makeup-fragrance-skin-care/b?ie=UTF8&node=3760911
amazonbeauty.org,200,200,https://www.amazon.com:443/beauty-makeup-fragrance-skin-care/b?ie=UTF8&node=3760911
amazonbeautyco.com,200,,https://www.amazon.com/ref=as_li_ss_tl?_encoding=UTF8&camp=1789&creative=390957&linkCode=ur2&tag=amznipops-20&linkId=VETEOIMPO7O4WRWZ
amazonbebes.fr,202,,https://www.amazon.fr/
amazonbedding.com,200,200,https://www.amazon.com:443/bed-bath-bedding-bathroom-accessories/b?ie=UTF8&node=1057792
amazonbedtime.com,200,,https://www.amazon.com/ref=as_li_ss_tl?_encoding=UTF8&camp=1789&creative=390957&linkCode=ur2&tag=amznipops-20&linkId=VETEOIMPO7O4WRWZ
amazonbeleza.com,200,,https://www.amazon.com/ref=as_li_ss_tl?_encoding=UTF8&camp=1789&creative=390957&linkCode=ur2&tag=amznipops-20&linkId=VETEOIMPO7O4WRWZ
amazonbelleza.com,200,,https://www.amazon.com/ref=as_li_ss_tl?_encoding=UTF8&camp=1789&creative=390957&linkCode=ur2&tag=amznipops-20&linkId=VETEOIMPO7O4WRWZ
amazonbenefits.com,200,,https://www.amazon.com/ref=as_li_ss_tl?_encoding=UTF8&camp=1789&creative=390957&linkCode=ur2&tag=amznipops-20&linkId=VETEOIMPO7O4WRWZ
amazonbestdeal.com,200,,https://www.amazon.com/ref=as_li_ss_tl?_encoding=UTF8&camp=1789&creative=390957&linkCode=ur2&tag=amznipops-20&linkId=VETEOIMPO7O4WRWZ
amazonbestdeal.org,200,,https://www.amazon.com/ref=as_li_ss_tl?ie=UTF8&linkCode=sl2&tag=amznipops-20&linkId=ef33ef1998890bd8a89ba9c3007fa6cd
amazonbestprice.com,200,,https://www.amazon.com/ref=as_li_ss_tl?_encoding=UTF8&camp=1789&creative=390957&linkCode=ur2&tag=amznipops-20&linkId=VETEOIMPO7O4WRWZ
amazonbestproduct.net,200,,https://www.amazon.com/ref=as_li_ss_tl?ie=UTF8&linkCode=sl2&tag=amznipops-20&linkId=ef33ef1998890bd8a89ba9c3007fa6cd
amazonbestreviews.info,200,,https://www.amazon.com/ref=as_li_ss_tl?_encoding=UTF8&camp=1789&creative=390957&linkCode=ur2&tag=amznipops-20&linkId=VETEOIMPO7O4WRWZ
amazonbestseller.com,200,,https://www.amazon.com/ref=as_li_ss_tl?_encoding=UTF8&camp=1789&creative=390957&linkCode=ur2&tag=amznipops-20&linkId=VETEOIMPO7O4WRWZ
amazonbestseller.info,200,,https://www.amazon.com/ref=as_li_ss_tl?ie=UTF8&linkCode=sl2&tag=amznipops-20&linkId=ef33ef1998890bd8a89ba9c3007fa6cd
amazonbestseller.net,200,,https://www.amazon.com/ref=as_li_ss_tl?_encoding=UTF8&camp=1789&creative=390957&linkCode=ur2&tag=amznipops-20&linkId=VETEOIMPO7O4WRWZ
amazonbestsellerlist.org,200,,https://www.amazon.com/ref=as_li_ss_tl?_encoding=UTF8&camp=1789&creative=390957&linkCode=ur2&tag=amznipops-20&linkId=VETEOIMPO7O4WRWZ
amazonbestsellers.com,200,200,https://www.amazon.com:443/bestsellers
amazonbestsellers.net,200,,https://www.amazon.com/ref=as_li_ss_tl?_encoding=UTF8&camp=1789&creative=390957&linkCode=ur2&tag=amznipops-20&linkId=VETEOIMPO7O4WRWZ
amazonbestselling.com,200,,https://www.amazon.com/ref=as_li_ss_tl?_encoding=UTF8&camp=1789&creative=390957&linkCode=ur2&tag=amznipops-20&linkId=VETEOIMPO7O4WRWZ
amazonbestsellingbook.com,200,,https://www.amazon.com/b/ref=as_li_ss_tl?ie=UTF8&node=283155&linkCode=sl2&tag=amznipbooks-20&linkId=d2297f1243b98eb7b649753d564b15f1
amazonbet.com,200,,https://www.amazon.com/ref=as_li_ss_tl?_encoding=UTF8&camp=1789&creative=390957&linkCode=ur2&tag=amznipops-20&linkId=VETEOIMPO7O4WRWZ
amazonbeyondhd.com,200,,https://www.amazon.com/ref=as_li_ss_tl?_encoding=UTF8&camp=1789&creative=390957&linkCode=ur2&tag=amznipops-20&linkId=VETEOIMPO7O4WRWZ
amazonbibles.com,200,,https://www.amazon.com/ref=as_li_ss_tl?ie=UTF8&linkCode=sl2&tag=amznipops-20&linkId=07057771cdf5019fb44a6e88c747a894
amazonbid.com,200,,https://www.amazon.com/ref=as_li_ss_tl?ie=UTF8&linkCode=sl2&tag=amznipops-20&linkId=07057771cdf5019fb44a6e88c747a894
amazonbijoux.fr,202,,https://www.amazon.fr/
amazonbikinis.com,200,,https://www.amazon.com/ref=as_li_ss_tl?_encoding=UTF8&camp=1789&creative=390957&linkCode=ur2&tag=amznipops-20&linkId=VETEOIMPO7O4WRWZ
amazonbillingmode.com,200,,https://aws.amazon.com/pricing/
amazonbiography.com,200,,https://www.amazon.com/ref=as_li_ss_tl?_encoding=UTF8&camp=1789&creative=390957&linkCode=ur2&tag=amznipops-20&linkId=VETEOIMPO7O4WRWZ
amazonbirthdaycard.com,200,,https://www.amazon.com/ref=as_li_ss_tl?_encoding=UTF8&camp=1789&creative=390957&linkCode=ur2&tag=amznipops-20&linkId=VETEOIMPO7O4WRWZ
amazonbirthdaycards.com,200,,https://www.amazon.com/ref=as_li_ss_tl?_encoding=UTF8&camp=1789&creative=390957&linkCode=ur2&tag=amznipops-20&linkId=VETEOIMPO7O4WRWZ
amazonbirthdaygift.com,200,,https://www.amazon.com/ref=as_li_ss_tl?_encoding=UTF8&camp=1789&creative=390957&linkCode=ur2&tag=amznipops-20&linkId=VETEOIMPO7O4WRWZ
amazonbirthdays.com,200,,https://www.amazon.com/ref=as_li_ss_tl?_encoding=UTF8&camp=1789&creative=390957&linkCode=ur2&tag=amznipops-20&linkId=VETEOIMPO7O4WRWZ
amazonbirthdaywish.com,200,,https://www.amazon.com/ref=as_li_ss_tl?_encoding=UTF8&camp=1789&creative=390957&linkCode=ur2&tag=amznipops-20&linkId=VETEOIMPO7O4WRWZ
amazonbitcoin.com,200,,https://www.amazon.com/ref=as_li_ss_tl?_encoding=UTF8&camp=1789&creative=390957&linkCode=ur2&tag=amznipops-20&linkId=VETEOIMPO7O4WRWZ
amazonblackfriday.com,200,200,https://www.amazon.com:443/Black-Friday-After-Thanksgiving-Sale/b?ie=UTF8&node=384082011
amazonblackfriday.info,200,,https://www.amazon.com/ref=as_li_ss_tl?_encoding=UTF8&camp=1789&creative=390957&linkCode=ur2&tag=amznipops-20&linkId=VETEOIMPO7O4WRWZ
amazonblackfriday.org,200,,https://www.amazon.com/ref=as_li_ss_tl?_encoding=UTF8&camp=1789&creative=390957&linkCode=ur2&tag=amznipops-20&linkId=VETEOIMPO7O4WRWZ
amazonblackfridays.info,200,,https://www.amazon.com/ref=as_li_ss_tl?_encoding=UTF8&camp=1789&creative=390957&linkCode=ur2&tag=amznipops-20&linkId=VETEOIMPO7O4WRWZ
amazonblinds.com,200,,https://www.amazon.com/ref=as_li_ss_tl?_encoding=UTF8&camp=1789&creative=390957&linkCode=ur2&tag=amznipops-20&linkId=VETEOIMPO7O4WRWZ
amazonblog.com,200,200,https://www.aboutamazon.com:443/
amazonblog.it,200,,https://www.amazon.it/
amazonblog.net,200,200,https://www.aboutamazon.com:443/
amazonblog.org,200,,https://www.amazon.com/ref=as_li_ss_tl?ie=UTF8&linkCode=sl2&tag=amznipops-20&linkId=07057771cdf5019fb44a6e88c747a894
amazonblogs.com,200,200,https://www.aboutamazon.com:443/
amazonblogs.info,200,,https://www.amazon.com/ref=as_li_ss_tl?ie=UTF8&linkCode=sl2&tag=amznipops-20&linkId=07057771cdf5019fb44a6e88c747a894
amazonblogs.net,200,,https://www.amazon.com/ref=as_li_ss_tl?ie=UTF8&linkCode=sl2&tag=amznipops-20&linkId=07057771cdf5019fb44a6e88c747a894
amazonblogs.org,200,,https://www.amazon.com/ref=as_li_ss_tl?ie=UTF8&linkCode=sl2&tag=amznipops-20&linkId=07057771cdf5019fb44a6e88c747a894
amazonbodycare.com,200,,https://www.amazon.com/ref=as_li_ss_tl?_encoding=UTF8&camp=1789&creative=390957&linkCode=ur2&tag=amznipops-20&linkId=VETEOIMPO7O4WRWZ
amazonbolivia.com,200,,https://www.amazon.com/ref=as_li_ss_tl?_encoding=UTF8&camp=1789&creative=390957&linkCode=ur2&tag=amznipops-20&linkId=VETEOIMPO7O4WRWZ
amazonbonds.com,200,,https://www.amazon.com/ref=as_li_ss_tl?_encoding=UTF8&camp=1789&creative=390957&linkCode=ur2&tag=amznipops-20&linkId=VETEOIMPO7O4WRWZ
amazonbook.club,200,,https://www.amazon.com/b/ref=as_li_ss_tl?ie=UTF8&node=283155&linkCode=sl2&tag=amznipbooks-20&linkId=d2297f1243b98eb7b649753d564b15f1
amazonbook.in,200,,https://www.amazon.com/b/ref=as_li_ss_tl?ie=UTF8&node=283155&linkCode=sl2&tag=amznipbooks-20&linkId=d2297f1243b98eb7b649753d564b15f1
amazonbook.info,200,200,https://www.amazon.com:443/books-used-books-textbooks/b?ie=UTF8&node=283155
amazonbook.it,200,,https://www.amazon.it/
amazonbook.net,200,200,https://www.amazon.com:443/books-used-books-textbooks/b?ie=UTF8&node=283155
amazonbook.org,200,,https://www.amazon.com/b/ref=as_li_ss_tl?ie=UTF8&node=283155&linkCode=sl2&tag=amznipbooks-20&linkId=d2297f1243b98eb7b649753d564b15f1
amazonbooklaunch.com,200,,https://www.amazon.com/b/ref=as_li_ss_tl?ie=UTF8&node=283155&linkCode=sl2&tag=amznipbooks-20&linkId=66ce079b14e8f6c260421ffbd6d17dbe
amazonbookmarketers.com,200,,https://www.amazon.com/b/ref=as_li_ss_tl?ie=UTF8&node=283155&linkCode=sl2&tag=amznipbooks-20&linkId=d2297f1243b98eb7b649753d564b15f1
amazonbookpublishing.com,200,200,https://www.amazon.com:443/books-used-books-textbooks/b?ie=UTF8&node=283155
amazonbooks.art,200,,https://www.amazon.com/b/ref=usbk_surl_books/?node=283155
amazonbooks.at,202,,https://www.amazon.de/
amazonbooks.club,200,,https://www.amazon.com/b/ref=as_li_ss_tl?ie=UTF8&node=283155&linkCode=sl2&tag=amznipbooks-20&linkId=d2297f1243b98eb7b649753d564b15f1
amazonbooks.com.ru,200,,https://www.aboutamazon.eu/
amazonbooks.fr,202,,https://www.amazon.fr/
amazonbooks.info,200,,https://www.amazon.com/b/ref=as_li_ss_tl?ie=UTF8&node=283155&linkCode=sl2&tag=amznipbooks-20&linkId=d2297f1243b98eb7b649753d564b15f1
amazonbooks.it,200,,https://www.amazon.it/
amazonbooks.net,200,200,https://www.amazon.com:443/books-used-books-textbooks/b?ie=UTF8&node=283155
amazonbooks.org,200,200,https://www.amazon.com:443/books-used-books-textbooks/b?ie=UTF8&node=283155
amazonbooksdeals.com,200,,https://www.amazon.com/b/ref=as_li_ss_tl?ie=UTF8&node=283155&linkCode=sl2&tag=amznipbooks-20&linkId=d2297f1243b98eb7b649753d564b15f1
amazonbookshop.net,200,,https://www.amazon.com/b/ref=as_li_ss_tl?ie=UTF8&node=283155&linkCode=sl2&tag=amznipbooks-20&linkId=d2297f1243b98eb7b649753d564b15f1
amazonbooksseller.com,200,,https://www.amazon.com/b/ref=as_li_ss_tl?ie=UTF8&node=283155&linkCode=sl2&tag=amznipbooks-20&linkId=d2297f1243b98eb7b649753d564b15f1
amazonbooksstore.com,200,,https://www.amazon.com/b/ref=as_li_ss_tl?ie=UTF8&node=283155&linkCode=sl2&tag=amznipbooks-20&linkId=d2297f1243b98eb7b649753d564b15f1
amazonbooksstudio.com,200,,
amazonbookstore.com,200,200,https://www.amazon.com:443/books-used-books-textbooks/b?ie=UTF8&node=283155
amazonbookstore.fr,202,,https://www.amazon.fr/amz-books/store?node=301061&ref_=apb_psf
amazonbookstore.info,200,,https://www.amazon.com/b/ref=as_li_ss_tl?ie=UTF8&node=283155&linkCode=sl2&tag=amznipbooks-20&linkId=d2297f1243b98eb7b649753d564b15f1
amazonbookstore.it,200,,https://www.amazon.it/amz-books/store?node=411663031&ref_=apb_psf&ie=UTF8&ref_=sd_allcat_itlv
amazonbookstore.net,200,200,https://www.amazon.com:443/books-used-books-textbooks/b?ie=UTF8&node=283155
amazonbookstores.info,200,,https://www.amazon.com/b/ref=as_li_ss_tl?ie=UTF8&node=283155&linkCode=sl2&tag=amznipbooks-20&linkId=d2297f1243b98eb7b649753d564b15f1
amazonbookvendor.com,200,,https://www.amazon.com/b/ref=as_li_ss_tl?ie=UTF8&node=283155&linkCode=sl2&tag=amznipbooks-20&linkId=d2297f1243b98eb7b649753d564b15f1
amazonbools.com,200,,https://www.amazon.com/ref=as_li_ss_tl?_encoding=UTF8&camp=1789&creative=390957&linkCode=ur2&tag=amznipops-20&linkId=VETEOIMPO7O4WRWZ
amazonborse.it,200,,https://www.amazon.it/
amazonboss.com,200,,https://www.amazon.com/ref=as_li_ss_tl?_encoding=UTF8&camp=1789&creative=390957&linkCode=ur2&tag=amznipops-20&linkId=VETEOIMPO7O4WRWZ
amazonbowling.com,200,200,https://www.amazon.com:443/sporting-goods-apparel-cycling-exercise/b?ie=UTF8&node=3375251
amazonbox.com,200,,https://www.amazon.com/ref=as_li_ss_tl?_encoding=UTF8&camp=1789&creative=390957&linkCode=ur2&tag=amznipops-20&linkId=VETEOIMPO7O4WRWZ
amazonboxes.com,200,,https://www.amazon.com/ref=as_li_ss_tl?_encoding=UTF8&camp=1789&creative=390957&linkCode=ur2&tag=amznipops-20&linkId=VETEOIMPO7O4WRWZ
amazonbr.com,200,200,https://www.amazon.com:443/
amazonbrain.com,200,,https://www.amazon.com/ref=as_li_ss_tl?_encoding=UTF8&camp=1789&creative=390957&linkCode=ur2&tag=amznipops-20&linkId=VETEOIMPO7O4WRWZ
amazonbraket.com,200,,https://aws.amazon.com/blogs/aws/amazon-braket-get-started-with-quantum-computing/
amazonbrandregistry.at,200,,https://sell.amazon.com/brand-registry
amazonbrandregistry.co.in,200,,https://sell.amazon.com/brand-registry
amazonbrandregistry.com,200,,https://sell.amazon.com/brand-registry
amazonbrandregistry.fr,200,,https://sell.amazon.com/brand-registry
amazonbrandregistry.info,200,,https://sell.amazon.com/brand-registry
amazonbrandregistry.it,200,,https://sell.amazon.com/brand-registry
amazonbrandregistry.net,200,,https://sell.amazon.com/brand-registry
amazonbrandregistry.org,200,,https://sell.amazon.com/brand-registry
amazonbrazil.info,200,,https://www.amazon.com/ref=as_li_ss_tl?_encoding=UTF8&camp=1789&creative=390957&linkCode=ur2&tag=amznipops-20&linkId=VETEOIMPO7O4WRWZ
amazonbridalregistry.com,200,,https://www.amazon.com/ref=as_li_ss_tl?ie=UTF8&linkCode=sl2&tag=amznipops-20&linkId=07057771cdf5019fb44a6e88c747a894
amazonbro.com,200,,https://www.amazon.com/ref=as_li_ss_tl?_encoding=UTF8&camp=1789&creative=390957&linkCode=ur2&tag=amznipops-20&linkId=VETEOIMPO7O4WRWZ
amazonbroadband.com,200,,https://leo.amazon.com/
amazonbs.com,200,200,https://www.amazon.com:443/
amazonbucks.com,200,,https://www.amazon.com/ref=as_li_ss_tl?_encoding=UTF8&camp=1789&creative=390957&linkCode=ur2&tag=amznipops-20&linkId=VETEOIMPO7O4WRWZ
amazonbuilder.com,200,,https://www.amazon.com/ref=as_li_ss_tl?_encoding=UTF8&camp=1789&creative=390957&linkCode=ur2&tag=amznipops-20&linkId=VETEOIMPO7O4WRWZ
amazonbuku.com,200,,https://www.amazon.com/ref=as_li_ss_tl?_encoding=UTF8&camp=1789&creative=390957&linkCode=ur2&tag=amznipops-20&linkId=VETEOIMPO7O4WRWZ
amazonbusiness-seller.com,200,,https://www.amazon.com/b/ref=as_li_ss_tl?ie=UTF8&node=11261610011&linkCode=sl2&tag=amznipops-20&linkId=43724dd0257e27bab6063b53b0f615af
amazonbusiness.com,200,200,https://business.amazon.com:443/?layout=landing
amazonbusiness.in,200,200,https://www.amazon.in:443/b?node=21102587031&ref=abingw
amazonbusiness.info,200,,https://www.amazon.com/b/ref=as_li_ss_tl?ie=UTF8&node=11261610011&linkCode=sl2&tag=amznipops-20&linkId=43724dd0257e27bab6063b53b0f615af
amazonbusiness.org,200,,https://www.amazon.com/b/ref=as_li_ss_tl?ie=UTF8&node=11261610011&linkCode=sl2&tag=amznipops-20&linkId=43724dd0257e27bab6063b53b0f615af
amazonbusinessblog.com,200,200,https://business.amazon.com/en/blog
amazonbusinessseller.com,200,,https://www.amazon.com/ref=as_li_ss_tl?_encoding=UTF8&camp=1789&creative=390957&linkCode=ur2&tag=amznipops-20&linkId=VETEOIMPO7O4WRWZ
amazonbuy.info,200,,https://www.amazon.com/ref=as_li_ss_tl?ie=UTF8&linkCode=sl2&tag=amznipops-20&linkId=ef33ef1998890bd8a89ba9c3007fa6cd
amazonbuyback.com,200,,https://www.amazon.com/ref=as_li_ss_tl?_encoding=UTF8&camp=1789&creative=390957&linkCode=ur2&tag=amznipops-20&linkId=VETEOIMPO7O4WRWZ
amazonbuying.com,200,,https://www.amazon.com/ref=as_li_ss_tl?_encoding=UTF8&camp=1789&creative=390957&linkCode=ur2&tag=amznipops-20&linkId=VETEOIMPO7O4WRWZ
amazonbuyreview.com,200,,https://www.amazon.com/ref=as_li_ss_tl?ie=UTF8&linkCode=sl2&tag=amznipops-20&linkId=ef33ef1998890bd8a89ba9c3007fa6cd
amazonbuys.com,200,,https://www.amazon.com/ref=as_li_ss_tl?_encoding=UTF8&camp=1789&creative=390957&linkCode=ur2&tag=amznipops-20&linkId=VETEOIMPO7O4WRWZ
amazonbuyvip.com,200,200,https://www.amazon.com:443/
amazonc.com,200,200,https://www.amazon.com:443/
amazonca.info,200,,https://www.amazon.com/ref=as_li_ss_tl?ie=UTF8&linkCode=sl2&tag=amznipops-20&linkId=07057771cdf5019fb44a6e88c747a894
amazoncalculator.com,200,,https://www.amazon.com/ref=as_li_ss_tl?ie=UTF8&linkCode=sl2&tag=amznipops-20&linkId=07057771cdf5019fb44a6e88c747a894
amazoncalendars.com,200,,https://www.amazon.com/ref=as_li_ss_tl?_encoding=UTF8&camp=1789&creative=390957&linkCode=ur2&tag=amznipops-20&linkId=VETEOIMPO7O4WRWZ
amazoncamera.com,200,200,https://www.amazon.com:443/b?ie=UTF8&node=502394
amazoncamera.info,200,200,https://www.amazon.com:443/b?ie=UTF8&node=502394
amazoncamera.net,200,,https://www.amazon.com/ref=as_li_ss_tl?_encoding=UTF8&camp=1789&creative=390957&linkCode=ur2&tag=amznipops-20&linkId=VETEOIMPO7O4WRWZ
amazoncamp.com,200,200,https://www.amazon.com:443/sporting-goods-apparel-cycling-exercise/b?ie=UTF8&node=3375251
amazoncamperforce.com,200,,https://www.amazon.com/ref=as_li_ss_tl?_encoding=UTF8&camp=1789&creative=390957&linkCode=ur2&tag=amznipops-20&linkId=VETEOIMPO7O4WRWZ
amazoncamperforce.net,200,,https://www.amazon.com/ref=as_li_ss_tl?ie=UTF8&linkCode=sl2&tag=amznipops-20&linkId=ef33ef1998890bd8a89ba9c3007fa6cd
amazoncanada.com,200,,https://www.amazon.com/ref=as_li_ss_tl?ie=UTF8&linkCode=sl2&tag=amznipops-20&linkId=ef33ef1998890bd8a89ba9c3007fa6cd
amazoncandles.com,200,,https://www.amazon.com/ref=as_li_ss_tl?_encoding=UTF8&camp=1789&creative=390957&linkCode=ur2&tag=amznipops-20&linkId=VETEOIMPO7O4WRWZ
amazoncanoe.com,200,,https://www.amazon.com/ref=as_li_ss_tl?_encoding=UTF8&camp=1789&creative=390957&linkCode=ur2&tag=amznipops-20&linkId=VETEOIMPO7O4WRWZ
amazoncapital.com,200,200,https://sellercentral.amazon.com:443/
amazoncapital.fr,202,,https://www.amazon.fr/
amazoncapital.it,200,,https://www.amazon.it/
amazoncapital.net,200,,https://www.amazon.com/ref=as_li_ss_tl?_encoding=UTF8&camp=1789&creative=390957&linkCode=ur2&tag=amznipops-20&linkId=VETEOIMPO7O4WRWZ
amazoncapitalservices.com,200,200,https://sellercentral.amazon.com:443/
amazoncapitalservices.fr,202,,https://www.amazon.fr/
amazoncapitalservices.it,200,,https://www.amazon.it/
amazoncar.com,200,200,https://www.amazon.com:443/automotive-auto-truck-replacements-parts/b?ie=UTF8&node=15684181
amazoncard.info,200,,https://www.amazon.com/ref=as_li_ss_tl?_encoding=UTF8&camp=1789&creative=390957&linkCode=ur2&tag=amznipops-20&linkId=VETEOIMPO7O4WRWZ
amazoncard.org,200,200,https://www.amazon.com:443/gp/cobrandcard/marketing.html/?ref=cobrand_ch_c1_tr/source=st&type=P
amazoncardreader.com,200,,https://www.amazon.com/ref=as_li_ss_tl?_encoding=UTF8&camp=1789&creative=390957&linkCode=ur2&tag=amznipops-20&linkId=VETEOIMPO7O4WRWZ
amazoncardreader.fr,202,,https://www.amazon.fr/
amazoncardreader.it,200,,https://www.amazon.it/
amazoncardreader.net,200,,https://www.amazon.com/ref=as_li_ss_tl?_encoding=UTF8&camp=1789&creative=390957&linkCode=ur2&tag=amznipops-20&linkId=VETEOIMPO7O4WRWZ
amazoncareai.com,200,,
amazoncareer.fr,202,,https://www.amazon.fr/
amazoncareer.it,200,,https://www.amazon.it/
amazoncareers.fr,202,,https://www.amazon.fr/
amazoncareers.it,200,,https://www.amazon.it/
amazoncarparts.com,200,200,https://www.amazon.com:443/automotive-auto-truck-replacements-parts/b?ie=UTF8&node=15684181
amazoncars.com,200,200,https://www.amazon.com:443/automotive-auto-truck-replacements-parts/b?ie=UTF8&node=15684181
amazoncart.com,200,,https://www.amazon.com/ref=as_li_ss_tl?_encoding=UTF8&camp=1789&creative=390957&linkCode=ur2&tag=amznipops-20&linkId=VETEOIMPO7O4WRWZ
amazoncase.fr,202,,https://www.amazon.fr/
amazoncase.info,200,,https://www.amazon.com/ref=as_li_ss_tl?ie=UTF8&linkCode=sl2&tag=amznipops-20&linkId=07057771cdf5019fb44a6e88c747a894
amazoncasetracker.com,,200,https://act.auth.us-west-2.amazoncognito.com/login?client_id=9pideofo5ssnih70v98ai7ngo&redirect_uri=https%3A%2F%2Famazoncasetracker.com%2Foauth2%2Fidpresponse&response_type=code&scope=openid&state=53a2c3svhwp3a4dLXKKlLX7oLN3b9WNxRqb6CBZmKDPmafk2Of8rcNAAbEIzfLA6WPvN6Fxr8XbO9tbxFNWNKUcl64WZh%2Fbx50QkPHTpVrkc%2B%2BkfY8ynlkTD%2FnNYn%2BG60STul%2BWYWK3EuYXWK0g0Kx1TB3Mu0FvgHGCzRyB2fPAY3I4e9FQFYief0eVch2wGEBO6%2BIEDz8%2FJ5zrrUGHhwvsO6VFPGO3lXJtQ44BlmLyRvjJvs0ib0g%3D%3D
amazoncash.net,200,,https://www.amazon.com/ref=as_li_ss_tl?_encoding=UTF8&camp=1789&creative=390957&linkCode=ur2&tag=amznipops-20&linkId=VETEOIMPO7O4WRWZ
amazoncashback.com,200,,https://www.amazon.com/ref=as_li_ss_tl?_encoding=UTF8&camp=1789&creative=390957&linkCode=ur2&tag=amznipops-20&linkId=VETEOIMPO7O4WRWZ
amazoncauses.com,200,,https://www.amazon.com/ref=as_li_ss_tl?_encoding=UTF8&camp=1789&creative=390957&linkCode=ur2&tag=amznipops-20&linkId=VETEOIMPO7O4WRWZ
amazoncentral.info,200,,https://www.amazon.com/ref=as_li_ss_tl?_encoding=UTF8&camp=1789&creative=390957&linkCode=ur2&tag=amznipops-20&linkId=VETEOIMPO7O4WRWZ
amazoncentric.com,200,,https://www.amazon.com/ref=as_li_ss_tl?ie=UTF8&linkCode=sl2&tag=amznipops-20&linkId=07057771cdf5019fb44a6e88c747a894
amazoncharity.org,200,,https://www.amazon.com/ref=as_li_ss_tl?ie=UTF8&linkCode=sl2&tag=amznipops-20&linkId=ef33ef1998890bd8a89ba9c3007fa6cd
amazoncheckout.info,200,,https://www.amazon.com/ref=as_li_ss_tl?_encoding=UTF8&camp=1789&creative=390957&linkCode=ur2&tag=amznipops-20&linkId=VETEOIMPO7O4WRWZ
amazonchildrensauthors.com,200,,https://www.amazon.com/ref=as_li_ss_tl?_encoding=UTF8&camp=1789&creative=390957&linkCode=ur2&tag=amznipops-20&linkId=VETEOIMPO7O4WRWZ
amazonchina-z.com,200,,https://www.amazon.com/ref=as_li_ss_tl?_encoding=UTF8&camp=1789&creative=390957&linkCode=ur2&tag=amznipops-20&linkId=VETEOIMPO7O4WRWZ
amazonchoice.com,200,,https://www.amazon.com/ref=as_li_ss_tl?_encoding=UTF8&camp=1789&creative=390957&linkCode=ur2&tag=amznipops-20&linkId=VETEOIMPO7O4WRWZ
amazonchoice.fr,202,,https://www.amazon.fr/
amazonchoice.it,200,,https://www.amazon.it/
amazonchoices.com,200,,https://www.amazon.com/ref=as_li_ss_tl?_encoding=UTF8&camp=1789&creative=390957&linkCode=ur2&tag=amznipops-20&linkId=VETEOIMPO7O4WRWZ
amazonchristian.com,200,,https://www.amazon.com/ref=as_li_ss_tl?_encoding=UTF8&camp=1789&creative=390957&linkCode=ur2&tag=amznipops-20&linkId=VETEOIMPO7O4WRWZ
amazonchristianmusic.com,200,,https://www.amazon.com/ref=as_li_ss_tl?_encoding=UTF8&camp=1789&creative=390957&linkCode=ur2&tag=amznipops-20&linkId=VETEOIMPO7O4WRWZ
amazonchristmaslist.com,200,,https://www.amazon.com/ref=as_li_ss_tl?_encoding=UTF8&camp=1789&creative=390957&linkCode=ur2&tag=amznipops-20&linkId=VETEOIMPO7O4WRWZ
amazoncinema.com,200,,https://www.amazon.com/ref=as_li_ss_tl?_encoding=UTF8&camp=1789&creative=390957&linkCode=ur2&tag=amznipops-20&linkId=VETEOIMPO7O4WRWZ
amazonclass.com,200,,https://www.amazon.com/ref=as_li_ss_tl?_encoding=UTF8&camp=1789&creative=390957&linkCode=ur2&tag=amznipops-20&linkId=VETEOIMPO7O4WRWZ
amazonclassics.at,202,,https://www.amazon.de/
amazonclassics.com,200,200,https://www.amazon.com:443/books-used-books-textbooks/b?ie=UTF8&node=283155
amazonclassics.fr,202,,https://www.amazon.fr/
amazonclassics.it,200,,https://www.amazon.it/
amazonclearance.com,200,,https://www.amazon.com/ref=as_li_ss_tl?ie=UTF8&linkCode=sl2&tag=amznipops-20&linkId=ef33ef1998890bd8a89ba9c3007fa6cd
amazonclearance.info,200,,https://www.amazon.com/ref=as_li_ss_tl?_encoding=UTF8&camp=1789&creative=390957&linkCode=ur2&tag=amznipops-20&linkId=VETEOIMPO7O4WRWZ
amazonclearbox.at,202,,https://www.amazon.de/
amazonclearbox.it,200,,https://www.amazon.it/
amazonclimatepledge.com,200,,https://sustainability.aboutamazon.com/climate-solutions
amazonclimatepledge.info,200,,https://sustainability.aboutamazon.com/climate-solutions
amazonclimatepledge.net,200,,https://sustainability.aboutamazon.com/climate-solutions
amazonclimatepledge.org,200,,https://sustainability.aboutamazon.com/climate-solutions
amazonclimatepledge.xyz,200,,https://sustainability.aboutamazon.com/climate-solutions
amazonclothingstore.com,200,,https://www.amazon.com/ref=as_li_ss_tl?ie=UTF8&linkCode=sl2&tag=amznipops-20&linkId=07057771cdf5019fb44a6e88c747a894
amazoncloud.at,202,,https://www.amazon.de/
amazoncloud.com,200,200,https://aws.amazon.com/
amazoncloud.cz,200,,https://aws.amazon.com/
amazoncloud.info,200,,https://www.amazon.com/ref=as_li_ss_tl?ie=UTF8&linkCode=sl2&tag=amznipops-20&linkId=ef33ef1998890bd8a89ba9c3007fa6cd
amazoncloud.it,200,,https://aws.amazon.com/
amazoncloud.mobi,200,,https://aws.amazon.com/
amazoncloud.net,200,,https://www.amazon.com/ref=as_li_ss_tl?_encoding=UTF8&camp=1789&creative=390957&linkCode=ur2&tag=amznipops-20&linkId=VETEOIMPO7O4WRWZ
amazoncloud.org,200,,https://www.amazon.com/ref=as_li_ss_tl?_encoding=UTF8&camp=1789&creative=390957&linkCode=ur2&tag=amznipops-20&linkId=VETEOIMPO7O4WRWZ
amazoncloudcam.com,200,,https://www.amazon.com/gp/product/B01C4UY0JK
amazoncloudcomputingplatform.com,200,,https://www.amazon.com/ref=as_li_ss_tl?_encoding=UTF8&camp=1789&creative=390957&linkCode=ur2&tag=amznipops-20&linkId=VETEOIMPO7O4WRWZ
amazoncloudflick.com,200,,https://www.amazon.com/ref=as_li_ss_tl?_encoding=UTF8&camp=1789&creative=390957&linkCode=ur2&tag=amznipops-20&linkId=VETEOIMPO7O4WRWZ
amazoncloudfolder.com,200,,https://www.amazon.com/ref=as_li_ss_tl?_encoding=UTF8&camp=1789&creative=390957&linkCode=ur2&tag=amznipops-20&linkId=VETEOIMPO7O4WRWZ
amazoncloudfront.at,200,,https://aws.amazon.com/
amazoncloudfront.fr,200,,https://aws.amazon.com/
amazoncloudfront.it,200,,https://aws.amazon.com/
amazoncloudfront.ru,200,,https://aws.amazon.com/
amazoncloudgallery.com,200,,https://www.amazon.com/ref=as_li_ss_tl?_encoding=UTF8&camp=1789&creative=390957&linkCode=ur2&tag=amznipops-20&linkId=VETEOIMPO7O4WRWZ
amazoncloudplay.com,200,,https://www.amazon.com/ref=as_li_ss_tl?_encoding=UTF8&camp=1789&creative=390957&linkCode=ur2&tag=amznipops-20&linkId=VETEOIMPO7O4WRWZ
amazoncloudreader.at,202,,https://www.amazon.de/
amazoncloudreader.com,200,,https://www.amazon.com/ref=as_li_ss_tl?_encoding=UTF8&camp=1789&creative=390957&linkCode=ur2&tag=amznipops-20&linkId=VETEOIMPO7O4WRWZ
amazoncloudreader.fr,202,,https://www.amazon.fr/
amazoncloudreader.info,200,,https://www.amazon.com/ref=as_li_ss_tl?_encoding=UTF8&camp=1789&creative=390957&linkCode=ur2&tag=amznipops-20&linkId=VETEOIMPO7O4WRWZ
amazoncloudreader.it,200,,https://www.amazon.it/
amazoncloudreader.me,200,,https://www.aboutamazon.eu/
amazoncloudreader.net,200,,https://www.amazon.com/ref=as_li_ss_tl?_encoding=UTF8&camp=1789&creative=390957&linkCode=ur2&tag=amznipops-20&linkId=VETEOIMPO7O4WRWZ
amazoncloudreader.org,200,,https://www.amazon.com/ref=as_li_ss_tl?_encoding=UTF8&camp=1789&creative=390957&linkCode=ur2&tag=amznipops-20&linkId=VETEOIMPO7O4WRWZ
amazoncloudservice.com,200,,https://www.amazon.com/ref=as_li_ss_tl?_encoding=UTF8&camp=1789&creative=390957&linkCode=ur2&tag=amznipops-20&linkId=VETEOIMPO7O4WRWZ
amazoncloudstorage.at,202,,https://www.amazon.de/
amazoncloudstorage.co.at,202,,https://www.amazon.de/
amazoncloudstorage.com,200,,https://www.amazon.com/ref=as_li_ss_tl?_encoding=UTF8&camp=1789&creative=390957&linkCode=ur2&tag=amznipops-20&linkId=VETEOIMPO7O4WRWZ
amazoncloudstorage.fr,202,,https://www.amazon.fr/
amazoncloudstorage.info,200,,https://aws.amazon.com/
amazoncloudstorage.it,200,,https://www.amazon.it/
amazoncloudstorage.me,200,,https://www.aboutamazon.eu/
amazonclouduser.com,200,,https://www.amazon.com/ref=as_li_ss_tl?_encoding=UTF8&camp=1789&creative=390957&linkCode=ur2&tag=amznipops-20&linkId=VETEOIMPO7O4WRWZ
amazoncloudwatch.com,200,,https://www.amazon.com/ref=as_li_ss_tl?ie=UTF8&linkCode=sl2&tag=amznipops-20&linkId=ef33ef1998890bd8a89ba9c3007fa6cd
amazonclubpartenaires.fr,202,,https://www.amazon.fr/
amazonco.com,202,202,https://www.amazon.com:443/
amazoncoach.com,200,,https://www.amazon.com/ref=as_li_ss_tl?_encoding=UTF8&camp=1789&creative=390957&linkCode=ur2&tag=amznipops-20&linkId=VETEOIMPO7O4WRWZ
amazoncode.net,200,,https://www.amazon.com/ref=as_li_ss_tl?ie=UTF8&linkCode=sl2&tag=amznipops-20&linkId=ef33ef1998890bd8a89ba9c3007fa6cd
amazoncode.org,200,,https://www.amazon.com/ref=as_li_ss_tl?ie=UTF8&linkCode=sl2&tag=amznipops-20&linkId=ef33ef1998890bd8a89ba9c3007fa6cd
amazoncodebuild.com,200,,https://aws.amazon.com/codebuild/?nc2=h_m1
amazoncodes.info,200,,https://www.amazon.com/ref=as_li_ss_tl?_encoding=UTF8&camp=1789&creative=390957&linkCode=ur2&tag=amznipops-20&linkId=VETEOIMPO7O4WRWZ
amazoncoffeemaker.info,200,,https://www.amazon.com/ref=as_li_ss_tl?_encoding=UTF8&camp=1789&creative=390957&linkCode=ur2&tag=amznipops-20&linkId=VETEOIMPO7O4WRWZ
amazoncognito.fr,200,,https://aws.amazon.com/
amazoncognito.it,200,,https://aws.amazon.com/
amazoncoin.com,200,,https://www.amazon.com/ref=as_li_ss_tl?ie=UTF8&linkCode=sl2&tag=amznipops-20&linkId=07057771cdf5019fb44a6e88c747a894
amazoncoins.at,202,,https://www.amazon.de/
amazoncoins.fr,202,,https://www.amazon.fr/
amazoncoins.it,200,,https://www.amazon.it/
amazoncojp.asia,200,,https://www.amazon.com/ref=as_li_ss_tl?_encoding=UTF8&camp=1789&creative=390957&linkCode=ur2&tag=amznipops-20&linkId=VETEOIMPO7O4WRWZ
amazoncolections.com,200,,https://www.amazon.com/ref=as_li_ss_tl?ie=UTF8&linkCode=sl2&tag=amznipops-20&linkId=ef33ef1998890bd8a89ba9c3007fa6cd
amazoncolor.com,200,,https://www.amazon.com/ref=as_li_ss_tl?_encoding=UTF8&camp=1789&creative=390957&linkCode=ur2&tag=amznipops-20&linkId=VETEOIMPO7O4WRWZ
amazoncom.biz,202,202,https://www.amazon.com:443/
amazoncom.info,200,,https://www.amazon.com/ref=as_li_ss_tl?ie=UTF8&linkCode=sl2&tag=amznipops-20&linkId=07057771cdf5019fb44a6e88c747a894
amazoncom.net,200,,https://www.amazon.com/ref=as_li_ss_tl?_encoding=UTF8&camp=1789&creative=390957&linkCode=ur2&tag=amznipops-20&linkId=VETEOIMPO7O4WRWZ
amazoncom.org,200,,https://www.amazon.com/ref=as_li_ss_tl?_encoding=UTF8&camp=1789&creative=390957&linkCode=ur2&tag=amznipops-20&linkId=VETEOIMPO7O4WRWZ
amazoncomics.info,200,,https://www.amazon.com/ref=as_li_ss_tl?_encoding=UTF8&camp=1789&creative=390957&linkCode=ur2&tag=amznipops-20&linkId=VETEOIMPO7O4WRWZ
amazoncomics.net,200,,https://www.amazon.com/ref=as_li_ss_tl?_encoding=UTF8&camp=1789&creative=390957&linkCode=ur2&tag=amznipops-20&linkId=VETEOIMPO7O4WRWZ
amazoncommerce.net,200,,https://www.amazon.com/ref=as_li_ss_tl?_encoding=UTF8&camp=1789&creative=390957&linkCode=ur2&tag=amznipops-20&linkId=VETEOIMPO7O4WRWZ
amazoncommercials.com,200,,https://www.amazon.com/ref=as_li_ss_tl?_encoding=UTF8&camp=1789&creative=390957&linkCode=ur2&tag=amznipops-20&linkId=VETEOIMPO7O4WRWZ
amazoncompanystore.com,200,,https://www.amazon.com/ref=as_li_ss_tl?_encoding=UTF8&camp=1789&creative=390957&linkCode=ur2&tag=amznipops-20&linkId=VETEOIMPO7O4WRWZ
amazoncomputer.info,200,200,https://www.amazon.com:443/computer-pc-hardware-accessories-add-ons/b?ie=UTF8&node=541966
amazoncomputer.it,200,,https://www.amazon.it/
amazoncomputers.info,200,,https://www.amazon.com/ref=as_li_ss_tl?_encoding=UTF8&camp=1789&creative=390957&linkCode=ur2&tag=amznipops-20&linkId=VETEOIMPO7O4WRWZ
amazonconexion.com,200,,https://www.amazon.com/ref=as_li_ss_tl?_encoding=UTF8&camp=1789&creative=390957&linkCode=ur2&tag=amznipops-20&linkId=VETEOIMPO7O4WRWZ
amazonconfig.com,200,,https://aws.amazon.com/enterprise/?audit=2019q1
amazonconnectfamily.com,200,,
amazonconnector.com,200,,https://www.amazon.com/ref=as_li_ss_tl?_encoding=UTF8&camp=1789&creative=390957&linkCode=ur2&tag=amznipops-20&linkId=VETEOIMPO7O4WRWZ
amazonconsultancy.com,200,,https://www.amazon.com/ref=as_li_ss_tl?_encoding=UTF8&camp=1789&creative=390957&linkCode=ur2&tag=amznipops-20&linkId=VETEOIMPO7O4WRWZ
amazonconsulting.info,200,,https://www.amazon.com/ref=as_li_ss_tl?_encoding=UTF8&camp=1789&creative=390957&linkCode=ur2&tag=amznipops-20&linkId=VETEOIMPO7O4WRWZ
amazonconsulting.net,200,,https://www.amazon.com/ref=as_li_ss_tl?_encoding=UTF8&camp=1789&creative=390957&linkCode=ur2&tag=amznipops-20&linkId=VETEOIMPO7O4WRWZ
amazoncontentdelivery.com,200,,https://www.amazon.com/ref=as_li_ss_tl?_encoding=UTF8&camp=1789&creative=390957&linkCode=ur2&tag=amznipops-20&linkId=VETEOIMPO7O4WRWZ
amazoncookies.com,200,,https://www.amazon.com/ref=as_li_ss_tl?_encoding=UTF8&camp=1789&creative=390957&linkCode=ur2&tag=amznipops-20&linkId=VETEOIMPO7O4WRWZ
amazoncooks.com,200,,https://www.amazon.com/ref=as_li_ss_tl?_encoding=UTF8&camp=1789&creative=390957&linkCode=ur2&tag=amznipops-20&linkId=VETEOIMPO7O4WRWZ
amazoncoop.com,200,,https://www.amazon.com/ref=as_li_ss_tl?_encoding=UTF8&camp=1789&creative=390957&linkCode=ur2&tag=amznipops-20&linkId=VETEOIMPO7O4WRWZ
amazoncoops.com,200,,https://www.amazon.com/ref=as_li_ss_tl?_encoding=UTF8&camp=1789&creative=390957&linkCode=ur2&tag=amznipops-20&linkId=VETEOIMPO7O4WRWZ
amazoncore.com,200,,https://www.amazon.com/ref=as_li_ss_tl?ie=UTF8&linkCode=sl2&tag=amznipops-20&linkId=07057771cdf5019fb44a6e88c747a894
amazoncoreto.io,200,,https://aws.amazon.com/corretto/
amazoncoretto.io,200,,https://aws.amazon.com/corretto/
amazoncorner.info,200,,https://www.safebrowse.io/warn.html?url=http://amazoncorner.info/&token=a6701b76
amazoncornerstore.com,200,,https://www.amazon.com/ref=as_li_ss_tl?_encoding=UTF8&camp=1789&creative=390957&linkCode=ur2&tag=amznipops-20&linkId=VETEOIMPO7O4WRWZ
amazoncorreto.io,200,,https://aws.amazon.com/corretto/
amazoncorretto.io,200,,https://aws.amazon.com/corretto/
amazoncounterfeitcrimesunit.com,200,,https://trustworthyshopping.aboutamazon.com/counterfeitcrimesunit
amazoncounters.com,200,,https://www.amazon.com/ref=as_li_ss_tl?_encoding=UTF8&camp=1789&creative=390957&linkCode=ur2&tag=amznipops-20&linkId=VETEOIMPO7O4WRWZ
amazoncoupon.info,200,,https://www.amazon.com/ref=as_li_ss_tl?_encoding=UTF8&camp=1789&creative=390957&linkCode=ur2&tag=amznipops-20&linkId=VETEOIMPO7O4WRWZ
amazoncouponcode.info,200,,https://www.amazon.com/ref=as_li_ss_tl?_encoding=UTF8&camp=1789&creative=390957&linkCode=ur2&tag=amznipops-20&linkId=VETEOIMPO7O4WRWZ
amazoncouponcode.net,200,,https://www.amazon.com/ref=as_li_ss_tl?_encoding=UTF8&camp=1789&creative=390957&linkCode=ur2&tag=amznipops-20&linkId=VETEOIMPO7O4WRWZ
amazoncouponcode.org,200,,https://www.amazon.com/ref=as_li_ss_tl?_encoding=UTF8&camp=1789&creative=390957&linkCode=ur2&tag=amznipops-20&linkId=VETEOIMPO7O4WRWZ
amazoncouponcodes4u.com,200,,https://www.amazon.com/ref=as_li_ss_tl?ie=UTF8&linkCode=sl2&tag=amznipops-20&linkId=ef33ef1998890bd8a89ba9c3007fa6cd
amazoncouponcodes9.info,200,,https://www.amazon.com/ref=as_li_ss_tl?_encoding=UTF8&camp=1789&creative=390957&linkCode=ur2&tag=amznipops-20&linkId=VETEOIMPO7O4WRWZ
amazoncoupondeals.com,200,,https://www.amazon.com/ref=as_li_ss_tl?_encoding=UTF8&camp=1789&creative=390957&linkCode=ur2&tag=amznipops-20&linkId=VETEOIMPO7O4WRWZ
amazoncoupons.com,202,202,https://www.amazon.com:443/
amazoncoupons.info,200,,https://www.amazon.com/ref=as_li_ss_tl?_encoding=UTF8&camp=1789&creative=390957&linkCode=ur2&tag=amznipops-20&linkId=VETEOIMPO7O4WRWZ
amazoncoupons.me,200,,https://www.amazon.com/events/memorialdaysale?bubble-id=deals-collection-coupons
amazoncoupons.mobi,200,,https://www.amazon.com/ref=as_li_ss_tl?_encoding=UTF8&camp=1789&creative=390957&linkCode=ur2&tag=amznipops-20&linkId=VETEOIMPO7O4WRWZ
amazoncoupons.tv,200,,https://www.amazon.com/ref=as_li_ss_tl?linkId=VETEOIMPO7O4WRWZ&_encoding=UTF8&camp=1789&creative=390957&linkCode=ur2&tag=amznipops-20
amazoncousin.com,200,,https://www.amazon.com/ref=as_li_ss_tl?_encoding=UTF8&camp=1789&creative=390957&linkCode=ur2&tag=amznipops-20&linkId=VETEOIMPO7O4WRWZ
amazoncousins.com,200,,https://www.amazon.com/ref=as_li_ss_tl?_encoding=UTF8&camp=1789&creative=390957&linkCode=ur2&tag=amznipops-20&linkId=VETEOIMPO7O4WRWZ
amazoncoverview.com,200,,https://www.amazon.com/ref=as_li_ss_tl?_encoding=UTF8&camp=1789&creative=390957&linkCode=ur2&tag=amznipops-20&linkId=VETEOIMPO7O4WRWZ
amazoncoverview.net,200,,https://www.amazon.com/ref=as_li_ss_tl?_encoding=UTF8&camp=1789&creative=390957&linkCode=ur2&tag=amznipops-20&linkId=VETEOIMPO7O4WRWZ
amazoncredit.com,200,,https://www.amazon.com/ref=as_li_ss_tl?_encoding=UTF8&camp=1789&creative=390957&linkCode=ur2&tag=amznipops-20&linkId=VETEOIMPO7O4WRWZ
amazoncreditcard.info,200,,https://www.amazon.com/ref=as_li_ss_tl?ie=UTF8&linkCode=sl2&tag=amznipops-20&linkId=ef33ef1998890bd8a89ba9c3007fa6cd
amazoncrew.com,200,,https://www.amazon.com/ref=as_li_ss_tl?_encoding=UTF8&camp=1789&creative=390957&linkCode=ur2&tag=amznipops-20&linkId=VETEOIMPO7O4WRWZ
amazoncrossing.biz,200,,https://amazonpublishing.amazon.com/
amazoncrossing.it,200,,https://www.amazon.it/
amazoncrossing.me,200,,https://www.aboutamazon.eu/
amazoncuisine.fr,202,,https://www.amazon.fr/
amazoncustomer.com,200,,https://www.amazon.com/ref=as_li_ss_tl?_encoding=UTF8&camp=1789&creative=390957&linkCode=ur2&tag=amznipops-20&linkId=VETEOIMPO7O4WRWZ
amazoncustomerreviews.info,200,,https://www.amazon.com/ref=as_li_ss_tl?ie=UTF8&linkCode=sl2&tag=amznipops-20&linkId=ef33ef1998890bd8a89ba9c3007fa6cd
amazoncyber.com,200,,https://www.amazon.com/ref=as_li_ss_tl?_encoding=UTF8&camp=1789&creative=390957&linkCode=ur2&tag=amznipops-20&linkId=VETEOIMPO7O4WRWZ
amazoncybermonday.com,200,,https://www.amazon.com/ref=as_li_ss_tl?ie=UTF8&linkCode=sl2&tag=amznipops-20&linkId=07057771cdf5019fb44a6e88c747a894
amazoncybermonday.info,200,,https://www.amazon.com/ref=as_li_ss_tl?_encoding=UTF8&camp=1789&creative=390957&linkCode=ur2&tag=amznipops-20&linkId=VETEOIMPO7O4WRWZ
amazondailyblog.info,200,,https://www.amazon.com/ref=as_li_ss_tl?ie=UTF8&linkCode=sl2&tag=amznipops-20&linkId=07057771cdf5019fb44a6e88c747a894
amazondailydeals.com,200,,https://www.amazon.com/ref=as_li_ss_tl?_encoding=UTF8&camp=1789&creative=390957&linkCode=ur2&tag=amznipops-20&linkId=VETEOIMPO7O4WRWZ
amazondailydeasl.info,200,,https://www.amazon.com/ref=as_li_ss_tl?ie=UTF8&linkCode=sl2&tag=amznipops-20&linkId=ef33ef1998890bd8a89ba9c3007fa6cd
amazondash.com,200,,https://www.amazon.com/b?node=17729534011
amazondataservice.com,200,,https://www.amazon.com/ref=as_li_ss_tl?_encoding=UTF8&camp=1789&creative=390957&linkCode=ur2&tag=amznipops-20&linkId=VETEOIMPO7O4WRWZ
amazondataservices.com,200,,https://www.amazon.com/ref=as_li_ss_tl?_encoding=UTF8&camp=1789&creative=390957&linkCode=ur2&tag=amznipops-20&linkId=VETEOIMPO7O4WRWZ
amazondc.com,200,200,https://amazondc.com/
amazondcn.com,,200,https://www.amazondcn.com:443/
amazondeal.info,200,200,https://www.amazon.com:443/Deals/b?ie=UTF8&node=909656
amazondeal.org,200,,https://www.amazon.com/ref=as_li_ss_tl?_encoding=UTF8&camp=1789&creative=390957&linkCode=ur2&tag=amznipops-20&linkId=VETEOIMPO7O4WRWZ
amazondealbox.com,200,,https://www.amazon.com/ref=as_li_ss_tl?_encoding=UTF8&camp=1789&creative=390957&linkCode=ur2&tag=amznipops-20&linkId=VETEOIMPO7O4WRWZ
amazondealfinder.com,200,,https://www.amazon.com/ref=as_li_ss_tl?_encoding=UTF8&camp=1789&creative=390957&linkCode=ur2&tag=amznipops-20&linkId=VETEOIMPO7O4WRWZ
amazondealfinder.net,200,,https://www.amazon.com/ref=as_li_ss_tl?_encoding=UTF8&camp=1789&creative=390957&linkCode=ur2&tag=amznipops-20&linkId=VETEOIMPO7O4WRWZ
amazondealoftheday.com,200,,https://www.amazon.com/ref=as_li_ss_tl?ie=UTF8&linkCode=sl2&tag=amznipops-20&linkId=ef33ef1998890bd8a89ba9c3007fa6cd
amazondeals.blackfriday,200,,https://www.amazon.com/blackfriday
amazondeals.com,200,200,https://www.amazon.com/events/memorialdaysale
amazondeals.net,200,,https://www.amazon.com/ref=as_li_ss_tl?_encoding=UTF8&camp=1789&creative=390957&linkCode=ur2&tag=amznipops-20&linkId=VETEOIMPO7O4WRWZ
amazondeals.org,200,,https://www.amazon.com/ref=as_li_ss_tl?_encoding=UTF8&camp=1789&creative=390957&linkCode=ur2&tag=amznipops-20&linkId=VETEOIMPO7O4WRWZ
amazondeals365.com,200,,https://www.amazon.com/ref=as_li_ss_tl?ie=UTF8&linkCode=sl2&tag=amznipops-20&linkId=ef33ef1998890bd8a89ba9c3007fa6cd
amazondealsandcoupons.com,200,,https://www.amazon.com/ref=as_li_ss_tl?_encoding=UTF8&camp=1789&creative=390957&linkCode=ur2&tag=amznipops-20&linkId=VETEOIMPO7O4WRWZ
amazondealsdirect.info,200,,https://www.amazon.com/ref=as_li_ss_tl?ie=UTF8&linkCode=sl2&tag=amznipops-20&linkId=ef33ef1998890bd8a89ba9c3007fa6cd
amazondealsfinder.net,200,,https://www.amazon.com/ref=as_li_ss_tl?_encoding=UTF8&camp=1789&creative=390957&linkCode=ur2&tag=amznipops-20&linkId=VETEOIMPO7O4WRWZ
amazondealsonline.com,200,,https://www.amazon.com/ref=as_li_ss_tl?_encoding=UTF8&camp=1789&creative=390957&linkCode=ur2&tag=amznipops-20&linkId=VETEOIMPO7O4WRWZ
amazondealz.com,200,,https://www.amazon.com/ref=as_li_ss_tl?_encoding=UTF8&camp=1789&creative=390957&linkCode=ur2&tag=amznipops-20&linkId=VETEOIMPO7O4WRWZ
amazondeck.com,200,,https://www.amazon.com/ref=as_li_ss_tl?_encoding=UTF8&camp=1789&creative=390957&linkCode=ur2&tag=amznipops-20&linkId=VETEOIMPO7O4WRWZ
amazondecor.com,200,,https://www.amazon.com/ref=as_li_ss_tl?_encoding=UTF8&camp=1789&creative=390957&linkCode=ur2&tag=amznipops-20&linkId=VETEOIMPO7O4WRWZ
amazondelivers.com,200,,https://www.amazon.com/ref=as_li_ss_tl?_encoding=UTF8&camp=1789&creative=390957&linkCode=ur2&tag=amznipops-20&linkId=VETEOIMPO7O4WRWZ
amazondelivers.fr,202,,https://www.amazon.fr/
amazondelivers.it,200,,https://www.amazon.it/
amazondelivers.jobs,200,200,https://hiring.amazon.com/
amazondelivery.com,429,200,https://www.amazon.com:443/amazonprime/?sr=53-1
amazondeluxepress.com,200,,https://www.amazon.com/ref=as_li_ss_tl?_encoding=UTF8&camp=1789&creative=390957&linkCode=ur2&tag=amznipops-20&linkId=VETEOIMPO7O4WRWZ
amazondepot.com,200,,https://www.amazon.com/ref=as_li_ss_tl?ie=UTF8&linkCode=sl2&tag=amznipops-20&linkId=ef33ef1998890bd8a89ba9c3007fa6cd
amazondesigner.com,200,,https://www.amazon.com/ref=as_li_ss_tl?_encoding=UTF8&camp=1789&creative=390957&linkCode=ur2&tag=amznipops-20&linkId=VETEOIMPO7O4WRWZ
amazondesktop.com,200,,https://www.amazon.com/ref=as_li_ss_tl?_encoding=UTF8&camp=1789&creative=390957&linkCode=ur2&tag=amznipops-20&linkId=VETEOIMPO7O4WRWZ
amazondestinations.fr,202,,https://www.amazon.fr/
amazondevice.com,200,,https://www.amazon.com/b/ref=as_li_ss_tl?node=2102313011&linkCode=sl2&tag=amznipdevice-20&linkId=50dfab05edf5ab113c2734ea9070a381
amazondevice.org,200,,https://www.amazon.com/b/ref=as_li_ss_tl?node=2102313011&linkCode=sl2&tag=amznip-amazondevice.org-20&linkId=7758e0784041479749903c8e93f8f4e6
amazondevicemessaging.com,200,,https://www.amazon.com/b/ref=as_li_ss_tl?node=2102313011&linkCode=sl2&tag=amznipdevice-20&linkId=50dfab05edf5ab113c2734ea9070a381
amazondevices.com,200,200,https://www.amazon.com/b/ref=as_li_ss_tl?node=2102313011&linkCode=sl2&tag=amazondevices.com-20&linkId=270124b4801e388fb4a53ad98e09a906/
amazondevices.org,200,,https://www.amazon.com/b/ref=as_li_ss_tl?node=2102313011&linkCode=sl2&tag=amznipdevice-20&linkId=50dfab05edf5ab113c2734ea9070a381
amazondevpay.fr,202,,https://www.amazon.fr/
amazondevpay.info,200,,https://www.amazon.com/ref=as_li_ss_tl?ie=UTF8&linkCode=sl2&tag=amznipops-20&linkId=07057771cdf5019fb44a6e88c747a894
amazondevpay.it,200,,https://www.amazon.it/
amazondevpay.net,200,,https://www.amazon.com/ref=as_li_ss_tl?ie=UTF8&linkCode=sl2&tag=amznipops-20&linkId=07057771cdf5019fb44a6e88c747a894
amazondevpay.org,200,,https://www.amazon.com/ref=as_li_ss_tl?ie=UTF8&linkCode=sl2&tag=amznipops-20&linkId=07057771cdf5019fb44a6e88c747a894
amazondevpoay.com,200,,https://www.amazon.com/ref=as_li_ss_tl?ie=UTF8&linkCode=sl2&tag=amznipops-20&linkId=07057771cdf5019fb44a6e88c747a894
amazondevs.com,200,,https://www.amazon.com/ref=as_li_ss_tl?_encoding=UTF8&camp=1789&creative=390957&linkCode=ur2&tag=amznipops-20&linkId=VETEOIMPO7O4WRWZ
amazondexcouncil.com,200,200,https://www.amazondexcouncil.com/hub
amazondiamonds.info,200,,https://www.amazon.com/ref=as_li_ss_tl?_encoding=UTF8&camp=1789&creative=390957&linkCode=ur2&tag=amznipops-20&linkId=VETEOIMPO7O4WRWZ
amazondiaper.com,200,,https://www.amazon.com/ref=as_li_ss_tl?ie=UTF8&linkCode=sl2&tag=amznipops-20&linkId=ef33ef1998890bd8a89ba9c3007fa6cd
amazondiapers.it,200,,https://www.amazon.it/
amazondigital.com,200,,https://www.amazon.com/ref=as_li_ss_tl?_encoding=UTF8&camp=1789&creative=390957&linkCode=ur2&tag=amznipops-20&linkId=VETEOIMPO7O4WRWZ
amazondigital.info,200,,https://www.amazon.com/ref=as_li_ss_tl?_encoding=UTF8&camp=1789&creative=390957&linkCode=ur2&tag=amznipops-20&linkId=VETEOIMPO7O4WRWZ
amazondigital.net,200,,https://www.amazon.com/ref=as_li_ss_tl?_encoding=UTF8&camp=1789&creative=390957&linkCode=ur2&tag=amznipops-20&linkId=VETEOIMPO7O4WRWZ
amazondigitalgames.com,200,,https://www.amazon.com/ref=as_li_ss_tl?ie=UTF8&linkCode=sl2&tag=amznipops-20&linkId=ef33ef1998890bd8a89ba9c3007fa6cd
amazondigitalguide.com,200,,https://www.amazon.com/ref=as_li_ss_tl?_encoding=UTF8&camp=1789&creative=390957&linkCode=ur2&tag=amznipops-20&linkId=VETEOIMPO7O4WRWZ
amazondigitalmusic.com,200,,https://www.amazon.com/ref=as_li_ss_tl?_encoding=UTF8&camp=1789&creative=390957&linkCode=ur2&tag=amznipops-20&linkId=VETEOIMPO7O4WRWZ
amazondigitalmusicstore.com,200,,https://www.amazon.com/exec/obidos/tg/browse/-/5174
amazondiscount.info,200,,https://www.amazon.com/ref=as_li_ss_tl?_encoding=UTF8&camp=1789&creative=390957&linkCode=ur2&tag=amznipops-20&linkId=VETEOIMPO7O4WRWZ
amazondiscountfinder.com,200,,https://www.amazon.com/ref=as_li_ss_tl?_encoding=UTF8&camp=1789&creative=390957&linkCode=ur2&tag=amznipops-20&linkId=VETEOIMPO7O4WRWZ
amazondiscounts.net,200,,https://www.amazon.com/ref=as_li_ss_tl?_encoding=UTF8&camp=1789&creative=390957&linkCode=ur2&tag=amznipops-20&linkId=VETEOIMPO7O4WRWZ
amazondiscounts.org,200,,https://www.amazon.com/ref=as_li_ss_tl?_encoding=UTF8&camp=1789&creative=390957&linkCode=ur2&tag=amznipops-20&linkId=VETEOIMPO7O4WRWZ
amazondiscountshoes.com,200,,https://www.amazon.com/b/ref=as_li_ss_tl?ie=UTF8&node=7141123011&linkCode=sl2&tag=amznipops-20&linkId=0ce87db61c8a43c585886574c2acb7b4
amazondiscountshopping.com,200,,https://www.amazon.com/ref=as_li_ss_tl?_encoding=UTF8&camp=1789&creative=390957&linkCode=ur2&tag=amznipops-20&linkId=VETEOIMPO7O4WRWZ
amazondiscountsonline.com,200,,https://www.amazon.com/ref=as_li_ss_tl?_encoding=UTF8&camp=1789&creative=390957&linkCode=ur2&tag=amznipops-20&linkId=VETEOIMPO7O4WRWZ
amazondm.com,200,,https://www.amazon.com/ref=as_li_ss_tl?_encoding=UTF8&camp=1789&creative=390957&linkCode=ur2&tag=amznipops-20&linkId=VETEOIMPO7O4WRWZ
amazondmc.com,200,,
amazondo.info,200,,https://www.amazon.com/ref=as_li_ss_tl?ie=UTF8&linkCode=sl2&tag=amznipops-20&linkId=ef33ef1998890bd8a89ba9c3007fa6cd
amazondomains.com,200,,https://aws.amazon.com/route53/
amazondomains.info,200,,https://www.amazon.com/ref=as_li_ss_tl?_encoding=UTF8&camp=1789&creative=390957&linkCode=ur2&tag=amznipops-20&linkId=VETEOIMPO7O4WRWZ
amazondomains.net,200,,https://www.amazon.com/ref=as_li_ss_tl?_encoding=UTF8&camp=1789&creative=390957&linkCode=ur2&tag=amznipops-20&linkId=VETEOIMPO7O4WRWZ
amazondone.com,200,,https://www.amazon.com/ref=as_li_ss_tl?_encoding=UTF8&camp=1789&creative=390957&linkCode=ur2&tag=amznipops-20&linkId=VETEOIMPO7O4WRWZ
amazondormdeals.com,200,,https://www.amazon.com/ref=as_li_ss_tl?_encoding=UTF8&camp=1789&creative=390957&linkCode=ur2&tag=amznipops-20&linkId=VETEOIMPO7O4WRWZ
amazondot.com,202,202,https://www.amazon.com:443/
amazondot.net,202,202,https://www.amazon.com:443/
amazondot.org,200,,https://www.amazon.com/ref=as_li_ss_tl?ie=UTF8&linkCode=sl2&tag=amznipops-20&linkId=07057771cdf5019fb44a6e88c747a894
amazondotmax.com,200,,
amazondownload.com,200,,https://www.amazon.com/ref=as_li_ss_tl?_encoding=UTF8&camp=1789&creative=390957&linkCode=ur2&tag=amznipops-20&linkId=VETEOIMPO7O4WRWZ
amazondownload.fr,202,,https://www.amazon.fr/
amazondownload.info,200,200,https://www.amazon.com:443/b?ie=UTF8&node=16261631
amazondownload.it,200,,https://www.amazon.it/
amazondownload.net,200,,https://www.amazon.com/ref=as_li_ss_tl?_encoding=UTF8&camp=1789&creative=390957&linkCode=ur2&tag=amznipops-20&linkId=VETEOIMPO7O4WRWZ
amazondownloads.com,200,200,https://www.amazon.com:443/b?ie=UTF8&node=16261631
amazondownloads.fr,202,,https://www.amazon.fr/
amazondownloads.info,200,200,https://www.amazon.com:443/b?node=2858778011
amazondownloads.it,200,,https://www.amazon.it/
amazondownloads.net,200,,https://www.amazon.com/ref=as_li_ss_tl?_encoding=UTF8&camp=1789&creative=390957&linkCode=ur2&tag=amznipops-20&linkId=VETEOIMPO7O4WRWZ
amazondresh.com,200,,https://www.amazon.com:443/alm/storefront?almBrandId=QW1hem9uIEZyZXNo
amazondrive.com,200,200,https://www.amazon.com:443/automotive-auto-truck-replacements-parts/b?ie=UTF8&node=15684181
amazondrmfree.com,200,,https://www.amazon.com/ref=as_li_ss_tl?ie=UTF8&linkCode=sl2&tag=amznipops-20&linkId=07057771cdf5019fb44a6e88c747a894
amazondrmfreemusic.com,200,,https://www.amazon.com/ref=as_li_ss_tl?ie=UTF8&linkCode=sl2&tag=amznipops-20&linkId=07057771cdf5019fb44a6e88c747a894
amazondrmfreetunes.com,200,,https://www.amazon.com/ref=as_li_ss_tl?ie=UTF8&linkCode=sl2&tag=amznipops-20&linkId=07057771cdf5019fb44a6e88c747a894
amazondropship.com,200,,https://www.amazon.com/ref=as_li_ss_tl?ie=UTF8&linkCode=sl2&tag=amznipops-20&linkId=07057771cdf5019fb44a6e88c747a894
amazondropshippers.com,200,,https://www.amazon.com/ref=as_li_ss_tl?_encoding=UTF8&camp=1789&creative=390957&linkCode=ur2&tag=amznipops-20&linkId=VETEOIMPO7O4WRWZ
amazondropshipping.com,200,,https://www.amazon.com/ref=as_li_ss_tl?ie=UTF8&linkCode=sl2&tag=amznipops-20&linkId=07057771cdf5019fb44a6e88c747a894
amazondrugstore.com,200,,https://www.amazon.com/ref=as_li_ss_tl?ie=UTF8&linkCode=sl2&tag=amznipops-20&linkId=ef33ef1998890bd8a89ba9c3007fa6cd
amazondrugstore.net,200,,https://www.amazon.com/ref=as_li_ss_tl?ie=UTF8&linkCode=sl2&tag=amznipops-20&linkId=ef33ef1998890bd8a89ba9c3007fa6cd
amazondrugstore.org,200,,https://www.amazon.com/ref=as_li_ss_tl?ie=UTF8&linkCode=sl2&tag=amznipops-20&linkId=ef33ef1998890bd8a89ba9c3007fa6cd
amazondtd.com,200,,
amazondtp.biz,200,,https://www.amazon.com/ref=as_li_ss_tl?ie=UTF8&linkCode=sl2&tag=amznipops-20&linkId=07057771cdf5019fb44a6e88c747a894
amazondtp.info,200,,https://www.amazon.com/ref=as_li_ss_tl?ie=UTF8&linkCode=sl2&tag=amznipops-20&linkId=07057771cdf5019fb44a6e88c747a894
amazonduo.fr,202,,https://www.amazon.fr/
amazonduo.it,200,,https://www.amazon.it/
amazondvd.com,200,200,https://www.amazon.com:443/dvds-used-hd-action-comedy-oscar/b?ie=UTF8&node=130&qid=ref%3D
amazondvd.fr,202,,https://www.amazon.fr/
amazondvd.it,200,,https://www.amazon.it/
amazondvd.net,200,200,https://www.amazon.com:443/dvds-used-hd-action-comedy-oscar/b?ie=UTF8&node=130&qid=ref%3D
amazondvds.it,200,,https://www.amazon.it/
amazondvpay.com,200,,https://www.amazon.com/ref=as_li_ss_tl?ie=UTF8&linkCode=sl2&tag=amznipops-20&linkId=07057771cdf5019fb44a6e88c747a894
amazondx.com,403,200,https://www.amazon.com:443/gp/help/customer/display.html?nodeId=GRXR2R8F8DNNAWTL
amazondx.net,200,,https://www.amazon.com/ref=as_li_ss_tl?_encoding=UTF8&camp=1789&creative=390957&linkCode=ur2&tag=amznipops-20&linkId=VETEOIMPO7O4WRWZ
amazondynamo.com,200,,https://aws.amazon.com/
amazondynamotwo.com,200,,https://aws.amazon.com/
amazone-store.com,200,,https://www.amazon.com/ref=as_li_ss_tl?_encoding=UTF8&camp=1789&creative=390957&linkCode=ur2&tag=amznipops-20&linkId=VETEOIMPO7O4WRWZ
amazone.com,202,202,https://www.amazon.fr:443/
amazonearnings.com,200,,https://www.amazon.com/ref=as_li_ss_tl?_encoding=UTF8&camp=1789&creative=390957&linkCode=ur2&tag=amznipops-20&linkId=VETEOIMPO7O4WRWZ
amazonearrings.com,200,,https://www.amazon.com/ref=as_li_ss_tl?_encoding=UTF8&camp=1789&creative=390957&linkCode=ur2&tag=amznipops-20&linkId=VETEOIMPO7O4WRWZ
amazonearth.com,200,,https://www.amazon.com/ref=as_li_ss_tl?ie=UTF8&linkCode=sl2&tag=amznipops-20&linkId=ef33ef1998890bd8a89ba9c3007fa6cd
amazoneast.com,200,,https://www.amazon.com/ref=as_li_ss_tl?ie=UTF8&linkCode=sl2&tag=amznipops-20&linkId=ef33ef1998890bd8a89ba9c3007fa6cd
amazoneasy.com,200,,https://www.amazon.com/ref=as_li_ss_tl?_encoding=UTF8&camp=1789&creative=390957&linkCode=ur2&tag=amznipops-20&linkId=VETEOIMPO7O4WRWZ
amazoneasy.fr,202,,https://www.amazon.fr/
amazoneasy.it,200,,https://www.amazon.it/
amazoneasypay.com,200,,https://www.amazon.com/ref=as_li_ss_tl?_encoding=UTF8&camp=1789&creative=390957&linkCode=ur2&tag=amznipops-20&linkId=VETEOIMPO7O4WRWZ
amazoneasyship.at,202,,https://www.amazon.de/
amazoneasyship.co.at,202,,https://www.amazon.de/
amazoneasyship.com,200,,https://www.amazon.com/ref=as_li_ss_tl?_encoding=UTF8&camp=1789&creative=390957&linkCode=ur2&tag=amznipops-20&linkId=VETEOIMPO7O4WRWZ
amazoneasyship.fr,202,,https://www.amazon.fr/
amazoneasyship.it,200,,https://www.amazon.it/
amazoneasyship.net,200,,https://www.amazon.com/ref=as_li_ss_tl?_encoding=UTF8&camp=1789&creative=390957&linkCode=ur2&tag=amznipops-20&linkId=VETEOIMPO7O4WRWZ
amazonebookoffer.com,200,,https://www.amazon.com/b/ref=as_li_ss_tl?ie=UTF8&node=283155&linkCode=sl2&tag=amznipbooks-20&linkId=66ce079b14e8f6c260421ffbd6d17dbe
amazonebooks.info,200,,https://www.amazon.com/b/ref=as_li_ss_tl?ie=UTF8&node=283155&linkCode=sl2&tag=amznipbooks-20&linkId=d2297f1243b98eb7b649753d564b15f1
amazonebookstore.com,200,,https://www.amazon.com/amz-books/store?ou=psf&ie=UTF8&linkCode=sl2&tag=amznipbooks-20&linkId=d2297f1243b98eb7b649753d564b15f1&ref_=as_li_ss_tl
amazonebs.info,200,,https://www.amazon.com/ref=as_li_ss_tl?_encoding=UTF8&camp=1789&creative=390957&linkCode=ur2&tag=amznipops-20&linkId=VETEOIMPO7O4WRWZ
amazonebs.net,200,,https://www.amazon.com/ref=as_li_ss_tl?_encoding=UTF8&camp=1789&creative=390957&linkCode=ur2&tag=amznipops-20&linkId=VETEOIMPO7O4WRWZ
amazonebs.org,200,,https://www.amazon.com/ref=as_li_ss_tl?_encoding=UTF8&camp=1789&creative=390957&linkCode=ur2&tag=amznipops-20&linkId=VETEOIMPO7O4WRWZ
amazonec2.at,200,,https://aws.amazon.com/
amazonec2.com,200,,https://aws.amazon.com/
amazonec2.fr,200,,https://aws.amazon.com/
amazonec2.it,200,,https://aws.amazon.com/
amazonec2.net,200,,https://aws.amazon.com/
amazonec2.org,200,,https://www.amazon.com/ref=as_li_ss_tl?ie=UTF8&linkCode=sl2&tag=amznipops-20&linkId=ef33ef1998890bd8a89ba9c3007fa6cd
amazonec2.ru,200,,https://aws.amazon.com/
amazonec2ami.com,200,,https://aws.amazon.com/
amazonecho.asia,200,,https://www.amazon.co.jp:443/dp/B085G2227B
amazonecho.at,200,,https://www.amazon.de/dp/B06ZXQV6P8/ref=nav_shopall_k_echo_rad
amazonecho.blackfriday,200,,https://www.amazon.com/alexa/shop-echo-devices?ref_=nav_sul_ods_ha_echo_cp_0_2_4_2
amazonecho.club,200,,https://www.amazon.com/dp/B06XCM9LJ4/ref=as_li_ss_tl?ie=UTF8&linkCode=sl1&tag=amznipecho-20&linkId=513a9c18add166160a1dfbf91ca03687
amazonecho.co.at,200,,https://www.amazon.de/dp/B06ZXQV6P8/ref=nav_shopall_k_echo_rad
amazonecho.co.za,200,,https://www.amazon.com/alexa/shop-echo-devices?ref_=nav_sul_ods_ha_echo_cp_0_2_4_2
amazonecho.com,200,,https://www.amazon.com/dp/B06XCM9LJ4/ref=as_li_ss_tl?ie=UTF8&linkCode=sl1&tag=amazonecho.com-20&linkId=85b702c29ca63122a2b8f8f10d051814
amazonecho.fi,200,,https://www.amazon.com/alexa/shop-echo-devices?ref_=nav_sul_ods_ha_echo_cp_0_2_4_2
amazonecho.fr,200,,https://www.amazon.com/alexa/shop-echo-devices?ref_=nav_sul_ods_ha_echo_cp_0_2_4_2
amazonecho.info,200,,https://www.amazon.com/dp/B06XCM9LJ4/ref=as_li_ss_tl?ie=UTF8&linkCode=sl1&tag=amznipecho-20&linkId=513a9c18add166160a1dfbf91ca03687
amazonecho.it,200,,https://www.amazon.com/alexa/shop-echo-devices?ref_=nav_sul_ods_ha_echo_cp_0_2_4_2
amazonecho.mobi,200,,https://www.amazon.com/dp/B06XCM9LJ4/ref=as_li_ss_tl?ie=UTF8&linkCode=sl1&tag=amznipecho-20&linkId=513a9c18add166160a1dfbf91ca03687
amazonecho.net,200,,https://www.amazon.com/dp/B06XCM9LJ4/ref=as_li_ss_tl?ie=UTF8&linkCode=sl1&tag=amznipecho-20&linkId=513a9c18add166160a1dfbf91ca03687
amazonecho.online,200,,https://www.amazon.com/alexa/shop-echo-devices?ref_=nav_sul_ods_ha_echo_cp_0_2_4_2
amazonecho.org,200,,https://www.amazon.com/dp/B06XCM9LJ4/ref=as_li_ss_tl?ie=UTF8&linkCode=sl1&tag=amznipecho-20&linkId=513a9c18add166160a1dfbf91ca03687
amazonecho.ru,200,,https://www.amazon.com/alexa/shop-echo-devices?ref_=nav_sul_ods_ha_echo_cp_0_2_4_2
amazonecho.webcam,200,,https://www.amazon.com/alexa/shop-echo-devices?ref_=nav_sul_ods_ha_echo_cp_0_2_4_2
amazonechoaudio.com,200,,https://www.amazon.com/dp/B06XCM9LJ4/ref=as_li_ss_tl?ie=UTF8&linkCode=sl1&tag=amznipecho-20&linkId=513a9c18add166160a1dfbf91ca03687
amazonechodot.com,200,,https://www.amazon.com/gp/product/B01DFKC2SO/ref=as_li_ss_tl?ref=ODS_HA_B_surl&linkCode=sl1&tag=amznipechodot-20&linkId=2b5dce4cee0ca069249cd12eaf18bac7
amazonechodot.info,200,,https://www.amazon.com/gp/product/B01DFKC2SO/ref=as_li_ss_tl?ref=ODS_HA_B_surl&linkCode=sl1&tag=amznipechodot-20&linkId=2b5dce4cee0ca069249cd12eaf18bac7
amazonechodot.net,200,,https://www.amazon.com/gp/product/B01DFKC2SO/ref=as_li_ss_tl?ref=ODS_HA_B_surl&linkCode=sl1&tag=amznipechodot-20&linkId=2b5dce4cee0ca069249cd12eaf18bac7
amazonechodot.org,200,,https://www.amazon.com/gp/product/B01DFKC2SO/ref=as_li_ss_tl?ref=ODS_HA_B_surl&linkCode=sl1&tag=amznipechodot-20&linkId=2b5dce4cee0ca069249cd12eaf18bac7
amazonechoframes.com,200,,https://www.amazon.com/b?node=116898096011&ie=UTF8
amazonechoframes.org,200,,https://www.amazon.com/b?ie=UTF8&node=116898096011
amazonechonewsbrief.com,200,,https://www.amazon.com/dp/B06XCM9LJ4/ref=as_li_ss_tl?ie=UTF8&linkCode=sl1&tag=amznipecho-20&linkId=513a9c18add166160a1dfbf91ca03687
amazonechoplus.com,200,,https://www.amazon.com/gp/product/B07Z6ZV54B?ref=ODS_HA_ld_surl
amazonechoplus.xyz,200,,https://www.amazon.com/gp/product/B07Z6ZV54B?ref=ODS_HA_ld_surl
amazonechopop.com,200,,https://www.amazon.com:443/dp/B09ZXJDSL5?red=ods_pr_co
amazonechoshow.com,200,,https://www.amazon.com/dp/B0BLS3Y632?ref=ods_surl_rs
amazonechoshowkids.com,200,,https://www.amazon.com/dp/B08LMSC4WZ
amazonechostudio.fr,200,,https://www.amazon.fr/gp/product/B07NQDHC7S/
amazonechostudio.it,200,,https://www.amazon.it/gp/product/B07NQDHC7S/
amazonechosupport.com,200,,https://www.amazon.com/dp/B06XCM9LJ4/ref=as_li_ss_tl?ie=UTF8&linkCode=sl1&tag=amznipecho-20&linkId=513a9c18add166160a1dfbf91ca03687
amazonecosystem.com,200,,https://www.amazon.com/ref=as_li_ss_tl?_encoding=UTF8&camp=1789&creative=390957&linkCode=ur2&tag=amznipops-20&linkId=VETEOIMPO7O4WRWZ
amazonecredit.com,200,,https://www.amazon.com/ref=as_li_ss_tl?_encoding=UTF8&camp=1789&creative=390957&linkCode=ur2&tag=amznipops-20&linkId=VETEOIMPO7O4WRWZ
amazoned.com,202,202,https://www.amazon.com:443/
amazonede.com,200,,https://www.amazon.com/ref=as_li_ss_tl?_encoding=UTF8&camp=1789&creative=390957&linkCode=ur2&tag=amznipops-20&linkId=VETEOIMPO7O4WRWZ
amazonedgecache.com,200,,https://www.amazon.com/ref=as_li_ss_tl?_encoding=UTF8&camp=1789&creative=390957&linkCode=ur2&tag=amznipops-20&linkId=VETEOIMPO7O4WRWZ
amazonedgelocations.com,200,,https://www.amazon.com/ref=as_li_ss_tl?_encoding=UTF8&camp=1789&creative=390957&linkCode=ur2&tag=amznipops-20&linkId=VETEOIMPO7O4WRWZ
amazonedv.at,308,,
amazonedv.fr,308,,
amazonedv.it,308,,
amazonee.com,200,,https://www.amazon.com/ref=as_li_ss_tl?ie=UTF8&linkCode=sl2&tag=amznipops-20&linkId=ef33ef1998890bd8a89ba9c3007fa6cd
amazoneinternational.com,200,,https://www.amazon.com/ref=as_li_ss_tl?_encoding=UTF8&camp=1789&creative=390957&linkCode=ur2&tag=amznipops-20&linkId=VETEOIMPO7O4WRWZ
amazonekindle.info,200,,https://www.amazon.com/b/ref=as_li_ss_tl?ie=UTF8&node=6669702011&linkCode=sl2&tag=amznipkindle-20&linkId=551706601a1080104e2dbb0e17826f96
amazonelasticache.com,200,,https://aws.amazon.com/
amazonelasticache.info,200,,https://aws.amazon.com/
amazonelasticache.net,200,,https://aws.amazon.com/
amazonelasticache.org,200,,https://aws.amazon.com/
amazonelasticblockstore.fr,200,,https://aws.amazon.com/
amazonelasticblockstore.it,200,,https://aws.amazon.com/
amazonelection.com,200,,https://www.amazon.com/ref=as_li_ss_tl?_encoding=UTF8&camp=1789&creative=390957&linkCode=ur2&tag=amznipops-20&linkId=VETEOIMPO7O4WRWZ
amazonelectronicgifting.com,200,,https://www.amazon.com/ref=as_li_ss_tl?_encoding=UTF8&camp=1789&creative=390957&linkCode=ur2&tag=amznipops-20&linkId=VETEOIMPO7O4WRWZ
amazonelectronics.info,200,,https://www.amazon.com/ref=as_li_ss_tl?ie=UTF8&linkCode=sl2&tag=amznipops-20&linkId=ef33ef1998890bd8a89ba9c3007fa6cd
amazonelectronics.net,200,,https://www.amazon.com/ref=as_li_ss_tl?_encoding=UTF8&camp=1789&creative=390957&linkCode=ur2&tag=amznipops-20&linkId=VETEOIMPO7O4WRWZ
amazonelectronics.org,200,,https://www.amazon.com/ref=as_li_ss_tl?ie=UTF8&linkCode=sl2&tag=amznipops-20&linkId=ef33ef1998890bd8a89ba9c3007fa6cd
amazonelementals.com,200,,https://www.amazon.com/ref=as_li_ss_tl?_encoding=UTF8&camp=1789&creative=390957&linkCode=ur2&tag=amznipops-20&linkId=VETEOIMPO7O4WRWZ
amazonelements.at,200,,https://www.amazon.com/stores/page/8D4A4673-9AD7-4EAD-AA11-64046D479AF4
amazonelements.fr,200,,https://www.amazon.com/stores/page/8D4A4673-9AD7-4EAD-AA11-64046D479AF4
amazonelettronica.it,200,,https://www.amazon.it/
amazonellipsis.com,200,,https://www.amazon.com/ref=as_li_ss_tl?_encoding=UTF8&camp=1789&creative=390957&linkCode=ur2&tag=amznipops-20&linkId=VETEOIMPO7O4WRWZ
amazonemail.com,200,200,https://www.amazon.com/ap/signin?openid.pape.max_auth_age=3600&openid.return_to=https%3A%2F%2Fwww.amazon.com%2Fpreferences%2Fsubscriptions%2Fyour-subscriptions%2Fbrowse-all-subscriptions%2F%3Fref%3Dsd_allcatpop_gss%2F&openid.identity=http%3A%2F%2Fspecs.openid.net%2Fauth%2F2.0%2Fidentifier_select&openid.assoc_handle=outbound_comm_preferences_us&openid.mode=checkid_setup&language=en_US&openid.claimed_id=http%3A%2F%2Fspecs.openid.net%2Fauth%2F2.0%2Fidentifier_select&pageId=loginCheckout-outbound_comm_preferences_us&openid.ns=http%3A%2F%2Fspecs.openid.net%2Fauth%2F2.0
amazonemail.info,200,,https://www.amazon.com/ref=as_li_ss_tl?_encoding=UTF8&camp=1789&creative=390957&linkCode=ur2&tag=amznipops-20&linkId=VETEOIMPO7O4WRWZ
amazonemail.net,200,,https://www.amazon.com/ref=as_li_ss_tl?_encoding=UTF8&camp=1789&creative=390957&linkCode=ur2&tag=amznipops-20&linkId=VETEOIMPO7O4WRWZ
amazonemails.com,200,,https://www.amazon.com/ref=as_li_ss_tl?ie=UTF8&linkCode=sl2&tag=amznipops-20&linkId=ef33ef1998890bd8a89ba9c3007fa6cd
amazonemberartlinetv.com,200,,
amazonemobilepayments.com,200,,https://www.amazon.com/ref=as_li_ss_tl?ie=UTF8&linkCode=sl2&tag=amznipops-20&linkId=ef33ef1998890bd8a89ba9c3007fa6cd
amazonemployees.com,200,,https://www.amazon.com/ref=as_li_ss_tl?_encoding=UTF8&camp=1789&creative=390957&linkCode=ur2&tag=amznipops-20&linkId=VETEOIMPO7O4WRWZ
amazonencore.biz,200,,https://amazonpublishing.amazon.com/
amazonencore.fr,202,,https://www.amazon.fr/
amazonencore.info,200,,https://amazonpublishing.amazon.com/
amazonencore.me,200,,https://www.aboutamazon.eu/
amazonencore.net,200,,https://amazonpublishing.amazon.com/
amazonencore.org,200,,https://amazonpublishing.amazon.com/
amazonencorebooks.com,200,,https://www.amazon.com/b/ref=as_li_ss_tl?ie=UTF8&node=283155&linkCode=sl2&tag=amznipbooks-20&linkId=d2297f1243b98eb7b649753d564b15f1
amazonencoreedition.com,200,,https://amazonpublishing.amazon.com/
amazonenecuador.com,200,,https://www.amazon.com/ref=as_li_ss_tl?_encoding=UTF8&camp=1789&creative=390957&linkCode=ur2&tag=amznipops-20&linkId=VETEOIMPO7O4WRWZ
amazonengineering.com,200,,https://www.amazon.com/ref=as_li_ss_tl?_encoding=UTF8&camp=1789&creative=390957&linkCode=ur2&tag=amznipops-20&linkId=VETEOIMPO7O4WRWZ
amazonenmexico.com,202,202,https://www.amazon.com.mx:443/
amazonepn.com,200,,https://www.amazon.com/ref=as_li_ss_tl?_encoding=UTF8&camp=1789&creative=390957&linkCode=ur2&tag=amznipops-20&linkId=VETEOIMPO7O4WRWZ
amazonereader.info,200,,https://www.amazon.com/ref=as_li_ss_tl?_encoding=UTF8&camp=1789&creative=390957&linkCode=ur2&tag=amznipops-20&linkId=VETEOIMPO7O4WRWZ
amazones.fr,200,,https://www.amazon.fr/
amazonese.com,202,202,https://www.amazon.com:443/
amazonesecure.com,200,,https://www.amazon.com/ref=as_li_ss_tl?_encoding=UTF8&camp=1789&creative=390957&linkCode=ur2&tag=amznipops-20&linkId=VETEOIMPO7O4WRWZ
amazoneshop.com,200,,https://www.amazon.com/ref=as_li_ss_tl?ie=UTF8&linkCode=sl2&tag=amznipops-20&linkId=07057771cdf5019fb44a6e88c747a894
amazonespanol.info,200,,https://www.amazon.com/ref=as_li_ss_tl?ie=UTF8&linkCode=sl2&tag=amznipops-20&linkId=ef33ef1998890bd8a89ba9c3007fa6cd
amazonest.com,200,,https://www.amazon.com/ref=as_li_ss_tl?_encoding=UTF8&camp=1789&creative=390957&linkCode=ur2&tag=amznipops-20&linkId=VETEOIMPO7O4WRWZ
amazonews.net,200,,https://www.amazon.com/ref=as_li_ss_tl?_encoding=UTF8&camp=1789&creative=390957&linkCode=ur2&tag=amznipops-20&linkId=VETEOIMPO7O4WRWZ
amazonex.com,202,202,https://www.amazon.com:443/
amazonexclusive.fr,202,,https://www.amazon.fr/
amazonexclusive.it,200,,https://www.amazon.it/
amazonexclusives.fr,202,,https://www.amazon.fr/
amazonexclusives.it,200,,https://www.amazon.it/
amazonexclusivesdeals.com,200,,https://www.amazon.com/ref=as_li_ss_tl?_encoding=UTF8&camp=1789&creative=390957&linkCode=ur2&tag=amznipops-20&linkId=VETEOIMPO7O4WRWZ
amazonexecutivepartnersummit.com,200,,
amazonexpress.info,200,,https://www.amazon.com/ref=as_li_ss_tl?_encoding=UTF8&camp=1789&creative=390957&linkCode=ur2&tag=amznipops-20&linkId=VETEOIMPO7O4WRWZ
amazonexpressdelivery.com,200,,https://www.amazon.com/ref=as_li_ss_tl?_encoding=UTF8&camp=1789&creative=390957&linkCode=ur2&tag=amznipops-20&linkId=VETEOIMPO7O4WRWZ
amazoneyetrack.com,200,,https://www.amazon.com/dp/B00OC0USA6
amazoneyetracking.com,200,,https://www.amazon.com/dp/B00OC0USA6
amazonfabric.at,202,,https://www.amazon.de/
amazonfabric.co.at,200,,https://www.amazon.de/
amazonfabric.com,200,,https://www.amazon.com/ref=as_li_ss_tl?_encoding=UTF8&camp=1789&creative=390957&linkCode=ur2&tag=amznipops-20&linkId=VETEOIMPO7O4WRWZ
amazonfabric.fr,202,,https://www.amazon.fr/
amazonfabric.info,200,,https://www.amazon.com/ref=as_li_ss_tl?_encoding=UTF8&camp=1789&creative=390957&linkCode=ur2&tag=amznipops-20&linkId=VETEOIMPO7O4WRWZ
amazonfabric.it,200,,https://www.amazon.it/
amazonfabric.net,200,,https://www.amazon.com/ref=as_li_ss_tl?_encoding=UTF8&camp=1789&creative=390957&linkCode=ur2&tag=amznipops-20&linkId=VETEOIMPO7O4WRWZ
amazonfabric.org,200,,https://www.amazon.com/ref=as_li_ss_tl?_encoding=UTF8&camp=1789&creative=390957&linkCode=ur2&tag=amznipops-20&linkId=VETEOIMPO7O4WRWZ
amazonfabrics.at,200,,https://www.amazon.de/
amazonfabrics.com,200,,https://www.amazon.com/ref=as_li_ss_tl?_encoding=UTF8&camp=1789&creative=390957&linkCode=ur2&tag=amznipops-20&linkId=VETEOIMPO7O4WRWZ
amazonfabrics.info,200,,https://www.amazon.com/ref=as_li_ss_tl?_encoding=UTF8&camp=1789&creative=390957&linkCode=ur2&tag=amznipops-20&linkId=VETEOIMPO7O4WRWZ
amazonfabrics.net,200,,https://www.amazon.com/ref=as_li_ss_tl?_encoding=UTF8&camp=1789&creative=390957&linkCode=ur2&tag=amznipops-20&linkId=VETEOIMPO7O4WRWZ
amazonfabrics.org,200,,https://www.amazon.com/ref=as_li_ss_tl?_encoding=UTF8&camp=1789&creative=390957&linkCode=ur2&tag=amznipops-20&linkId=VETEOIMPO7O4WRWZ
amazonfan.com,200,,https://www.amazon.com/ref=as_li_ss_tl?_encoding=UTF8&camp=1789&creative=390957&linkCode=ur2&tag=amznipops-20&linkId=VETEOIMPO7O4WRWZ
amazonfan.net,200,,https://www.amazon.com/ref=as_li_ss_tl?_encoding=UTF8&camp=1789&creative=390957&linkCode=ur2&tag=amznipops-20&linkId=VETEOIMPO7O4WRWZ
amazonfashion.com,200,200,https://www.amazon.com/b/ref=fs_xg_xgl_lp_surl?node=7141123011
amazonfashion.fr,202,,https://www.amazon.fr/
amazonfashion.it,200,,https://www.amazon.it/
amazonfba.com,200,,https://www.amazon.com/ref=as_li_ss_tl?_encoding=UTF8&camp=1789&creative=390957&linkCode=ur2&tag=amznipops-20&linkId=VETEOIMPO7O4WRWZ
amazonfba.info,200,,https://www.amazon.com/ref=as_li_ss_tl?_encoding=UTF8&camp=1789&creative=390957&linkCode=ur2&tag=amznipops-20&linkId=VETEOIMPO7O4WRWZ
amazonfeedback.com,200,,https://www.amazon.com/ref=as_li_ss_tl?_encoding=UTF8&camp=1789&creative=390957&linkCode=ur2&tag=amznipops-20&linkId=VETEOIMPO7O4WRWZ
amazonfersh.com,200,,https://www.amazon.com:443/alm/storefront?almBrandId=QW1hem9uIEZyZXNo
amazonfilm.com,200,200,https://www.amazon.com:443/dvds-used-hd-action-comedy-oscar/b?ie=UTF8&node=130
amazonfilm.it,200,,https://www.amazon.it/
amazonfilm.net,200,,https://www.amazon.com/ref=as_li_ss_tl?_encoding=UTF8&camp=1789&creative=390957&linkCode=ur2&tag=amznipops-20&linkId=VETEOIMPO7O4WRWZ
amazonfilmmaking.com,200,,https://www.amazon.com/ref=as_li_ss_tl?_encoding=UTF8&camp=1789&creative=390957&linkCode=ur2&tag=amznipops-20&linkId=VETEOIMPO7O4WRWZ
amazonfinance.com,200,,https://www.amazon.com/ref=as_li_ss_tl?_encoding=UTF8&camp=1789&creative=390957&linkCode=ur2&tag=amznipops-20&linkId=VETEOIMPO7O4WRWZ
amazonfinancial.com,200,,https://www.amazon.com/ref=as_li_ss_tl?_encoding=UTF8&camp=1789&creative=390957&linkCode=ur2&tag=amznipops-20&linkId=VETEOIMPO7O4WRWZ
amazonfind.com,200,,https://www.amazon.com/ref=as_li_ss_tl?_encoding=UTF8&camp=1789&creative=390957&linkCode=ur2&tag=amznipops-20&linkId=VETEOIMPO7O4WRWZ
amazonfinds.com,200,,https://www.amazon.com/ref=as_li_ss_tl?ie=UTF8&linkCode=sl2&tag=amznipops-20&linkId=ef33ef1998890bd8a89ba9c3007fa6cd
amazonfine.art,200,,https://www.amazon.com/b?ie=UTF8&node=6685269011&tag=art_mag-20&ref_=art_mag
amazonfinejewelry.net,200,200,https://www.amazon.com:443/jewelry-watches-engagements-rings-diamonds/b?ie=UTF8&node=3367581
amazonfire-tv.info,200,,https://www.amazon.com/b/ref=ods_dom_smp?node=8521791011
amazonfire.at,200,,https://www.amazon.de/
amazonfire.co.at,200,,https://www.amazon.de/
amazonfire.fr,202,,https://www.amazon.fr/
amazonfire.info,200,,https://www.amazon.com/dp/B00KC6I06S
amazonfire.it,200,,https://www.amazon.it/
amazonfire.mobi,200,,https://www.amazon.com/ref=as_li_ss_tl?_encoding=UTF8&camp=1789&creative=390957&linkCode=ur2&tag=amznipops-20&linkId=VETEOIMPO7O4WRWZ
amazonfire.net,200,,https://www.amazon.com/ref=as_li_ss_tl?ie=UTF8&linkCode=sl2&tag=amznipops-20&linkId=ef33ef1998890bd8a89ba9c3007fa6cd
amazonfire.org,200,,https://www.amazon.com/dp/B00KC6I06S
amazonfirecase.com,200,,https://www.amazon.com/ref=as_li_ss_tl?ie=UTF8&linkCode=sl2&tag=amznipops-20&linkId=ef33ef1998890bd8a89ba9c3007fa6cd
amazonfirecube.ae,202,,https://www.amazon.com/
amazonfirecube.at,200,,https://www.amazon.de/
amazonfirecube.fr,202,,https://www.amazon.fr/
amazonfirecube.info,200,,https://www.amazon.com/dp/B09BZZ3MM7?ref-ods_surl_ge
amazonfirecube.it,200,,https://www.amazon.it/
amazonfirefly.com,200,,https://www.amazon.com/dp/B00EOE0WKQ
amazonfirehd.at,200,,https://www.amazon.de/
amazonfirehd.com,200,,https://www.amazon.com/b/ref=as_li_ss_tl?&node=6669703011&linkCode=sl2&tag=amznipdevice-20&linkId=b346db77eadf5ac338f5410cc2a35977
amazonfirehd.fr,202,,https://www.amazon.fr/
amazonfirehd.it,200,,https://www.amazon.it/
amazonfirehd.net,200,,https://www.amazon.com/b/ref=as_li_ss_tl?&node=6669703011&linkCode=sl2&tag=amznipdevice-20&linkId=b346db77eadf5ac338f5410cc2a35977
amazonfirehd10.com,200,,https://www.amazon.com/dp/B08BX7FV5L
amazonfirehd10kidspro.com,200,,https://www.amazon.com:443/dp/B0BL6DCNGR?ref=ods_surl_tgnsten_mer
amazonfirehd10plus.com,200,,https://www.amazon.com/dp/B08F6FYN6B
amazonfirehd10plus.info,200,,https://www.amazon.com/dp/B08F6FYN6B
amazonfirehd10plus.net,200,,https://www.amazon.com/dp/B08F6FYN6B
amazonfirehd10plus.org,200,,https://www.amazon.com/dp/B08F6FYN6B
amazonfiremax.info,200,,https://www.amazon.com/dp/B0B1VQ1ZQY/ref=ods_surl_stne
amazonfiremax11.com,200,,https://www.amazon.com/dp/B0B1VQ1ZQY/ref=ods_surl_stne
amazonfiremax11.info,200,,https://www.amazon.com/dp/B0B1VQ1ZQY/ref=ods_surl_stne
amazonfiremax11.net,200,,https://www.amazon.com/dp/B0B1VQ1ZQY/ref=ods_surl_stne
amazonfiremax11.org,200,,https://www.amazon.com/dp/B0B1VQ1ZQY/ref=ods_surl_stne
amazonfiremax11.xyz,200,,https://www.amazon.com/dp/B0B1VQ1ZQY/ref=ods_surl_stne
amazonfirephone.com,200,,https://www.amazon.com/b/ref=as_li_ss_tl?node=2102313011&linkCode=sl2&tag=amznipdevice-20&linkId=50dfab05edf5ab113c2734ea9070a381
amazonfirereview.info,200,,https://www.amazon.com/dp/B00KC6I06S
amazonfirestore.info,200,,https://www.amazon.com/ref=as_li_ss_tl?ie=UTF8&linkCode=sl2&tag=amznipops-20&linkId=ef33ef1998890bd8a89ba9c3007fa6cd
amazonfiretablet.info,200,,https://www.amazon.com/ref=as_li_ss_tl?ie=UTF8&linkCode=sl2&tag=amznipops-20&linkId=ef33ef1998890bd8a89ba9c3007fa6cd
amazonfiretube.com,200,,https://www.amazon.com/dp/B09BZZ3MM7?ref-ods_surl_ge
amazonfiretv.com,200,200,https://www.amazon.com/firetv/
amazonfiretv.info,200,,https://www.amazon.com/gp/product/B00U3FPN4U/ref=as_li_tl?ie=UTF8&camp=1789&creative=9325&creativeASIN=B00U3FPN4U&linkCode=as2&tag=amznipdevice-20&linkId=RG7XPOBHEYFTKMCD
amazonfiretv.mobi,200,,https://www.amazon.com/b/ref=ods_dom_smp?node=8521791011
amazonfiretv.net,200,,https://www.amazon.com/b/ref=ods_dom_smp?node=8521791011
amazonfiretv.org,200,,https://www.amazon.com/gp/product/B00U3FPN4U/ref=as_li_tl?ie=UTF8&camp=1789&creative=9325&creativeASIN=B00U3FPN4U&linkCode=as2&tag=amznipdevice-20&linkId=RG7XPOBHEYFTKMCD
amazonfiretv.tube,200,,https://www.amazon.com/b/ref=ods_dom_smp?node=8521791011
amazonfiretvblaster.icu,200,,https://www.amazon.com/dp/B075F9PYGR
amazonfiretvedition.co.in,200,,https://www.amazon.in/b/ref=s9_acss_bw_cg_SIGNBOLP_5a1_w?node=22817284031
amazonfiretvedition.com,200,,https://www.amazon.com/b/ref=s9_acss_bw_sc_FTVCPht_ar_s4_w?node=18067453011
amazonfiretvstick.at,200,,https://www.amazon.de/dp/B00KAKPZYG
amazonfiretvstick.co.at,200,,https://www.amazon.de/dp/B00KAKPZYG
amazonfiretvstick.com,200,,https://www.amazon.com/dp/B0791TX5P5
amazonfiretvstick.fr,200,,https://www.amazon.com/dp/B00GDQ0RMG
amazonfiretvstick.info,200,,https://www.amazon.com/dp/B0791TX5P5
amazonfiretvstick.net,200,,https://www.amazon.com/dp/B0791TX5P5
amazonfiretvstick.org,200,,https://www.amazon.com/dp/B0791TX5P5
amazonfiretvstick.ru,200,,https://www.amazon.com/dp/B00GDQ0RMG
amazonflagship.com,200,,https://www.amazon.com/ref=as_li_ss_tl?_encoding=UTF8&camp=1789&creative=390957&linkCode=ur2&tag=amznipops-20&linkId=VETEOIMPO7O4WRWZ
amazonflame.com,200,,https://www.amazon.com/ref=as_li_ss_tl?_encoding=UTF8&camp=1789&creative=390957&linkCode=ur2&tag=amznipops-20&linkId=VETEOIMPO7O4WRWZ
amazonflex.com,200,200,https://flex.amazon.com:443/
amazonflex.fr,202,,https://www.amazon.fr/
amazonflex.it,200,,https://www.amazon.it/
amazonflex.net,200,,https://www.amazon.com/ref=as_li_ss_tl?_encoding=UTF8&camp=1789&creative=390957&linkCode=ur2&tag=amznipops-20&linkId=VETEOIMPO7O4WRWZ
amazonflights.com,200,,https://www.amazon.com/ref=as_li_ss_tl?_encoding=UTF8&camp=1789&creative=390957&linkCode=ur2&tag=amznipops-20&linkId=VETEOIMPO7O4WRWZ
amazonflow.at,200,,https://www.amazon.de/
amazonflow.com,200,,https://www.amazon.com/ref=as_li_ss_tl?_encoding=UTF8&camp=1789&creative=390957&linkCode=ur2&tag=amznipops-20&linkId=VETEOIMPO7O4WRWZ
amazonflow.fr,202,,https://www.amazon.fr/
amazonflow.info,200,,https://www.amazon.com/ref=as_li_ss_tl?ie=UTF8&linkCode=sl2&tag=amznipops-20&linkId=ef33ef1998890bd8a89ba9c3007fa6cd
amazonflow.it,200,,https://www.amazon.it/
amazonflow.net,200,,https://www.amazon.com/ref=as_li_ss_tl?ie=UTF8&linkCode=sl2&tag=amznipops-20&linkId=ef33ef1998890bd8a89ba9c3007fa6cd
amazonflow.org,200,,https://www.amazon.com/ref=as_li_ss_tl?ie=UTF8&linkCode=sl2&tag=amznipops-20&linkId=ef33ef1998890bd8a89ba9c3007fa6cd
amazonflowapp.com,200,,https://www.amazon.com/ref=as_li_ss_tl?_encoding=UTF8&camp=1789&creative=390957&linkCode=ur2&tag=amznipops-20&linkId=VETEOIMPO7O4WRWZ
amazonfm.com,200,200,https://www.amazon.com:443/audio-video-portable-accessories/b?ie=UTF8&node=1065836
amazonfoods.info,200,,https://www.amazon.com:443/alm/storefront?almBrandId=QW1hem9uIEZyZXNo
amazonfoods.net,200,,https://www.amazon.com:443/alm/storefront?almBrandId=QW1hem9uIEZyZXNo
amazonfoods.org,200,,https://www.amazon.com:443/alm/storefront?almBrandId=QW1hem9uIEZyZXNo
amazonforandroid.com,200,,https://www.amazon.com/ref=as_li_ss_tl?_encoding=UTF8&camp=1789&creative=390957&linkCode=ur2&tag=amznipops-20&linkId=VETEOIMPO7O4WRWZ
amazonforchristmas.com,200,,https://www.amazon.com/ref=as_li_ss_tl?ie=UTF8&linkCode=sl2&tag=amznipops-20&linkId=ef33ef1998890bd8a89ba9c3007fa6cd
amazonforkindle.com,200,,https://www.amazon.com/ref=as_li_ss_tl?ie=UTF8&linkCode=sl2&tag=amznipops-20&linkId=ef33ef1998890bd8a89ba9c3007fa6cd
amazonfoundation.net,200,,https://www.amazon.com/ref=as_li_ss_tl?_encoding=UTF8&camp=1789&creative=390957&linkCode=ur2&tag=amznipops-20&linkId=VETEOIMPO7O4WRWZ
amazonfps.com,200,,https://www.amazon.com/ref=as_li_ss_tl?ie=UTF8&linkCode=sl2&tag=amznipops-20&linkId=07057771cdf5019fb44a6e88c747a894
amazonfps.info,200,,https://www.amazon.com/ref=as_li_ss_tl?ie=UTF8&linkCode=sl2&tag=amznipops-20&linkId=07057771cdf5019fb44a6e88c747a894
amazonfps.net,200,,https://www.amazon.com/ref=as_li_ss_tl?_encoding=UTF8&camp=1789&creative=390957&linkCode=ur2&tag=amznipops-20&linkId=VETEOIMPO7O4WRWZ
amazonfps.org,200,,https://www.amazon.com/ref=as_li_ss_tl?ie=UTF8&linkCode=sl2&tag=amznipops-20&linkId=07057771cdf5019fb44a6e88c747a894
amazonfr.info,200,,https://www.amazon.com/ref=as_li_ss_tl?ie=UTF8&linkCode=sl2&tag=amznipops-20&linkId=07057771cdf5019fb44a6e88c747a894
amazonframe.com,200,,https://www.amazon.com/ref=as_li_ss_tl?_encoding=UTF8&camp=1789&creative=390957&linkCode=ur2&tag=amznipops-20&linkId=VETEOIMPO7O4WRWZ
amazonframes.com,200,,https://www.amazon.com/ref=as_li_ss_tl?ie=UTF8&linkCode=sl2&tag=amznipops-20&linkId=ef33ef1998890bd8a89ba9c3007fa6cd
amazonfree.com,200,,https://www.amazon.com/ref=as_li_ss_tl?_encoding=UTF8&camp=1789&creative=390957&linkCode=ur2&tag=amznipops-20&linkId=VETEOIMPO7O4WRWZ
amazonfreebooks.net,200,,https://www.amazon.com/b/ref=as_li_ss_tl?ie=UTF8&node=283155&linkCode=sl2&tag=amznipbooks-20&linkId=d2297f1243b98eb7b649753d564b15f1
amazonfreegiftcards.com,200,,https://www.amazon.com/ref=as_li_ss_tl?_encoding=UTF8&camp=1789&creative=390957&linkCode=ur2&tag=amznipops-20&linkId=VETEOIMPO7O4WRWZ
amazonfreeshipcodes.info,200,,https://www.amazon.com/ref=as_li_ss_tl?_encoding=UTF8&camp=1789&creative=390957&linkCode=ur2&tag=amznipops-20&linkId=VETEOIMPO7O4WRWZ
amazonfreeshipcoupons.info,200,,https://www.amazon.com/ref=as_li_ss_tl?_encoding=UTF8&camp=1789&creative=390957&linkCode=ur2&tag=amznipops-20&linkId=VETEOIMPO7O4WRWZ
amazonfreetime.com,200,,https://www.amazon.com/ref=as_li_ss_tl?_encoding=UTF8&camp=1789&creative=390957&linkCode=ur2&tag=amznipops-20&linkId=VETEOIMPO7O4WRWZ
amazonfreevee.com,200,,https://www.amazon.com/gp/video/storefront/?contentType=subscription&contentId=freewithads&benefitId=freewithads
amazonfrehs.com,200,,https://www.amazon.com:443/alm/storefront?almBrandId=QW1hem9uIEZyZXNo
amazonfres.com,200,,https://www.amazon.com:443/alm/storefront?almBrandId=QW1hem9uIEZyZXNo
amazonfresh.club,200,,https://www.amazon.com/ref=as_li_ss_tl?ie=UTF8&linkCode=sl2&tag=amznipops-20&linkId=07057771cdf5019fb44a6e88c747a894
amazonfresh.com,200,503,https://www.amazon.com:443/alm/storefront?almBrandId=QW1hem9uIEZyZXNo
amazonfresh.fr,202,,https://www.amazon.fr/
amazonfresh.nyc,200,,https://www.amazon.com:443/alm/storefront?almBrandId=QW1hem9uIEZyZXNo
amazonfresh.online,200,,https://www.amazon.com:443/alm/storefront?almBrandId=QW1hem9uIEZyZXNo
amazonfresh.xyz,200,,https://www.amazon.com:443/alm/storefront?almBrandId=QW1hem9uIEZyZXNo
amazonfreshbag.com,200,,https://www.amazon.com:443/alm/storefront?almBrandId=QW1hem9uIEZyZXNo
amazonfreshdelivers.com,200,,https://www.amazon.com:443/alm/storefront?almBrandId=QW1hem9uIEZyZXNo
amazonfreshfood.info,200,,https://www.amazon.com:443/alm/storefront?almBrandId=QW1hem9uIEZyZXNo
amazonfreshl.com,200,,https://www.amazon.com:443/alm/storefront?almBrandId=QW1hem9uIEZyZXNo
amazonfreshproduce.com,200,,https://www.amazon.com:443/alm/storefront?almBrandId=QW1hem9uIEZyZXNo
amazonfreshsanfrancisco.com,200,,https://www.amazon.com:443/alm/storefront?almBrandId=QW1hem9uIEZyZXNo
amazonfreshshop.com,200,,https://www.amazon.com:443/alm/storefront?almBrandId=QW1hem9uIEZyZXNo
amazonfrontrow.com,200,200,https://amazonfrontrow.com/
amazonfulfillment.com,200,,https://sell.amazon.com/
amazonfulfillment.fr,202,,https://www.amazon.fr/
amazonfulfillment.it,200,,https://www.amazon.it/
amazonfulfillmentcareers.com,200,,https://hiring.amazon.com/
amazonfulfillmentcareers.fr,202,,https://www.amazon.fr/
amazonfulfillmentcareers.it,200,,https://www.amazon.it/
amazonfunds.com,200,,https://www.amazon.com/ref=as_li_ss_tl?_encoding=UTF8&camp=1789&creative=390957&linkCode=ur2&tag=amznipops-20&linkId=VETEOIMPO7O4WRWZ
amazonfurnishing.com,200,,https://www.amazon.com/ref=as_li_ss_tl?ie=UTF8&linkCode=sl2&tag=amznipops-20&linkId=ef33ef1998890bd8a89ba9c3007fa6cd
amazonfurniture.com,200,200,https://www.amazon.com:443/furniture-decor-dining-bedroom-patio/b?ie=UTF8&node=1057794
amazonfuse.at,200,,https://www.amazonfuse.com/
amazonfuse.com,200,200,https://amazonfuse.com/
amazonfuse.fr,200,,https://www.amazonfuse.com/
amazonfuse.it,200,,https://www.amazonfuse.com/
amazonfutureengineer.at,200,200,https://www.amazonfutureengineer.de/
amazonfutureengineer.com,200,200,https://www.amazonfutureengineer.com/
amazong.com,202,202,https://www.amazon.com:443/
amazongadget.com,200,,https://www.amazon.com/ref=as_li_ss_tl?_encoding=UTF8&camp=1789&creative=390957&linkCode=ur2&tag=amznipops-20&linkId=VETEOIMPO7O4WRWZ
amazongadgets.com,200,,https://www.amazon.com/ref=as_li_ss_tl?_encoding=UTF8&camp=1789&creative=390957&linkCode=ur2&tag=amznipops-20&linkId=VETEOIMPO7O4WRWZ
amazongadgets.info,200,200,https://www.amazon.com:443/home-garden-kitchen-housewares-outdoor/b?ie=UTF8&node=1055398
amazongalaxy.com,200,,https://www.amazon.com/ref=as_li_ss_tl?ie=UTF8&linkCode=sl2&tag=amznipops-20&linkId=07057771cdf5019fb44a6e88c747a894
amazongalore.com,200,,https://www.amazon.com/ref=as_li_ss_tl?_encoding=UTF8&camp=1789&creative=390957&linkCode=ur2&tag=amznipops-20&linkId=VETEOIMPO7O4WRWZ
amazongame.com,200,200,https://www.amazon.com:443/computer-video-games-hardware-accessories/b?ie=UTF8&node=468642
amazongamecircle.com,200,,https://www.amazon.com/b/ref=as_li_ss_tl?node=468642&linkCode=sl2&tag=amznipgames-20&linkId=fd3bac3fe48bdfca06f38ab4d44596f2
amazongamedev.at,200,,https://aws.amazon.com/gametech/
amazongamedev.com,200,200,https://aws.amazon.com:443/gametech/
amazongamedev.fr,200,,https://aws.amazon.com/gametech/
amazongamedev.info,200,,https://aws.amazon.com/gametech/
amazongamedev.it,200,,https://aws.amazon.com/gametech/
amazongamedev.net,200,,https://aws.amazon.com/gametech/
amazongamedev.org,200,,https://aws.amazon.com/gametech/
amazongamelift.at,200,,https://aws.amazon.com/gamelift/
amazongamelift.fr,200,,https://aws.amazon.com/gamelift/
amazongamelift.info,200,,https://aws.amazon.com/gamelift/
amazongamelift.it,200,,https://aws.amazon.com/gamelift/
amazongamelift.net,200,,https://aws.amazon.com/gamelift/
amazongamelift.org,200,,https://aws.amazon.com/gamelift/
amazongames.com,200,200,https://www.amazongamestudios.com/en-us
amazongames.fr,202,,https://www.amazon.fr/
amazongames.info,200,,https://www.amazon.com/b/ref=as_li_ss_tl?node=468642&linkCode=sl2&tag=amznipgames-20&linkId=fd3bac3fe48bdfca06f38ab4d44596f2
amazongames.it,200,,https://www.amazon.it/
amazongamesales.com,200,,https://www.amazon.com/b/ref=as_li_ss_tl?node=468642&linkCode=sl2&tag=amznipgames-20&linkId=fd3bac3fe48bdfca06f38ab4d44596f2
amazongameservices.at,200,,https://www.amazon.de/
amazongameservices.co.at,200,,https://www.amazon.de/
amazongameservices.com,200,,https://www.amazon.com/b/ref=as_li_ss_tl?node=468642&linkCode=sl2&tag=amznipgames-20&linkId=fd3bac3fe48bdfca06f38ab4d44596f2
amazongameservices.fr,202,,https://www.amazon.fr/
amazongameservices.it,200,,https://www.amazon.it/
amazongameservices.net,200,,https://www.amazon.com/b/ref=as_li_ss_tl?node=468642&linkCode=sl2&tag=amznipgames-20&linkId=fd3bac3fe48bdfca06f38ab4d44596f2
amazongameservices.org,200,,https://www.amazon.com/b/ref=as_li_ss_tl?node=468642&linkCode=sl2&tag=amznipgames-20&linkId=fd3bac3fe48bdfca06f38ab4d44596f2
amazongamesondemand.com,200,,https://www.amazon.com/b/ref=as_li_ss_tl?node=468642&linkCode=sl2&tag=amznipgames-20&linkId=fd3bac3fe48bdfca06f38ab4d44596f2
amazongamesshop.com,200,,https://www.amazon.com/b/ref=as_li_ss_tl?node=468642&linkCode=sl2&tag=amznipgames-20&linkId=fd3bac3fe48bdfca06f38ab4d44596f2
amazongamesstudio.com,200,200,https://games.amazon.com:443/en-us
amazongamesstudios.com,200,200,https://www.amazongamestudios.com/en-us
amazongamestudio.com,200,200,https://games.amazon.com:443/en-us
amazongamestudios.com,200,200,https://www.amazongamestudios.com/en-us
amazongc.info,200,,https://www.amazon.com/ref=as_li_ss_tl?ie=UTF8&linkCode=sl2&tag=amznipops-20&linkId=ef33ef1998890bd8a89ba9c3007fa6cd
amazongear.at,200,,https://www.amazon.de/
amazongear.com,200,200,https://www.amazon.com:443/sporting-goods-apparel-cycling-exercise/b?ie=UTF8&node=3375251
amazongear.fr,202,,https://www.amazon.fr/
amazongear.it,200,,https://www.amazon.it/
amazongeneration.com,200,,https://www.amazon.com/ref=as_li_ss_tl?ie=UTF8&linkCode=sl2&tag=amznipops-20&linkId=ef33ef1998890bd8a89ba9c3007fa6cd
amazongesture.com,200,,https://www.amazon.com/dp/B00OC0USA6
amazongiantsuperstore.info,200,,https://www.amazon.com/ref=as_li_ss_tl?ie=UTF8&linkCode=sl2&tag=amznipops-20&linkId=ef33ef1998890bd8a89ba9c3007fa6cd
amazongift.info,200,,https://www.amazon.com/ref=as_li_ss_tl?_encoding=UTF8&camp=1789&creative=390957&linkCode=ur2&tag=amznipops-20&linkId=VETEOIMPO7O4WRWZ
amazongift.net,200,,https://www.amazon.com/ref=as_li_ss_tl?ie=UTF8&linkCode=sl2&tag=amznipops-20&linkId=ef33ef1998890bd8a89ba9c3007fa6cd
amazongift.org,200,,https://www.amazon.com/ref=as_li_ss_tl?_encoding=UTF8&camp=1789&creative=390957&linkCode=ur2&tag=amznipops-20&linkId=VETEOIMPO7O4WRWZ
amazongiftcard.club,200,,https://www.amazon.com/ref=as_li_ss_tl?ie=UTF8&linkCode=sl2&tag=amznipops-20&linkId=07057771cdf5019fb44a6e88c747a894
amazongiftcard.com,200,,https://www.amazon.com/ref=as_li_ss_tl?_encoding=UTF8&camp=1789&creative=390957&linkCode=ur2&tag=amznipops-20&linkId=VETEOIMPO7O4WRWZ
amazongiftcard.info,200,,https://www.amazon.com/ref=as_li_ss_tl?_encoding=UTF8&camp=1789&creative=390957&linkCode=ur2&tag=amznipops-20&linkId=VETEOIMPO7O4WRWZ
amazongiftcard.net,200,,https://www.amazon.com/ref=as_li_ss_tl?_encoding=UTF8&camp=1789&creative=390957&linkCode=ur2&tag=amznipops-20&linkId=VETEOIMPO7O4WRWZ
amazongiftcardcode.info,200,,https://www.amazon.com/ref=as_li_ss_tl?_encoding=UTF8&camp=1789&creative=390957&linkCode=ur2&tag=amznipops-20&linkId=VETEOIMPO7O4WRWZ
amazongiftcardraffle.info,200,,https://www.amazon.com/ref=as_li_ss_tl?ie=UTF8&linkCode=sl2&tag=amznipops-20&linkId=ef33ef1998890bd8a89ba9c3007fa6cd
amazongiftcards.com,200,,https://www.amazon.com/ref=as_li_ss_tl?_encoding=UTF8&camp=1789&creative=390957&linkCode=ur2&tag=amznipops-20&linkId=VETEOIMPO7O4WRWZ
amazongiftcards.info,200,,https://www.amazon.com/ref=as_li_ss_tl?_encoding=UTF8&camp=1789&creative=390957&linkCode=ur2&tag=amznipops-20&linkId=VETEOIMPO7O4WRWZ
amazongiftcards.net,200,,https://www.amazon.com/ref=as_li_ss_tl?_encoding=UTF8&camp=1789&creative=390957&linkCode=ur2&tag=amznipops-20&linkId=VETEOIMPO7O4WRWZ
amazongiftcards.org,200,,https://www.amazon.com/ref=as_li_ss_tl?_encoding=UTF8&camp=1789&creative=390957&linkCode=ur2&tag=amznipops-20&linkId=VETEOIMPO7O4WRWZ
amazongiftcards4free.com,200,,https://www.amazon.com/ref=as_li_ss_tl?_encoding=UTF8&camp=1789&creative=390957&linkCode=ur2&tag=amznipops-20&linkId=VETEOIMPO7O4WRWZ
amazongiftcardsfree.com,200,,https://www.amazon.com/ref=as_li_ss_tl?ie=UTF8&linkCode=sl2&tag=amznipops-20&linkId=ef33ef1998890bd8a89ba9c3007fa6cd
amazongiftcardus.com,200,,https://www.amazon.com/ref=as_li_ss_tl?_encoding=UTF8&camp=1789&creative=390957&linkCode=ur2&tag=amznipops-20&linkId=VETEOIMPO7O4WRWZ
amazongifts.net,200,,https://www.amazon.com/ref=as_li_ss_tl?_encoding=UTF8&camp=1789&creative=390957&linkCode=ur2&tag=amznipops-20&linkId=VETEOIMPO7O4WRWZ
amazongiftshop.com,200,,https://www.amazon.com/ref=as_li_ss_tl?_encoding=UTF8&camp=1789&creative=390957&linkCode=ur2&tag=amznipops-20&linkId=VETEOIMPO7O4WRWZ
amazongiftshop.info,200,,https://www.amazon.com/ref=as_li_ss_tl?_encoding=UTF8&camp=1789&creative=390957&linkCode=ur2&tag=amznipops-20&linkId=VETEOIMPO7O4WRWZ
amazongiocattoli.it,200,,https://www.amazon.it/
amazongiveaway.com,200,,https://www.amazon.com/ref=as_li_ss_tl?ie=UTF8&linkCode=sl2&tag=amznipops-20&linkId=ef33ef1998890bd8a89ba9c3007fa6cd
amazongiveaway.fr,202,,https://www.amazon.fr/
amazongiveaway.it,200,,https://www.amazon.it/
amazonglacier.at,200,,https://aws.amazon.com/
amazonglacier.fr,200,,https://aws.amazon.com/
amazonglacier.it,200,,https://aws.amazon.com/
amazonglacierarchive.com,200,,https://aws.amazon.com/
amazonglobal.at,200,,https://www.amazon.de/
amazonglobal.co.at,200,,https://www.amazon.de/
amazonglobal.com,200,200,https://www.amazon.com:443/b?ie=UTF8&node=230659011
amazonglobal.fr,202,202,https://www.amazon.fr:443/
amazonglobal.info,200,,https://www.amazon.com/b?ie=UTF8&node=230659011
amazonglobal.it,200,200,https://www.amazon.it:443/
amazonglobal.me,200,,https://www.aboutamazon.eu/
amazonglobal.net,200,,https://www.amazon.com/b?ie=UTF8&node=230659011
amazonglobal.org,200,,https://www.amazon.com/b?ie=UTF8&node=230659011
amazonglobalselling.co.at,200,,https://www.amazon.de/
amazonglobalselling.fr,202,,https://www.amazon.fr/
amazonglobalselling.it,200,,https://www.amazon.it/
amazonglow.com,200,,https://www.amazon.com/dp/B09DWNZQYM?ref_=ods_surl_ja
amazongo.at,200,,https://www.amazon.com/b?node=16008589011
amazongo.co.at,200,,https://www.amazon.com/b?node=16008589011
amazongo.com,200,,https://www.amazon.com/b/ref=as_li_ss_tl?node=16008589011&linkCode=sl2&tag=amazongocom-20&linkId=c841edfd203d324d466de59b6d7febca
amazongo.cr,200,,https://www.amazon.com/b?node=16008589011
amazongo.fr,200,,https://www.amazon.com/b?node=16008589011
amazongo.info,200,,https://www.amazon.com/ref=as_li_ss_tl?ie=UTF8&linkCode=sl2&tag=amznipops-20&linkId=ef33ef1998890bd8a89ba9c3007fa6cd
amazongo.it,200,,https://www.amazon.com/b?node=16008589011
amazongo.online,200,,https://www.amazon.com/b?node=16008589011
amazongo.org,200,,https://www.amazon.com/ref=as_li_ss_tl?_encoding=UTF8&camp=1789&creative=390957&linkCode=ur2&tag=amznipops-20&linkId=VETEOIMPO7O4WRWZ
amazongo.xyz,200,,https://www.amazon.com/b?node=16008589011
amazongogrocery.at,200,,https://www.amazon.com/b?node=16008589011
amazongogrocery.fr,200,,https://www.amazon.com/b?node=16008589011
amazongogrocery.it,200,,https://www.amazon.com/b?node=16008589011
amazongold.net,200,,https://www.amazon.com/ref=as_li_ss_tl?_encoding=UTF8&camp=1789&creative=390957&linkCode=ur2&tag=amznipops-20&linkId=VETEOIMPO7O4WRWZ
amazongoldbox.com,200,,https://www.amazon.com/events/memorialdaysale
amazongoldbox.fr,202,,https://www.amazon.fr/
amazongoldbox.info,200,,https://www.amazon.com/ref=as_li_ss_tl?ie=UTF8&linkCode=sl2&tag=amznipops-20&linkId=ef33ef1998890bd8a89ba9c3007fa6cd
amazongoldbox.it,200,,https://www.amazon.it/
amazongoldbox.org,200,,https://www.amazon.com/ref=as_li_ss_tl?ie=UTF8&linkCode=sl2&tag=amznipops-20&linkId=ef33ef1998890bd8a89ba9c3007fa6cd
amazongoldlimited.com,200,,https://www.amazon.com/ref=as_li_ss_tl?_encoding=UTF8&camp=1789&creative=390957&linkCode=ur2&tag=amznipops-20&linkId=VETEOIMPO7O4WRWZ
amazongonzo.com,200,,https://www.amazon.com/ref=as_li_ss_tl?_encoding=UTF8&camp=1789&creative=390957&linkCode=ur2&tag=amznipops-20&linkId=VETEOIMPO7O4WRWZ
amazongoodreads.com,200,,https://www.goodreads.com/
amazongoodreads.net,200,,https://www.goodreads.com/
amazongourmetfood.net,200,200,https://www.amazon.com:443/grocery-breakfast-foods-snacks-organic/b?ie=UTF8&node=16310101
amazongovcloud.com,200,,https://aws.amazon.com/
amazongps.com,200,,https://www.amazon.com/ref=as_li_ss_tl?_encoding=UTF8&camp=1789&creative=390957&linkCode=ur2&tag=amznipops-20&linkId=VETEOIMPO7O4WRWZ
amazongreatindianindependencesale.in,202,,https://www.amazon.in/
amazongreatindianrepublicsale.in,202,,https://www.amazon.in/
amazongreen.fr,202,,https://www.amazon.fr/
amazongreen.info,200,,https://www.amazon.com/ref=as_li_ss_tl?ie=UTF8&linkCode=sl2&tag=amznipops-20&linkId=07057771cdf5019fb44a6e88c747a894
amazongreen.net,200,,https://www.amazon.com/ref=as_li_ss_tl?_encoding=UTF8&camp=1789&creative=390957&linkCode=ur2&tag=amznipops-20&linkId=VETEOIMPO7O4WRWZ
amazongreen.org,200,,https://www.amazon.com/ref=as_li_ss_tl?_encoding=UTF8&camp=1789&creative=390957&linkCode=ur2&tag=amznipops-20&linkId=VETEOIMPO7O4WRWZ
amazongreengrass.com,200,,https://aws.amazon.com/greengrass/?nc2=h_iot
amazongresh.com,200,,https://www.amazon.com:443/alm/storefront?almBrandId=QW1hem9uIEZyZXNo
amazongrocery.at,200,,https://www.amazon.com/b?node=16008589011
amazongrocery.com,200,200,https://www.amazon.com:443/grocery-breakfast-foods-snacks-organic/b?ie=UTF8&node=16310101
amazongrocery.it,200,,https://www.amazon.com/b?node=16008589011
amazonguestlist.com,200,,https://www.amazon.com/ref=as_li_ss_tl?_encoding=UTF8&camp=1789&creative=390957&linkCode=ur2&tag=amznipops-20&linkId=VETEOIMPO7O4WRWZ
amazonguild.com,200,,https://www.amazon.com/ref=as_li_ss_tl?_encoding=UTF8&camp=1789&creative=390957&linkCode=ur2&tag=amznipops-20&linkId=VETEOIMPO7O4WRWZ
amazonguru.com,200,,https://www.amazon.com/ref=as_li_ss_tl?_encoding=UTF8&camp=1789&creative=390957&linkCode=ur2&tag=amznipops-20&linkId=VETEOIMPO7O4WRWZ
amazonguru.net,200,,https://www.amazon.com/ref=as_li_ss_tl?ie=UTF8&linkCode=sl2&tag=amznipops-20&linkId=ef33ef1998890bd8a89ba9c3007fa6cd
amazongurus.com,200,,https://www.amazon.com/ref=as_li_ss_tl?_encoding=UTF8&camp=1789&creative=390957&linkCode=ur2&tag=amznipops-20&linkId=VETEOIMPO7O4WRWZ
amazongymnastics.com,200,200,https://www.amazon.com:443/sporting-goods-apparel-cycling-exercise/b?ie=UTF8&node=3375251
amazonh.it,200,,https://www.amazon.it/
amazonhabit.com,200,,https://www.amazon.com/ref=as_li_ss_tl?_encoding=UTF8&camp=1789&creative=390957&linkCode=ur2&tag=amznipops-20&linkId=VETEOIMPO7O4WRWZ
amazonhacks.com,200,,https://www.amazon.com/ref=as_li_ss_tl?_encoding=UTF8&camp=1789&creative=390957&linkCode=ur2&tag=amznipops-20&linkId=VETEOIMPO7O4WRWZ
amazonhandbags.com,200,,https://www.amazon.com/ref=as_li_ss_tl?_encoding=UTF8&camp=1789&creative=390957&linkCode=ur2&tag=amznipops-20&linkId=VETEOIMPO7O4WRWZ
amazonhandbags.info,200,,https://www.amazon.com/ref=as_li_ss_tl?ie=UTF8&linkCode=sl2&tag=amznipops-20&linkId=ef33ef1998890bd8a89ba9c3007fa6cd
amazonhandbagsdirect.info,200,,https://www.amazon.com/ref=as_li_ss_tl?ie=UTF8&linkCode=sl2&tag=amznipops-20&linkId=ef33ef1998890bd8a89ba9c3007fa6cd
amazonhandmade.fr,202,,https://www.amazon.fr/
amazonhandmade.it,200,,https://www.amazon.it/
amazonhealth.com,200,200,https://www.amazon.com:443/beauty-makeup-fragrance-skin-care/b?ie=UTF8&node=3760911
amazonhealth.org,200,200,https://www.amazon.com:443/beauty-makeup-fragrance-skin-care/b?ie=UTF8&node=3760911
amazonhealthai.bot,200,,
amazonhealthai.com,200,,
amazonhealthaicare.com,200,,
amazonhelper.com,200,,https://www.amazon.com/ref=as_li_ss_tl?_encoding=UTF8&camp=1789&creative=390957&linkCode=ur2&tag=amznipops-20&linkId=VETEOIMPO7O4WRWZ
amazonhelpers.com,200,,https://www.amazon.com/ref=as_li_ss_tl?_encoding=UTF8&camp=1789&creative=390957&linkCode=ur2&tag=amznipops-20&linkId=VETEOIMPO7O4WRWZ
amazonhiringacademy.info,200,,https://www.amazon.com/ref=as_li_ss_tl?_encoding=UTF8&camp=1789&creative=390957&linkCode=ur2&tag=amznipops-20&linkId=VETEOIMPO7O4WRWZ
amazonholiday.com,200,,https://www.amazon.com/ref=as_li_ss_tl?_encoding=UTF8&camp=1789&creative=390957&linkCode=ur2&tag=amznipops-20&linkId=VETEOIMPO7O4WRWZ
amazonholidaystore.com,200,,https://www.amazon.com/ref=as_li_ss_tl?ie=UTF8&linkCode=sl2&tag=amznipops-20&linkId=ef33ef1998890bd8a89ba9c3007fa6cd
amazonholidaytoylist.com,200,,https://www.amazon.com/ref=as_li_ss_tl?_encoding=UTF8&camp=1789&creative=390957&linkCode=ur2&tag=amznipops-20&linkId=VETEOIMPO7O4WRWZ
amazonholidaytoylist.net,200,,https://www.amazon.com/ref=as_li_ss_tl?_encoding=UTF8&camp=1789&creative=390957&linkCode=ur2&tag=amznipops-20&linkId=VETEOIMPO7O4WRWZ
amazonhologram.com,200,,https://www.amazon.com/dp/B00OC0USA6
amazonhome.com,200,,https://www.amazon.com/ref=as_li_ss_tl?_encoding=UTF8&camp=1789&creative=390957&linkCode=ur2&tag=amznipops-20&linkId=VETEOIMPO7O4WRWZ
amazonhomeservices.info,200,,https://www.amazon.com/ref=as_li_ss_tl?_encoding=UTF8&camp=1789&creative=390957&linkCode=ur2&tag=amznipops-20&linkId=VETEOIMPO7O4WRWZ
amazonhosting.com,200,,https://www.amazon.com/ref=as_li_ss_tl?_encoding=UTF8&camp=1789&creative=390957&linkCode=ur2&tag=amznipops-20&linkId=VETEOIMPO7O4WRWZ
amazonhosting.net,200,,https://www.amazon.com/ref=as_li_ss_tl?_encoding=UTF8&camp=1789&creative=390957&linkCode=ur2&tag=amznipops-20&linkId=VETEOIMPO7O4WRWZ
amazonhosting.org,200,,https://www.amazon.com/ref=as_li_ss_tl?_encoding=UTF8&camp=1789&creative=390957&linkCode=ur2&tag=amznipops-20&linkId=VETEOIMPO7O4WRWZ
amazonhosts.info,200,,https://www.amazon.com/ref=as_li_ss_tl?_encoding=UTF8&camp=1789&creative=390957&linkCode=ur2&tag=amznipops-20&linkId=VETEOIMPO7O4WRWZ
amazonhosts.mobi,200,,https://www.amazon.com/ref=as_li_ss_tl?_encoding=UTF8&camp=1789&creative=390957&linkCode=ur2&tag=amznipops-20&linkId=VETEOIMPO7O4WRWZ
amazonhotdeals.com,200,,https://www.amazon.com/ref=as_li_ss_tl?_encoding=UTF8&camp=1789&creative=390957&linkCode=ur2&tag=amznipops-20&linkId=VETEOIMPO7O4WRWZ
amazonhs.com,200,,https://www.amazon.com/ref=as_li_ss_tl?ie=UTF8&linkCode=sl2&tag=amznipops-20&linkId=ef33ef1998890bd8a89ba9c3007fa6cd
amazoni.com,202,202,https://www.amazon.com:443/
amazoni.net,200,,https://www.amazon.com/ref=as_li_ss_tl?ie=UTF8&linkCode=sl2&tag=amznipops-20&linkId=ef33ef1998890bd8a89ba9c3007fa6cd
amazoniamusic.com,200,,https://www.amazon.com/ref=as_li_ss_tl?_encoding=UTF8&camp=1789&creative=390957&linkCode=ur2&tag=amznipops-20&linkId=VETEOIMPO7O4WRWZ
amazonianshop.com,200,,https://www.amazon.com/ref=as_li_ss_tl?_encoding=UTF8&camp=1789&creative=390957&linkCode=ur2&tag=amznipops-20&linkId=VETEOIMPO7O4WRWZ
amazoniastores.com,200,,https://www.amazon.com/ref=as_li_ss_tl?_encoding=UTF8&camp=1789&creative=390957&linkCode=ur2&tag=amznipops-20&linkId=VETEOIMPO7O4WRWZ
amazoniberlibro.com,200,,https://www.amazon.com/ref=as_li_ss_tl?_encoding=UTF8&camp=1789&creative=390957&linkCode=ur2&tag=amznipops-20&linkId=VETEOIMPO7O4WRWZ
amazonica.com,202,202,https://www.amazon.com:443/
amazonicm.com,200,,https://www.amazon.com/ref=as_li_ss_tl?_encoding=UTF8&camp=1789&creative=390957&linkCode=ur2&tag=amznipops-20&linkId=VETEOIMPO7O4WRWZ
amazonify.com,202,202,https://www.amazon.com:443/
amazoniii.com,200,,https://www.amazon.com/ref=as_li_ss_tl?_encoding=UTF8&camp=1789&creative=390957&linkCode=ur2&tag=amznipops-20&linkId=VETEOIMPO7O4WRWZ
amazonika.com,200,,https://www.amazon.com/ref=as_li_ss_tl?_encoding=UTF8&camp=1789&creative=390957&linkCode=ur2&tag=amznipops-20&linkId=VETEOIMPO7O4WRWZ
amazonimage.com,202,202,https://www.amazon.com:443/
amazonimages.com,200,,https://www.amazon.com/ref=as_li_ss_tl?_encoding=UTF8&camp=1789&creative=390957&linkCode=ur2&tag=amznipops-20&linkId=VETEOIMPO7O4WRWZ
amazonimdb.com,202,,https://www.imdb.com/
amazonin.com,202,202,https://www.amazon.com:443/
amazonin.info,200,,https://www.amazon.com/ref=as_li_ss_tl?ie=UTF8&linkCode=sl2&tag=amznipops-20&linkId=ef33ef1998890bd8a89ba9c3007fa6cd
amazonin.net,202,202,https://www.amazon.com:443/
amazoninapppurchases.com,200,,https://www.amazon.com/ref=as_li_ss_tl?_encoding=UTF8&camp=1789&creative=390957&linkCode=ur2&tag=amznipops-20&linkId=VETEOIMPO7O4WRWZ
amazoninchina.com,200,,https://www.amazon.com/ref=as_li_ss_tl?_encoding=UTF8&camp=1789&creative=390957&linkCode=ur2&tag=amznipops-20&linkId=VETEOIMPO7O4WRWZ
amazoninchina.net,200,,https://www.amazon.com/ref=as_li_ss_tl?_encoding=UTF8&camp=1789&creative=390957&linkCode=ur2&tag=amznipops-20&linkId=VETEOIMPO7O4WRWZ
amazonindia.com,202,202,https://www.amazon.in:443/
amazonindia.org,200,,https://www.amazon.com/ref=as_li_ss_tl?_encoding=UTF8&camp=1789&creative=390957&linkCode=ur2&tag=amznipops-20&linkId=VETEOIMPO7O4WRWZ
amazonindiafashion.com,200,,https://www.amazon.com/ref=as_li_ss_tl?ie=UTF8&linkCode=sl2&tag=amznipops-20&linkId=ef33ef1998890bd8a89ba9c3007fa6cd
amazonindumenti.it,200,,https://www.amazon.it/
amazoninformatica.com,200,,https://www.amazon.com/ref=as_li_ss_tl?_encoding=UTF8&camp=1789&creative=390957&linkCode=ur2&tag=amznipops-20&linkId=VETEOIMPO7O4WRWZ
amazoninformatique.fr,202,,https://www.amazon.fr/
amazoninkwell.com,200,,https://www.amazon.com/ref=as_li_ss_tl?_encoding=UTF8&camp=1789&creative=390957&linkCode=ur2&tag=amznipops-20&linkId=VETEOIMPO7O4WRWZ
amazoninside.com,200,,https://www.amazon.com/ref=as_li_ss_tl?_encoding=UTF8&camp=1789&creative=390957&linkCode=ur2&tag=amznipops-20&linkId=VETEOIMPO7O4WRWZ
amazoninspire.fr,202,,https://www.amazon.fr/
amazoninspire.it,200,,https://www.amazon.it/
amazoninstall.com,200,,https://www.amazon.com/ref=as_li_ss_tl?ie=UTF8&linkCode=sl2&tag=amznipops-20&linkId=07057771cdf5019fb44a6e88c747a894
amazoninstant.net,200,,https://www.amazon.com/ref=as_li_ss_tl?ie=UTF8&linkCode=sl2&tag=amznipops-20&linkId=ef33ef1998890bd8a89ba9c3007fa6cd
amazoninstantcare.com,200,,
amazoninstantvideo.at,200,,https://www.amazon.de:443/gp/video/storefront
amazoninstantvideo.co.at,200,,https://www.amazon.de:443/gp/video/storefront
amazoninstantvideo.com,200,,https://www.amazon.com/b/ref=as_li_ss_tl?_encoding=UTF8&node=2858778011&linkCode=sl2&tag=amazoninstantvideo.com-20&linkId=35d29e5d04a62ec6a8094b210912f466
amazoninstantvideo.fr,202,,https://www.amazon.fr/
amazoninstantvideo.info,200,,https://www.amazon.com/b/ref=as_li_ss_tl?&node=2858778011&linkCode=sl2&tag=amznipvideo-20&linkId=ad5fbe1dee38564cbbacf1392fafb4ae
amazoninstantvideo.it,200,,https://www.amazon.it/
amazoninstantvideo.me,200,,https://www.aboutamazon.eu/
amazoninstantvideo.net,200,,https://www.amazon.com/b/ref=as_li_ss_tl?&node=2858778011&linkCode=sl2&tag=amznipvideo-20&linkId=ad5fbe1dee38564cbbacf1392fafb4ae
amazoninstantvideo.org,200,,https://www.amazon.com/b/ref=as_li_ss_tl?&node=2858778011&linkCode=sl2&tag=amznipvideo-20&linkId=ad5fbe1dee38564cbbacf1392fafb4ae
amazoninstantvideowatchlist.com,200,,https://www.amazon.com/b/ref=as_li_ss_tl?&node=2858778011&linkCode=sl2&tag=amznipvideo-20&linkId=ad5fbe1dee38564cbbacf1392fafb4ae
amazoninstantwebsite.com,200,,https://www.amazon.com/ref=as_li_ss_tl?_encoding=UTF8&camp=1789&creative=390957&linkCode=ur2&tag=amznipops-20&linkId=VETEOIMPO7O4WRWZ
amazonintelligenceservices.net,200,,https://www.amazon.com/ref=as_li_ss_tl?_encoding=UTF8&camp=1789&creative=390957&linkCode=ur2&tag=amznipops-20&linkId=VETEOIMPO7O4WRWZ
amazoninteractive.com,200,,https://www.amazon.com/ref=as_li_ss_tl?ie=UTF8&linkCode=sl2&tag=amznipops-20&linkId=ef33ef1998890bd8a89ba9c3007fa6cd
amazoninternational.com,200,,https://www.amazon.com/ref=as_li_ss_tl?_encoding=UTF8&camp=1789&creative=390957&linkCode=ur2&tag=amznipops-20&linkId=VETEOIMPO7O4WRWZ
amazoninternational.net,200,,https://www.amazon.com/ref=as_li_ss_tl?_encoding=UTF8&camp=1789&creative=390957&linkCode=ur2&tag=amznipops-20&linkId=VETEOIMPO7O4WRWZ
amazoninternationallawbooks.info,200,,https://www.amazon.com/ref=as_li_ss_tl?ie=UTF8&linkCode=sl2&tag=amznipops-20&linkId=ef33ef1998890bd8a89ba9c3007fa6cd
amazonintldirect.com,200,,https://www.amazon.com/ref=as_li_ss_tl?_encoding=UTF8&camp=1789&creative=390957&linkCode=ur2&tag=amznipops-20&linkId=VETEOIMPO7O4WRWZ
amazonip.info,200,,https://www.amazon.com/ref=as_li_ss_tl?ie=UTF8&linkCode=sl2&tag=amznipops-20&linkId=ef33ef1998890bd8a89ba9c3007fa6cd
amazonip.jobs,200,,https://www.amazon.jobs/en/search?base_query=intellectual+property&loc_query=&job_count=10&result_limit=10&sort=relevant&category%5B%5D=legal&cache
amazonipaccelerator.at,200,,https://sell.amazon.com/programs/ip-accelerator
amazonipaccelerator.com,200,,https://sell.amazon.com/programs/ip-accelerator
amazonipaccelerator.fr,200,,https://sell.amazon.com/programs/ip-accelerator
amazonipaccelerator.it,200,,https://sell.amazon.com/programs/ip-accelerator
amazonipadkindle.info,200,,https://www.amazon.com/ref=as_li_ss_tl?ie=UTF8&linkCode=sl2&tag=amznipops-20&linkId=ef33ef1998890bd8a89ba9c3007fa6cd
amazonis.com,200,,https://www.amazon.com/ref=as_li_ss_tl?_encoding=UTF8&camp=1789&creative=390957&linkCode=ur2&tag=amznipops-20&linkId=VETEOIMPO7O4WRWZ
amazonisite.com,200,,https://www.amazon.com/ref=as_li_ss_tl?ie=UTF8&linkCode=sl2&tag=amznipops-20&linkId=ef33ef1998890bd8a89ba9c3007fa6cd
amazonisite.net,200,,https://www.amazon.com/ref=as_li_ss_tl?ie=UTF8&linkCode=sl2&tag=amznipops-20&linkId=ef33ef1998890bd8a89ba9c3007fa6cd
amazonisite.org,200,,https://www.amazon.com/ref=as_li_ss_tl?ie=UTF8&linkCode=sl2&tag=amznipops-20&linkId=ef33ef1998890bd8a89ba9c3007fa6cd
amazonisp.com,200,,https://www.amazon.com/ref=as_li_ss_tl?_encoding=UTF8&camp=1789&creative=390957&linkCode=ur2&tag=amznipops-20&linkId=VETEOIMPO7O4WRWZ
amazonit.com,202,202,https://www.amazon.com:443/
amazonit.net,200,,https://www.amazon.com/ref=as_li_ss_tl?_encoding=UTF8&camp=1789&creative=390957&linkCode=ur2&tag=amznipops-20&linkId=VETEOIMPO7O4WRWZ
amazonit.org,200,,https://www.amazon.com/ref=as_li_ss_tl?_encoding=UTF8&camp=1789&creative=390957&linkCode=ur2&tag=amznipops-20&linkId=VETEOIMPO7O4WRWZ
amazonitalia.it,200,,https://www.amazon.it/
amazonitaly.it,200,,https://www.amazon.it/
amazonj.com,202,202,https://www.amazon.com:443/
amazonj.fr,202,,https://www.amazon.fr/
amazonj.it,200,,https://www.amazon.it/
amazonjeux.fr,202,,https://www.amazon.fr/
amazonjewelry.info,200,,https://www.amazon.com/ref=as_li_ss_tl?_encoding=UTF8&camp=1789&creative=390957&linkCode=ur2&tag=amznipops-20&linkId=VETEOIMPO7O4WRWZ
amazonjewelry.net,200,200,https://www.amazon.com:443/jewelry-watches-engagements-rings-diamonds/b?ie=UTF8&node=3367581
amazonjobs.info,200,200,https://www.amazon.jobs/en/
amazonjobs.net,200,,https://www.amazon.com/ref=as_li_ss_tl?_encoding=UTF8&camp=1789&creative=390957&linkCode=ur2&tag=amznipops-20&linkId=VETEOIMPO7O4WRWZ
amazonjouet.fr,202,,https://www.amazon.fr/
amazonjouets.fr,202,,https://www.amazon.fr/
amazonjunk.com,200,,https://www.amazon.com/ref=as_li_ss_tl?_encoding=UTF8&camp=1789&creative=390957&linkCode=ur2&tag=amznipops-20&linkId=VETEOIMPO7O4WRWZ
amazonkdppublishing.org,200,,
amazonkeyauthentication.com,200,,https://www.amazon.com:443/key-delivery?ref_=ms_kfg_surl_key
amazonkeyprimedelivery.com,200,,https://www.amazon.com:443/key-delivery?ref_=ms_kfg_surl_key
amazonkeys.com,200,,https://www.amazon.com/ref=as_li_ss_tl?_encoding=UTF8&camp=1789&creative=390957&linkCode=ur2&tag=amznipops-20&linkId=VETEOIMPO7O4WRWZ
amazonkidle.com,200,,https://www.amazon.com/dp/B00I15SB16
amazonkids.com,200,200,https://www.amazon.com:443/Kids-Baby-Apparel/b?ie=UTF8&node=1040662
amazonkidsworld.com,200,,https://www.amazon.com/ref=as_li_ss_tl?_encoding=UTF8&camp=1789&creative=390957&linkCode=ur2&tag=amznipops-20&linkId=VETEOIMPO7O4WRWZ
amazonkindal.com,200,,https://www.amazon.com/ref=as_li_ss_tl?_encoding=UTF8&camp=1789&creative=390957&linkCode=ur2&tag=amznipops-20&linkId=VETEOIMPO7O4WRWZ
amazonkindel.net,200,,https://www.amazon.com/dp/B00I15SB16
amazonkindle-australia.com,200,,https://www.amazon.com/ref=as_li_ss_tl?ie=UTF8&linkCode=sl2&tag=amznipops-20&linkId=ef33ef1998890bd8a89ba9c3007fa6cd
amazonkindle.club,200,,https://www.amazon.com/ref=as_li_ss_tl?ie=UTF8&linkCode=sl2&tag=amznipops-20&linkId=07057771cdf5019fb44a6e88c747a894
amazonkindle.com,200,200,https://www.amazon.com/kindle/
amazonkindle.fr,200,200,https://www.amazon.fr/dp/B0CP31T5M6
amazonkindle.info,200,,https://www.amazon.com/b/ref=as_li_ss_tl?ie=UTF8&node=6669702011&linkCode=sl2&tag=amznipkindle-20&linkId=551706601a1080104e2dbb0e17826f96
amazonkindle.it,200,200,https://www.amazon.it/dp/B0CP31T5M6
amazonkindle.me,200,,https://www.aboutamazon.eu/
amazonkindle.net,200,,https://www.amazon.com/b/ref=as_li_ss_tl?ie=UTF8&node=6669702011&linkCode=sl2&tag=amznipkindle-20&linkId=551706601a1080104e2dbb0e17826f96
amazonkindle.org,200,,https://www.amazon.com/b/ref=as_li_ss_tl?ie=UTF8&node=6669702011&linkCode=sl2&tag=amznipkindle-20&linkId=551706601a1080104e2dbb0e17826f96
amazonkindle.xyz,200,,https://www.amazon.com/kindle/
amazonkindle101.com,200,,https://www.amazon.com/b/ref=as_li_ss_tl?ie=UTF8&node=6669702011&linkCode=sl2&tag=amznipkindle-20&linkId=551706601a1080104e2dbb0e17826f96
amazonkindle123.com,200,,https://www.amazon.com/b/ref=as_li_ss_tl?ie=UTF8&node=6669702011&linkCode=sl2&tag=amznipkindle-20&linkId=551706601a1080104e2dbb0e17826f96
amazonkindle3.net,200,,https://www.amazon.com/b/ref=as_li_ss_tl?ie=UTF8&node=6669702011&linkCode=sl2&tag=amznipkindle-20&linkId=551706601a1080104e2dbb0e17826f96
amazonkindle3g.biz,200,,https://www.amazon.com/ref=as_li_ss_tl?ie=UTF8&linkCode=sl2&tag=amznipops-20&linkId=ef33ef1998890bd8a89ba9c3007fa6cd
amazonkindle5.com,200,,https://www.amazon.com/ref=as_li_ss_tl?ie=UTF8&linkCode=sl2&tag=amznipops-20&linkId=ef33ef1998890bd8a89ba9c3007fa6cd
amazonkindleblog.info,200,,https://www.amazon.com/b/ref=as_li_ss_tl?ie=UTF8&node=6669702011&linkCode=sl2&tag=amznipkindle-20&linkId=551706601a1080104e2dbb0e17826f96
amazonkindlebook.club,200,,https://www.amazon.com/b/ref=as_li_ss_tl?ie=UTF8&node=283155&linkCode=sl2&tag=amznipbooks-20&linkId=d2297f1243b98eb7b649753d564b15f1
amazonkindlebook.com,200,,https://www.amazon.com/b/ref=as_li_ss_tl?ie=UTF8&node=283155&linkCode=sl2&tag=amznipbooks-20&linkId=d2297f1243b98eb7b649753d564b15f1
amazonkindlebookreader.info,200,,https://www.amazon.com/ref=as_li_ss_tl?ie=UTF8&linkCode=sl2&tag=amznipops-20&linkId=ef33ef1998890bd8a89ba9c3007fa6cd
amazonkindlebooks.com,200,,https://www.amazon.com/b/ref=as_li_ss_tl?ie=UTF8&node=283155&linkCode=sl2&tag=amznipbooks-20&linkId=d2297f1243b98eb7b649753d564b15f1
amazonkindlebooks.info,200,,https://www.amazon.com/b/ref=as_li_ss_tl?ie=UTF8&node=283155&linkCode=sl2&tag=amznipbooks-20&linkId=d2297f1243b98eb7b649753d564b15f1
amazonkindlebooks.net,200,,https://www.amazon.com/b/ref=as_li_ss_tl?ie=UTF8&node=283155&linkCode=sl2&tag=amznipbooks-20&linkId=d2297f1243b98eb7b649753d564b15f1
amazonkindlebooks.org,200,,https://www.amazon.com/b/ref=as_li_ss_tl?ie=UTF8&node=283155&linkCode=sl2&tag=amznipbooks-20&linkId=d2297f1243b98eb7b649753d564b15f1
amazonkindlebookstore.com,200,,https://www.amazon.com/gp/browse.html/ref=as_li_ss_tl?node=133141011&linkCode=sl2&tag=amznipbooks-20&linkId=ee5ce8b392bae22e48cab369cf5408b0
amazonkindlecloudreader.at,200,,https://www.amazon.de/
amazonkindlecloudreader.com,200,,https://www.amazon.com/b/ref=as_li_ss_tl?ie=UTF8&node=6669702011&linkCode=sl2&tag=amznipkindle-20&linkId=551706601a1080104e2dbb0e17826f96
amazonkindlecloudreader.fr,202,,https://www.amazon.fr/
amazonkindlecloudreader.it,200,,https://www.amazon.it/
amazonkindlecloudreader.me,200,,https://www.aboutamazon.eu/
amazonkindlecloudreader.net,200,,https://www.amazon.com/b/ref=as_li_ss_tl?ie=UTF8&node=6669702011&linkCode=sl2&tag=amznipkindle-20&linkId=551706601a1080104e2dbb0e17826f96
amazonkindlecolor.com,200,,https://www.amazon.com/b/ref=as_li_ss_tl?ie=UTF8&node=6669702011&linkCode=sl2&tag=amznipkindle-20&linkId=551706601a1080104e2dbb0e17826f96
amazonkindlecolor.net,200,,https://www.amazon.com/b/ref=as_li_ss_tl?ie=UTF8&node=6669702011&linkCode=sl2&tag=amznipkindle-20&linkId=551706601a1080104e2dbb0e17826f96
amazonkindledeluxe.com,200,,https://www.amazon.com/b/ref=as_li_ss_tl?ie=UTF8&node=6669702011&linkCode=sl2&tag=amznipkindle-20&linkId=551706601a1080104e2dbb0e17826f96
amazonkindledevelopmentkit.com,200,,https://www.amazon.com/b/ref=as_li_ss_tl?ie=UTF8&node=6669702011&linkCode=sl2&tag=amznipkindle-20&linkId=551706601a1080104e2dbb0e17826f96
amazonkindledevelopmentkit.fr,202,,https://www.amazon.fr/
amazonkindledevelopmentkit.it,200,,https://www.amazon.it/
amazonkindledevelopmentkit.me,200,,https://www.aboutamazon.eu/
amazonkindledevelopmentkit.net,200,,https://www.amazon.com/b/ref=as_li_ss_tl?ie=UTF8&node=6669702011&linkCode=sl2&tag=amznipkindle-20&linkId=551706601a1080104e2dbb0e17826f96
amazonkindledevice.com,200,,https://www.amazon.com/b/ref=as_li_ss_tl?ie=UTF8&node=6669702011&linkCode=sl2&tag=amznipkindle-20&linkId=551706601a1080104e2dbb0e17826f96
amazonkindledx.com,200,,https://www.amazon.com/b/ref=as_li_ss_tl?ie=UTF8&node=6669702011&linkCode=sl2&tag=amznipkindle-20&linkId=551706601a1080104e2dbb0e17826f96
amazonkindleebook.info,200,,https://www.amazon.com/b/ref=as_li_ss_tl?ie=UTF8&node=283155&linkCode=sl2&tag=amznipbooks-20&linkId=d2297f1243b98eb7b649753d564b15f1
amazonkindleebooks.com,200,,https://www.amazon.com/b/ref=as_li_ss_tl?ie=UTF8&node=283155&linkCode=sl2&tag=amznipbooks-20&linkId=d2297f1243b98eb7b649753d564b15f1
amazonkindleereader.com,200,,https://www.amazon.com/ref=as_li_ss_tl?ie=UTF8&linkCode=sl2&tag=amznipops-20&linkId=ef33ef1998890bd8a89ba9c3007fa6cd
amazonkindlefans.com,200,,https://www.amazon.com/b/ref=as_li_ss_tl?ie=UTF8&node=6669702011&linkCode=sl2&tag=amznipkindle-20&linkId=551706601a1080104e2dbb0e17826f96
amazonkindlegoldmine.info,200,,https://www.amazon.com/ref=as_li_ss_tl?ie=UTF8&linkCode=sl2&tag=amznipops-20&linkId=ef33ef1998890bd8a89ba9c3007fa6cd
amazonkindlegoldmine.org,200,,https://www.amazon.com/ref=as_li_ss_tl?ie=UTF8&linkCode=sl2&tag=amznipops-20&linkId=ef33ef1998890bd8a89ba9c3007fa6cd
amazonkindleinterface.com,200,,https://www.amazon.com/b/ref=as_li_ss_tl?ie=UTF8&node=6669702011&linkCode=sl2&tag=amznipkindle-20&linkId=551706601a1080104e2dbb0e17826f96
amazonkindlekdk.com,200,,https://www.amazon.com/b/ref=as_li_ss_tl?ie=UTF8&node=6669702011&linkCode=sl2&tag=amznipkindle-20&linkId=551706601a1080104e2dbb0e17826f96
amazonkindlekdk.fr,202,,https://www.amazon.fr/
amazonkindlekdk.it,200,,https://www.amazon.it/
amazonkindlekdk.me,200,,https://www.aboutamazon.eu/
amazonkindlekdk.net,200,,https://www.amazon.com/b/ref=as_li_ss_tl?ie=UTF8&node=6669702011&linkCode=sl2&tag=amznipkindle-20&linkId=551706601a1080104e2dbb0e17826f96
amazonkindlelibri.it,200,,https://www.amazon.it/
amazonkindlelibro.it,200,,https://www.amazon.it/
amazonkindlemovies.com,200,,https://www.amazon.com/ref=as_li_ss_tl?ie=UTF8&linkCode=sl2&tag=amznipops-20&linkId=ef33ef1998890bd8a89ba9c3007fa6cd
amazonkindlenews.com,200,,https://www.amazon.com/b/ref=as_li_ss_tl?ie=UTF8&node=6669702011&linkCode=sl2&tag=amznipkindle-20&linkId=551706601a1080104e2dbb0e17826f96
amazonkindleoasis.com,200,,https://www.amazon.com/dp/B07F7TLZF4
amazonkindleonline.info,200,,https://www.amazon.com/b/ref=as_li_ss_tl?ie=UTF8&node=6669702011&linkCode=sl2&tag=amznipkindle-20&linkId=551706601a1080104e2dbb0e17826f96
amazonkindleonsale.com,200,,https://www.amazon.com/b/ref=as_li_ss_tl?ie=UTF8&node=6669702011&linkCode=sl2&tag=amznipkindle-20&linkId=551706601a1080104e2dbb0e17826f96
amazonkindleproducts.com,200,,https://www.amazon.com/ref=as_li_ss_tl?ie=UTF8&linkCode=sl2&tag=amznipops-20&linkId=ef33ef1998890bd8a89ba9c3007fa6cd
amazonkindleproducts.info,200,,https://www.amazon.com/ref=as_li_ss_tl?ie=UTF8&linkCode=sl2&tag=amznipops-20&linkId=ef33ef1998890bd8a89ba9c3007fa6cd
amazonkindlepromotion.com,200,,https://www.amazon.com/b/ref=as_li_ss_tl?ie=UTF8&node=6669702011&linkCode=sl2&tag=amznipkindle-20&linkId=551706601a1080104e2dbb0e17826f96
amazonkindlepublishing101.info,200,,https://www.amazon.com/b/ref=as_li_ss_tl?ie=UTF8&node=6669702011&linkCode=sl2&tag=amznipkindle-20&linkId=551706601a1080104e2dbb0e17826f96
amazonkindlereader.com,200,,https://www.amazon.com/b/ref=as_li_ss_tl?ie=UTF8&node=6669702011&linkCode=sl2&tag=amznipkindle-20&linkId=551706601a1080104e2dbb0e17826f96
amazonkindlereader.info,200,,https://www.amazon.com/b/ref=as_li_ss_tl?ie=UTF8&node=6669702011&linkCode=sl2&tag=amznipkindle-20&linkId=551706601a1080104e2dbb0e17826f96
amazonkindlereader.net,200,,https://www.amazon.com/ref=as_li_ss_tl?ie=UTF8&linkCode=sl2&tag=amznipops-20&linkId=ef33ef1998890bd8a89ba9c3007fa6cd
amazonkindlereview.com,200,,https://www.amazon.com/dp/B00I15SB16
amazonkindlereview.net,200,,https://www.amazon.com/dp/B00I15SB16
amazonkindlereviewed.org,200,,https://www.amazon.com/b/ref=as_li_ss_tl?ie=UTF8&node=6669702011&linkCode=sl2&tag=amznipkindle-20&linkId=551706601a1080104e2dbb0e17826f96
amazonkindles.com,200,,https://www.amazon.com/b/ref=as_li_ss_tl?ie=UTF8&node=6669702011&linkCode=sl2&tag=amznipkindle-20&linkId=551706601a1080104e2dbb0e17826f96
amazonkindles.info,200,,https://www.amazon.com/b/ref=as_li_ss_tl?ie=UTF8&node=6669702011&linkCode=sl2&tag=amznipkindle-20&linkId=551706601a1080104e2dbb0e17826f96
amazonkindles.net,200,,https://www.amazon.com/ref=as_li_ss_tl?ie=UTF8&linkCode=sl2&tag=amznipops-20&linkId=ef33ef1998890bd8a89ba9c3007fa6cd
amazonkindles.org,200,,https://www.amazon.com/b/ref=as_li_ss_tl?ie=UTF8&node=6669702011&linkCode=sl2&tag=amznipkindle-20&linkId=551706601a1080104e2dbb0e17826f96
amazonkindlescribe.com,200,,https://www.amazon.com:443/dp/B0DVQQGMCZ?ref=ods_surl_pa_us
amazonkindlescribe.info,200,,https://www.amazon.com:443/dp/B0DVQQGMCZ?ref=ods_surl_pa_us
amazonkindlescribe.net,200,,https://www.amazon.com:443/dp/B0DVQQGMCZ?ref=ods_surl_pa_us
amazonkindlescribe.org,200,,https://www.amazon.com:443/dp/B0DVQQGMCZ?ref=ods_surl_pa_us
amazonkindlesdk.com,200,,https://www.amazon.com/b/ref=as_li_ss_tl?ie=UTF8&node=6669702011&linkCode=sl2&tag=amznipkindle-20&linkId=551706601a1080104e2dbb0e17826f96
amazonkindlesdk.me,200,,https://www.aboutamazon.eu/
amazonkindlesdk.net,200,,https://www.amazon.com/b/ref=as_li_ss_tl?ie=UTF8&node=6669702011&linkCode=sl2&tag=amznipkindle-20&linkId=551706601a1080104e2dbb0e17826f96
amazonkindlesite.com,200,,https://www.amazon.com/ref=as_li_ss_tl?ie=UTF8&linkCode=sl2&tag=amznipops-20&linkId=ef33ef1998890bd8a89ba9c3007fa6cd
amazonkindlestore.info,200,,https://www.amazon.com:443/gp/browse.html?node=133141011
amazonkindletips.com,200,,https://www.amazon.com/b/ref=as_li_ss_tl?ie=UTF8&node=6669702011&linkCode=sl2&tag=amznipkindle-20&linkId=551706601a1080104e2dbb0e17826f96
amazonkindletouch.at,200,,https://www.amazon.de/
amazonkindletouch.it,200,,https://www.amazon.it/
amazonkindlewi-fi.info,200,,https://www.amazon.com/ref=as_li_ss_tl?ie=UTF8&linkCode=sl2&tag=amznipops-20&linkId=ef33ef1998890bd8a89ba9c3007fa6cd
amazonkindlewireless.com,200,,https://www.amazon.com/b/ref=as_li_ss_tl?ie=UTF8&node=6669702011&linkCode=sl2&tag=amznipkindle-20&linkId=551706601a1080104e2dbb0e17826f96
amazonkindling.com,200,,https://www.amazon.com/ref=as_li_ss_tl?_encoding=UTF8&camp=1789&creative=390957&linkCode=ur2&tag=amznipops-20&linkId=VETEOIMPO7O4WRWZ
amazonkinesis.fr,200,,https://aws.amazon.com/
amazonkinesis.it,200,,https://aws.amazon.com/
amazonkr.com,202,202,https://www.amazon.com:443/
amazonkuiper.com,200,,https://leo.amazon.com/
amazonl.com,202,202,https://www.amazon.com:443/
amazonl.it,200,,https://www.amazon.it/
amazonland.biz,200,,https://www.amazon.com/ref=as_li_ss_tl?ie=UTF8&linkCode=sl2&tag=amznipops-20&linkId=07057771cdf5019fb44a6e88c747a894
amazonland.com,200,,https://www.amazon.com/ref=as_li_ss_tl?_encoding=UTF8&camp=1789&creative=390957&linkCode=ur2&tag=amznipops-20&linkId=VETEOIMPO7O4WRWZ
amazonland.fr,202,,https://www.amazon.fr/
amazonland.info,200,,https://www.amazon.com/ref=as_li_ss_tl?ie=UTF8&linkCode=sl2&tag=amznipops-20&linkId=07057771cdf5019fb44a6e88c747a894
amazonland.net,200,,https://www.amazon.com/ref=as_li_ss_tl?_encoding=UTF8&camp=1789&creative=390957&linkCode=ur2&tag=amznipops-20&linkId=VETEOIMPO7O4WRWZ
amazonland.org,200,,https://www.amazon.com/ref=as_li_ss_tl?ie=UTF8&linkCode=sl2&tag=amznipops-20&linkId=07057771cdf5019fb44a6e88c747a894
amazonlanguage.com,200,,https://www.amazon.com/ref=as_li_ss_tl?_encoding=UTF8&camp=1789&creative=390957&linkCode=ur2&tag=amznipops-20&linkId=VETEOIMPO7O4WRWZ
amazonlaptop.com,200,,https://www.amazon.com/ref=as_li_ss_tl?_encoding=UTF8&camp=1789&creative=390957&linkCode=ur2&tag=amznipops-20&linkId=VETEOIMPO7O4WRWZ
amazonlatina-music.com,200,,https://www.amazon.com/ref=as_li_ss_tl?ie=UTF8&linkCode=sl2&tag=amznipops-20&linkId=07057771cdf5019fb44a6e88c747a894
amazonlatina-musica.com,200,,https://www.amazon.com/ref=as_li_ss_tl?ie=UTF8&linkCode=sl2&tag=amznipops-20&linkId=07057771cdf5019fb44a6e88c747a894
amazonlatinamusic.com,200,,https://www.amazon.com/ref=as_li_ss_tl?ie=UTF8&linkCode=sl2&tag=amznipops-20&linkId=07057771cdf5019fb44a6e88c747a894
amazonlatinamusica.com,200,,https://www.amazon.com/ref=as_li_ss_tl?ie=UTF8&linkCode=sl2&tag=amznipops-20&linkId=07057771cdf5019fb44a6e88c747a894
amazonlatino.com,200,,https://www.amazon.com/ref=as_li_ss_tl?_encoding=UTF8&camp=1789&creative=390957&linkCode=ur2&tag=amznipops-20&linkId=VETEOIMPO7O4WRWZ
amazonlaunchpad.com,200,,https://www.amazon.com/b?node=12034488011
amazonlaunchpad.fr,200,,https://www.amazon.fr/b?node=10525448031
amazonlaunchpad.it,200,,https://www.amazon.it/
amazonlegaldocuments.com,200,,https://www.amazon.com/ref=as_li_ss_tl?_encoding=UTF8&camp=1789&creative=390957&linkCode=ur2&tag=amznipops-20&linkId=VETEOIMPO7O4WRWZ
amazonlending.com,200,200,https://sellercentral.amazon.com:443/
amazonlending.fr,202,,https://www.amazon.fr/
amazonlending.it,200,,https://www.amazon.it/
amazonleodtd.com,200,,
amazonlibraries.com,200,,https://www.amazon.com/ref=as_li_ss_tl?_encoding=UTF8&camp=1789&creative=390957&linkCode=ur2&tag=amznipops-20&linkId=VETEOIMPO7O4WRWZ
amazonlibrary.com,200,200,https://www.amazon.com:443/books-used-books-textbooks/b?ie=UTF8&node=283155
amazonlibrary.org,200,,https://www.amazon.com/ref=as_li_ss_tl?_encoding=UTF8&camp=1789&creative=390957&linkCode=ur2&tag=amznipops-20&linkId=VETEOIMPO7O4WRWZ
amazonlibri.it,200,,https://www.amazon.it/
amazonlibro.it,200,,https://www.amazon.it/
amazonlightsail.com,200,200,https://aws.amazon.com/lightsail/
amazonline.net,200,,https://www.amazon.com/ref=as_li_ss_tl?_encoding=UTF8&camp=1789&creative=390957&linkCode=ur2&tag=amznipops-20&linkId=VETEOIMPO7O4WRWZ
amazonlink.com,200,,https://www.amazon.com/ref=as_li_ss_tl?_encoding=UTF8&camp=1789&creative=390957&linkCode=ur2&tag=amznipops-20&linkId=VETEOIMPO7O4WRWZ
amazonlink.info,200,,https://www.amazon.com/ref=as_li_ss_tl?_encoding=UTF8&camp=1789&creative=390957&linkCode=ur2&tag=amznipops-20&linkId=VETEOIMPO7O4WRWZ
amazonlinks.com,200,,https://www.amazon.com/ref=as_li_ss_tl?_encoding=UTF8&camp=1789&creative=390957&linkCode=ur2&tag=amznipops-20&linkId=VETEOIMPO7O4WRWZ
amazonlinks.info,200,,https://www.amazon.com/ref=as_li_ss_tl?ie=UTF8&linkCode=sl2&tag=amznipops-20&linkId=07057771cdf5019fb44a6e88c747a894
amazonlinks.net,200,,https://www.amazon.com/ref=as_li_ss_tl?ie=UTF8&linkCode=sl2&tag=amznipops-20&linkId=ef33ef1998890bd8a89ba9c3007fa6cd
amazonlinks.org,200,,https://www.amazon.com/ref=as_li_ss_tl?ie=UTF8&linkCode=sl2&tag=amznipops-20&linkId=07057771cdf5019fb44a6e88c747a894
amazonlinux.com,200,200,https://aws.amazon.com/amazon-linux-2/
amazonlistadesideri.it,200,,https://www.amazon.it/
amazonlite.com,202,202,https://www.amazon.com:443/
amazonlite.net,200,,https://www.amazon.com/ref=as_li_ss_tl?_encoding=UTF8&camp=1789&creative=390957&linkCode=ur2&tag=amznipops-20&linkId=VETEOIMPO7O4WRWZ
amazonliterature.com,200,,https://www.amazon.com/ref=as_li_ss_tl?_encoding=UTF8&camp=1789&creative=390957&linkCode=ur2&tag=amznipops-20&linkId=VETEOIMPO7O4WRWZ
amazonlive.net,200,,https://www.amazon.com/ref=as_li_ss_tl?_encoding=UTF8&camp=1789&creative=390957&linkCode=ur2&tag=amznipops-20&linkId=VETEOIMPO7O4WRWZ
amazonliveassist.com,200,,https://www.amazon.com/dp/B00KC6I06S
amazonlivelink.com,200,,https://www.amazon.com/ref=as_li_ss_tl?_encoding=UTF8&camp=1789&creative=390957&linkCode=ur2&tag=amznipops-20&linkId=VETEOIMPO7O4WRWZ
amazonlivraria.com,200,,https://www.amazon.com/ref=as_li_ss_tl?_encoding=UTF8&camp=1789&creative=390957&linkCode=ur2&tag=amznipops-20&linkId=VETEOIMPO7O4WRWZ
amazonlivres.com,200,,https://www.amazon.com/ref=as_li_ss_tl?_encoding=UTF8&camp=1789&creative=390957&linkCode=ur2&tag=amznipops-20&linkId=VETEOIMPO7O4WRWZ
amazonlocation.com,200,,https://www.amazon.com/ref=as_li_ss_tl?_encoding=UTF8&camp=1789&creative=390957&linkCode=ur2&tag=amznipops-20&linkId=VETEOIMPO7O4WRWZ
amazonlocker.asia,200,,https://www.amazon.com/ref=as_li_ss_tl?_encoding=UTF8&camp=1789&creative=390957&linkCode=ur2&tag=amznipops-20&linkId=VETEOIMPO7O4WRWZ
amazonlocker.at,200,,https://www.amazon.de/
amazonlocker.biz,200,,https://www.amazon.com/ref=as_li_ss_tl?_encoding=UTF8&camp=1789&creative=390957&linkCode=ur2&tag=amznipops-20&linkId=VETEOIMPO7O4WRWZ
amazonlocker.co.at,200,,https://www.amazon.de/
amazonlocker.fr,202,,https://www.amazon.fr/
amazonlocker.info,200,,https://www.amazon.com/ref=as_li_ss_tl?_encoding=UTF8&camp=1789&creative=390957&linkCode=ur2&tag=amznipops-20&linkId=VETEOIMPO7O4WRWZ
amazonlocker.it,200,,https://www.amazon.it/
amazonlocker.net,200,,https://www.amazon.com/ref=as_li_ss_tl?_encoding=UTF8&camp=1789&creative=390957&linkCode=ur2&tag=amznipops-20&linkId=VETEOIMPO7O4WRWZ
amazonlocker.org,200,,https://www.amazon.com/ref=as_li_ss_tl?_encoding=UTF8&camp=1789&creative=390957&linkCode=ur2&tag=amznipops-20&linkId=VETEOIMPO7O4WRWZ
amazonlockers.net,200,,https://www.amazon.com/ref=as_li_ss_tl?_encoding=UTF8&camp=1789&creative=390957&linkCode=ur2&tag=amznipops-20&linkId=VETEOIMPO7O4WRWZ
amazonlogistics.at,200,,https://www.amazon.de/
amazonlogistics.com,200,200,https://www.amazonlogistics.com/ap/signin?openid.pape.max_auth_age=43200&openid.return_to=https%3A%2F%2Fwww.amazonlogistics.com%2F&suppressChangeEmailLink=1&openid.identity=http%3A%2F%2Fspecs.openid.net%2Fauth%2F2.0%2Fidentifier_select&openid.assoc_handle=amazonlogistics_na&openid.mode=checkid_setup&openid.claimed_id=http%3A%2F%2Fspecs.openid.net%2Fauth%2F2.0%2Fidentifier_select&openid.ns=http%3A%2F%2Fspecs.openid.net%2Fauth%2F2.0&suppressSignInRadioButtons=1
amazonlogistics.fr,202,,https://www.amazon.fr/
amazonlogistics.it,200,,https://www.amazon.it/
amazonlowprices.com,200,,https://www.amazon.com/ref=as_li_ss_tl?_encoding=UTF8&camp=1789&creative=390957&linkCode=ur2&tag=amznipops-20&linkId=VETEOIMPO7O4WRWZ
amazonloyaltyprogram.com,200,,https://www.amazon.com/ref=as_li_ss_tl?_encoding=UTF8&camp=1789&creative=390957&linkCode=ur2&tag=amznipops-20&linkId=VETEOIMPO7O4WRWZ
amazonltd.com,202,202,https://www.amazon.com:443/
amazonluna.com,200,,https://www.amazon.com/b?node=211738315011
amazonluna.info,200,,https://www.amazon.com/b?node=211738315011
amazonluna.io,200,,https://www.amazon.com/b?node=211738315011
amazonluna.me,200,,https://www.amazon.com/b?node=211738315011
amazonluna.net,200,,https://www.amazon.com/b?node=211738315011
amazonluna.online,200,,https://www.amazon.com/b?node=211738315011
amazonluna.org,200,,https://www.amazon.com/b?node=211738315011
amazonluna.xyz,200,,https://www.amazon.com/b?node=211738315011
amazonluxurybeauty.com,200,,https://www.amazon.com/ref=as_li_ss_tl?_encoding=UTF8&camp=1789&creative=390957&linkCode=ur2&tag=amznipops-20&linkId=VETEOIMPO7O4WRWZ
amazonm.at,200,,https://www.amazon.de/
amazonm.com,202,202,https://www.amazon.com:443/
amazonm.it,200,,https://www.amazon.it/
amazonmachine.com,200,,https://www.amazon.com/ref=as_li_ss_tl?ie=UTF8&linkCode=sl2&tag=amznipops-20&linkId=07057771cdf5019fb44a6e88c747a894
amazonmademebroke.com,200,,https://www.amazon.com/ref=as_li_ss_tl?ie=UTF8&linkCode=sl2&tag=amznipops-20&linkId=ef33ef1998890bd8a89ba9c3007fa6cd
amazonmagazine.com,200,200,https://www.amazon.com:443/magazine-newspaper-subscriptions/b?ie=UTF8&node=599858
amazonmagic.com,200,200,https://www.amazon.com:443/toys-games-electronics-action-figures/b?ie=UTF8&node=165793011
amazonmags.com,200,,https://www.amazon.com/ref=as_li_ss_tl?_encoding=UTF8&camp=1789&creative=390957&linkCode=ur2&tag=amznipops-20&linkId=VETEOIMPO7O4WRWZ
amazonmail.info,200,,https://www.amazon.com/ref=as_li_ss_tl?_encoding=UTF8&camp=1789&creative=390957&linkCode=ur2&tag=amznipops-20&linkId=VETEOIMPO7O4WRWZ
amazonmail.net,200,,https://www.amazon.com/ref=as_li_ss_tl?ie=UTF8&linkCode=sl2&tag=amznipops-20&linkId=ef33ef1998890bd8a89ba9c3007fa6cd
amazonmaison.fr,202,,https://www.amazon.fr/
amazonmall.com,200,,https://www.amazon.com/ref=as_li_ss_tl?_encoding=UTF8&camp=1789&creative=390957&linkCode=ur2&tag=amznipops-20&linkId=VETEOIMPO7O4WRWZ
amazonmall.info,200,,https://www.amazon.com/ref=as_li_ss_tl?ie=UTF8&linkCode=sl2&tag=amznipops-20&linkId=07057771cdf5019fb44a6e88c747a894
amazonmanagement.com,200,,https://www.amazon.com/ref=as_li_ss_tl?_encoding=UTF8&camp=1789&creative=390957&linkCode=ur2&tag=amznipops-20&linkId=VETEOIMPO7O4WRWZ
amazonmania.info,200,,https://www.amazon.com/ref=as_li_ss_tl?_encoding=UTF8&camp=1789&creative=390957&linkCode=ur2&tag=amznipops-20&linkId=VETEOIMPO7O4WRWZ
amazonmarket.info,200,,https://www.amazon.com/ref=as_li_ss_tl?ie=UTF8&linkCode=sl2&tag=amznipops-20&linkId=ef33ef1998890bd8a89ba9c3007fa6cd
amazonmarket.mobi,200,,https://www.amazon.com/ref=as_li_ss_tl?_encoding=UTF8&camp=1789&creative=390957&linkCode=ur2&tag=amznipops-20&linkId=VETEOIMPO7O4WRWZ
amazonmarket.net,200,,https://www.amazon.com/ref=as_li_ss_tl?_encoding=UTF8&camp=1789&creative=390957&linkCode=ur2&tag=amznipops-20&linkId=VETEOIMPO7O4WRWZ
amazonmarketing.com,200,,https://www.amazon.com/ref=as_li_ss_tl?_encoding=UTF8&camp=1789&creative=390957&linkCode=ur2&tag=amznipops-20&linkId=VETEOIMPO7O4WRWZ
amazonmarketingservices.fr,202,,https://www.amazon.fr/
amazonmarketingservices.it,200,,https://www.amazon.it/
amazonmarketplace.fr,202,,https://www.amazon.fr/
amazonmarketplace.info,200,,https://www.amazon.com/ref=as_li_ss_tl?_encoding=UTF8&camp=1789&creative=390957&linkCode=ur2&tag=amznipops-20&linkId=VETEOIMPO7O4WRWZ
amazonmarketplace.it,200,,https://www.amazon.it/
amazonmarketplaceblog.info,200,,https://www.amazon.com/ref=as_li_ss_tl?ie=UTF8&linkCode=sl2&tag=amznipops-20&linkId=ef33ef1998890bd8a89ba9c3007fa6cd
amazonmarketplaces.com,200,,https://www.amazon.com/ref=as_li_ss_tl?_encoding=UTF8&camp=1789&creative=390957&linkCode=ur2&tag=amznipops-20&linkId=VETEOIMPO7O4WRWZ
amazonmarketsite.com,200,,https://www.amazon.com/ref=as_li_ss_tl?_encoding=UTF8&camp=1789&creative=390957&linkCode=ur2&tag=amznipops-20&linkId=VETEOIMPO7O4WRWZ
amazonmart.com,200,,https://www.amazon.com/ref=as_li_ss_tl?_encoding=UTF8&camp=1789&creative=390957&linkCode=ur2&tag=amznipops-20&linkId=VETEOIMPO7O4WRWZ
amazonmashups.com,200,,https://www.amazon.com/ref=as_li_ss_tl?ie=UTF8&linkCode=sl2&tag=amznipops-20&linkId=07057771cdf5019fb44a6e88c747a894
amazonmatchbook.com,200,,https://www.amazon.com/gp/digital/ep-landing-page
amazonme.info,200,,https://www.amazon.com/ref=as_li_ss_tl?_encoding=UTF8&camp=1789&creative=390957&linkCode=ur2&tag=amznipops-20&linkId=VETEOIMPO7O4WRWZ
amazonmediagroup.com,200,200,https://www.amazon.com:443/b/?&node=3055328011
amazonmediagroup.fr,200,200,https://www.amazon.fr:443/gp/browse.html?node=1647910031
amazonmediagroup.it,200,200,https://www.amazon.it:443/b/?node=1650636031
amazonmediastick.com,200,,https://www.amazon.com/dp/B0791TX5P5/?ref_=ods_dom_smp
amazonmedical.com,200,200,https://www.amazon.com:443/health-personal-care-nutrition-fitness/b?ie=UTF8&node=3760901
amazonmegadeals.com,200,,https://www.amazon.com/ref=as_li_ss_tl?_encoding=UTF8&camp=1789&creative=390957&linkCode=ur2&tag=amznipops-20&linkId=VETEOIMPO7O4WRWZ
amazonmegastore.com,202,202,https://www.amazon.com:443/
amazonmegastores.com,202,202,https://www.amazon.com:443/
amazonmenu.com,200,,https://www.amazon.com/ref=as_li_ss_tl?_encoding=UTF8&camp=1789&creative=390957&linkCode=ur2&tag=amznipops-20&linkId=VETEOIMPO7O4WRWZ
amazonmerch.com,200,,https://www.amazon.com/ref=as_li_ss_tl?_encoding=UTF8&camp=1789&creative=390957&linkCode=ur2&tag=amznipops-20&linkId=VETEOIMPO7O4WRWZ
amazonmerchantservices.com,200,,https://www.amazon.com/ref=as_li_ss_tl?_encoding=UTF8&camp=1789&creative=390957&linkCode=ur2&tag=amznipops-20&linkId=VETEOIMPO7O4WRWZ
amazonmexico.com,202,202,https://www.amazon.com.mx:443/
amazonmini.com,200,,https://www.amazon.com/ref=as_li_ss_tl?_encoding=UTF8&camp=1789&creative=390957&linkCode=ur2&tag=amznipops-20&linkId=VETEOIMPO7O4WRWZ
amazonmix.com,200,,https://www.amazon.com/ref=as_li_ss_tl?_encoding=UTF8&camp=1789&creative=390957&linkCode=ur2&tag=amznipops-20&linkId=VETEOIMPO7O4WRWZ
amazonmo3.com,200,,https://www.amazon.com/ref=as_li_ss_tl?ie=UTF8&linkCode=sl2&tag=amznipops-20&linkId=07057771cdf5019fb44a6e88c747a894
amazonmobile.com,200,,https://www.amazon.com/ref=as_li_ss_tl?_encoding=UTF8&camp=1789&creative=390957&linkCode=ur2&tag=amznipops-20&linkId=VETEOIMPO7O4WRWZ
amazonmobile.info,200,,https://www.amazon.com/ref=as_li_ss_tl?_encoding=UTF8&camp=1789&creative=390957&linkCode=ur2&tag=amznipops-20&linkId=VETEOIMPO7O4WRWZ
amazonmobile.it,200,,https://www.amazon.it/
amazonmobile.net,200,,https://www.amazon.com/ref=as_li_ss_tl?_encoding=UTF8&camp=1789&creative=390957&linkCode=ur2&tag=amznipops-20&linkId=VETEOIMPO7O4WRWZ
amazonmobile.org,200,,https://www.amazon.com/ref=as_li_ss_tl?ie=UTF8&linkCode=sl2&tag=amznipops-20&linkId=07057771cdf5019fb44a6e88c747a894
amazonmobilecard.com,200,,https://www.amazon.com/ref=as_li_ss_tl?ie=UTF8&linkCode=sl2&tag=amznipops-20&linkId=07057771cdf5019fb44a6e88c747a894
amazonmobilecheckout.com,200,,https://www.amazon.com/ref=as_li_ss_tl?_encoding=UTF8&camp=1789&creative=390957&linkCode=ur2&tag=amznipops-20&linkId=VETEOIMPO7O4WRWZ
amazonmobileforandroid.com,200,,https://www.amazon.com/ref=as_li_ss_tl?_encoding=UTF8&camp=1789&creative=390957&linkCode=ur2&tag=amznipops-20&linkId=VETEOIMPO7O4WRWZ
amazonmobilegiftcard.com,200,,https://www.amazon.com/ref=as_li_ss_tl?ie=UTF8&linkCode=sl2&tag=amznipops-20&linkId=07057771cdf5019fb44a6e88c747a894
amazonmobilehub.com,200,,https://aws.amazon.com/products/frontend-web-mobile/
amazonmobilepaymentservice.com,200,,https://www.amazon.com/ref=as_li_ss_tl?_encoding=UTF8&camp=1789&creative=390957&linkCode=ur2&tag=amznipops-20&linkId=VETEOIMPO7O4WRWZ
amazonmobilesearch.com,200,,https://www.amazon.com/ref=as_li_ss_tl?_encoding=UTF8&camp=1789&creative=390957&linkCode=ur2&tag=amznipops-20&linkId=VETEOIMPO7O4WRWZ
amazonmode.at,200,,https://www.amazon.de/
amazonmoinscher.com,200,,https://www.amazon.com/ref=as_li_ss_tl?_encoding=UTF8&camp=1789&creative=390957&linkCode=ur2&tag=amznipops-20&linkId=VETEOIMPO7O4WRWZ
amazonmoney.fr,202,,https://www.amazon.fr/
amazonmoney.info,200,,https://www.amazon.com/ref=as_li_ss_tl?_encoding=UTF8&camp=1789&creative=390957&linkCode=ur2&tag=amznipops-20&linkId=VETEOIMPO7O4WRWZ
amazonmoney.it,200,,https://www.amazon.it/
amazonmoney.org,200,,https://www.amazon.com/ref=as_li_ss_tl?_encoding=UTF8&camp=1789&creative=390957&linkCode=ur2&tag=amznipops-20&linkId=VETEOIMPO7O4WRWZ
amazonmoneyaccount.com,200,,https://www.amazon.com/ref=as_li_ss_tl?_encoding=UTF8&camp=1789&creative=390957&linkCode=ur2&tag=amznipops-20&linkId=VETEOIMPO7O4WRWZ
amazonmoneyaccount.fr,202,,https://www.amazon.fr/
amazonmoneyaccount.info,200,,https://www.amazon.com/ref=as_li_ss_tl?_encoding=UTF8&camp=1789&creative=390957&linkCode=ur2&tag=amznipops-20&linkId=VETEOIMPO7O4WRWZ
amazonmoneyaccount.it,200,,https://www.amazon.it/
amazonmoneyaccount.net,200,,https://www.amazon.com/ref=as_li_ss_tl?_encoding=UTF8&camp=1789&creative=390957&linkCode=ur2&tag=amznipops-20&linkId=VETEOIMPO7O4WRWZ
amazonmoneyaccount.org,200,,https://www.amazon.com/ref=as_li_ss_tl?_encoding=UTF8&camp=1789&creative=390957&linkCode=ur2&tag=amznipops-20&linkId=VETEOIMPO7O4WRWZ
amazonmontlakeromance.com,200,,https://amazonpublishing.amazon.com/
amazonmontres.fr,202,,https://www.amazon.fr/
amazonmore.com,200,,https://www.amazon.com/ref=as_li_ss_tl?_encoding=UTF8&camp=1789&creative=390957&linkCode=ur2&tag=amznipops-20&linkId=VETEOIMPO7O4WRWZ
amazonmotion.com,200,,https://www.amazon.com/ref=as_li_ss_tl?_encoding=UTF8&camp=1789&creative=390957&linkCode=ur2&tag=amznipops-20&linkId=VETEOIMPO7O4WRWZ
amazonmotors.com,200,200,https://www.amazon.com:443/automotive-auto-truck-replacements-parts/b?ie=UTF8&node=15684181
amazonmotorsports.com,200,,https://www.amazon.com/ref=as_li_ss_tl?_encoding=UTF8&camp=1789&creative=390957&linkCode=ur2&tag=amznipops-20&linkId=VETEOIMPO7O4WRWZ
amazonmovie.com,200,,https://www.amazon.com/ref=as_li_ss_tl?_encoding=UTF8&camp=1789&creative=390957&linkCode=ur2&tag=amznipops-20&linkId=VETEOIMPO7O4WRWZ
amazonmovieonline.com,200,,https://www.amazon.com/ref=as_li_ss_tl?_encoding=UTF8&camp=1789&creative=390957&linkCode=ur2&tag=amznipops-20&linkId=VETEOIMPO7O4WRWZ
amazonmovies.com,202,202,https://www.amazon.com:443/
amazonmovies.info,200,,https://www.amazon.com/ref=as_li_ss_tl?_encoding=UTF8&camp=1789&creative=390957&linkCode=ur2&tag=amznipops-20&linkId=VETEOIMPO7O4WRWZ
amazonmoviesondemand.com,200,,https://www.amazon.com/ref=as_li_ss_tl?ie=UTF8&linkCode=sl2&tag=amznipops-20&linkId=ef33ef1998890bd8a89ba9c3007fa6cd
amazonmoviesondemand.net,200,,https://www.amazon.com/ref=as_li_ss_tl?ie=UTF8&linkCode=sl2&tag=amznipops-20&linkId=ef33ef1998890bd8a89ba9c3007fa6cd
amazonmoviesonline.com,200,,https://www.amazon.com/ref=as_li_ss_tl?_encoding=UTF8&camp=1789&creative=390957&linkCode=ur2&tag=amznipops-20&linkId=VETEOIMPO7O4WRWZ
amazonmp3-store.info,200,,https://www.amazon.com/ref=as_li_ss_tl?ie=UTF8&linkCode=sl2&tag=amznipops-20&linkId=ef33ef1998890bd8a89ba9c3007fa6cd
amazonmp3.at,200,,https://www.amazon.de/gp/browse.html?node=77195031
amazonmp3.com,200,200,https://www.amazon.com:443/b?ie=UTF8&node=163856011
amazonmp3.fr,200,200,https://www.amazon.fr:443/gp/browse.html?node=77196031
amazonmp3.it,200,,https://www.amazon.it/
amazonmp3.me,200,,https://www.aboutamazon.eu/
amazonmp3.net,200,,https://www.amazon.com/exec/obidos/tg/browse/-/5174
amazonmp3downloads.com,200,,https://www.amazon.com:443/b/?node=163856011
amazonmp3player.com,200,200,https://music.amazon.com:443/
amazonmp3player.fr,202,,https://www.amazon.fr/
amazonmp3store.info,200,,https://www.amazon.com/ref=as_li_ss_tl?ie=UTF8&linkCode=sl2&tag=amznipops-20&linkId=ef33ef1998890bd8a89ba9c3007fa6cd
amazonmturk.com,200,,https://www.amazon.com/ref=as_li_ss_tl?_encoding=UTF8&camp=1789&creative=390957&linkCode=ur2&tag=amznipops-20&linkId=VETEOIMPO7O4WRWZ
amazonmulti-az.com,200,,https://www.amazon.com/ref=as_li_ss_tl?_encoding=UTF8&camp=1789&creative=390957&linkCode=ur2&tag=amznipops-20&linkId=VETEOIMPO7O4WRWZ
amazonmultiaz.com,200,,https://www.amazon.com/ref=as_li_ss_tl?_encoding=UTF8&camp=1789&creative=390957&linkCode=ur2&tag=amznipops-20&linkId=VETEOIMPO7O4WRWZ
amazonmultimedia.com,200,200,https://www.amazon.com:443/books-used-books-textbooks/b?ie=UTF8&node=283155
amazonmusic.at,200,,https://www.amazon.de/
amazonmusic.com,200,200,https://www.amazon.com/music/unlimited/?ref=DMM_acq_amvan
amazonmusic.fr,200,200,https://www.amazon.fr/music/unlimited/?ref=DMM_acq_amvan
amazonmusic.in,202,,https://www.amazon.in/
amazonmusic.info,200,,https://www.amazon.com:443/b/?node=163856011
amazonmusic.it,200,200,https://www.amazon.it/music/unlimited/?ref=DMM_acq_amvan
amazonmusic.net,200,,https://www.amazon.com:443/b/?node=163856011
amazonmusic.org,200,,https://www.amazon.com:443/b/?node=163856011
amazonmusica.com,200,200,https://www.amazon.com:443/music-rock-classical-pop-jazz/b?ie=UTF8&node=5174
amazonmusica.it,200,,https://www.amazon.it/
amazonmusiccom.com,200,,https://www.amazon.com:443/b/?node=163856011
amazonmusicdevice.com,200,,https://www.amazon.com/b/ref=as_li_ss_tl?node=2102313011&linkCode=sl2&tag=amznipdevice-20&linkId=50dfab05edf5ab113c2734ea9070a381
amazonmusicdownload.com,200,,https://www.amazon.com:443/b/?node=163856011
amazonmusicdownload.fr,202,,https://www.amazon.fr/
amazonmusicdownload.it,200,,https://www.amazon.it/
amazonmusicdownloads.com,200,,https://www.amazon.com:443/b/?node=163856011
amazonmusicdownloads.fr,202,,https://www.amazon.fr/
amazonmusicdownloads.it,200,,https://www.amazon.it/
amazonmusicdownloads.net,200,,https://www.amazon.com:443/b/?node=163856011
amazonmusicdownloads.org,200,,https://www.amazon.com:443/b/?node=163856011
amazonmusicplayer.fr,202,,https://www.amazon.fr/
amazonmusicplayer.it,200,,https://www.amazon.it/
amazonmusicshop.info,200,,https://www.amazon.com/ref=as_li_ss_tl?ie=UTF8&linkCode=sl2&tag=amznipops-20&linkId=ef33ef1998890bd8a89ba9c3007fa6cd
amazonmusique.com,200,,https://www.amazon.com:443/b/?node=163856011
amazonmuzic.com,200,200,https://www.amazon.com:443/music-rock-classical-pop-jazz/b?ie=UTF8&node=5174
amazonmws.info,200,,https://aws.amazon.com/
amazonmy.com,200,200,https://www.amazon.com:443/Deals/b?ie=UTF8&node=909656
amazonn.com,202,202,https://www.amazon.com:443/
amazonn.in,202,202,https://www.amazon.in:443/
amazonn.info,200,,https://www.amazon.com/ref=as_li_ss_tl?_encoding=UTF8&camp=1789&creative=390957&linkCode=ur2&tag=amznipops-20&linkId=VETEOIMPO7O4WRWZ
amazonn.it,200,,https://www.amazon.it/
amazonn.org,200,,https://www.amazon.com/ref=as_li_ss_tl?ie=UTF8&linkCode=sl2&tag=amznipops-20&linkId=ef33ef1998890bd8a89ba9c3007fa6cd
amazonnaturalhealth.com,200,,https://www.amazon.com/ref=as_li_ss_tl?_encoding=UTF8&camp=1789&creative=390957&linkCode=ur2&tag=amznipops-20&linkId=VETEOIMPO7O4WRWZ
amazonnaws.com,200,,https://aws.amazon.com/
amazonne.com,202,202,https://www.amazon.com:443/
amazonnee.com,200,,https://www.amazon.com/ref=as_li_ss_tl?_encoding=UTF8&camp=1789&creative=390957&linkCode=ur2&tag=amznipops-20&linkId=VETEOIMPO7O4WRWZ
amazonnerd.com,200,,https://www.amazon.com/ref=as_li_ss_tl?_encoding=UTF8&camp=1789&creative=390957&linkCode=ur2&tag=amznipops-20&linkId=VETEOIMPO7O4WRWZ
amazonnet.com,200,202,https://www.amazon.com:443/
amazonnet.net,200,,https://www.amazon.com/ref=as_li_ss_tl?_encoding=UTF8&camp=1789&creative=390957&linkCode=ur2&tag=amznipops-20&linkId=VETEOIMPO7O4WRWZ
amazonnewkindle.com,200,,https://www.amazon.com/ref=as_li_ss_tl?ie=UTF8&linkCode=sl2&tag=amznipops-20&linkId=ef33ef1998890bd8a89ba9c3007fa6cd
amazonnewproducts.com,200,,https://www.amazon.com/ref=as_li_ss_tl?ie=UTF8&linkCode=sl2&tag=amznipops-20&linkId=ef33ef1998890bd8a89ba9c3007fa6cd
amazonnews.net,200,,https://www.amazon.com/ref=as_li_ss_tl?_encoding=UTF8&camp=1789&creative=390957&linkCode=ur2&tag=amznipops-20&linkId=VETEOIMPO7O4WRWZ
amazonnews.org,200,,https://www.amazon.com/ref=as_li_ss_tl?_encoding=UTF8&camp=1789&creative=390957&linkCode=ur2&tag=amznipops-20&linkId=VETEOIMPO7O4WRWZ
amazonnic.com,200,,https://www.amazon.com/ref=as_li_ss_tl?_encoding=UTF8&camp=1789&creative=390957&linkCode=ur2&tag=amznipops-20&linkId=VETEOIMPO7O4WRWZ
amazonnigeria.com,200,,https://www.amazon.com/ref=as_li_ss_tl?_encoding=UTF8&camp=1789&creative=390957&linkCode=ur2&tag=amznipops-20&linkId=VETEOIMPO7O4WRWZ
amazonnile.com,200,,https://www.amazon.com/ref=as_li_ss_tl?_encoding=UTF8&camp=1789&creative=390957&linkCode=ur2&tag=amznipops-20&linkId=VETEOIMPO7O4WRWZ
amazonnotebooks.com,200,,https://www.amazon.com/b/ref=as_li_ss_tl?ie=UTF8&node=283155&linkCode=sl2&tag=amznipbooks-20&linkId=d2297f1243b98eb7b649753d564b15f1
amazonnow.at,200,,https://www.amazon.de/
amazonnow.co.at,200,,https://www.amazon.de/
amazonnow.fr,202,,https://www.amazon.fr/
amazonnow.info,200,,https://www.amazon.com/ref=as_li_ss_tl?_encoding=UTF8&camp=1789&creative=390957&linkCode=ur2&tag=amznipops-20&linkId=VETEOIMPO7O4WRWZ
amazonnow.it,200,,https://www.amazon.it/b/?node=7195544031&ie=UTF8
amazono.com,200,200,https://www.amazon.com:443/
amazonoasis.at,200,,https://www.amazon.de/dp/B07L5GDTYY
amazonoasis.co.at,200,,https://www.amazon.de/dp/B07L5GDTYY
amazonoasis.fr,200,,https://www.amazon.fr/dp/B07L5GDTYY
amazonoasis.info,200,,https://www.amazon.com/dp/B07F7TLZF4
amazonoasis.net,200,,https://www.amazon.com/dp/B07F7TLZF4
amazonoferta.com,200,,https://www.amazon.com/ref=as_li_ss_tl?ie=UTF8&linkCode=sl2&tag=amznipops-20&linkId=ef33ef1998890bd8a89ba9c3007fa6cd
amazonoffers.com,200,,https://www.amazon.com/ref=as_li_ss_tl?_encoding=UTF8&camp=1789&creative=390957&linkCode=ur2&tag=amznipops-20&linkId=VETEOIMPO7O4WRWZ
amazonoffers.org,200,,https://www.amazon.com/ref=as_li_ss_tl?_encoding=UTF8&camp=1789&creative=390957&linkCode=ur2&tag=amznipops-20&linkId=VETEOIMPO7O4WRWZ
amazonon.com,200,200,https://www.amazon.com:443/
amazonondemand.net,200,,https://www.amazon.com/ref=as_li_ss_tl?_encoding=UTF8&camp=1789&creative=390957&linkCode=ur2&tag=amznipops-20&linkId=VETEOIMPO7O4WRWZ
amazonondemand.org,200,,https://www.amazon.com/ref=as_li_ss_tl?ie=UTF8&linkCode=sl2&tag=amznipops-20&linkId=ef33ef1998890bd8a89ba9c3007fa6cd
amazonondemandpublishing.com,200,,https://www.amazon.com/ref=as_li_ss_tl?ie=UTF8&linkCode=sl2&tag=amznipops-20&linkId=07057771cdf5019fb44a6e88c747a894
amazonondemandvideo.com,200,,https://www.amazon.com/b/ref=as_li_ss_tl?&node=2858778011&linkCode=sl2&tag=amznipvideo-20&linkId=ad5fbe1dee38564cbbacf1392fafb4ae
amazonone.at,200,,https://one.amazon.com/
amazonone.com,200,,https://one.amazon.com/
amazonone.fr,200,,https://one.amazon.com/
amazonone.info,200,,https://one.amazon.com/
amazonone.net,200,,https://one.amazon.com/
amazonone.org,200,,https://one.amazon.com/
amazononeid.at,200,,https://one.amazon.com/
amazononeid.fr,200,,https://one.amazon.com/
amazononeid.info,200,,https://one.amazon.com/
amazononeid.it,200,,https://one.amazon.com/
amazononeid.net,200,,https://one.amazon.com/
amazononeid.org,200,,https://one.amazon.com/
amazononeid.us,200,,https://one.amazon.com/
amazononline.biz,200,,https://www.amazon.com/ref=as_li_ss_tl?_encoding=UTF8&camp=1789&creative=390957&linkCode=ur2&tag=amznipops-20&linkId=VETEOIMPO7O4WRWZ
amazononline.info,200,,https://www.amazon.com/ref=as_li_ss_tl?_encoding=UTF8&camp=1789&creative=390957&linkCode=ur2&tag=amznipops-20&linkId=VETEOIMPO7O4WRWZ
amazononline.net,200,,https://www.amazon.com/ref=as_li_ss_tl?_encoding=UTF8&camp=1789&creative=390957&linkCode=ur2&tag=amznipops-20&linkId=VETEOIMPO7O4WRWZ
amazononline.org,200,200,https://www.amazon.com:443/
amazononlinebookstore.com,200,,https://www.amazon.com/ref=as_li_ss_tl?_encoding=UTF8&camp=1789&creative=390957&linkCode=ur2&tag=amznipops-20&linkId=VETEOIMPO7O4WRWZ
amazononlinecasino.com,200,,https://www.amazon.com/ref=as_li_ss_tl?_encoding=UTF8&camp=1789&creative=390957&linkCode=ur2&tag=amznipops-20&linkId=VETEOIMPO7O4WRWZ
amazononlinereviews.com,200,,https://www.amazon.com/ref=as_li_ss_tl?_encoding=UTF8&camp=1789&creative=390957&linkCode=ur2&tag=amznipops-20&linkId=VETEOIMPO7O4WRWZ
amazononlinestore.com,200,,https://www.amazon.com/ref=as_li_ss_tl?_encoding=UTF8&camp=1789&creative=390957&linkCode=ur2&tag=amznipops-20&linkId=VETEOIMPO7O4WRWZ
amazononlinestore.net,200,,https://www.amazon.com/ref=as_li_ss_tl?ie=UTF8&linkCode=sl2&tag=amznipops-20&linkId=ef33ef1998890bd8a89ba9c3007fa6cd
amazonopen.com,200,,https://www.amazon.com/ref=as_li_ss_tl?ie=UTF8&linkCode=sl2&tag=amznipops-20&linkId=ef33ef1998890bd8a89ba9c3007fa6cd
amazonorder.net,200,,https://www.amazon.com/ref=as_li_ss_tl?ie=UTF8&linkCode=sl2&tag=amznipops-20&linkId=ef33ef1998890bd8a89ba9c3007fa6cd
amazonorganics.com,200,,https://www.amazon.com/ref=as_li_ss_tl?_encoding=UTF8&camp=1789&creative=390957&linkCode=ur2&tag=amznipops-20&linkId=VETEOIMPO7O4WRWZ
amazonoriginal.com,200,,https://www.amazon.com/ref=as_li_ss_tl?_encoding=UTF8&camp=1789&creative=390957&linkCode=ur2&tag=amznipops-20&linkId=VETEOIMPO7O4WRWZ
amazonoriginals.com,200,200,https://www.amazon.com:443/b?ie=UTF8&node=10292742011
amazonorologi.it,200,,https://www.amazon.it/
amazonorway.com,200,,https://www.amazon.com/ref=as_li_ss_tl?ie=UTF8&linkCode=sl2&tag=amznipops-20&linkId=ef33ef1998890bd8a89ba9c3007fa6cd
amazonorway.org,200,200,https://www.amazon.com:443/b?ie=UTF8&node=230659011
amazonoutdoors.com,200,200,https://www.amazon.com:443/outdoor-living-grills-patio-furniture/b?ie=UTF8&node=286168
amazonoutletdirect.com,200,,https://www.amazon.com/ref=as_li_ss_tl?_encoding=UTF8&camp=1789&creative=390957&linkCode=ur2&tag=amznipops-20&linkId=VETEOIMPO7O4WRWZ
amazonoutletmall.com,200,,https://www.amazon.com/ref=as_li_ss_tl?ie=UTF8&linkCode=sl2&tag=amznipops-20&linkId=ef33ef1998890bd8a89ba9c3007fa6cd
amazonpac.com,200,200,https://amazonpac.com/sso/?relay_state_url=https%3A%2F%2Famazonpac.com%2F&idp=https%3A%2F%2Fidp.federate.amazon.com
amazonpac.net,200,,https://www.amazon.com/ref=as_li_ss_tl?_encoding=UTF8&camp=1789&creative=390957&linkCode=ur2&tag=amznipops-20&linkId=VETEOIMPO7O4WRWZ
amazonpac.org,200,,https://www.amazon.com/ref=as_li_ss_tl?_encoding=UTF8&camp=1789&creative=390957&linkCode=ur2&tag=amznipops-20&linkId=VETEOIMPO7O4WRWZ
amazonpagamenti.it,200,,https://www.amazon.it/
amazonpage.info,200,,https://www.amazon.com/ref=as_li_ss_tl?_encoding=UTF8&camp=1789&creative=390957&linkCode=ur2&tag=amznipops-20&linkId=VETEOIMPO7O4WRWZ
amazonpage.it,200,,https://www.amazon.it/
amazonpages.biz,200,,https://www.amazon.com/ref=as_li_ss_tl?_encoding=UTF8&camp=1789&creative=390957&linkCode=ur2&tag=amznipops-20&linkId=VETEOIMPO7O4WRWZ
amazonpages.fr,202,,https://www.amazon.fr/
amazonpages.it,200,,https://www.amazon.it/
amazonpaperwhite.at,200,,https://www.amazon.de/
amazonpaperwhite.com,200,,https://www.amazon.com/gp/product/B00OQVZDJM/ref=as_li_tl?ie=UTF8&camp=1789&creative=9325&creativeASIN=B00OQVZDJM&linkCode=as2&tag=amznipdevice-20&linkId=5IK24Q5UGOUV5UJ6
amazonpaperwhite.info,200,,https://www.amazon.com/gp/product/B00OQVZDJM/ref=as_li_tl?ie=UTF8&camp=1789&creative=9325&creativeASIN=B00OQVZDJM&linkCode=as2&tag=amznipdevice-20&linkId=5IK24Q5UGOUV5UJ6
amazonpaperwhite.it,200,,https://www.amazon.it/
amazonpaperwhite.mobi,200,,https://www.amazon.com/gp/product/B00OQVZDJM/ref=as_li_tl?ie=UTF8&camp=1789&creative=9325&creativeASIN=B00OQVZDJM&linkCode=as2&tag=amznipdevice-20&linkId=5IK24Q5UGOUV5UJ6
amazonpaperwhite.net,200,,https://www.amazon.com/gp/product/B00OQVZDJM/ref=as_li_tl?ie=UTF8&camp=1789&creative=9325&creativeASIN=B00OQVZDJM&linkCode=as2&tag=amznipdevice-20&linkId=5IK24Q5UGOUV5UJ6
amazonpaperwhite.org,200,,https://www.amazon.com/gp/product/B00OQVZDJM/ref=as_li_tl?ie=UTF8&camp=1789&creative=9325&creativeASIN=B00OQVZDJM&linkCode=as2&tag=amznipdevice-20&linkId=5IK24Q5UGOUV5UJ6
amazonparaguay.com,200,,https://www.amazon.com/ref=as_li_ss_tl?_encoding=UTF8&camp=1789&creative=390957&linkCode=ur2&tag=amznipops-20&linkId=VETEOIMPO7O4WRWZ
amazonpasta.com,200,200,https://www.amazon.com:443/grocery-breakfast-foods-snacks-organic/b?ie=UTF8&node=16310101
amazonpatterns.com,200,,https://www.amazon.com/ref=as_li_ss_tl?_encoding=UTF8&camp=1789&creative=390957&linkCode=ur2&tag=amznipops-20&linkId=VETEOIMPO7O4WRWZ
amazonpay-phrase.com,200,,https://www.amazon.com/ref=as_li_ss_tl?_encoding=UTF8&camp=1789&creative=390957&linkCode=ur2&tag=amznipops-20&linkId=VETEOIMPO7O4WRWZ
amazonpay.com,200,200,https://amazonpay.com/
amazonpay.in,200,200,https://www.amazon.in/amazonpay/home
amazonpay.it,200,,https://pay.amazon.it/
amazonpay.net,200,,https://pay.amazon.com/
amazonpaymeents.com,200,,https://www.amazon.com/ref=as_li_ss_tl?ie=UTF8&linkCode=sl2&tag=amznipops-20&linkId=ef33ef1998890bd8a89ba9c3007fa6cd
amazonpayment.asia,200,,https://www.amazon.com/ref=as_li_ss_tl?_encoding=UTF8&camp=1789&creative=390957&linkCode=ur2&tag=amznipops-20&linkId=VETEOIMPO7O4WRWZ
amazonpayment.com,200,,https://pay.amazon.com/
amazonpayment.info,200,,https://pay.amazon.com/
amazonpayment.mobi,200,,https://pay.amazon.com/
amazonpayment.net,200,,https://pay.amazon.com/
amazonpayment.org,200,,https://pay.amazon.com/
amazonpaymentes.com,200,,https://pay.amazon.com/
amazonpaymentprocess.com,200,,https://pay.amazon.com/
amazonpaymentregister.com,200,,https://pay.amazon.com/
amazonpayments-advisorypanel.com,200,200,https://www.amazonpayments-advisorypanel.com/hub
amazonpayments-checkout.com,200,,https://www.amazon.com/ref=as_li_ss_tl?ie=UTF8&linkCode=sl2&tag=amznipops-20&linkId=ef33ef1998890bd8a89ba9c3007fa6cd
amazonpayments-department.com,200,,https://pay.amazon.com/
amazonpayments-service.com,200,,https://pay.amazon.com/
amazonpayments.com,200,200,https://pay.amazon.com/
amazonpayments.fr,202,,https://www.amazon.fr/
amazonpayments.in,200,200,https://www.amazon.in/amazonpay/home
amazonpayments.info,200,,https://pay.amazon.com/
amazonpayments.it,200,,https://www.amazon.it/
amazonpayments.net,200,,https://pay.amazon.com/
amazonpayments.org,200,,https://pay.amazon.com/
amazonpaymentsadvanced.com,200,,https://www.amazon.com/ref=as_li_ss_tl?_encoding=UTF8&camp=1789&creative=390957&linkCode=ur2&tag=amznipops-20&linkId=VETEOIMPO7O4WRWZ
amazonpaymentsamazon.com,200,,https://pay.amazon.com/
amazonpaymentsamzn.com,200,,https://pay.amazon.com/
amazonpaymentsdepartment.com,200,,https://www.amazon.com/ref=as_li_ss_tl?ie=UTF8&linkCode=sl2&tag=amznipops-20&linkId=ef33ef1998890bd8a89ba9c3007fa6cd
amazonpaymentsinc.com,200,,https://pay.amazon.com/
amazonpaymentsinc.net,200,,https://www.amazon.com/ref=as_li_ss_tl?ie=UTF8&linkCode=sl2&tag=amznipops-20&linkId=ef33ef1998890bd8a89ba9c3007fa6cd
amazonpaymentsolutions.com,200,,https://www.amazon.com/ref=as_li_ss_tl?ie=UTF8&linkCode=sl2&tag=amznipops-20&linkId=ef33ef1998890bd8a89ba9c3007fa6cd
amazonpaymentsupdate.com,200,,https://pay.amazon.com/
amazonpaymentsupport.com,200,,https://pay.amazon.com/
amazonpaymentswebsite.com,200,,https://pay.amazon.com/
amazonpaynow.biz,200,,https://pay.amazon.com/
amazonpaynow.info,200,,https://pay.amazon.com/
amazonperformance.com,200,,https://www.amazon.com/ref=as_li_ss_tl?_encoding=UTF8&camp=1789&creative=390957&linkCode=ur2&tag=amznipops-20&linkId=VETEOIMPO7O4WRWZ
amazonperfume.com,200,,https://www.amazon.com/ref=as_li_ss_tl?ie=UTF8&linkCode=sl2&tag=amznipops-20&linkId=ef33ef1998890bd8a89ba9c3007fa6cd
amazonpersistentstorage.it,200,,https://www.amazon.it/
amazonperte.it,200,,https://www.amazon.it/
amazonpervoi.it,200,,https://www.amazon.it/
amazonpets.com,200,,https://www.amazon.com/ref=as_li_ss_tl?ie=UTF8&linkCode=sl2&tag=amznipops-20&linkId=ef33ef1998890bd8a89ba9c3007fa6cd
amazonpets.info,200,,https://www.amazon.com/ref=as_li_ss_tl?ie=UTF8&linkCode=sl2&tag=amznipops-20&linkId=ef33ef1998890bd8a89ba9c3007fa6cd
amazonpharmacist.com,200,,https://www.amazon.com/ref=as_li_ss_tl?_encoding=UTF8&camp=1789&creative=390957&linkCode=ur2&tag=amznipops-20&linkId=VETEOIMPO7O4WRWZ
amazonpharmacy.com,200,200,https://pharmacy.amazon.com:443/
amazonpharmacyai.com,200,,
amazonpharmacyaicare.com,200,,
amazonpharmacykiosk.com,200,,
amazonpharmacykiosks.com,200,,
amazonphone.at,200,,https://www.amazon.de/
amazonphone.co.at,200,,https://www.amazon.de/
amazonphone.co.in,202,,https://www.amazon.in/
amazonphone.com,200,,https://www.amazon.com/electronics-store/b/ref=as_li_ss_tl?ie=UTF8&node=14613304011&linkCode=sl2&tag=primephones.com-20&linkId=dd14f38235ccedbb10cb55b45b8bfdc3
amazonphone.fr,202,,https://www.amazon.fr/
amazonphone.info,200,,https://www.amazon.com/electronics-store/b/ref=as_li_ss_tl?ie=UTF8&node=14613304011&linkCode=sl2&tag=primephones.com-20&linkId=dd14f38235ccedbb10cb55b45b8bfdc3
amazonphone.it,200,,https://www.amazon.it/
amazonphone.mobi,200,,https://www.amazon.com/dp/B00EOE0WKQ
amazonphone.net,200,200,https://www.amazon.com:443/cell-phones-service-plans-accessories/b?ie=UTF8&node=301185
amazonphone.org,200,200,https://www.amazon.com:443/cell-phones-service-plans-accessories/b?ie=UTF8&node=301185
amazonphonereview.com,200,,https://www.amazon.com/dp/B00EOE0WKQ
amazonphones.info,200,200,https://www.amazon.com:443/cell-phones-service-plans-accessories/b?ie=UTF8&node=301185
amazonphones.net,200,,https://www.amazon.com/electronics-store/b/ref=as_li_ss_tl?ie=UTF8&node=14613304011&linkCode=sl2&tag=primephones.com-20&linkId=dd14f38235ccedbb10cb55b45b8bfdc3
amazonphoto.com,200,,https://www.amazon.com/b/?node=13234696011&ref_=ap_phc_unrec
amazonphoto.net,200,,https://www.amazon.com/ref=as_li_ss_tl?_encoding=UTF8&camp=1789&creative=390957&linkCode=ur2&tag=amznipops-20&linkId=VETEOIMPO7O4WRWZ
amazonphotos.com,200,,https://www.amazon.com/b/?node=13234696011&ref_=ap_phc_unrec
amazonphotos.info,200,,https://www.amazon.com/ref=as_li_ss_tl?_encoding=UTF8&camp=1789&creative=390957&linkCode=ur2&tag=amznipops-20&linkId=VETEOIMPO7O4WRWZ
amazonpickup.com,200,,https://www.amazon.com/ref=as_li_ss_tl?_encoding=UTF8&camp=1789&creative=390957&linkCode=ur2&tag=amznipops-20&linkId=VETEOIMPO7O4WRWZ
amazonpicture.com,200,,https://www.amazon.com/ref=as_li_ss_tl?_encoding=UTF8&camp=1789&creative=390957&linkCode=ur2&tag=amznipops-20&linkId=VETEOIMPO7O4WRWZ
amazonpl.com,200,200,https://www.amazon.com:443/
amazonplay.com,200,200,https://www.amazon.com:443/toys-games-electronics-action-figures/b?ie=UTF8&node=165793011
amazonplus.com,200,200,https://www.amazon.com:443/apparel-accessories-men-women-kids/b?ie=UTF8&node=1036592
amazonpm3.com,200,,https://www.amazon.com/ref=as_li_ss_tl?_encoding=UTF8&camp=1789&creative=390957&linkCode=ur2&tag=amznipops-20&linkId=VETEOIMPO7O4WRWZ
amazonpodcast.com,200,,https://www.amazon.com/ref=as_li_ss_tl?ie=UTF8&linkCode=sl2&tag=amznipops-20&linkId=ef33ef1998890bd8a89ba9c3007fa6cd
amazonpodcastnetwork.com,200,,https://www.amazon.com/ref=as_li_ss_tl?ie=UTF8&linkCode=sl2&tag=amznipops-20&linkId=07057771cdf5019fb44a6e88c747a894
amazonpodcasts.com,200,,https://www.amazon.com/ref=as_li_ss_tl?_encoding=UTF8&camp=1789&creative=390957&linkCode=ur2&tag=amznipops-20&linkId=VETEOIMPO7O4WRWZ
amazonpolly.com,200,,https://aws.amazon.com/polly/
amazonporn.com,200,,https://www.amazon.com/ref=as_li_ss_tl?_encoding=UTF8&camp=1789&creative=390957&linkCode=ur2&tag=amznipops-20&linkId=VETEOIMPO7O4WRWZ
amazonporn.net,200,,https://www.amazon.com/ref=as_li_ss_tl?ie=UTF8&linkCode=sl2&tag=amznipops-20&linkId=ef33ef1998890bd8a89ba9c3007fa6cd
amazonportfolio.com,200,,https://www.amazon.com/ref=as_li_ss_tl?_encoding=UTF8&camp=1789&creative=390957&linkCode=ur2&tag=amznipops-20&linkId=VETEOIMPO7O4WRWZ
amazonpost.fr,202,,https://www.amazon.fr/
amazonpost.it,200,,https://www.amazon.it/
amazonpost.org,200,,https://www.amazon.com/ref=as_li_ss_tl?_encoding=UTF8&camp=1789&creative=390957&linkCode=ur2&tag=amznipops-20&linkId=VETEOIMPO7O4WRWZ
amazonposts.biz,200,,https://www.amazon.com/ref=as_li_ss_tl?_encoding=UTF8&camp=1789&creative=390957&linkCode=ur2&tag=amznipops-20&linkId=VETEOIMPO7O4WRWZ
amazonposts.fr,202,,https://www.amazon.fr/
amazonposts.info,200,,https://www.amazon.com/ref=as_li_ss_tl?_encoding=UTF8&camp=1789&creative=390957&linkCode=ur2&tag=amznipops-20&linkId=VETEOIMPO7O4WRWZ
amazonposts.it,200,,https://www.amazon.it/
amazonpremier.fr,202,,https://www.amazon.fr/
amazonpremium.fr,202,,https://www.amazon.fr/
amazonpremium.it,200,,https://www.amazon.it/
amazonpremiumday.fr,200,,https://www.amazon.fr/primeday
amazonpremiumnow.fr,200,,https://www.amazon.fr/fmc/learn-more?ref_=primenow
amazonpreorder.com,200,,https://www.amazon.com/ref=as_li_ss_tl?_encoding=UTF8&camp=1789&creative=390957&linkCode=ur2&tag=amznipops-20&linkId=VETEOIMPO7O4WRWZ
amazonprepaid.co.in,202,,https://www.amazon.in/
amazonprepaid.fr,202,,https://www.amazon.fr/
amazonprepaid.in,202,,https://www.amazon.in/
amazonprepaid.it,200,,https://www.amazon.it/
amazonpreviews.com,200,,https://www.amazon.com/ref=as_li_ss_tl?_encoding=UTF8&camp=1789&creative=390957&linkCode=ur2&tag=amznipops-20&linkId=VETEOIMPO7O4WRWZ
amazonprice.info,200,,https://www.amazon.com/ref=as_li_ss_tl?_encoding=UTF8&camp=1789&creative=390957&linkCode=ur2&tag=amznipops-20&linkId=VETEOIMPO7O4WRWZ
amazonpricechecker.com,200,,https://www.amazon.com/ref=as_li_ss_tl?_encoding=UTF8&camp=1789&creative=390957&linkCode=ur2&tag=amznipops-20&linkId=VETEOIMPO7O4WRWZ
amazonprime.at,202,,https://www.amazon.de/
amazonprime.co.at,202,,https://www.amazon.de/
amazonprime.health,200,,https://www.amazon.com/Health-Care-Products-Personal/b?ie=UTF8&node=3760941
amazonprime.it,200,,https://www.amazon.it/
amazonprime.vip,200,,https://www.amazon.com/dp/B00DBYBNEE/ref=as_li_ss_tl?_encoding=UTF8&*Version*=1&*entries*=0&linkCode=sl1&tag=amznipprime-20&linkId=e641667273f18ddeb3abe0238bfbc7d4
amazonprimeair.at,202,,https://www.amazon.de/
amazonprimeair.co.at,202,,https://www.amazon.de/
amazonprimeair.com,200,,https://www.amazon.com/b?ref_=tsm_1_fb_s_amzn_mx3eqp&node=8037720011
amazonprimeair.fr,202,,https://www.amazon.fr/
amazonprimeair.info,200,,https://www.amazon.com/gp/b?node=119684904011
amazonprimeair.it,200,,https://www.amazon.it/
amazonprimeair.net,200,,https://www.amazon.com/gp/b?node=119684904011
amazonprimeair.org,200,,https://www.amazon.com/gp/b?node=119684904011
amazonprimeairdrone.com,200,,https://www.amazon.com/gp/b?node=119684904011
amazonprimeday.at,200,,https://www.amazon.de/primeday
amazonprimeday.co.at,200,,https://www.amazon.de/primeday
amazonprimeday.com,200,,https://www.amazon.com/b/ref=as_li_ss_tl?ie=UTF8&node=13887280011&linkCode=sl2&tag=amazonprimeday.com-20&linkId=de2dffe26077b5ae235074b2c872555f
amazonprimeday.fr,200,,https://www.amazon.fr/primeday
amazonprimeday.info,200,,https://www.amazon.com/b/ref=as_li_ss_tl?ie=UTF8&node=11448061011&linkCode=sl2&tag=amznip-primeday-20&linkId=ead3c729dbc20a8f2acacb8caee07293
amazonprimeday.it,200,,https://www.amazon.it/primeday
amazonprimeday.net,200,,https://www.amazon.com/b/ref=as_li_ss_tl?ie=UTF8&node=11448061011&linkCode=sl2&tag=amznip-primeday-20&linkId=ead3c729dbc20a8f2acacb8caee07293
amazonprimeday.org,200,,https://www.amazon.com/b/ref=as_li_ss_tl?ie=UTF8&node=11448061011&linkCode=sl2&tag=amznip-primeday-20&linkId=ead3c729dbc20a8f2acacb8caee07293
amazonprimeground.fr,202,,https://www.amazon.fr/
amazonprimeground.it,200,,https://www.amazon.it/
amazonprimekey.com,200,,https://www.amazon.com:443/key-delivery?ref_=ms_kfg_surl_key
amazonprimemusic.com,200,,https://www.amazon.com/b/ref=as_li_ss_tl?node=8335758011&linkCode=sl2&tag=amazonprimemusic.com-20&linkId=21a1a58e358c3c14c1c73c71a21f746f
amazonprimemusic.fr,200,,https://www.amazon.com/b?node=8335758011
amazonprimemusic.info,200,,https://www.amazon.com/b/ref=as_li_ss_tl?node=8335758011&linkCode=sl2&tag=amznipops-20&linkId=ee3280cbaf6beb435e0353da75fb85b4
amazonprimemusic.it,200,,https://www.amazon.com/b?node=8335758011
amazonprimemusic.net,200,,https://www.amazon.com/b/ref=as_li_ss_tl?node=8335758011&linkCode=sl2&tag=amznipops-20&linkId=ee3280cbaf6beb435e0353da75fb85b4
amazonprimemusic.org,200,,https://www.amazon.com/b/ref=as_li_ss_tl?node=8335758011&linkCode=sl2&tag=amznipops-20&linkId=ee3280cbaf6beb435e0353da75fb85b4
amazonprimenow.at,202,,https://www.amazon.de/
amazonprimenow.com,200,200,https://www.amazon.com/fmc/learn-more?ref_=primenow
amazonprimenow.fr,200,,https://www.amazon.fr/fmc/learn-more?ref_=primenow
amazonprimenow.it,200,,https://www.amazon.it/fmc/learn-more?ref_=primenow
amazonprimenow.london,200,,https://www.amazon.co.uk/fmc/learn-more?ref_=primenow
amazonprimenow.net,200,,https://www.amazon.com/fmc/learn-more?ref_=primenow
amazonprimenow.nyc,200,,https://www.amazon.com/fmc/learn-more?ref_=primenow
amazonprimephotos.fr,200,,https://www.amazon.com/b/?node=13234696011
amazonprimephotos.it,200,,https://www.amazon.com/b/?node=13234696011
amazonprimephotos.net,200,,https://www.amazon.com/b/?node=13234696011
amazonprimephotos.org,200,,https://www.amazon.com/b/?node=13234696011
amazonprimeplus.at,202,,https://www.amazon.de/
amazonprimeplus.fr,202,,https://www.amazon.fr/
amazonprimeplus.it,200,,https://www.amazon.it/
amazonprimeplus.me,200,,https://www.aboutamazon.eu/
amazonprimestore.com,200,,https://www.amazon.com/ref=as_li_ss_tl?_encoding=UTF8&camp=1789&creative=390957&linkCode=ur2&tag=amznipops-20&linkId=VETEOIMPO7O4WRWZ
amazonprimestudent.com,200,,https://www.amazon.com:443/b?node=668781011&ref_=tb_surl_astudent
amazonprimevega.com,200,,
amazonprimevideo.cl,200,,https://www.primevideo.com/offers/nonprimehomepage/ref=dv_web_force_root
amazonprimevideo.com,200,,https://www.primevideo.com/offers/nonprimehomepage/ref=dv_web_force_root
amazonprimevideo.com.ru,200,,https://www.primevideo.com/offers/nonprimehomepage/ref=dv_web_force_root
amazonprimevideo.fi,200,,https://www.primevideo.com/offers/nonprimehomepage/ref=dv_web_force_root
amazonprimevideo.it,200,,https://www.primevideo.com/offers/nonprimehomepage/ref=dv_web_force_root
amazonprimevideo.me,200,,https://www.primevideo.com/offers/nonprimehomepage/ref=dv_web_force_root
amazonprimevideo.ru,200,,https://www.primevideo.com/offers/nonprimehomepage/ref=dv_web_force_root
amazonprimevideos.com,200,,https://www.amazon.com/b/ref=as_li_ss_tl?&node=2858778011&linkCode=sl2&tag=amznipvideo-20&linkId=ad5fbe1dee38564cbbacf1392fafb4ae
amazonprimo.fr,202,,https://www.amazon.fr/
amazonprinter.com,200,,https://www.amazon.com/ref=as_li_ss_tl?_encoding=UTF8&camp=1789&creative=390957&linkCode=ur2&tag=amznipops-20&linkId=VETEOIMPO7O4WRWZ
amazonprinting.com,200,200,https://www.amazon.com/b?node=14866317011
amazonprints.com,200,,https://www.amazon.com/b/ref=as_li_ss_tl?node=14866317011&linkCode=sl2&tag=amazonprints.com-20&linkId=d5222d5a80607eba1189079aa0042dc3
amazonprivacy.com,200,,https://www.amazon.com/ref=as_li_ss_tl?_encoding=UTF8&camp=1789&creative=390957&linkCode=ur2&tag=amznipops-20&linkId=VETEOIMPO7O4WRWZ
amazonprocessing.com,200,,https://www.amazon.com/ref=as_li_ss_tl?_encoding=UTF8&camp=1789&creative=390957&linkCode=ur2&tag=amznipops-20&linkId=VETEOIMPO7O4WRWZ
amazonproduct.info,200,,https://www.amazon.com/ref=as_li_ss_tl?_encoding=UTF8&camp=1789&creative=390957&linkCode=ur2&tag=amznipops-20&linkId=VETEOIMPO7O4WRWZ
amazonproductreview.com,200,,https://www.amazon.com/ref=as_li_ss_tl?_encoding=UTF8&camp=1789&creative=390957&linkCode=ur2&tag=amznipops-20&linkId=VETEOIMPO7O4WRWZ
amazonproductsfeed.com,200,,https://www.amazon.com/ref=as_li_ss_tl?ie=UTF8&linkCode=sl2&tag=amznipops-20&linkId=07057771cdf5019fb44a6e88c747a894
amazonproductsreviewblog.info,200,,https://www.amazon.com/ref=as_li_ss_tl?ie=UTF8&linkCode=sl2&tag=amznipops-20&linkId=ef33ef1998890bd8a89ba9c3007fa6cd
amazonprofilemanagement.com,200,,https://www.amazon.com/ref=as_li_ss_tl?_encoding=UTF8&camp=1789&creative=390957&linkCode=ur2&tag=amznipops-20&linkId=VETEOIMPO7O4WRWZ
amazonprofit.com,200,,https://www.amazon.com/ref=as_li_ss_tl?_encoding=UTF8&camp=1789&creative=390957&linkCode=ur2&tag=amznipops-20&linkId=VETEOIMPO7O4WRWZ
amazonprojects.com,200,,https://www.amazon.com/ref=as_li_ss_tl?_encoding=UTF8&camp=1789&creative=390957&linkCode=ur2&tag=amznipops-20&linkId=VETEOIMPO7O4WRWZ
amazonprojectzero.at,200,,https://sell.amazon.com/brand-registry/project-zero
amazonprojectzero.com,200,,https://sell.amazon.com/brand-registry/project-zero
amazonprojectzero.fr,200,,https://sell.amazon.com/brand-registry/project-zero
amazonprojectzero.info,200,,https://sell.amazon.com/brand-registry/project-zero
amazonprojectzero.it,200,,https://sell.amazon.com/brand-registry/project-zero
amazonprojectzero.net,200,,https://sell.amazon.com/brand-registry/project-zero
amazonpromo.com,200,,https://www.amazon.com/ref=as_li_ss_tl?_encoding=UTF8&camp=1789&creative=390957&linkCode=ur2&tag=amznipops-20&linkId=VETEOIMPO7O4WRWZ
amazonpromocode.com,200,,https://www.amazon.com:443/hz/coupons/
amazonpromocode.info,200,,https://www.amazon.com/ref=as_li_ss_tl?ie=UTF8&linkCode=sl2&tag=amznipops-20&linkId=ef33ef1998890bd8a89ba9c3007fa6cd
amazonpromocode.net,200,,https://www.amazon.com/ref=as_li_ss_tl?ie=UTF8&linkCode=sl2&tag=amznipops-20&linkId=ef33ef1998890bd8a89ba9c3007fa6cd
amazonpromocode.org,200,,https://www.amazon.com/ref=as_li_ss_tl?ie=UTF8&linkCode=sl2&tag=amznipops-20&linkId=ef33ef1998890bd8a89ba9c3007fa6cd
amazonpromotion.com,200,,https://www.amazon.com/ref=as_li_ss_tl?_encoding=UTF8&camp=1789&creative=390957&linkCode=ur2&tag=amznipops-20&linkId=VETEOIMPO7O4WRWZ
amazonpromotion.net,200,,https://www.amazon.com/ref=as_li_ss_tl?ie=UTF8&linkCode=sl2&tag=amznipops-20&linkId=ef33ef1998890bd8a89ba9c3007fa6cd
amazonpromotionalcodes.net,200,,https://www.amazon.com/ref=as_li_ss_tl?_encoding=UTF8&camp=1789&creative=390957&linkCode=ur2&tag=amznipops-20&linkId=VETEOIMPO7O4WRWZ
amazonpromotionalcodes.org,200,,https://www.amazon.com/ref=as_li_ss_tl?ie=UTF8&linkCode=sl2&tag=amznipops-20&linkId=ef33ef1998890bd8a89ba9c3007fa6cd
amazonpromotionalcodesfreeshipping.info,200,,https://www.amazon.com/ref=as_li_ss_tl?ie=UTF8&linkCode=sl2&tag=amznipops-20&linkId=ef33ef1998890bd8a89ba9c3007fa6cd
amazonpromotions.com,200,200,https://www.amazon.com:443/Deals-Electronics/b?ie=UTF8&node=540734
amazonpromotions.net,200,,https://www.amazon.com/ref=as_li_ss_tl?ie=UTF8&linkCode=sl2&tag=amznipops-20&linkId=ef33ef1998890bd8a89ba9c3007fa6cd
amazonprotect.at,202,,https://www.amazon.de/
amazonprotect.co.at,202,,https://www.amazon.de/
amazonpub.com,200,,https://amazonpublishing.amazon.com/
amazonpublicite.fr,200,,https://advertising.amazon.com/fr-fr
amazonpublishingcentral.org,200,,
amazonpublishingpartners.com,200,,
amazonpumps.info,200,,https://www.amazon.com/ref=as_li_ss_tl?ie=UTF8&linkCode=sl2&tag=amznipops-20&linkId=ef33ef1998890bd8a89ba9c3007fa6cd
amazonpumpsdirect.info,200,,https://www.amazon.com/ref=as_li_ss_tl?ie=UTF8&linkCode=sl2&tag=amznipops-20&linkId=ef33ef1998890bd8a89ba9c3007fa6cd
amazonpurses.info,200,,https://www.amazon.com/ref=as_li_ss_tl?ie=UTF8&linkCode=sl2&tag=amznipops-20&linkId=ef33ef1998890bd8a89ba9c3007fa6cd
amazonpursesdirect.info,200,,https://www.amazon.com/ref=as_li_ss_tl?ie=UTF8&linkCode=sl2&tag=amznipops-20&linkId=ef33ef1998890bd8a89ba9c3007fa6cd
amazonpush.com,200,,https://www.amazon.com/ref=as_li_ss_tl?_encoding=UTF8&camp=1789&creative=390957&linkCode=ur2&tag=amznipops-20&linkId=VETEOIMPO7O4WRWZ
amazonq.com,200,200,https://www.amazon.com:443/
amazonquick.com,200,,https://www.amazon.com/ref=as_li_ss_tl?ie=UTF8&linkCode=sl2&tag=amznipops-20&linkId=ef33ef1998890bd8a89ba9c3007fa6cd
amazonranking.info,200,,https://www.amazon.com/ref=as_li_ss_tl?ie=UTF8&linkCode=sl2&tag=amznipops-20&linkId=ef33ef1998890bd8a89ba9c3007fa6cd
amazonre.com,200,,https://www.amazon.com/ref=as_li_ss_tl?_encoding=UTF8&camp=1789&creative=390957&linkCode=ur2&tag=amznipops-20&linkId=VETEOIMPO7O4WRWZ
amazonreaderkindle.com,200,,https://www.amazon.com/ref=as_li_ss_tl?ie=UTF8&linkCode=sl2&tag=amznipops-20&linkId=ef33ef1998890bd8a89ba9c3007fa6cd
amazonreading.at,202,,https://www.amazon.de/
amazonreading.fr,202,,https://www.amazon.fr/
amazonreading.info,200,,https://www.amazon.com/ref=as_li_ss_tl?_encoding=UTF8&camp=1789&creative=390957&linkCode=ur2&tag=amznipops-20&linkId=VETEOIMPO7O4WRWZ
amazonreading.it,200,,https://www.amazon.it/
amazonreading.me,200,,https://www.aboutamazon.eu/
amazonreadreplicas.com,200,,https://www.amazon.com/ref=as_li_ss_tl?_encoding=UTF8&camp=1789&creative=390957&linkCode=ur2&tag=amznipops-20&linkId=VETEOIMPO7O4WRWZ
amazonrecycling.com,200,,https://www.amazon.com/ref=as_li_ss_tl?_encoding=UTF8&camp=1789&creative=390957&linkCode=ur2&tag=amznipops-20&linkId=VETEOIMPO7O4WRWZ
amazonredshift.at,202,,https://www.amazon.de/
amazonredshift.biz,200,,https://aws.amazon.com/
amazonredshift.com,200,,https://aws.amazon.com/redshift/
amazonredshift.fr,202,,https://www.amazon.fr/
amazonredshift.info,200,,https://aws.amazon.com/
amazonredshift.it,200,,https://www.amazon.it/
amazonredshift.net,200,,https://aws.amazon.com/
amazonredshift.org,200,,https://aws.amazon.com/
amazonrefund.com,200,,https://www.amazon.com/ref=as_li_ss_tl?_encoding=UTF8&camp=1789&creative=390957&linkCode=ur2&tag=amznipops-20&linkId=VETEOIMPO7O4WRWZ
amazonrefurbished.fr,200,,https://www.amazon.fr/b/ref=fr_renewed_domainforward/?ie=UTF8&node=10675213031
amazonrefurbished.it,200,,https://www.amazon.it/b/ref=it_renewed_domainforward/?ie=UTF8&node=10675215031
amazonregistrar.info,200,,https://www.amazon.com/ref=as_li_ss_tl?ie=UTF8&linkCode=sl2&tag=amznipops-20&linkId=ef33ef1998890bd8a89ba9c3007fa6cd
amazonregistry.com,200,200,https://www.registry.amazon/
amazonremote.com,200,,https://www.amazon.com/ref=as_li_ss_tl?_encoding=UTF8&camp=1789&creative=390957&linkCode=ur2&tag=amznipops-20&linkId=VETEOIMPO7O4WRWZ
amazonrenewed.fr,200,,https://www.amazon.fr/b/ref=fr_renewed_domainforward/?ie=UTF8&node=10675213031
amazonrenewed.it,200,,https://www.amazon.it/b/ref=it_renewed_domainforward/?ie=UTF8&node=10675215031
amazonreplica.com,200,,https://www.amazon.com/ref=as_li_ss_tl?_encoding=UTF8&camp=1789&creative=390957&linkCode=ur2&tag=amznipops-20&linkId=VETEOIMPO7O4WRWZ
amazonresources.com,200,,https://www.amazon.com/ref=as_li_ss_tl?_encoding=UTF8&camp=1789&creative=390957&linkCode=ur2&tag=amznipops-20&linkId=VETEOIMPO7O4WRWZ
amazonreview.info,200,,https://www.amazon.com/ref=as_li_ss_tl?_encoding=UTF8&camp=1789&creative=390957&linkCode=ur2&tag=amznipops-20&linkId=VETEOIMPO7O4WRWZ
amazonreview.net,200,,https://www.safebrowse.io/warn.html?url=http://amazonreview.net/&token=3d6fde02
amazonreviewer.com,200,,https://www.safebrowse.io/warn.html?url=http://amazonreviewer.com/&token=e1869daf
amazonrewards.net,200,,https://www.amazon.com/ref=as_li_ss_tl?_encoding=UTF8&camp=1789&creative=390957&linkCode=ur2&tag=amznipops-20&linkId=VETEOIMPO7O4WRWZ
amazonrfesh.com,200,,https://www.amazon.com:443/alm/storefront?almBrandId=QW1hem9uIEZyZXNo
amazonring.com,200,200,https://www.amazon.com:443/jewelry-watches-engagements-rings-diamonds/b?ie=UTF8&node=3367581
amazonrobotics.com,200,200,https://atozworkforce.idprism-auth.amazon.com/?client_id=36eb297db69e3157c9f85ca8ad&nonce=P260519195148667PDXO4OYT4X2KGNY&redirect_uri=https%3A%2F%2Fidp.federate.amazon.com%2Fapi%2Fv1%2Fintermediate&relying_party=internal.transfer.portal.prod&response_type=code&scope=openid&state=us-west-2_P260519195148667PDXO4OYT4X2KGNY_65723630-8844-47dd-a69e-3a58625dde98&txn_id=P260519195148903SFOFD16673B69C1
amazonrobotics.it,200,,https://www.amazon.it/
amazonromancedelivers.com,200,,https://amazonpublishing.amazon.com/
amazonromancedelivers.fr,202,,https://www.amazon.fr/
amazonromancedelivers.it,200,,https://www.amazon.it/
amazonroute53.at,200,,https://aws.amazon.com/
amazonroute53.com,200,,https://aws.amazon.com/route53/
amazonroute53.fr,200,,https://aws.amazon.com/
amazonroute53.info,200,,https://aws.amazon.com/route53/
amazonroute53.it,200,,https://aws.amazon.com/
amazonroute53.net,200,,https://aws.amazon.com/route53/
amazonroute53.org,200,,https://aws.amazon.com/route53/
amazonrrs.com,200,,https://www.amazon.com/ref=as_li_ss_tl?_encoding=UTF8&camp=1789&creative=390957&linkCode=ur2&tag=amznipops-20&linkId=VETEOIMPO7O4WRWZ
amazonru.com,200,200,https://www.amazon.com:443/
amazons-payments.com,200,,https://www.amazon.com/ref=as_li_ss_tl?ie=UTF8&linkCode=sl2&tag=amznipops-20&linkId=ef33ef1998890bd8a89ba9c3007fa6cd
amazons.at,202,,https://www.amazon.de/
amazons.fr,202,,https://www.amazon.fr/
amazons.info,200,,https://www.amazon.com/ref=as_li_ss_tl?_encoding=UTF8&camp=1789&creative=390957&linkCode=ur2&tag=amznipops-20&linkId=VETEOIMPO7O4WRWZ
amazons.it,200,,https://www.amazon.it/
amazons.mobi,200,,https://www.amazon.com/ref=as_li_ss_tl?_encoding=UTF8&camp=1789&creative=390957&linkCode=ur2&tag=amznipops-20&linkId=VETEOIMPO7O4WRWZ
amazons3.at,200,,https://aws.amazon.com/
amazons3.fr,200,,https://aws.amazon.com/
amazons3.info,200,,https://www.amazon.com/ref=as_li_ss_tl?_encoding=UTF8&camp=1789&creative=390957&linkCode=ur2&tag=amznipops-20&linkId=VETEOIMPO7O4WRWZ
amazons3.it,200,,https://aws.amazon.com/
amazons3.net,200,,https://www.amazon.com/ref=as_li_ss_tl?_encoding=UTF8&camp=1789&creative=390957&linkCode=ur2&tag=amznipops-20&linkId=VETEOIMPO7O4WRWZ
amazons3.org,200,,https://www.amazon.com/ref=as_li_ss_tl?_encoding=UTF8&camp=1789&creative=390957&linkCode=ur2&tag=amznipops-20&linkId=VETEOIMPO7O4WRWZ
amazons3rrs.com,200,,https://www.amazon.com/ref=as_li_ss_tl?_encoding=UTF8&camp=1789&creative=390957&linkCode=ur2&tag=amznipops-20&linkId=VETEOIMPO7O4WRWZ
amazons3software.com,200,,https://aws.amazon.com/
amazonsafe.com,200,,https://www.amazon.com/ref=as_li_ss_tl?_encoding=UTF8&camp=1789&creative=390957&linkCode=ur2&tag=amznipops-20&linkId=VETEOIMPO7O4WRWZ
amazonsale.com,200,200,https://www.amazon.com:443/Outlet/b?ie=UTF8&node=517808
amazonsales.com,200,200,https://www.amazon.com:443/Outlet/b?ie=UTF8&node=517808
amazonsales.info,200,,https://www.amazon.com/ref=as_li_ss_tl?_encoding=UTF8&camp=1789&creative=390957&linkCode=ur2&tag=amznipops-20&linkId=VETEOIMPO7O4WRWZ
amazonsales.net,200,,https://www.amazon.com/ref=as_li_ss_tl?_encoding=UTF8&camp=1789&creative=390957&linkCode=ur2&tag=amznipops-20&linkId=VETEOIMPO7O4WRWZ
amazonsales.org,200,,https://www.amazon.com/ref=as_li_ss_tl?_encoding=UTF8&camp=1789&creative=390957&linkCode=ur2&tag=amznipops-20&linkId=VETEOIMPO7O4WRWZ
amazonsamplemusic.com,200,,https://www.amazon.com/ref=as_li_ss_tl?_encoding=UTF8&camp=1789&creative=390957&linkCode=ur2&tag=amznipops-20&linkId=VETEOIMPO7O4WRWZ
amazonsaver.info,200,,https://www.amazon.com/ref=as_li_ss_tl?_encoding=UTF8&camp=1789&creative=390957&linkCode=ur2&tag=amznipops-20&linkId=VETEOIMPO7O4WRWZ
amazonsaving.info,200,,https://www.amazon.com/ref=as_li_ss_tl?_encoding=UTF8&camp=1789&creative=390957&linkCode=ur2&tag=amznipops-20&linkId=VETEOIMPO7O4WRWZ
amazonsavvy.com,200,,https://www.amazon.com/ref=as_li_ss_tl?_encoding=UTF8&camp=1789&creative=390957&linkCode=ur2&tag=amznipops-20&linkId=VETEOIMPO7O4WRWZ
amazonsblackfriday.info,200,,https://www.amazon.com/ref=as_li_ss_tl?_encoding=UTF8&camp=1789&creative=390957&linkCode=ur2&tag=amznipops-20&linkId=VETEOIMPO7O4WRWZ
amazonschoice.biz,200,,https://www.amazon.com/ref=as_li_ss_tl?_encoding=UTF8&camp=1789&creative=390957&linkCode=ur2&tag=amznipops-20&linkId=VETEOIMPO7O4WRWZ
amazonschoice.fr,202,,https://www.amazon.fr/
amazonschoice.it,200,,https://www.amazon.it/
amazonsciencefiction.com,200,,https://www.amazon.com/ref=as_li_ss_tl?ie=UTF8&linkCode=sl2&tag=amznipops-20&linkId=ef33ef1998890bd8a89ba9c3007fa6cd
amazonscout.info,308,,
amazonsdeals.info,200,200,https://www.amazon.com:443/Deals/b?ie=UTF8&node=909656
amazonsdi.com,200,200,https://amazonsdi.com/
amazonsearch.info,200,,https://www.amazon.com/ref=as_li_ss_tl?_encoding=UTF8&camp=1789&creative=390957&linkCode=ur2&tag=amznipops-20&linkId=VETEOIMPO7O4WRWZ
amazonsearch.net,200,,https://www.amazon.com/ref=as_li_ss_tl?_encoding=UTF8&camp=1789&creative=390957&linkCode=ur2&tag=amznipops-20&linkId=VETEOIMPO7O4WRWZ
amazonsearchplus.com,200,,https://www.amazon.com/ref=as_li_ss_tl?_encoding=UTF8&camp=1789&creative=390957&linkCode=ur2&tag=amznipops-20&linkId=VETEOIMPO7O4WRWZ
amazonselfpublishing.com,200,,https://www.amazon.com/ref=as_li_ss_tl?_encoding=UTF8&camp=1789&creative=390957&linkCode=ur2&tag=amznipops-20&linkId=VETEOIMPO7O4WRWZ
amazonsell.com,200,,https://www.amazon.com/ref=as_li_ss_tl?_encoding=UTF8&camp=1789&creative=390957&linkCode=ur2&tag=amznipops-20&linkId=VETEOIMPO7O4WRWZ
amazonseller.com,200,200,https://www.amazon.com:443/Money-home-page/b?ie=UTF8&node=3309511
amazonsellercentral.com,200,200,https://www.amazon.com:443/Money-home-page/b?ie=UTF8&node=3309511
amazonsellercommunity.fr,202,,https://www.amazon.fr/
amazonsellercommunity.net,200,200,https://www.amazon.com:443/Money-home-page/b?ie=UTF8&node=3309511
amazonsellerday.com,200,,https://www.amazon.com/ref=as_li_ss_tl?_encoding=UTF8&camp=1789&creative=390957&linkCode=ur2&tag=amznipops-20&linkId=VETEOIMPO7O4WRWZ
amazonsellerforums.fr,202,,https://www.amazon.fr/
amazonsellerlending.com,200,,https://www.amazon.com/ref=as_li_ss_tl?_encoding=UTF8&camp=1789&creative=390957&linkCode=ur2&tag=amznipops-20&linkId=VETEOIMPO7O4WRWZ
amazonsellerlending.fr,202,,https://www.amazon.fr/
amazonsellerlending.it,200,,https://www.amazon.it/
amazonsellerpro.com,200,,https://www.amazon.com/ref=as_li_ss_tl?ie=UTF8&linkCode=sl2&tag=amznipops-20&linkId=07057771cdf5019fb44a6e88c747a894
amazonsellers.com,200,200,https://www.amazon.com:443/Money-home-page/b?ie=UTF8&node=3309511
amazonsellers.info,200,,https://www.amazon.com/ref=as_li_ss_tl?_encoding=UTF8&camp=1789&creative=390957&linkCode=ur2&tag=amznipops-20&linkId=VETEOIMPO7O4WRWZ
amazonsellers.net,200,,https://www.amazon.com/ref=as_li_ss_tl?_encoding=UTF8&camp=1789&creative=390957&linkCode=ur2&tag=amznipops-20&linkId=VETEOIMPO7O4WRWZ
amazonsellersupport.com,200,,https://www.amazon.com/ref=as_li_ss_tl?_encoding=UTF8&camp=1789&creative=390957&linkCode=ur2&tag=amznipops-20&linkId=VETEOIMPO7O4WRWZ
amazonselleruniversity.com,200,,https://www.amazon.com/ref=as_li_ss_tl?_encoding=UTF8&camp=1789&creative=390957&linkCode=ur2&tag=amznipops-20&linkId=VETEOIMPO7O4WRWZ
amazonselleruniversity.fr,202,,https://www.amazon.fr/
amazonselleruniversity.it,200,,https://www.amazon.it/
amazonseo.net,200,,https://www.amazon.com/ref=as_li_ss_tl?_encoding=UTF8&camp=1789&creative=390957&linkCode=ur2&tag=amznipops-20&linkId=VETEOIMPO7O4WRWZ
amazonservice.at,202,,https://www.amazon.de/
amazonservice.com,200,200,https://aws.amazon.com/
amazonservice.fr,202,,https://www.amazon.fr/
amazonservice.info,200,,https://www.amazon.com/ref=as_li_ss_tl?_encoding=UTF8&camp=1789&creative=390957&linkCode=ur2&tag=amznipops-20&linkId=VETEOIMPO7O4WRWZ
amazonservice.net,200,,https://www.amazon.com/ref=as_li_ss_tl?_encoding=UTF8&camp=1789&creative=390957&linkCode=ur2&tag=amznipops-20&linkId=VETEOIMPO7O4WRWZ
amazonservices.at,202,,https://www.amazon.de/
amazonservices.club,200,,https://www.amazon.com/ref=as_li_ss_tl?ie=UTF8&linkCode=sl2&tag=amznipops-20&linkId=07057771cdf5019fb44a6e88c747a894
amazonservices.com,200,200,https://sell.amazon.com/
amazonservices.fr,200,,https://sell.amazon.fr/?ref_=asfr_soa_rd&ld=AZFR
amazonservices.in,200,,https://sell.amazon.in/?ref_=asin_soa_rd&
amazonservices.me,200,,https://www.aboutamazon.eu/
amazonservices.net,200,200,https://aws.amazon.com/
amazonses.com,200,200,https://aws.amazon.com/ses/
amazonses.info,200,,https://www.amazon.com/ref=as_li_ss_tl?_encoding=UTF8&camp=1789&creative=390957&linkCode=ur2&tag=amznipops-20&linkId=VETEOIMPO7O4WRWZ
amazonses.it,200,,https://aws.amazon.com/
amazonses.me,200,,https://www.aboutamazon.eu/
amazonses.net,200,,https://www.amazon.com/ref=as_li_ss_tl?_encoding=UTF8&camp=1789&creative=390957&linkCode=ur2&tag=amznipops-20&linkId=VETEOIMPO7O4WRWZ
amazonses.org,200,,https://www.amazon.com/ref=as_li_ss_tl?_encoding=UTF8&camp=1789&creative=390957&linkCode=ur2&tag=amznipops-20&linkId=VETEOIMPO7O4WRWZ
amazonsettopbox.com,200,,https://www.amazon.com/firetv/
amazonsetup.com,200,,https://www.amazon.com/ref=as_li_ss_tl?_encoding=UTF8&camp=1789&creative=390957&linkCode=ur2&tag=amznipops-20&linkId=VETEOIMPO7O4WRWZ
amazonsg.com,200,200,https://www.amazon.com:443/
amazonsgiftcard.com,200,,https://www.amazon.com/ref=as_li_ss_tl?_encoding=UTF8&camp=1789&creative=390957&linkCode=ur2&tag=amznipops-20&linkId=VETEOIMPO7O4WRWZ
amazonshipping.info,200,,https://www.amazon.com/ref=as_li_ss_tl?ie=UTF8&linkCode=sl2&tag=amznipops-20&linkId=ef33ef1998890bd8a89ba9c3007fa6cd
amazonshipping.net,200,,https://www.amazon.com/ref=as_li_ss_tl?_encoding=UTF8&camp=1789&creative=390957&linkCode=ur2&tag=amznipops-20&linkId=VETEOIMPO7O4WRWZ
amazonshippingpromocode.com,200,,https://www.amazon.com/ref=as_li_ss_tl?_encoding=UTF8&camp=1789&creative=390957&linkCode=ur2&tag=amznipops-20&linkId=VETEOIMPO7O4WRWZ
amazonshoes.in,202,,https://www.amazon.in/
amazonshoes.info,200,,https://www.amazon.com/b/ref=as_li_ss_tl?ie=UTF8&node=7141123011&linkCode=sl2&tag=amznipops-20&linkId=0ce87db61c8a43c585886574c2acb7b4
amazonshoesshop.com,200,,https://www.amazon.com/ref=as_li_ss_tl?ie=UTF8&linkCode=sl2&tag=amznipops-20&linkId=ef33ef1998890bd8a89ba9c3007fa6cd
amazonshop.info,200,,https://www.amazon.com/ref=as_li_ss_tl?_encoding=UTF8&camp=1789&creative=390957&linkCode=ur2&tag=amznipops-20&linkId=VETEOIMPO7O4WRWZ
amazonshop.net,200,,https://www.amazon.com/ref=as_li_ss_tl?_encoding=UTF8&camp=1789&creative=390957&linkCode=ur2&tag=amznipops-20&linkId=VETEOIMPO7O4WRWZ
amazonshop.org,200,,https://www.amazon.com/ref=as_li_ss_tl?_encoding=UTF8&camp=1789&creative=390957&linkCode=ur2&tag=amznipops-20&linkId=VETEOIMPO7O4WRWZ
amazonshopaholicblog.info,200,,https://www.amazon.com/ref=as_li_ss_tl?ie=UTF8&linkCode=sl2&tag=amznipops-20&linkId=ef33ef1998890bd8a89ba9c3007fa6cd
amazonshoping.com,200,,https://www.amazon.com/ref=as_li_ss_tl?_encoding=UTF8&camp=1789&creative=390957&linkCode=ur2&tag=amznipops-20&linkId=VETEOIMPO7O4WRWZ
amazonshopping.club,200,,https://www.amazon.com/ref=as_li_ss_tl?ie=UTF8&linkCode=sl2&tag=amznipops-20&linkId=07057771cdf5019fb44a6e88c747a894
amazonshopping.it,200,,https://www.amazon.it/
amazonshopping.org,200,,https://www.amazon.com/ref=as_li_ss_tl?_encoding=UTF8&camp=1789&creative=390957&linkCode=ur2&tag=amznipops-20&linkId=VETEOIMPO7O4WRWZ
amazonshoppingcard.com,200,,https://www.amazon.com/ref=as_li_ss_tl?_encoding=UTF8&camp=1789&creative=390957&linkCode=ur2&tag=amznipops-20&linkId=VETEOIMPO7O4WRWZ
amazonshoppingdeals.info,200,,https://www.amazon.com/ref=as_li_ss_tl?_encoding=UTF8&camp=1789&creative=390957&linkCode=ur2&tag=amznipops-20&linkId=VETEOIMPO7O4WRWZ
amazonshoppinginc.com,200,,https://www.amazon.com/ref=as_li_ss_tl?_encoding=UTF8&camp=1789&creative=390957&linkCode=ur2&tag=amznipops-20&linkId=VETEOIMPO7O4WRWZ
amazonshoppinglist.info,200,200,https://www.amazon.com:443/b?ie=UTF8&node=251482011&no=16310101&me=ATVPDKIKX0DER
amazonshoppingmall.com,200,,https://www.amazon.com/ref=as_li_ss_tl?_encoding=UTF8&camp=1789&creative=390957&linkCode=ur2&tag=amznipops-20&linkId=VETEOIMPO7O4WRWZ
amazonshoppingmall.net,200,,https://www.amazon.com/ref=as_li_ss_tl?ie=UTF8&linkCode=sl2&tag=amznipops-20&linkId=ef33ef1998890bd8a89ba9c3007fa6cd
amazonshoppingmallblog.info,200,,https://www.amazon.com/ref=as_li_ss_tl?ie=UTF8&linkCode=sl2&tag=amznipops-20&linkId=ef33ef1998890bd8a89ba9c3007fa6cd
amazonshoppingmalls.com,200,,https://www.amazon.com/ref=as_li_ss_tl?ie=UTF8&linkCode=sl2&tag=amznipops-20&linkId=ef33ef1998890bd8a89ba9c3007fa6cd
amazonshops.net,200,,https://www.amazon.com/ref=as_li_ss_tl?ie=UTF8&linkCode=sl2&tag=amznipops-20&linkId=ef33ef1998890bd8a89ba9c3007fa6cd
amazonshortcut.com,200,,https://www.amazon.com/ref=as_li_ss_tl?_encoding=UTF8&camp=1789&creative=390957&linkCode=ur2&tag=amznipops-20&linkId=VETEOIMPO7O4WRWZ
amazonshortcut.org,200,,https://www.amazon.com/ref=as_li_ss_tl?_encoding=UTF8&camp=1789&creative=390957&linkCode=ur2&tag=amznipops-20&linkId=VETEOIMPO7O4WRWZ
amazonshowcasereviews.com,200,,https://www.amazon.com/ref=as_li_ss_tl?ie=UTF8&linkCode=sl2&tag=amznipops-20&linkId=ef33ef1998890bd8a89ba9c3007fa6cd
amazonshows.com,200,,https://www.amazon.com/ref=as_li_ss_tl?_encoding=UTF8&camp=1789&creative=390957&linkCode=ur2&tag=amznipops-20&linkId=VETEOIMPO7O4WRWZ
amazonsicherheit.com,200,,https://www.amazon.com/ref=as_li_ss_tl?ie=UTF8&linkCode=sl2&tag=amznipops-20&linkId=ef33ef1998890bd8a89ba9c3007fa6cd
amazonsilk.at,202,,https://www.amazon.de/
amazonsilk.co.at,202,,https://www.amazon.de/
amazonsilk.com,200,200,https://amazonsilk.com/
amazonsilk.info,200,,https://www.amazon.com/ref=as_li_ss_tl?_encoding=UTF8&camp=1789&creative=390957&linkCode=ur2&tag=amznipops-20&linkId=VETEOIMPO7O4WRWZ
amazonsilk.it,200,,https://www.amazon.it/
amazonsilk.me,200,,https://www.aboutamazon.eu/
amazonsilk.mobi,200,,https://www.amazon.com/ref=as_li_ss_tl?_encoding=UTF8&camp=1789&creative=390957&linkCode=ur2&tag=amznipops-20&linkId=VETEOIMPO7O4WRWZ
amazonsilk.net,200,,https://www.amazon.com/ref=as_li_ss_tl?_encoding=UTF8&camp=1789&creative=390957&linkCode=ur2&tag=amznipops-20&linkId=VETEOIMPO7O4WRWZ
amazonsilk.org,200,,https://www.amazon.com/ref=as_li_ss_tl?_encoding=UTF8&camp=1789&creative=390957&linkCode=ur2&tag=amznipops-20&linkId=VETEOIMPO7O4WRWZ
amazonsilkbrowser.at,202,,https://www.amazon.de/
amazonsilkbrowser.co.at,202,,https://www.amazon.de/
amazonsilkbrowser.it,200,,https://www.amazon.it/
amazonsilkbrowser.me,200,,https://www.aboutamazon.eu/
amazonsilkbrowser.net,200,,https://www.amazon.com/ref=as_li_ss_tl?_encoding=UTF8&camp=1789&creative=390957&linkCode=ur2&tag=amznipops-20&linkId=VETEOIMPO7O4WRWZ
amazonsilkfordroid.com,200,,https://www.amazon.com/ref=as_li_ss_tl?_encoding=UTF8&camp=1789&creative=390957&linkCode=ur2&tag=amznipops-20&linkId=VETEOIMPO7O4WRWZ
amazonsilkmobilebrowser.com,200,,https://www.amazon.com/ref=as_li_ss_tl?_encoding=UTF8&camp=1789&creative=390957&linkCode=ur2&tag=amznipops-20&linkId=VETEOIMPO7O4WRWZ
amazonsilkonfire.com,200,,https://www.amazon.com/dp/B00KC6I06S
amazonsilks3.com,200,,https://www.amazon.com/ref=as_li_ss_tl?_encoding=UTF8&camp=1789&creative=390957&linkCode=ur2&tag=amznipops-20&linkId=VETEOIMPO7O4WRWZ
amazonsimplepay.com,200,,https://www.amazon.com/ref=as_li_ss_tl?_encoding=UTF8&camp=1789&creative=390957&linkCode=ur2&tag=amznipops-20&linkId=VETEOIMPO7O4WRWZ
amazonsimplepay.fr,202,,https://www.amazon.fr/
amazonsimplepay.it,200,,https://www.amazon.it/
amazonsimplepay.me,200,,https://www.aboutamazon.eu/
amazonsite.info,200,,https://www.amazon.com/ref=as_li_ss_tl?_encoding=UTF8&camp=1789&creative=390957&linkCode=ur2&tag=amznipops-20&linkId=VETEOIMPO7O4WRWZ
amazonsl.com,200,,https://www.amazon.com/ref=as_li_ss_tl?_encoding=UTF8&camp=1789&creative=390957&linkCode=ur2&tag=amznipops-20&linkId=VETEOIMPO7O4WRWZ
amazonslo.com,200,,https://www.amazon.com/ref=as_li_ss_tl?_encoding=UTF8&camp=1789&creative=390957&linkCode=ur2&tag=amznipops-20&linkId=VETEOIMPO7O4WRWZ
amazonsmart.info,200,,https://www.amazon.com/ref=as_li_ss_tl?_encoding=UTF8&camp=1789&creative=390957&linkCode=ur2&tag=amznipops-20&linkId=VETEOIMPO7O4WRWZ
amazonsmart.net,200,,https://www.amazon.com/ref=as_li_ss_tl?_encoding=UTF8&camp=1789&creative=390957&linkCode=ur2&tag=amznipops-20&linkId=VETEOIMPO7O4WRWZ
amazonsmartphone.at,202,,https://www.amazon.de/
amazonsmartphone.co.in,202,,https://www.amazon.in/
amazonsmartphone.fr,202,,https://www.amazon.fr/
amazonsmartphone.in,202,,https://www.amazon.in/
amazonsmartphone.it,200,,https://www.amazon.it/
amazonsmartphone.org,200,,https://www.amazon.com/electronics-store/b/ref=as_li_ss_tl?ie=UTF8&node=14613304011&linkCode=sl2&tag=primephones.com-20&linkId=dd14f38235ccedbb10cb55b45b8bfdc3
amazonsmartplug.fr,200,,https://www.amazon.fr/dp/B01MZEEFBA/
amazonsmartplugs.fr,200,,https://www.amazon.fr/dp/B01MZEEFBA/
amazonsmartsearch.fr,202,,https://www.amazon.fr/
amazonsmartsearch.it,200,,https://www.amazon.it/
amazonsmile.at,202,,https://www.amazon.de:443/
amazonsmiles.at,202,,https://www.amazon.de:443/
amazonsmiles.com,200,200,https://www.amazon.com:443/
amazonsns.com,200,,https://www.amazon.com/ref=as_li_ss_tl?_encoding=UTF8&camp=1789&creative=390957&linkCode=ur2&tag=amznipops-20&linkId=VETEOIMPO7O4WRWZ
amazonsns.info,200,,https://www.amazon.com/ref=as_li_ss_tl?_encoding=UTF8&camp=1789&creative=390957&linkCode=ur2&tag=amznipops-20&linkId=VETEOIMPO7O4WRWZ
amazonsns.net,200,,https://www.amazon.com/ref=as_li_ss_tl?_encoding=UTF8&camp=1789&creative=390957&linkCode=ur2&tag=amznipops-20&linkId=VETEOIMPO7O4WRWZ
amazonsns.org,200,,https://www.amazon.com/ref=as_li_ss_tl?_encoding=UTF8&camp=1789&creative=390957&linkCode=ur2&tag=amznipops-20&linkId=VETEOIMPO7O4WRWZ
amazonsoap.it,200,,https://www.amazon.it/
amazonsociety.com,200,,https://www.amazon.com/ref=as_li_ss_tl?_encoding=UTF8&camp=1789&creative=390957&linkCode=ur2&tag=amznipops-20&linkId=VETEOIMPO7O4WRWZ
amazonsoft.com,200,,https://www.amazon.com/ref=as_li_ss_tl?_encoding=UTF8&camp=1789&creative=390957&linkCode=ur2&tag=amznipops-20&linkId=VETEOIMPO7O4WRWZ
amazonsoft.net,200,,https://www.amazon.com/ref=as_li_ss_tl?ie=UTF8&linkCode=sl2&tag=amznipops-20&linkId=ef33ef1998890bd8a89ba9c3007fa6cd
amazonsoftware.info,200,,https://www.amazon.com/ref=as_li_ss_tl?_encoding=UTF8&camp=1789&creative=390957&linkCode=ur2&tag=amznipops-20&linkId=VETEOIMPO7O4WRWZ
amazonsoftware.net,200,,https://www.amazon.com/ref=as_li_ss_tl?_encoding=UTF8&camp=1789&creative=390957&linkCode=ur2&tag=amznipops-20&linkId=VETEOIMPO7O4WRWZ
amazonsoftware.org,200,,https://www.amazon.com/ref=as_li_ss_tl?_encoding=UTF8&camp=1789&creative=390957&linkCode=ur2&tag=amznipops-20&linkId=VETEOIMPO7O4WRWZ
amazonsoftwaredownload.com,200,,https://www.amazon.com/ref=as_li_ss_tl?ie=UTF8&linkCode=sl2&tag=amznipops-20&linkId=07057771cdf5019fb44a6e88c747a894
amazonsolar.com,200,,https://www.amazon.com/ref=as_li_ss_tl?ie=UTF8&linkCode=sl2&tag=amznipops-20&linkId=ef33ef1998890bd8a89ba9c3007fa6cd
amazonsolimo.co.in,202,,https://www.amazon.in/
amazonsolimo.in,202,,https://www.amazon.in/
amazonsolimo.online,200,,https://www.amazon.com/b?ie=UTF8&node=17714468011
amazonsolimo.win,200,,https://www.amazon.com/b?ie=UTF8&node=17714468011
amazonsolutions.com,200,,https://www.amazon.com/ref=as_li_ss_tl?_encoding=UTF8&camp=1789&creative=390957&linkCode=ur2&tag=amznipops-20&linkId=VETEOIMPO7O4WRWZ
amazonsolutions.net,200,,https://www.amazon.com/ref=as_li_ss_tl?_encoding=UTF8&camp=1789&creative=390957&linkCode=ur2&tag=amznipops-20&linkId=VETEOIMPO7O4WRWZ
amazonsongs.biz,200,,https://www.amazon.com/ref=as_li_ss_tl?ie=UTF8&linkCode=sl2&tag=amznipops-20&linkId=07057771cdf5019fb44a6e88c747a894
amazonsongs.com,200,200,https://www.amazon.com:443/music-rock-classical-pop-jazz/b?ie=UTF8&node=5174
amazonsongs.info,200,,https://www.amazon.com/ref=as_li_ss_tl?ie=UTF8&linkCode=sl2&tag=amznipops-20&linkId=07057771cdf5019fb44a6e88c747a894
amazonsongs.net,200,,https://www.amazon.com/ref=as_li_ss_tl?ie=UTF8&linkCode=sl2&tag=amznipops-20&linkId=07057771cdf5019fb44a6e88c747a894
amazonsongs.org,200,,https://www.amazon.com/ref=as_li_ss_tl?ie=UTF8&linkCode=sl2&tag=amznipops-20&linkId=07057771cdf5019fb44a6e88c747a894
amazonsoundunwound.com,200,,https://www.amazon.com/ref=as_li_ss_tl?ie=UTF8&linkCode=sl2&tag=amznipops-20&linkId=07057771cdf5019fb44a6e88c747a894
amazonsouq.info,200,,http://comingsoon.markmonitor.com/
amazonsouq.xyz,200,,http://comingsoon.markmonitor.com/
amazonsource.fr,202,,https://www.amazon.fr/
amazonsource.it,200,,https://www.amazon.it/
amazonsource.net,200,,https://www.amazon.com/ref=as_li_ss_tl?_encoding=UTF8&camp=1789&creative=390957&linkCode=ur2&tag=amznipops-20&linkId=VETEOIMPO7O4WRWZ
amazonsource.org,200,,https://www.amazon.com/ref=as_li_ss_tl?_encoding=UTF8&camp=1789&creative=390957&linkCode=ur2&tag=amznipops-20&linkId=VETEOIMPO7O4WRWZ
amazonspayment.com,200,,https://pay.amazon.com/
amazonspcpanel.com,200,200,https://www.amazonspcpanel.com/hub
amazonspecial.info,200,,https://www.amazon.com/ref=as_li_ss_tl?_encoding=UTF8&camp=1789&creative=390957&linkCode=ur2&tag=amznipops-20&linkId=VETEOIMPO7O4WRWZ
amazonspecialdeals.com,200,,https://www.amazon.com/ref=as_li_ss_tl?_encoding=UTF8&camp=1789&creative=390957&linkCode=ur2&tag=amznipops-20&linkId=VETEOIMPO7O4WRWZ
amazonspecialoffer.com,200,,https://www.amazon.com/ref=as_li_ss_tl?_encoding=UTF8&camp=1789&creative=390957&linkCode=ur2&tag=amznipops-20&linkId=VETEOIMPO7O4WRWZ
amazonspecialoffers.com,200,,https://www.amazon.com/ref=as_li_ss_tl?_encoding=UTF8&camp=1789&creative=390957&linkCode=ur2&tag=amznipops-20&linkId=VETEOIMPO7O4WRWZ
amazonsphonenumber.com,200,,https://www.amazon.com/ref=as_li_ss_tl?_encoding=UTF8&camp=1789&creative=390957&linkCode=ur2&tag=amznipops-20&linkId=VETEOIMPO7O4WRWZ
amazonspiritualbooks.com,200,,https://www.amazon.com/ref=as_li_ss_tl?_encoding=UTF8&camp=1789&creative=390957&linkCode=ur2&tag=amznipops-20&linkId=VETEOIMPO7O4WRWZ
amazonsponsoredlinks.com,200,,https://www.amazon.com/ref=as_li_ss_tl?ie=UTF8&linkCode=sl2&tag=amznipops-20&linkId=07057771cdf5019fb44a6e88c747a894
amazonsponsoredlinks.fr,202,,https://www.amazon.fr/
amazonsponsoredlinks.it,200,,https://www.amazon.it/
amazonsponsoredproducts.com,200,,https://www.amazon.com/ref=as_li_ss_tl?_encoding=UTF8&camp=1789&creative=390957&linkCode=ur2&tag=amznipops-20&linkId=VETEOIMPO7O4WRWZ
amazonsponsoredproducts.fr,202,,https://www.amazon.fr/
amazonsponsoredproducts.it,200,,https://www.amazon.it/
amazonsponsoredproducts.net,200,,https://www.amazon.com/ref=as_li_ss_tl?_encoding=UTF8&camp=1789&creative=390957&linkCode=ur2&tag=amznipops-20&linkId=VETEOIMPO7O4WRWZ
amazonsports.com,200,200,https://www.amazon.com:443/gp/browse.html/?ref=sg_surl_sports&node=3375251
amazonsports.info,200,,https://www.amazon.com/ref=as_li_ss_tl?ie=UTF8&linkCode=sl2&tag=amznipops-20&linkId=ef33ef1998890bd8a89ba9c3007fa6cd
amazonsports.net,200,,https://www.amazon.com/ref=as_li_ss_tl?_encoding=UTF8&camp=1789&creative=390957&linkCode=ur2&tag=amznipops-20&linkId=VETEOIMPO7O4WRWZ
amazonsportswear.com,200,200,https://www.amazon.com:443/Exercise-Fitness-Sports-Outdoors/b?ie=UTF8&node=3407731
amazonsql.com,200,,https://www.amazon.com/ref=as_li_ss_tl?ie=UTF8&linkCode=sl2&tag=amznipops-20&linkId=ef33ef1998890bd8a89ba9c3007fa6cd
amazonsr.com,200,,https://www.amazon.com/ref=as_li_ss_tl?ie=UTF8&linkCode=sl2&tag=amznipops-20&linkId=ef33ef1998890bd8a89ba9c3007fa6cd
amazonsstore.com,200,,https://www.amazon.com/ref=as_li_ss_tl?_encoding=UTF8&camp=1789&creative=390957&linkCode=ur2&tag=amznipops-20&linkId=VETEOIMPO7O4WRWZ
amazonst.com,200,,https://www.amazon.com/ref=as_li_ss_tl?ie=UTF8&linkCode=sl2&tag=amznipops-20&linkId=ef33ef1998890bd8a89ba9c3007fa6cd
amazonstatic.com,200,,https://www.amazon.com/ref=as_li_ss_tl?_encoding=UTF8&camp=1789&creative=390957&linkCode=ur2&tag=amznipops-20&linkId=VETEOIMPO7O4WRWZ
amazonstation.com,200,,https://www.amazon.com/ref=as_li_ss_tl?_encoding=UTF8&camp=1789&creative=390957&linkCode=ur2&tag=amznipops-20&linkId=VETEOIMPO7O4WRWZ
amazonstation.info,200,,https://www.amazon.com/ref=as_li_ss_tl?_encoding=UTF8&camp=1789&creative=390957&linkCode=ur2&tag=amznipops-20&linkId=VETEOIMPO7O4WRWZ
amazonstation.net,200,,https://www.amazon.com/ref=as_li_ss_tl?_encoding=UTF8&camp=1789&creative=390957&linkCode=ur2&tag=amznipops-20&linkId=VETEOIMPO7O4WRWZ
amazonstation.org,200,,https://www.amazon.com/ref=as_li_ss_tl?_encoding=UTF8&camp=1789&creative=390957&linkCode=ur2&tag=amznipops-20&linkId=VETEOIMPO7O4WRWZ
amazonsteals.com,200,,https://www.amazon.com/ref=as_li_ss_tl?_encoding=UTF8&camp=1789&creative=390957&linkCode=ur2&tag=amznipops-20&linkId=VETEOIMPO7O4WRWZ
amazonsteve.info,200,,https://www.amazon.com/ref=as_li_ss_tl?ie=UTF8&linkCode=sl2&tag=amznipops-20&linkId=ef33ef1998890bd8a89ba9c3007fa6cd
amazonstorage.biz,200,,https://www.amazon.com/ref=as_li_ss_tl?ie=UTF8&linkCode=sl2&tag=amznipops-20&linkId=ef33ef1998890bd8a89ba9c3007fa6cd
amazonstorage.com,200,200,https://aws.amazon.com/
amazonstorage.it,200,,https://www.amazon.it/
amazonstorage.net,200,,https://www.amazon.com/ref=as_li_ss_tl?ie=UTF8&linkCode=sl2&tag=amznipops-20&linkId=ef33ef1998890bd8a89ba9c3007fa6cd
amazonstore.com,200,200,https://www.amazon.com:443/
amazonstore.fr,202,,https://www.amazon.fr/
amazonstore.info,200,,https://www.amazon.com/ref=as_li_ss_tl?_encoding=UTF8&camp=1789&creative=390957&linkCode=ur2&tag=amznipops-20&linkId=VETEOIMPO7O4WRWZ
amazonstore.it,200,,https://www.amazon.it/
amazonstore.mobi,200,,https://www.amazon.com/ref=as_li_ss_tl?_encoding=UTF8&camp=1789&creative=390957&linkCode=ur2&tag=amznipops-20&linkId=VETEOIMPO7O4WRWZ
amazonstoreonline.info,200,,https://www.amazon.com/ref=as_li_ss_tl?ie=UTF8&linkCode=sl2&tag=amznipops-20&linkId=ef33ef1998890bd8a89ba9c3007fa6cd
amazonstores.biz,200,,https://www.amazon.com/ref=as_li_ss_tl?_encoding=UTF8&camp=1789&creative=390957&linkCode=ur2&tag=amznipops-20&linkId=VETEOIMPO7O4WRWZ
amazonstores.info,200,,https://www.amazon.com/ref=as_li_ss_tl?_encoding=UTF8&camp=1789&creative=390957&linkCode=ur2&tag=amznipops-20&linkId=VETEOIMPO7O4WRWZ
amazonstores.net,200,,https://www.amazon.com/ref=as_li_ss_tl?_encoding=UTF8&camp=1789&creative=390957&linkCode=ur2&tag=amznipops-20&linkId=VETEOIMPO7O4WRWZ
amazonstoresonline.com,200,,https://www.amazon.com/ref=as_li_ss_tl?_encoding=UTF8&camp=1789&creative=390957&linkCode=ur2&tag=amznipops-20&linkId=VETEOIMPO7O4WRWZ
amazonstoryfront.fr,202,,https://www.amazon.fr/
amazonstoryfront.it,200,,https://www.amazon.it/
amazonstreamingfilms.com,200,,https://www.amazon.com/b/ref=as_li_ss_tl?&node=2858778011&linkCode=sl2&tag=amznipops-20&linkId=69e10427e18539e7130aff5734b03c2d
amazonstudent.club,200,,https://www.amazon.com/ref=as_li_ss_tl?ie=UTF8&linkCode=sl2&tag=amznipops-20&linkId=07057771cdf5019fb44a6e88c747a894
amazonstudent.net,200,,https://www.amazon.com/ref=as_li_ss_tl?_encoding=UTF8&camp=1789&creative=390957&linkCode=ur2&tag=amznipops-20&linkId=VETEOIMPO7O4WRWZ
amazonstudentpromocode.com,200,,https://www.amazon.com/ref=as_li_ss_tl?_encoding=UTF8&camp=1789&creative=390957&linkCode=ur2&tag=amznipops-20&linkId=VETEOIMPO7O4WRWZ
amazonstudios.at,202,,https://www.amazon.de/
amazonstudios.fr,202,,https://www.amazon.fr/
amazonstudios.it,200,,https://www.amazon.it/
amazonstudios.me,200,,https://www.aboutamazon.eu/
amazonstudiosscreeningroom.com,200,,https://www.amazon.com/ref=as_li_ss_tl?_encoding=UTF8&camp=1789&creative=390957&linkCode=ur2&tag=amznipops-20&linkId=VETEOIMPO7O4WRWZ
amazonstyle.info,200,,https://www.amazon.com/ref=as_li_ss_tl?ie=UTF8&linkCode=sl2&tag=amznipops-20&linkId=ef33ef1998890bd8a89ba9c3007fa6cd
amazonstylecrush.com,200,,https://www.amazon.com/b/ref=as_li_ss_tl?node=10445813011&linkCode=sl2&tag=amznipops-20&linkId=08faa835fb511ce0e413e8a7f76ce74a
amazonsucks.info,200,,https://www.amazon.com/ref=as_li_ss_tl?_encoding=UTF8&camp=1789&creative=390957&linkCode=ur2&tag=amznipops-20&linkId=VETEOIMPO7O4WRWZ
amazonsuomen.com,200,200,https://www.amazon.com:443/
amazonsuperbargainstore.info,200,,https://www.amazon.com/ref=as_li_ss_tl?ie=UTF8&linkCode=sl2&tag=amznipops-20&linkId=ef33ef1998890bd8a89ba9c3007fa6cd
amazonsuperdeals.com,200,,https://www.amazon.com/ref=as_li_ss_tl?_encoding=UTF8&camp=1789&creative=390957&linkCode=ur2&tag=amznipops-20&linkId=VETEOIMPO7O4WRWZ
amazonsupermallblog.info,200,,https://www.amazon.com/ref=as_li_ss_tl?ie=UTF8&linkCode=sl2&tag=amznipops-20&linkId=ef33ef1998890bd8a89ba9c3007fa6cd
amazonsupermart.com,200,,https://www.amazon.com/ref=as_li_ss_tl?ie=UTF8&linkCode=sl2&tag=amznipops-20&linkId=ef33ef1998890bd8a89ba9c3007fa6cd
amazonsupersale.com,200,,https://www.amazon.com/ref=as_li_ss_tl?_encoding=UTF8&camp=1789&creative=390957&linkCode=ur2&tag=amznipops-20&linkId=VETEOIMPO7O4WRWZ
amazonsupersales.com,200,,https://www.amazon.com/ref=as_li_ss_tl?_encoding=UTF8&camp=1789&creative=390957&linkCode=ur2&tag=amznipops-20&linkId=VETEOIMPO7O4WRWZ
amazonsuperstoreblog.info,200,,https://www.amazon.com/ref=as_li_ss_tl?ie=UTF8&linkCode=sl2&tag=amznipops-20&linkId=ef33ef1998890bd8a89ba9c3007fa6cd
amazonsuperstores.com,200,,https://www.amazon.com/ref=as_li_ss_tl?ie=UTF8&linkCode=sl2&tag=amznipops-20&linkId=ef33ef1998890bd8a89ba9c3007fa6cd
amazonsuperstores.net,200,,https://www.amazon.com/ref=as_li_ss_tl?ie=UTF8&linkCode=sl2&tag=amznipops-20&linkId=ef33ef1998890bd8a89ba9c3007fa6cd
amazonsupplierdiversity.com,200,200,https://www.amazonsdi.com/
amazonsupplies.fr,202,,https://www.amazon.fr/
amazonsupplies.it,200,,https://www.amazon.it/
amazonsupply.fr,202,,https://www.amazon.fr/
amazonsupply.it,200,,https://www.amazon.it/
amazonsurf.com,200,,https://www.amazon.com/ref=as_li_ss_tl?_encoding=UTF8&camp=1789&creative=390957&linkCode=ur2&tag=amznipops-20&linkId=VETEOIMPO7O4WRWZ
amazonsurplus.com,200,,https://www.amazon.com/ref=as_li_ss_tl?_encoding=UTF8&camp=1789&creative=390957&linkCode=ur2&tag=amznipops-20&linkId=VETEOIMPO7O4WRWZ
amazonsurprise.info,200,,https://www.amazon.com/ref=as_li_ss_tl?_encoding=UTF8&camp=1789&creative=390957&linkCode=ur2&tag=amznipops-20&linkId=VETEOIMPO7O4WRWZ
amazonsurveys.com,200,,https://www.amazon.com/ref=as_li_ss_tl?_encoding=UTF8&camp=1789&creative=390957&linkCode=ur2&tag=amznipops-20&linkId=VETEOIMPO7O4WRWZ
amazonsverige.com,202,,https://www.amazon.se/
amazonswiship.fr,202,,https://www.amazon.fr/
amazonswiship.it,200,,https://www.amazon.it/
amazontablet.biz,200,,https://www.amazon.com/b/ref=as_li_ss_tl?&node=6669703011&linkCode=sl2&tag=amznipdevice-20&linkId=b346db77eadf5ac338f5410cc2a35977
amazontablet.info,200,,https://www.amazon.com/b/ref=as_li_ss_tl?&node=6669703011&linkCode=sl2&tag=amznipdevice-20&linkId=b346db77eadf5ac338f5410cc2a35977
amazontablet.net,200,,https://www.amazon.com/ref=as_li_ss_tl?ie=UTF8&linkCode=sl2&tag=amznipops-20&linkId=ef33ef1998890bd8a89ba9c3007fa6cd
amazontablet.org,200,,https://www.amazon.com/b/ref=as_li_ss_tl?&node=6669703011&linkCode=sl2&tag=amznipdevice-20&linkId=b346db77eadf5ac338f5410cc2a35977
amazontabletapps.com,200,,https://www.amazon.com/b/ref=as_li_ss_tl?&node=6669703011&linkCode=sl2&tag=amznipdevice-20&linkId=b346db77eadf5ac338f5410cc2a35977
amazontablets.com,200,,https://www.amazon.com/b/ref=as_li_ss_tl?&node=6669703011&linkCode=sl2&tag=amznipdevice-20&linkId=b346db77eadf5ac338f5410cc2a35977
amazontablets.info,200,,https://www.amazon.com/b/ref=as_li_ss_tl?&node=6669703011&linkCode=sl2&tag=amznipdevice-20&linkId=b346db77eadf5ac338f5410cc2a35977
amazontap.com,200,,https://www.amazon.com/dp/B00VXS8E8S/ref=as_li_ss_tl?ref=ODS_HA_F_surl&linkCode=sl1&tag=amznipdevice-20&linkId=d80c755502e1066e3ac398586f39fcec
amazontarget.com,200,,https://www.amazon.com/ref=as_li_ss_tl?_encoding=UTF8&camp=1789&creative=390957&linkCode=ur2&tag=amznipops-20&linkId=VETEOIMPO7O4WRWZ
amazonteatro.it,200,,https://www.amazon.it/
amazontech.info,200,,https://www.amazon.com/ref=as_li_ss_tl?ie=UTF8&linkCode=sl2&tag=amznipops-20&linkId=ef33ef1998890bd8a89ba9c3007fa6cd
amazontechnologies.com,200,,https://www.amazon.com/ref=as_li_ss_tl?_encoding=UTF8&camp=1789&creative=390957&linkCode=ur2&tag=amznipops-20&linkId=VETEOIMPO7O4WRWZ
amazontechnologies.net,200,,https://www.amazon.com/ref=as_li_ss_tl?_encoding=UTF8&camp=1789&creative=390957&linkCode=ur2&tag=amznipops-20&linkId=VETEOIMPO7O4WRWZ
amazontechnologies.org,200,,https://www.amazon.com/ref=as_li_ss_tl?_encoding=UTF8&camp=1789&creative=390957&linkCode=ur2&tag=amznipops-20&linkId=VETEOIMPO7O4WRWZ
amazontek.net,200,,https://www.amazon.com/ref=as_li_ss_tl?_encoding=UTF8&camp=1789&creative=390957&linkCode=ur2&tag=amznipops-20&linkId=VETEOIMPO7O4WRWZ
amazontelecom.com,200,200,https://www.amazon.com:443/cell-phones-service-plans-accessories/b?ie=UTF8&node=301185
amazontelefoniamobile.it,200,,https://www.amazon.it/
amazontelephone.com,200,,https://www.amazon.com/electronics-store/b/ref=as_li_ss_tl?ie=UTF8&node=14613304011&linkCode=sl2&tag=primephones.com-20&linkId=dd14f38235ccedbb10cb55b45b8bfdc3
amazontelevision.com,200,200,https://www.amazon.com:443/audio-video-portable-accessories/b?ie=UTF8&node=1065836
amazontext.com,200,,https://www.amazon.com/ref=as_li_ss_tl?_encoding=UTF8&camp=1789&creative=390957&linkCode=ur2&tag=amznipops-20&linkId=VETEOIMPO7O4WRWZ
amazontext.fr,202,,https://www.amazon.fr/
amazontext.info,200,,https://www.amazon.com/ref=as_li_ss_tl?ie=UTF8&linkCode=sl2&tag=amznipops-20&linkId=07057771cdf5019fb44a6e88c747a894
amazontext.it,200,,https://www.amazon.it/
amazontext.net,200,,https://www.amazon.com/ref=as_li_ss_tl?ie=UTF8&linkCode=sl2&tag=amznipops-20&linkId=07057771cdf5019fb44a6e88c747a894
amazontext.org,200,,https://www.amazon.com/ref=as_li_ss_tl?ie=UTF8&linkCode=sl2&tag=amznipops-20&linkId=07057771cdf5019fb44a6e88c747a894
amazontextbookblog.com,200,,https://www.amazon.com/New-Used-Textbooks-Books/b/ref=as_li_ss_tl?node=465600&linkCode=sl2&tag=amznipbooks-20&linkId=c7a729e799871c84b40646f4b7ee1b3e
amazontextbookrental.com,200,,https://www.amazon.com/New-Used-Textbooks-Books/b/ref=as_li_ss_tl?node=465600&linkCode=sl2&tag=amznipbooks-20&linkId=c7a729e799871c84b40646f4b7ee1b3e
amazontextbooks.com,200,,https://www.amazon.com/New-Used-Textbooks-Books/b/ref=as_li_ss_tl?node=465600&linkCode=sl2&tag=amznipbooks-20&linkId=c7a729e799871c84b40646f4b7ee1b3e
amazontextbooks.net,200,,https://www.amazon.com/New-Used-Textbooks-Books/b/ref=as_li_ss_tl?node=465600&linkCode=sl2&tag=amznipbooks-20&linkId=c7a729e799871c84b40646f4b7ee1b3e
amazontextbuy.it,200,,https://www.amazon.it/
amazontexting.info,200,,https://www.amazon.com/ref=as_li_ss_tl?ie=UTF8&linkCode=sl2&tag=amznipops-20&linkId=07057771cdf5019fb44a6e88c747a894
amazontexts.com,200,,https://www.amazon.com/ref=as_li_ss_tl?_encoding=UTF8&camp=1789&creative=390957&linkCode=ur2&tag=amznipops-20&linkId=VETEOIMPO7O4WRWZ
amazonthegreatindiansales.co.in,202,,https://www.amazon.in/
amazonthegreatindiansummersales.co.in,202,,https://www.amazon.in/
amazontherapy.com,200,,https://www.amazon.com/ref=as_li_ss_tl?_encoding=UTF8&camp=1789&creative=390957&linkCode=ur2&tag=amznipops-20&linkId=VETEOIMPO7O4WRWZ
amazonthomasandmercer.com,200,,https://amazonpublishing.amazon.com/
amazonthomasmercer.com,200,,https://amazonpublishing.amazon.com/
amazontickets.com,200,,https://www.amazon.com/ref=as_li_ss_tl?ie=UTF8&linkCode=sl2&tag=amznipops-20&linkId=ef33ef1998890bd8a89ba9c3007fa6cd
amazontickets.me,200,,https://www.aboutamazon.eu/
amazontickets.tv,200,,https://www.amazon.com/ref=as_li_ss_tl?_encoding=UTF8&camp=1789&creative=390957&linkCode=ur2&tag=amznipops-20&linkId=VETEOIMPO7O4WRWZ
amazontimestream.com,200,,https://aws.amazon.com/timestream/
amazontires.com,200,,https://www.amazon.com/ref=as_li_ss_tl?_encoding=UTF8&camp=1789&creative=390957&linkCode=ur2&tag=amznipops-20&linkId=VETEOIMPO7O4WRWZ
amazontoday.info,200,,https://www.amazon.com/ref=as_li_ss_tl?ie=UTF8&linkCode=sl2&tag=amznipops-20&linkId=ef33ef1998890bd8a89ba9c3007fa6cd
amazontoken.info,200,,https://www.amazon.com/ref=as_li_ss_tl?ie=UTF8&linkCode=sl2&tag=amznipops-20&linkId=ef33ef1998890bd8a89ba9c3007fa6cd
amazontoolbox.com,200,,https://www.amazon.com/ref=as_li_ss_tl?_encoding=UTF8&camp=1789&creative=390957&linkCode=ur2&tag=amznipops-20&linkId=VETEOIMPO7O4WRWZ
amazontools.com,200,200,https://www.amazon.com:443/Lawn-Garden-Tools-Hardware/b?ie=UTF8&node=551242
amazontoolz.com,200,,https://www.amazon.com/ref=as_li_ss_tl?_encoding=UTF8&camp=1789&creative=390957&linkCode=ur2&tag=amznipops-20&linkId=VETEOIMPO7O4WRWZ
amazontop10.com,200,,https://www.amazon.com/ref=as_li_ss_tl?_encoding=UTF8&camp=1789&creative=390957&linkCode=ur2&tag=amznipops-20&linkId=VETEOIMPO7O4WRWZ
amazontote.fr,202,,https://www.amazon.fr/
amazontote.info,200,,https://www.amazon.com/ref=as_li_ss_tl?_encoding=UTF8&camp=1789&creative=390957&linkCode=ur2&tag=amznipops-20&linkId=VETEOIMPO7O4WRWZ
amazontote.me,200,,https://www.aboutamazon.eu/
amazontote.net,200,,https://www.amazon.com/ref=as_li_ss_tl?_encoding=UTF8&camp=1789&creative=390957&linkCode=ur2&tag=amznipops-20&linkId=VETEOIMPO7O4WRWZ
amazontote.org,200,,https://www.amazon.com/ref=as_li_ss_tl?_encoding=UTF8&camp=1789&creative=390957&linkCode=ur2&tag=amznipops-20&linkId=VETEOIMPO7O4WRWZ
amazontoys.com,200,200,https://www.amazon.com:443/toys-games-electronics-action-figures/b?ie=UTF8&node=165793011
amazontoystore.com,200,200,https://www.amazon.com:443/toys-games-electronics-action-figures/b?ie=UTF8&node=165793011
amazontoystore.net,200,,https://www.amazon.com/ref=as_li_ss_tl?ie=UTF8&linkCode=sl2&tag=amznipops-20&linkId=ef33ef1998890bd8a89ba9c3007fa6cd
amazontr.com,200,,https://www.amazon.com/ref=as_li_ss_tl?_encoding=UTF8&camp=1789&creative=390957&linkCode=ur2&tag=amznipops-20&linkId=VETEOIMPO7O4WRWZ
amazontr.net,200,,https://www.amazon.com/ref=as_li_ss_tl?_encoding=UTF8&camp=1789&creative=390957&linkCode=ur2&tag=amznipops-20&linkId=VETEOIMPO7O4WRWZ
amazontracking.com,200,,https://www.amazon.com/ref=as_li_ss_tl?_encoding=UTF8&camp=1789&creative=390957&linkCode=ur2&tag=amznipops-20&linkId=VETEOIMPO7O4WRWZ
amazontrade-in.at,202,,https://www.amazon.de/
amazontrade-in.com,200,,https://www.amazon.com/ref=as_li_ss_tl?_encoding=UTF8&camp=1789&creative=390957&linkCode=ur2&tag=amznipops-20&linkId=VETEOIMPO7O4WRWZ
amazontrade-in.it,200,,https://www.amazon.it/
amazontrade.info,200,,https://www.amazon.com/ref=as_li_ss_tl?_encoding=UTF8&camp=1789&creative=390957&linkCode=ur2&tag=amznipops-20&linkId=VETEOIMPO7O4WRWZ
amazontrade.net,200,,https://www.amazon.com/ref=as_li_ss_tl?_encoding=UTF8&camp=1789&creative=390957&linkCode=ur2&tag=amznipops-20&linkId=VETEOIMPO7O4WRWZ
amazontradein.at,202,,https://www.amazon.de/
amazontradein.com,200,,https://www.amazon.com/ref=as_li_ss_tl?_encoding=UTF8&camp=1789&creative=390957&linkCode=ur2&tag=amznipops-20&linkId=VETEOIMPO7O4WRWZ
amazontradein.it,200,,https://www.amazon.it/
amazontraders.com,200,,https://www.amazon.com/ref=as_li_ss_tl?_encoding=UTF8&camp=1789&creative=390957&linkCode=ur2&tag=amznipops-20&linkId=VETEOIMPO7O4WRWZ
amazontrading.com,200,,https://www.amazon.com/ref=as_li_ss_tl?ie=UTF8&linkCode=sl2&tag=amznipops-20&linkId=ef33ef1998890bd8a89ba9c3007fa6cd
amazontrading.net,200,,https://www.amazon.com/ref=as_li_ss_tl?_encoding=UTF8&camp=1789&creative=390957&linkCode=ur2&tag=amznipops-20&linkId=VETEOIMPO7O4WRWZ
amazontranslationlearn.com,200,200,https://amazontranslationlearn.com/login/index.php
amazontransparency.at,200,,https://sell.amazon.com/brand-registry/transparency
amazontransparency.fr,200,,https://sell.amazon.com/brand-registry/transparency
amazontransparency.info,200,,https://sell.amazon.com/brand-registry/transparency
amazontransparency.it,200,,https://sell.amazon.com/brand-registry/transparency
amazontransparency.net,200,,https://sell.amazon.com/brand-registry/transparency
amazontransparency.org,200,,https://sell.amazon.com/brand-registry/transparency
amazontransportation.fr,202,,https://www.amazon.fr/
amazontransportation.it,200,,https://www.amazon.it/
amazontransportationservices.fr,202,,https://www.amazon.fr/
amazontransportationservices.it,200,,https://www.amazon.it/
amazontravel.info,200,,https://www.amazon.com/ref=as_li_ss_tl?_encoding=UTF8&camp=1789&creative=390957&linkCode=ur2&tag=amznipops-20&linkId=VETEOIMPO7O4WRWZ
amazontravel.net,200,,https://www.amazon.com/ref=as_li_ss_tl?ie=UTF8&linkCode=sl2&tag=amznipops-20&linkId=ef33ef1998890bd8a89ba9c3007fa6cd
amazontreasuretruck.com,200,,https://www.amazon.com:443/b/?ie=UTF8&node=23572434011
amazontreasuretruck.fr,202,,https://www.amazon.fr/
amazontreasuretruck.info,200,,https://www.amazon.com/ref=as_li_ss_tl?_encoding=UTF8&camp=1789&creative=390957&linkCode=ur2&tag=amznipops-20&linkId=VETEOIMPO7O4WRWZ
amazontreasuretruck.it,200,,https://www.amazon.it/
amazontreasuretruck.net,200,,https://www.amazon.com/ref=as_li_ss_tl?_encoding=UTF8&camp=1789&creative=390957&linkCode=ur2&tag=amznipops-20&linkId=VETEOIMPO7O4WRWZ
amazontreasuretruck.org,200,,https://www.amazon.com/ref=as_li_ss_tl?_encoding=UTF8&camp=1789&creative=390957&linkCode=ur2&tag=amznipops-20&linkId=VETEOIMPO7O4WRWZ
amazontruckelectronics.info,200,,https://www.amazon.com/ref=as_li_ss_tl?_encoding=UTF8&camp=1789&creative=390957&linkCode=ur2&tag=amznipops-20&linkId=VETEOIMPO7O4WRWZ
amazontrusted.fr,202,,https://www.amazon.fr/
amazontrusted.it,200,,https://www.amazon.it/
amazontunes.biz,200,,https://www.amazon.com/ref=as_li_ss_tl?_encoding=UTF8&camp=1789&creative=390957&linkCode=ur2&tag=amznipops-20&linkId=VETEOIMPO7O4WRWZ
amazontunes.com,200,200,https://www.amazon.com:443/music-rock-classical-pop-jazz/b?ie=UTF8&node=5174
amazonturkey.com,200,200,https://www.amazon.com:443/grocery-breakfast-foods-snacks-organic/b?ie=UTF8&node=16310101
amazontv.it,200,,https://www.amazon.it/
amazontv.net,200,,https://www.amazon.com/b/ref=as_li_ss_tl?&node=2858778011&linkCode=sl2&tag=amznipops-20&linkId=69e10427e18539e7130aff5734b03c2d
amazontv.org,200,,https://www.amazon.com/firetv/
amazontvdongle.com,200,,https://www.amazon.com/b?node=8521791011
amazontvs.info,200,200,https://www.amazon.com:443/audio-video-portable-accessories/b?ie=UTF8&node=1065836
amazontvstick.com,200,,https://www.amazon.com/dp/B0791TX5P5/?ref_=ods_dom_smp
amazontwitch.com,200,,https://www.twitch.tv/
amazontwitch.net,200,,https://www.twitch.tv/
amazontwitch.org,200,,https://www.twitch.tv/
amazontwitter.com,200,,https://www.amazon.com/ref=as_li_ss_tl?_encoding=UTF8&camp=1789&creative=390957&linkCode=ur2&tag=amznipops-20&linkId=VETEOIMPO7O4WRWZ
amazonty.com,200,,https://www.amazon.com/ref=as_li_ss_tl?_encoding=UTF8&camp=1789&creative=390957&linkCode=ur2&tag=amznipops-20&linkId=VETEOIMPO7O4WRWZ
amazonu.com,202,202,https://www.amazon.com:443/
amazonugg.com,200,,https://www.amazon.com/ref=as_li_ss_tl?ie=UTF8&linkCode=sl2&tag=amznipops-20&linkId=ef33ef1998890bd8a89ba9c3007fa6cd
amazonunbox.com,200,200,https://www.amazon.com:443/Instant-Video/b?ie=UTF8&node=2858778011
amazonunlock.com,200,200,https://amazonunlock.com/
amazonunlocked.fr,202,,https://www.amazon.fr/
amazonunlocked.it,200,,https://www.amazon.it/
amazonus.com,202,202,https://www.amazon.com:443/
amazonusa.info,200,,https://www.amazon.com/ref=as_li_ss_tl?_encoding=UTF8&camp=1789&creative=390957&linkCode=ur2&tag=amznipops-20&linkId=VETEOIMPO7O4WRWZ
amazonusedbooks.com,200,,https://www.amazon.com/ref=as_li_ss_tl?_encoding=UTF8&camp=1789&creative=390957&linkCode=ur2&tag=amznipops-20&linkId=VETEOIMPO7O4WRWZ
amazonusedtextbooks.com,200,,https://www.amazon.com/New-Used-Textbooks-Books/b/ref=as_li_ss_tl?node=465600&linkCode=sl2&tag=amznipbooks-20&linkId=c7a729e799871c84b40646f4b7ee1b3e
amazonvault.com,200,,https://www.amazon.com/ref=as_li_ss_tl?ie=UTF8&linkCode=sl2&tag=amznipops-20&linkId=ef33ef1998890bd8a89ba9c3007fa6cd
amazonvega.info,200,,
amazonvega.net,200,,
amazonvega.org,200,,
amazonvega.us,200,,
amazonvegadevtools.com,200,,
amazonvegaosapp.com,200,,
amazonvendorexpress.fr,202,,https://www.amazon.fr/
amazonvendorexpress.it,200,,https://www.amazon.it/
amazonverify.com,200,,https://www.amazon.com/ref=as_li_ss_tl?_encoding=UTF8&camp=1789&creative=390957&linkCode=ur2&tag=amznipops-20&linkId=VETEOIMPO7O4WRWZ
amazonvibrators.com,200,,https://www.amazon.com/ref=as_li_ss_tl?_encoding=UTF8&camp=1789&creative=390957&linkCode=ur2&tag=amznipops-20&linkId=VETEOIMPO7O4WRWZ
amazonvid.com,200,,https://www.amazon.com/ref=as_li_ss_tl?_encoding=UTF8&camp=1789&creative=390957&linkCode=ur2&tag=amznipops-20&linkId=VETEOIMPO7O4WRWZ
amazonvideo-on-demand.fr,202,,https://www.amazon.fr/
amazonvideo-on-demand.me,200,,https://www.aboutamazon.eu/
amazonvideo.at,202,,https://www.amazon.de/
amazonvideo.co.za,200,,https://www.primevideo.com/offers/nonprimehomepage/ref=dv_web_force_root
amazonvideo.com,200,200,https://www.primevideo.com/offers/nonprimehomepage/ref=dv_web_force_root
amazonvideo.cz,200,,https://www.primevideo.com/offers/nonprimehomepage/ref=dv_web_force_root
amazonvideo.fi,200,,https://www.primevideo.com/offers/nonprimehomepage/ref=dv_web_force_root
amazonvideo.fr,200,,https://www.primevideo.com/offers/nonprimehomepage/ref=dv_web_force_root
amazonvideo.info,200,,https://www.amazon.com/b/ref=as_li_ss_tl?&node=2858778011&linkCode=sl2&tag=amznipvideo-20&linkId=ad5fbe1dee38564cbbacf1392fafb4ae
amazonvideo.is,200,,https://www.primevideo.com/offers/nonprimehomepage/ref=dv_web_force_root
amazonvideo.it,200,,https://www.primevideo.com/offers/nonprimehomepage/ref=dv_web_force_root
amazonvideo.me,200,,https://www.primevideo.com/offers/nonprimehomepage/ref=dv_web_force_root
amazonvideo.mobi,200,,https://www.amazon.com/b/ref=as_li_ss_tl?&node=2858778011&linkCode=sl2&tag=amznipvideo-20&linkId=ad5fbe1dee38564cbbacf1392fafb4ae
amazonvideo.net,200,,https://www.amazon.com/b/ref=as_li_ss_tl?&node=2858778011&linkCode=sl2&tag=amznipvideo-20&linkId=ad5fbe1dee38564cbbacf1392fafb4ae
amazonvideo.online,200,,https://www.primevideo.com/offers/nonprimehomepage/ref=dv_web_force_root
amazonvideo.org,200,,https://www.amazon.com/b/ref=as_li_ss_tl?&node=2858778011&linkCode=sl2&tag=amznipvideo-20&linkId=ad5fbe1dee38564cbbacf1392fafb4ae
amazonvideo.ru,200,,https://www.primevideo.com/offers/nonprimehomepage/ref=dv_web_force_root
amazonvideo.xyz,200,,https://www.primevideo.com/offers/nonprimehomepage/ref=dv_web_force_root
amazonvideocare.com,200,,
amazonvideocloud.com,200,,https://www.amazon.com/ref=as_li_ss_tl?ie=UTF8&linkCode=sl2&tag=amznipops-20&linkId=ef33ef1998890bd8a89ba9c3007fa6cd
amazonvideodirect.at,200,,https://videodirect.amazon.com/home/landing
amazonvideodirect.co.at,200,,https://videodirect.amazon.com/home/landing
amazonvideodirect.com,200,,https://videodirect.amazon.com/home/landing
amazonvideodirect.fr,200,,https://videodirect.amazon.com/home/landing
amazonvideodirect.in,200,,https://videodirect.amazon.com/home/landing
amazonvideodirect.info,200,,https://videodirect.amazon.com/home/landing
amazonvideodirect.net,200,,https://videodirect.amazon.com/home/landing
amazonvideodirect.org,200,,https://videodirect.amazon.com/home/landing
amazonvideodirectstar.com,200,,https://videodirect.amazon.com/home/landing
amazonvideodirectstars.com,200,,https://videodirect.amazon.com/home/landing
amazonvideogiochi.it,200,,https://www.amazon.it/
amazonvideoondemand.com,200,200,https://www.amazon.com/b/?&node=16261631
amazonvideoondemand.fr,202,,https://www.amazon.fr/
amazonvideoondemand.me,200,,https://www.aboutamazon.eu/
amazonvideoondemand.net,200,,https://www.amazon.com/b/ref=as_li_ss_tl?&node=2858778011&linkCode=sl2&tag=amznipvideo-20&linkId=ad5fbe1dee38564cbbacf1392fafb4ae
amazonvideoreview.com,200,,https://www.amazon.com/b/ref=as_li_ss_tl?&node=2858778011&linkCode=sl2&tag=amznipvideo-20&linkId=ad5fbe1dee38564cbbacf1392fafb4ae
amazonvideos.com,200,200,https://www.amazon.com:443/dvds-used-hd-action-comedy-oscar/b?ie=UTF8&node=130
amazonvideos.info,200,,https://www.amazon.com/b/ref=as_li_ss_tl?&node=2858778011&linkCode=sl2&tag=amznipvideo-20&linkId=ad5fbe1dee38564cbbacf1392fafb4ae
amazonvideos.net,200,,https://www.amazon.com/b/ref=as_li_ss_tl?&node=2858778011&linkCode=sl2&tag=amznipvideo-20&linkId=ad5fbe1dee38564cbbacf1392fafb4ae
amazonvideosdirect.com,200,,https://videodirect.amazon.com/home/landing
amazonvideoshort.com,200,,https://www.amazon.com/b/ref=va_surl_vs?node=9013971011
amazonvideoshort.fr,202,,https://www.amazon.fr/
amazonvideoshort.it,200,,https://www.amazon.it/
amazonvideoshorts.fr,202,,https://www.amazon.fr/
amazonvideoshorts.it,200,,https://www.amazon.it/
amazonvideosondemand.com,200,,https://www.amazon.com/ref=as_li_ss_tl?ie=UTF8&linkCode=sl2&tag=amznipops-20&linkId=ef33ef1998890bd8a89ba9c3007fa6cd
amazonviews.com,200,,https://www.amazon.com/ref=as_li_ss_tl?_encoding=UTF8&camp=1789&creative=390957&linkCode=ur2&tag=amznipops-20&linkId=VETEOIMPO7O4WRWZ
amazonvin.fr,202,,https://www.amazon.fr/
amazonvinevoice.com,200,,https://www.amazon.com/ref=as_li_ss_tl?ie=UTF8&linkCode=sl2&tag=amznipops-20&linkId=07057771cdf5019fb44a6e88c747a894
amazonvino.it,200,,https://www.amazon.it/
amazonvip.com,200,,https://www.amazon.com/ref=as_li_ss_tl?_encoding=UTF8&camp=1789&creative=390957&linkCode=ur2&tag=amznipops-20&linkId=VETEOIMPO7O4WRWZ
amazonvip.net,200,,https://www.amazon.com/ref=as_li_ss_tl?ie=UTF8&linkCode=sl2&tag=amznipops-20&linkId=ef33ef1998890bd8a89ba9c3007fa6cd
amazonvirtual.com,200,,https://www.amazon.com/ref=as_li_ss_tl?_encoding=UTF8&camp=1789&creative=390957&linkCode=ur2&tag=amznipops-20&linkId=VETEOIMPO7O4WRWZ
amazonvmconversionservice.com,200,,https://www.amazon.com/ref=as_li_ss_tl?_encoding=UTF8&camp=1789&creative=390957&linkCode=ur2&tag=amznipops-20&linkId=VETEOIMPO7O4WRWZ
amazonvod.com,200,200,https://www.amazon.com/b/?&node=16261631
amazonvod.fr,202,,https://www.amazon.fr/
amazonvod.info,200,,https://www.amazon.com/b/ref=as_li_ss_tl?&node=2858778011&linkCode=sl2&tag=amznipops-20&linkId=69e10427e18539e7130aff5734b03c2d
amazonvod.net,200,,https://www.amazon.com/b/ref=as_li_ss_tl?&node=2858778011&linkCode=sl2&tag=amznipops-20&linkId=69e10427e18539e7130aff5734b03c2d
amazonvod.org,200,,https://www.amazon.com/b/ref=as_li_ss_tl?&node=2858778011&linkCode=sl2&tag=amznipops-20&linkId=69e10427e18539e7130aff5734b03c2d
amazonvouchers.com,200,,https://www.amazon.com/ref=as_li_ss_tl?_encoding=UTF8&camp=1789&creative=390957&linkCode=ur2&tag=amznipops-20&linkId=VETEOIMPO7O4WRWZ
amazonvox.com,200,,https://www.amazon.com/ref=as_li_ss_tl?_encoding=UTF8&camp=1789&creative=390957&linkCode=ur2&tag=amznipops-20&linkId=VETEOIMPO7O4WRWZ
amazonvoyage.fr,200,,https://www.amazon.com/dp/B00IOY8XWQ
amazonvoyage.it,200,,https://www.amazon.com/dp/B00IOY8XWQ
amazonvpc.at,202,,https://www.amazon.de/
amazonvpc.co.at,202,,https://www.amazon.de/
amazonvpc.fr,202,,https://www.amazon.fr/
amazonvpc.info,200,,https://www.amazon.com/ref=as_li_ss_tl?_encoding=UTF8&camp=1789&creative=390957&linkCode=ur2&tag=amznipops-20&linkId=VETEOIMPO7O4WRWZ
amazonvpc.it,200,,https://www.amazon.it/
amazonvpc.me,200,,https://www.aboutamazon.eu/
amazonvpc.net,200,,https://www.amazon.com/ref=as_li_ss_tl?_encoding=UTF8&camp=1789&creative=390957&linkCode=ur2&tag=amznipops-20&linkId=VETEOIMPO7O4WRWZ
amazonvpc.org,200,,https://www.amazon.com/ref=as_li_ss_tl?_encoding=UTF8&camp=1789&creative=390957&linkCode=ur2&tag=amznipops-20&linkId=VETEOIMPO7O4WRWZ
amazonvpn.com,200,,https://www.amazon.com/ref=as_li_ss_tl?ie=UTF8&linkCode=sl2&tag=amznipops-20&linkId=ef33ef1998890bd8a89ba9c3007fa6cd
amazonwall.com,200,,https://www.amazon.com/ref=as_li_ss_tl?_encoding=UTF8&camp=1789&creative=390957&linkCode=ur2&tag=amznipops-20&linkId=VETEOIMPO7O4WRWZ
amazonwallet.com,200,,https://www.amazon.com/ap/signin?openid.pape.max_auth_age=3600&openid.return_to=https%3A%2F%2Fwww.amazon.com%2Fcpe%2Fmanagepaymentmethods&openid.identity=http%3A%2F%2Fspecs.openid.net%2Fauth%2F2.0%2Fidentifier_select&openid.assoc_handle=usflex&openid.mode=checkid_setup&marketPlaceId=ATVPDKIKX0DER&language=EN_US&openid.claimed_id=http%3A%2F%2Fspecs.openid.net%2Fauth%2F2.0%2Fidentifier_select&openid.ns=http%3A%2F%2Fspecs.openid.net%2Fauth%2F2.0
amazonwarehouse.com,200,200,https://www.amazon.com:443/b?node=10158976011
amazonwarehouse.info,200,,https://www.amazon.com/ref=as_li_ss_tl?ie=UTF8&linkCode=sl2&tag=amznipops-20&linkId=ef33ef1998890bd8a89ba9c3007fa6cd
amazonwatcher.com,200,,https://www.amazon.com/ref=as_li_ss_tl?_encoding=UTF8&camp=1789&creative=390957&linkCode=ur2&tag=amznipops-20&linkId=VETEOIMPO7O4WRWZ
amazonwatcher.net,200,,https://www.amazon.com/ref=as_li_ss_tl?_encoding=UTF8&camp=1789&creative=390957&linkCode=ur2&tag=amznipops-20&linkId=VETEOIMPO7O4WRWZ
amazonwatches.net,200,200,https://www.amazon.com:443/jewelry-watches-engagements-rings-diamonds/b?ie=UTF8&node=3367581
amazonwave.com,200,,https://www.amazon.com/ref=as_li_ss_tl?_encoding=UTF8&camp=1789&creative=390957&linkCode=ur2&tag=amznipops-20&linkId=VETEOIMPO7O4WRWZ
amazonwearable.com,200,,https://www.amazon.com/ref=as_li_ss_tl?_encoding=UTF8&camp=1789&creative=390957&linkCode=ur2&tag=amznipops-20&linkId=VETEOIMPO7O4WRWZ
amazonwearables.com,200,,https://www.amazon.com/ref=as_li_ss_tl?_encoding=UTF8&camp=1789&creative=390957&linkCode=ur2&tag=amznipops-20&linkId=VETEOIMPO7O4WRWZ
amazonwearablestore.com,200,,https://www.amazon.com/ref=as_li_ss_tl?_encoding=UTF8&camp=1789&creative=390957&linkCode=ur2&tag=amznipops-20&linkId=VETEOIMPO7O4WRWZ
amazonwearabletechnology.com,200,,https://www.amazon.com/ref=as_li_ss_tl?_encoding=UTF8&camp=1789&creative=390957&linkCode=ur2&tag=amznipops-20&linkId=VETEOIMPO7O4WRWZ
amazonweb.biz,200,,https://www.amazon.com/ref=as_li_ss_tl?_encoding=UTF8&camp=1789&creative=390957&linkCode=ur2&tag=amznipops-20&linkId=VETEOIMPO7O4WRWZ
amazonweb.com,200,200,https://aws.amazon.com/
amazonweb.info,200,,https://www.amazon.com/ref=as_li_ss_tl?_encoding=UTF8&camp=1789&creative=390957&linkCode=ur2&tag=amznipops-20&linkId=VETEOIMPO7O4WRWZ
amazonweb.org,200,,https://www.amazon.com/ref=as_li_ss_tl?_encoding=UTF8&camp=1789&creative=390957&linkCode=ur2&tag=amznipops-20&linkId=VETEOIMPO7O4WRWZ
amazonwebcasting.com,200,,https://www.amazon.com/ref=as_li_ss_tl?_encoding=UTF8&camp=1789&creative=390957&linkCode=ur2&tag=amznipops-20&linkId=VETEOIMPO7O4WRWZ
amazonwebchannel.com,200,,https://www.amazon.com/ref=as_li_ss_tl?_encoding=UTF8&camp=1789&creative=390957&linkCode=ur2&tag=amznipops-20&linkId=VETEOIMPO7O4WRWZ
amazonwebdeveloper.com,200,,https://www.amazon.com/ref=as_li_ss_tl?_encoding=UTF8&camp=1789&creative=390957&linkCode=ur2&tag=amznipops-20&linkId=VETEOIMPO7O4WRWZ
amazonwebinar.com,200,,https://www.amazon.com/ref=as_li_ss_tl?_encoding=UTF8&camp=1789&creative=390957&linkCode=ur2&tag=amznipops-20&linkId=VETEOIMPO7O4WRWZ
amazonweblog.com,200,,https://www.amazon.com/ref=as_li_ss_tl?_encoding=UTF8&camp=1789&creative=390957&linkCode=ur2&tag=amznipops-20&linkId=VETEOIMPO7O4WRWZ
amazonwebpay.com,200,,https://www.amazon.com/ref=as_li_ss_tl?_encoding=UTF8&camp=1789&creative=390957&linkCode=ur2&tag=amznipops-20&linkId=VETEOIMPO7O4WRWZ
amazonwebradio.com,200,,https://www.amazon.com/ref=as_li_ss_tl?_encoding=UTF8&camp=1789&creative=390957&linkCode=ur2&tag=amznipops-20&linkId=VETEOIMPO7O4WRWZ
amazonwebservice.com,200,200,https://aws.amazon.com/
amazonwebservice.net,200,200,https://aws.amazon.com/
amazonwebservice.org,200,,https://aws.amazon.com/
amazonwebservices.cloud,200,,https://aws.amazon.com/getting-started/?sc_channel=BA
amazonwebservices.club,200,,https://aws.amazon.com/
amazonwebservices.co.in,200,,https://aws.amazon.com/
amazonwebservices.com,200,200,https://aws.amazon.com:443/
amazonwebservices.in,200,,https://aws.amazon.com/
amazonwebservices.info,200,,https://aws.amazon.com/
amazonwebservices.it,200,,https://aws.amazon.com/
amazonwebservices.mobi,200,,https://aws.amazon.com/
amazonwebservices.net,200,200,https://aws.amazon.com/
amazonwebservices.online,200,,https://aws.amazon.com/
amazonwebservices.org,200,,https://aws.amazon.com/
amazonwebservices.science,200,,https://aws.amazon.com/
amazonwebservicesconsultant.com,200,,https://aws.amazon.com/
amazonwebservicesconsulting.com,200,,https://aws.amazon.com/
amazonwebserviceswindfarm.com,200,,https://sustainability.aboutamazon.com/products-services/aws-cloud
amazonwebsites.com,200,200,https://aws.amazon.com/
amazonwebstores.com,200,,https://www.amazon.com/ref=as_li_ss_tl?_encoding=UTF8&camp=1789&creative=390957&linkCode=ur2&tag=amznipops-20&linkId=VETEOIMPO7O4WRWZ
amazonwebtools.com,200,,https://www.amazon.com/ref=as_li_ss_tl?ie=UTF8&linkCode=sl2&tag=amznipops-20&linkId=07057771cdf5019fb44a6e88c747a894
amazonwebtv.com,200,200,https://aws.amazon.com/
amazonwedding.info,200,,https://www.amazon.com/ref=as_li_ss_tl?_encoding=UTF8&camp=1789&creative=390957&linkCode=ur2&tag=amznipops-20&linkId=VETEOIMPO7O4WRWZ
amazonweddingbands.com,200,200,https://www.amazon.com:443/jewelry-watches-engagements-rings-diamonds/b?ie=UTF8&node=3367581
amazonwellness.com,200,,https://www.amazon.com/ref=as_li_ss_tl?_encoding=UTF8&camp=1789&creative=390957&linkCode=ur2&tag=amznipops-20&linkId=VETEOIMPO7O4WRWZ
amazonwhisperready.com,200,,https://www.amazon.com/dp/B00KC6I06S
amazonwhispersync.me,200,,https://www.aboutamazon.eu/
amazonwhispersync.net,200,,https://www.amazon.com/ref=as_li_ss_tl?ie=UTF8&linkCode=sl2&tag=amznipops-20&linkId=ef33ef1998890bd8a89ba9c3007fa6cd
amazonwholesalers.com,200,,https://www.amazon.com/ref=as_li_ss_tl?_encoding=UTF8&camp=1789&creative=390957&linkCode=ur2&tag=amznipops-20&linkId=VETEOIMPO7O4WRWZ
amazonwickedlyprime.com,200,,https://www.amazon.com/b?ie=UTF8&node=13854994011
amazonwieless.com,200,,https://www.amazon.com/ref=as_li_ss_tl?_encoding=UTF8&camp=1789&creative=390957&linkCode=ur2&tag=amznipops-20&linkId=VETEOIMPO7O4WRWZ
amazonwife.com,200,,https://www.amazon.com/ref=as_li_ss_tl?_encoding=UTF8&camp=1789&creative=390957&linkCode=ur2&tag=amznipops-20&linkId=VETEOIMPO7O4WRWZ
amazonwindchill.com,200,200,https://amazonwindchill.com:443/
amazonwindows.com,200,,https://www.amazon.com/ref=as_li_ss_tl?_encoding=UTF8&camp=1789&creative=390957&linkCode=ur2&tag=amznipops-20&linkId=VETEOIMPO7O4WRWZ
amazonwindowshop.com,202,202,https://www.amazon.com:443/
amazonwine.fr,202,,https://www.amazon.fr/
amazonwine.it,200,,https://www.amazon.it/
amazonwine.me,200,,https://www.aboutamazon.eu/
amazonwine.net,200,,https://www.amazon.com/ref=as_li_ss_tl?ie=UTF8&linkCode=sl2&tag=amznipops-20&linkId=ef33ef1998890bd8a89ba9c3007fa6cd
amazonwine.org,200,,https://www.amazon.com/ref=as_li_ss_tl?ie=UTF8&linkCode=sl2&tag=amznipops-20&linkId=ef33ef1998890bd8a89ba9c3007fa6cd
amazonwinecellar.com,200,,https://www.amazon.com/ref=as_li_ss_tl?_encoding=UTF8&camp=1789&creative=390957&linkCode=ur2&tag=amznipops-20&linkId=VETEOIMPO7O4WRWZ
amazonwinequeue.com,200,,https://www.amazon.com/ref=as_li_ss_tl?_encoding=UTF8&camp=1789&creative=390957&linkCode=ur2&tag=amznipops-20&linkId=VETEOIMPO7O4WRWZ
amazonwines.com,200,,https://www.amazon.com/ref=as_li_ss_tl?_encoding=UTF8&camp=1789&creative=390957&linkCode=ur2&tag=amznipops-20&linkId=VETEOIMPO7O4WRWZ
amazonwines.fr,202,,https://www.amazon.fr/
amazonwines.it,200,,https://www.amazon.it/
amazonwire.com,200,,https://www.amazon.com/ref=as_li_ss_tl?_encoding=UTF8&camp=1789&creative=390957&linkCode=ur2&tag=amznipops-20&linkId=VETEOIMPO7O4WRWZ
amazonwire.info,200,200,https://www.amazon.com/ap/signin?openid.pape.max_auth_age=3600&openid.return_to=https%3A%2F%2Fwww.amazon.com%2Fpreferences%2Fsubscriptions%2Fyour-subscriptions%2Fbrowse-all-subscriptions%2F10840%2F%3Fsr%3D53-1%2F&openid.identity=http%3A%2F%2Fspecs.openid.net%2Fauth%2F2.0%2Fidentifier_select&openid.assoc_handle=outbound_comm_preferences_us&openid.mode=checkid_setup&language=en_US&openid.claimed_id=http%3A%2F%2Fspecs.openid.net%2Fauth%2F2.0%2Fidentifier_select&pageId=loginCheckout-outbound_comm_preferences_us&openid.ns=http%3A%2F%2Fspecs.openid.net%2Fauth%2F2.0
amazonwire.net,200,200,https://www.amazon.com/ap/signin?openid.pape.max_auth_age=3600&openid.return_to=https%3A%2F%2Fwww.amazon.com%2Fpreferences%2Fsubscriptions%2Fyour-subscriptions%2Fbrowse-all-subscriptions%2F10840%2F%3Fsr%3D53-1%2F&openid.identity=http%3A%2F%2Fspecs.openid.net%2Fauth%2F2.0%2Fidentifier_select&openid.assoc_handle=outbound_comm_preferences_us&openid.mode=checkid_setup&language=en_US&openid.claimed_id=http%3A%2F%2Fspecs.openid.net%2Fauth%2F2.0%2Fidentifier_select&pageId=loginCheckout-outbound_comm_preferences_us&openid.ns=http%3A%2F%2Fspecs.openid.net%2Fauth%2F2.0
amazonwire.org,200,200,https://www.amazon.com/ap/signin?openid.pape.max_auth_age=3600&openid.return_to=https%3A%2F%2Fwww.amazon.com%2Fpreferences%2Fsubscriptions%2Fyour-subscriptions%2Fbrowse-all-subscriptions%2F10840%2F%3Fsr%3D53-1%2F&openid.identity=http%3A%2F%2Fspecs.openid.net%2Fauth%2F2.0%2Fidentifier_select&openid.assoc_handle=outbound_comm_preferences_us&openid.mode=checkid_setup&language=en_US&openid.claimed_id=http%3A%2F%2Fspecs.openid.net%2Fauth%2F2.0%2Fidentifier_select&pageId=loginCheckout-outbound_comm_preferences_us&openid.ns=http%3A%2F%2Fspecs.openid.net%2Fauth%2F2.0
amazonwired.info,200,200,https://www.amazon.com/ap/signin?openid.pape.max_auth_age=3600&openid.return_to=https%3A%2F%2Fwww.amazon.com%2Fpreferences%2Fsubscriptions%2Fyour-subscriptions%2Fbrowse-all-subscriptions%2F10840%2F%3Fsr%3D53-1%2F&openid.identity=http%3A%2F%2Fspecs.openid.net%2Fauth%2F2.0%2Fidentifier_select&openid.assoc_handle=outbound_comm_preferences_us&openid.mode=checkid_setup&language=en_US&openid.claimed_id=http%3A%2F%2Fspecs.openid.net%2Fauth%2F2.0%2Fidentifier_select&pageId=loginCheckout-outbound_comm_preferences_us&openid.ns=http%3A%2F%2Fspecs.openid.net%2Fauth%2F2.0
amazonwireless.at,202,,https://www.amazon.de/
amazonwireless.fr,202,,https://www.amazon.fr/
amazonwireless.info,200,,https://www.amazon.com/ref=as_li_ss_tl?_encoding=UTF8&camp=1789&creative=390957&linkCode=ur2&tag=amznipops-20&linkId=VETEOIMPO7O4WRWZ
amazonwireless.it,200,,https://www.amazon.it/
amazonwireless.me,200,,https://www.aboutamazon.eu/
amazonwireless.net,200,,https://www.amazon.com/ref=as_li_ss_tl?_encoding=UTF8&camp=1789&creative=390957&linkCode=ur2&tag=amznipops-20&linkId=VETEOIMPO7O4WRWZ
amazonwireless.org,200,,https://www.amazon.com/ref=as_li_ss_tl?_encoding=UTF8&camp=1789&creative=390957&linkCode=ur2&tag=amznipops-20&linkId=VETEOIMPO7O4WRWZ
amazonwirelessdeals.com,200,,https://www.amazon.com/ref=as_li_ss_tl?_encoding=UTF8&camp=1789&creative=390957&linkCode=ur2&tag=amznipops-20&linkId=VETEOIMPO7O4WRWZ
amazonwirelessnetworks.com,200,,https://www.amazon.com/ref=as_li_ss_tl?_encoding=UTF8&camp=1789&creative=390957&linkCode=ur2&tag=amznipops-20&linkId=VETEOIMPO7O4WRWZ
amazonwishes.com,200,,https://www.amazon.com/ref=as_li_ss_tl?_encoding=UTF8&camp=1789&creative=390957&linkCode=ur2&tag=amznipops-20&linkId=VETEOIMPO7O4WRWZ
amazonwishlist.info,200,,https://www.amazon.com/ref=as_li_ss_tl?ie=UTF8&linkCode=sl2&tag=amznipops-20&linkId=07057771cdf5019fb44a6e88c747a894
amazonwishlist.org,200,,https://www.amazon.com/ref=as_li_ss_tl?ie=UTF8&linkCode=sl2&tag=amznipops-20&linkId=07057771cdf5019fb44a6e88c747a894
amazonwithoutabox.com,200,,https://www.amazon.com/ref=as_li_ss_tl?_encoding=UTF8&camp=1789&creative=390957&linkCode=ur2&tag=amznipops-20&linkId=VETEOIMPO7O4WRWZ
amazonwomenspumps.info,200,,https://www.amazon.com/ref=as_li_ss_tl?ie=UTF8&linkCode=sl2&tag=amznipops-20&linkId=ef33ef1998890bd8a89ba9c3007fa6cd
amazonwonderland.com,200,,https://www.amazon.com/ref=as_li_ss_tl?_encoding=UTF8&camp=1789&creative=390957&linkCode=ur2&tag=amznipops-20&linkId=VETEOIMPO7O4WRWZ
amazonwork.com,200,,https://www.amazon.com/ref=as_li_ss_tl?_encoding=UTF8&camp=1789&creative=390957&linkCode=ur2&tag=amznipops-20&linkId=VETEOIMPO7O4WRWZ
amazonworkdocs.com,200,200,https://amazonworkdocs.com/
amazonworkdocs.fr,202,,https://www.amazon.fr/
amazonworkdocs.info,200,,https://aws.amazon.com/
amazonworkdocs.it,200,,https://www.amazon.it/
amazonworkdocs.net,200,,https://aws.amazon.com/
amazonworkdocs.org,200,,https://aws.amazon.com/
amazonworkmail.com,200,,https://aws.amazon.com/workmail/
amazonworkmail.fr,200,,https://aws.amazon.com/workmail/
amazonworkmail.info,200,,https://aws.amazon.com/workmail/
amazonworkmail.it,200,,https://aws.amazon.com/workmail/
amazonworkmail.net,200,,https://aws.amazon.com/workmail/
amazonworkmail.org,200,,https://aws.amazon.com/
amazonworks.info,200,,https://www.amazon.com/ref=as_li_ss_tl?_encoding=UTF8&camp=1789&creative=390957&linkCode=ur2&tag=amznipops-20&linkId=VETEOIMPO7O4WRWZ
amazonworkspaces.cloud,200,,https://aws.amazon.com/workspaces/
amazonworkspaces.fr,202,,https://www.amazon.fr/
amazonworkspaces.it,200,,https://www.amazon.it/
amazonworld.com,200,,https://www.amazon.com/ref=as_li_ss_tl?_encoding=UTF8&camp=1789&creative=390957&linkCode=ur2&tag=amznipops-20&linkId=VETEOIMPO7O4WRWZ
amazonworld.fr,202,,https://www.amazon.fr/
amazonworld.net,200,,https://www.amazon.com/ref=as_li_ss_tl?ie=UTF8&linkCode=sl2&tag=amznipops-20&linkId=07057771cdf5019fb44a6e88c747a894
amazonx.com,202,202,https://www.amazon.com:443/
amazonxyzstore.com,200,,https://www.amazon.com/ref=as_li_ss_tl?_encoding=UTF8&camp=1789&creative=390957&linkCode=ur2&tag=amznipops-20&linkId=VETEOIMPO7O4WRWZ
amazony.com,202,202,https://www.amazon.com:443/
amazony.net,200,,https://www.amazon.com/ref=as_li_ss_tl?_encoding=UTF8&camp=1789&creative=390957&linkCode=ur2&tag=amznipops-20&linkId=VETEOIMPO7O4WRWZ
amazonyouth.com,200,,https://www.amazon.com/ref=as_li_ss_tl?_encoding=UTF8&camp=1789&creative=390957&linkCode=ur2&tag=amznipops-20&linkId=VETEOIMPO7O4WRWZ
amazonz.com,200,,https://www.amazon.com/ref=as_li_ss_tl?_encoding=UTF8&camp=1789&creative=390957&linkCode=ur2&tag=amznipops-20&linkId=VETEOIMPO7O4WRWZ
amazonzappos.com,200,,https://www.zappos.com/
amazonzappos.me,200,,https://www.aboutamazon.eu/
amazonzappos.net,200,,https://www.zappos.com/
amazonzappos.org,200,,https://www.zappos.com/
amazonzip.com,200,,https://www.amazon.com/ref=as_li_ss_tl?_encoding=UTF8&camp=1789&creative=390957&linkCode=ur2&tag=amznipops-20&linkId=VETEOIMPO7O4WRWZ
amazonzocalo.com,200,200,
amazonzocalo.it,200,,https://aws.amazon.com/
amazonzocalo.net,200,,https://aws.amazon.com/
amazonzocalo.org,200,,https://aws.amazon.com/
amazonzone.com,200,,https://www.amazon.com/ref=as_li_ss_tl?_encoding=UTF8&camp=1789&creative=390957&linkCode=ur2&tag=amznipops-20&linkId=VETEOIMPO7O4WRWZ
amazonzone.org,200,,https://www.amazon.com/ref=as_li_ss_tl?_encoding=UTF8&camp=1789&creative=390957&linkCode=ur2&tag=amznipops-20&linkId=VETEOIMPO7O4WRWZ
amazonzoo.com,200,,https://www.amazon.com/ref=as_li_ss_tl?_encoding=UTF8&camp=1789&creative=390957&linkCode=ur2&tag=amznipops-20&linkId=VETEOIMPO7O4WRWZ
amazonzooxlawsuit.com,200,,
amazonzooxlawsuit.net,200,,
amazonzooxlawsuit.org,200,,
amezonaws.com,200,,https://aws.amazon.com:443/
amz-kdppublishing.com,200,,
amz.in,202,202,https://www.amazon.in:443/
amzn-anklets.info,200,,https://www.amazon.com/ref=as_li_ss_tl?ie=UTF8&linkCode=sl2&tag=amznipops-20&linkId=ef33ef1998890bd8a89ba9c3007fa6cd
amzn-anklets.net,200,,https://www.amazon.com/ref=as_li_ss_tl?ie=UTF8&linkCode=sl2&tag=amznipops-20&linkId=ef33ef1998890bd8a89ba9c3007fa6cd
amzn-anklets.org,200,,https://www.amazon.com/ref=as_li_ss_tl?ie=UTF8&linkCode=sl2&tag=amznipops-20&linkId=ef33ef1998890bd8a89ba9c3007fa6cd
amzn-bangle.info,200,,https://www.amazon.com/ref=as_li_ss_tl?ie=UTF8&linkCode=sl2&tag=amznipops-20&linkId=ef33ef1998890bd8a89ba9c3007fa6cd
amzn-bangle.net,200,,https://www.amazon.com/ref=as_li_ss_tl?ie=UTF8&linkCode=sl2&tag=amznipops-20&linkId=ef33ef1998890bd8a89ba9c3007fa6cd
amzn-bangle.org,200,,https://www.amazon.com/ref=as_li_ss_tl?ie=UTF8&linkCode=sl2&tag=amznipops-20&linkId=ef33ef1998890bd8a89ba9c3007fa6cd
amzn-charm.info,200,,https://www.amazon.com/ref=as_li_ss_tl?ie=UTF8&linkCode=sl2&tag=amznipops-20&linkId=ef33ef1998890bd8a89ba9c3007fa6cd
amzn-charm.net,200,,https://www.amazon.com/ref=as_li_ss_tl?ie=UTF8&linkCode=sl2&tag=amznipops-20&linkId=ef33ef1998890bd8a89ba9c3007fa6cd
amzn-charm.org,200,,https://www.amazon.com/ref=as_li_ss_tl?ie=UTF8&linkCode=sl2&tag=amznipops-20&linkId=ef33ef1998890bd8a89ba9c3007fa6cd
amzn-electro.info,200,,https://www.amazon.com/ref=as_li_ss_tl?ie=UTF8&linkCode=sl2&tag=amznipops-20&linkId=ef33ef1998890bd8a89ba9c3007fa6cd
amzn-pub.com,200,,https://amazonpublishing.amazon.com/
amzn.at,202,,https://www.amazon.de/
amzn.cloud,200,,https://aws.amazon.com/
amzn.com,202,202,https://www.amazon.com/
amzn.fr,202,,https://www.amazon.fr/
amzn.in,202,202,https://www.amazon.in/
amzn.it,200,,https://www.amazon.it/
amzn.mobi,200,,https://www.amazon.com/ref=as_li_ss_tl?_encoding=UTF8&camp=1789&creative=390957&linkCode=ur2&tag=amznipops-20&linkId=VETEOIMPO7O4WRWZ
amzn.red,202,,https://www.amazon.com/
amzn.wiki,202,,https://www.amazon.com/
amzn.xyz,202,,https://www.amazon.com/
amznbasket.com,200,,https://www.amazon.com/ref=as_li_ss_tl?_encoding=UTF8&camp=1789&creative=390957&linkCode=ur2&tag=amznipops-20&linkId=VETEOIMPO7O4WRWZ
amzncart.com,200,,https://www.amazon.com/ref=as_li_ss_tl?_encoding=UTF8&camp=1789&creative=390957&linkCode=ur2&tag=amznipops-20&linkId=VETEOIMPO7O4WRWZ
amznguestwifi.com,200,,https://www.amazon.com/ref=as_li_ss_tl?_encoding=UTF8&camp=1789&creative=390957&linkCode=ur2&tag=amznipops-20&linkId=VETEOIMPO7O4WRWZ
amznguestwifi.net,200,,https://www.amazon.com/ref=as_li_ss_tl?_encoding=UTF8&camp=1789&creative=390957&linkCode=ur2&tag=amznipops-20&linkId=VETEOIMPO7O4WRWZ
amznlowest.com,200,,https://www.amazon.com/ref=as_li_ss_tl?_encoding=UTF8&camp=1789&creative=390957&linkCode=ur2&tag=amznipops-20&linkId=VETEOIMPO7O4WRWZ
amznprimenow.com,200,,https://www.amazon.com/fmc/learn-more?ref_=primenow
amznurl.biz,200,,https://www.amazon.com/ref=as_li_ss_tl?_encoding=UTF8&camp=1789&creative=390957&linkCode=ur2&tag=amznipops-20&linkId=VETEOIMPO7O4WRWZ
amznurl.com,200,,https://www.amazon.com/ref=as_li_ss_tl?_encoding=UTF8&camp=1789&creative=390957&linkCode=ur2&tag=amznipops-20&linkId=VETEOIMPO7O4WRWZ
amznurl.info,200,,https://www.amazon.com/ref=as_li_ss_tl?_encoding=UTF8&camp=1789&creative=390957&linkCode=ur2&tag=amznipops-20&linkId=VETEOIMPO7O4WRWZ
amznurl.net,200,,https://www.amazon.com/ref=as_li_ss_tl?_encoding=UTF8&camp=1789&creative=390957&linkCode=ur2&tag=amznipops-20&linkId=VETEOIMPO7O4WRWZ
amznurl.org,200,,https://www.amazon.com/ref=as_li_ss_tl?_encoding=UTF8&camp=1789&creative=390957&linkCode=ur2&tag=amznipops-20&linkId=VETEOIMPO7O4WRWZ
amznwine.com,200,,https://www.amazon.com/ref=as_li_ss_tl?_encoding=UTF8&camp=1789&creative=390957&linkCode=ur2&tag=amznipops-20&linkId=VETEOIMPO7O4WRWZ
anamazon.com,202,202,https://www.amazon.com:443/
anazonaws.com,200,,https://aws.amazon.com/
annoncezavecamazon.fr,200,,https://advertising.amazon.com/fr-fr
aoazonaws.com,200,,https://aws.amazon.com:443/
appsamazon.com,200,,https://www.amazon.com/ref=as_li_ss_tl?_encoding=UTF8&camp=1789&creative=390957&linkCode=ur2&tag=amznipops-20&linkId=VETEOIMPO7O4WRWZ
appsamazon.net,200,,https://www.amazon.com/ref=as_li_ss_tl?_encoding=UTF8&camp=1789&creative=390957&linkCode=ur2&tag=amznipops-20&linkId=VETEOIMPO7O4WRWZ
arabimdb.com,202,,https://www.imdb.com/
artistcentralamazon.com,200,,https://www.amazon.com/ref=as_li_ss_tl?_encoding=UTF8&camp=1789&creative=390957&linkCode=ur2&tag=amznipops-20&linkId=VETEOIMPO7O4WRWZ
asian-amazon.com,200,,https://www.amazon.com/ref=as_li_ss_tl?_encoding=UTF8&camp=1789&creative=390957&linkCode=ur2&tag=amznipops-20&linkId=VETEOIMPO7O4WRWZ
askecho.com,200,,https://www.amazon.com/dp/B06XCM9LJ4/ref=as_li_ss_tl?ie=UTF8&linkCode=sl1&tag=amznipecho-20&linkId=513a9c18add166160a1dfbf91ca03687
askkindle.com,200,,https://www.amazon.com/dp/B00I15SB16
assistonemedical.com,200,,
assoc-amazonaws.com,200,,https://www.amazon.com/ref=as_li_ss_tl?ie=UTF8&linkCode=sl2&tag=amznipops-20&linkId=ef33ef1998890bd8a89ba9c3007fa6cd
associatoamazon.it,200,,https://www.amazon.it/
astore-amazon.info,200,,https://www.amazon.com/ref=as_li_ss_tl?ie=UTF8&linkCode=sl2&tag=amznipops-20&linkId=ef33ef1998890bd8a89ba9c3007fa6cd
at-imdb.com,202,,https://www.imdb.com/
atamazon.com,202,202,https://www.amazon.com:443/
audible-amazon.asia,200,,https://www.amazon.com/ref=as_li_ss_tl?_encoding=UTF8&camp=1789&creative=390957&linkCode=ur2&tag=amznipops-20&linkId=VETEOIMPO7O4WRWZ
audible-amazon.info,200,,https://www.audible.com/
audible-blog.com,200,,https://www.audible.com/
audible-book-store.com,200,,https://www.amazon.com/ref=as_li_ss_tl?ie=UTF8&linkCode=sl2&tag=amznipops-20&linkId=ef33ef1998890bd8a89ba9c3007fa6cd
audible-enhanced-audio.com,200,,https://www.audible.com/
audible-escape.com,200,,https://www.audible.com/cat/Romance-Audiobooks/18580518011
audible-kid.biz,200,,https://www.audible.com/
audible-kid.com,200,,https://www.audible.com/
audible-kid.info,200,,https://www.audible.com/
audible-kid.net,200,,https://www.audible.com/
audible-kid.org,200,,https://www.audible.com/
audible-kids.biz,200,,https://www.audible.com/
audible-kids.com,200,,https://www.audible.com/
audible-kids.info,200,,https://www.audible.com/
audible-kids.net,200,,https://www.audible.com/
audible-kids.org,200,,https://www.audible.com/
audible-music.com,200,,https://www.audible.com/
audible-online.com,200,,https://www.amazon.com/ref=as_li_ss_tl?ie=UTF8&linkCode=sl2&tag=amznipops-20&linkId=ef33ef1998890bd8a89ba9c3007fa6cd
audible-plus.com,200,,https://www.audible.com/ep/audible-plus-member-benefit
audible-premium-plus.com,200,,https://www.audible.com/ep/memberbenefits
audible-premium.com,200,,https://www.audible.com/ep/memberbenefits
audible-range.com,200,,https://www.audible.com/
audible-signature-classics.com,200,,https://www.audible.com/
audible-studios.com,200,,https://www.audible.com/
audible-studios.net,200,,https://www.audible.com/
audible-uk.com,200,,https://www.amazon.com/ref=as_li_ss_tl?ie=UTF8&linkCode=sl2&tag=amznipops-20&linkId=ef33ef1998890bd8a89ba9c3007fa6cd
audible.asia,200,200,https://www.audible.com:443/
audible.bid,200,,https://www.audible.com/
audible.blackfriday,200,,https://www.audible.com/
audible.blue,200,,https://www.audible.com/
audible.bz,200,,https://www.audible.com/
audible.cl,200,,https://www.audible.com/ep/voces?source_code=GO1DG900PWS091310
audible.club,200,,https://www.audible.com:443/
audible.co.jp,200,200,https://www.audible.com/?ref=Adbl_ip_rdr_from_JP&source_code=AUDOR0020712219ULJ&ipRedirectFrom=JP&ipRedirectOriginalURL=
audible.com,200,200,https://www.audible.com:443/
audible.cr,200,,https://www.audible.com/ep/voces?source_code=GO1DG900PWS091310
audible.international,200,,https://www.audible.com/
audible.london,200,,https://www.amazon.com/exec/obidos/tg/browse/-/2402172011/ref=as_li_ss_tl?ie=UTF8&linkCode=sl2&tag=audible.london-20&linkId=6123f874104bb45f71e8589c63e7060a
audible.mobi,200,200,https://www.audible.com:443/
audible.name,200,,https://www.audible.com/
audible.net,200,200,https://www.audible.com:443/
audible.nyc,200,,https://www.audible.com/
audible.ooo,200,,https://www.audible.com/
audible.org,200,200,https://www.audible.com:443/
audible.pink,200,,https://www.audible.com/
audible.red,200,,https://www.audible.com/
audible.wiki,200,,https://www.audible.com/
audibleacx.com,200,,https://www.audible.com/
audibleaffiliate.com,200,,https://www.audible.com/
audibleaffiliates.com,200,,https://www.audible.com/
audibleair.com,200,,https://www.audible.com/
audiblealerts.com,200,,https://www.audible.com/
audibleallyoucanlisten.com,200,,https://www.audible.com/ep/memberbenefits
audibleallyoucanlisten.info,200,,https://www.audible.com/ep/memberbenefits
audibleallyoucanlisten.net,200,,https://www.audible.com/ep/memberbenefits
audibleallyoucanlisten.org,200,,https://www.audible.com/ep/memberbenefits
audibleamazon.asia,200,,https://www.amazon.com/ref=as_li_ss_tl?_encoding=UTF8&camp=1789&creative=390957&linkCode=ur2&tag=amznipops-20&linkId=VETEOIMPO7O4WRWZ
audibleamazon.info,200,,https://www.audible.com/
audibleapp.com,200,200,https://www.audible.com:443/
audibleapps.com,200,200,https://www.audible.com:443/
audiblearchives.com,200,,https://www.audible.com/
audibleaudiobook.com,200,,https://www.audible.com/
audibleaudiobooks.us,200,,https://www.audible.com/
audibleaudioformat.com,200,,https://www.safebrowse.io/warn.html?url=http://audibleaudioformat.com/&token=22dc7ea0
audibleaycl.com,200,,https://www.audible.com/ep/memberbenefits
audibleaycl.info,200,,https://www.audible.com/ep/memberbenefits
audibleaycl.net,200,,https://www.audible.com/ep/memberbenefits
audibleaycl.org,200,,https://www.audible.com/ep/memberbenefits
audiblebasic.com,200,,https://www.audible.com/ep/audible-plus-member-benefit
audiblebasic.info,200,,https://www.audible.com/ep/audible-plus-member-benefit
audiblebasic.net,200,,https://www.audible.com/ep/audible-plus-member-benefit
audiblebasic.org,200,,https://www.audible.com/ep/audible-plus-member-benefit
audiblebasics.com,200,,https://www.audible.com/
audiblebb.com,200,200,https://www.audible.com:443/
audiblebestsellers.com,200,,https://www.amazon.com/ref=as_li_ss_tl?ie=UTF8&linkCode=sl2&tag=amznipops-20&linkId=ef33ef1998890bd8a89ba9c3007fa6cd
audiblebilingualbooks.com,200,,https://www.audible.com/
audiblebilingualbooks.net,200,,https://www.amazon.com/ref=as_li_ss_tl?ie=UTF8&linkCode=sl2&tag=amznipops-20&linkId=ef33ef1998890bd8a89ba9c3007fa6cd
audibleblog.com,200,,https://www.audible.com/
audibleblog.in,200,,https://www.audible.com/
audibleblog.net,200,,https://www.audible.com/
audibleblogger.com,200,,https://www.amazon.com/ref=as_li_ss_tl?ie=UTF8&linkCode=sl2&tag=amznipops-20&linkId=ef33ef1998890bd8a89ba9c3007fa6cd
audiblebook.com,200,,https://www.audible.com/
audiblebook.net,200,,https://www.audible.com/
audiblebookcommunity.com,200,,https://www.audible.com/
audiblebookforum.com,200,,https://www.amazon.com/ref=as_li_ss_tl?ie=UTF8&linkCode=sl2&tag=amznipops-20&linkId=ef33ef1998890bd8a89ba9c3007fa6cd
audiblebooklibrary.com,200,,https://www.amazon.com/ref=as_li_ss_tl?ie=UTF8&linkCode=sl2&tag=amznipops-20&linkId=ef33ef1998890bd8a89ba9c3007fa6cd
audiblebooknews.com,200,,https://www.safebrowse.io/warn.html?url=http://audiblebooknews.com/&token=54274be9
audiblebookoriginal.com,200,,https://www.audible.com/ep/audible-originals?adobe_mc_ref=https%3A%2F%2Fwww.audible.com%2F&pf_rd_p=7911759a-f591-4bd4-a9a9-2e393099bf6f&pf_rd_r=5KHBX1WRGVMQADH3VAJW&ref=a_hp_t1_navTop_pl3&adobe_mc_sdid=SDID%3D00D32B36AA91660E-7A2440254F6BDE7C%7CMCORGID%3D165958B4533AEE5B0A490D45%2540AdobeOrg%7CTS%3D1564679311
audiblebookoriginals.com,200,,https://www.audible.com/ep/audible-originals?adobe_mc_ref=https%3A%2F%2Fwww.audible.com%2F&pf_rd_p=7911759a-f591-4bd4-a9a9-2e393099bf6f&pf_rd_r=5KHBX1WRGVMQADH3VAJW&ref=a_hp_t1_navTop_pl3&adobe_mc_sdid=SDID%3D00D32B36AA91660E-7A2440254F6BDE7C%7CMCORGID%3D165958B4533AEE5B0A490D45%2540AdobeOrg%7CTS%3D1564679311
audiblebookreview.com,200,,https://www.amazon.com/ref=as_li_ss_tl?ie=UTF8&linkCode=sl2&tag=amznipops-20&linkId=ef33ef1998890bd8a89ba9c3007fa6cd
audiblebookreviews.com,200,,https://www.audible.com/
audiblebooks.com,200,200,https://www.audible.com:443/
audiblebooks.info,200,,https://www.audible.com/
audiblebooks.mobi,200,,https://www.audible.com/
audiblebooks.net,200,,https://www.safebrowse.io/warn.html?url=http://audiblebooks.net/&token=da433129
audiblebooks.org,200,,https://www.amazon.com/ref=as_li_ss_tl?ie=UTF8&linkCode=sl2&tag=amznipops-20&linkId=ef33ef1998890bd8a89ba9c3007fa6cd
audiblebooks4less.com,200,,https://www.amazon.com/ref=as_li_ss_tl?ie=UTF8&linkCode=sl2&tag=amznipops-20&linkId=ef33ef1998890bd8a89ba9c3007fa6cd
audiblebooks4you.com,200,,https://www.audible.com/
audiblebooksfreetrial.com,200,200,https://www.audible.com:443/ep/free-trial?source_code=DPMGC901BTV120911
audiblebookshop.com,200,,https://www.audible.com/
audiblebooksite.com,200,,https://www.amazon.com/ref=as_li_ss_tl?ie=UTF8&linkCode=sl2&tag=amznipops-20&linkId=ef33ef1998890bd8a89ba9c3007fa6cd
audiblebooksoffer.com,200,200,https://www.audible.com:443/ep/free-trial?source_code=DPMGC901QTV120911
audiblebooksonline.com,200,,https://www.amazon.com/ref=as_li_ss_tl?ie=UTF8&linkCode=sl2&tag=amznipops-20&linkId=ef33ef1998890bd8a89ba9c3007fa6cd
audiblebooksonline.net,200,,https://www.audible.com/
audiblebooksshop.com,200,200,https://www.audible.com:443/ep/free-trial?source_code=DPMGC9019TV120911
audiblebooksshopnow.com,200,200,https://www.audible.com:443/ep/free-trial?source_code=DPMGC901HTV120911
audiblebookstore.com,200,200,https://www.audible.com:443/ep/free-trial?source_code=DPMGC901ITV120911
audiblebookstoreonline.com,200,,https://www.audible.com/
audiblebookstores.com,200,,https://www.amazon.com/ref=as_li_ss_tl?ie=UTF8&linkCode=sl2&tag=amznipops-20&linkId=ef33ef1998890bd8a89ba9c3007fa6cd
audiblebookstrial.com,200,200,https://www.audible.com:443/ep/free-trial?source_code=DPMGC901ATV120911
audiblebookz.com,200,,https://www.audible.com/
audiblecareers.com,200,200,https://www.audiblecareers.com:443/
audiblecast.com,200,,https://www.audible.de/
audiblechannels.co.in,200,,https://www.audible.com/
audiblechannels.com,200,,https://www.audible.com/ep/podcasts
audiblechannels.in,200,,https://www.audible.com/
audiblechildrenbooks.com,200,,https://www.audible.com/
audibleclassics.com,200,,https://www.amazon.com/ref=as_li_ss_tl?ie=UTF8&linkCode=sl2&tag=amznipops-20&linkId=ef33ef1998890bd8a89ba9c3007fa6cd
audibleclearaudio.com,200,,https://www.audible.com/
audibleclips.com,200,,https://www.audible.com:443/
audiblecoupons.com,200,,https://www.amazon.com/ref=as_li_ss_tl?ie=UTF8&linkCode=sl2&tag=amznipops-20&linkId=ef33ef1998890bd8a89ba9c3007fa6cd
audiblecrispaudio.com,200,,https://www.audible.com/
audibled.com,200,200,https://www.audible.com:443/
audibled.net,200,200,https://www.audible.com:443/
audibled.org,200,200,https://www.audible.com:443/
audibledevicecenter.com,200,,https://www.audible.com/
audibledownload.com,200,,https://www.audible.com/
audibledownload.info,200,,https://www.amazon.com/ref=as_li_ss_tl?ie=UTF8&linkCode=sl2&tag=amznipops-20&linkId=ef33ef1998890bd8a89ba9c3007fa6cd
audibledu.com,200,200,https://www.audible.com:443/
audibledu.net,200,200,https://www.audible.com:443/
audibledu.org,200,200,https://www.audible.com:443/
audibleed.com,200,200,https://www.audible.com:443/
audibleed.net,200,200,https://www.audible.com:443/
audibleed.org,200,200,https://www.audible.com:443/
audibleedu.com,200,200,https://www.audible.com:443/
audibleedu.net,200,200,https://www.audible.com:443/
audibleedu.org,200,200,https://www.audible.com:443/
audibleeducation.com,200,200,https://www.audible.com:443/
audibleeducation.net,200,200,https://www.audible.com:443/
audibleeducation.org,200,200,https://www.audible.com:443/
audibleenespanol.com,200,,https://www.audible.com/ep/voces
audibleenhancedaudio.com,200,,https://www.audible.com/
audibleescape.com,200,,https://www.audible.com/cat/Romance-Audiobooks/18580518011
audibleescape.net,200,,https://www.audible.com/cat/Romance-Audiobooks/18580518011
audibleescapes.com,200,,https://www.audible.com/cat/Romance-Audiobooks/18580518011
audibleescapes.net,200,,https://www.audible.com/cat/Romance-Audiobooks/18580518011
audiblefiction.com,200,,https://www.amazon.com/ref=as_li_ss_tl?ie=UTF8&linkCode=sl2&tag=amznipops-20&linkId=ef33ef1998890bd8a89ba9c3007fa6cd
audiblefire.com,200,,https://www.amazon.com/ref=as_li_ss_tl?ie=UTF8&linkCode=sl2&tag=amznipops-20&linkId=ef33ef1998890bd8a89ba9c3007fa6cd
audibleforandroid.com,200,,https://www.audible.com/
audibleforblackberry.com,200,200,https://www.audible.com:443/
audibleforiphone.com,200,,https://www.audible.com/
audibleforschools.com,200,,https://www.audible.com/ep/schools
audibleforwindows.com,200,,https://www.audible.com/
audibleforwindowsphone.com,200,,https://www.audible.com/
audiblefree.info,200,,https://www.audible.com/ep/memberbenefits
audiblefree.net,200,,https://www.audible.com/ep/memberbenefits
audiblefree.org,200,,https://www.audible.com/ep/memberbenefits
audiblefreetrial.com,200,200,https://www.audible.com:443/ep/free-trial?source_code=DPMGC901LTV120911
audiblefrontier.com,200,,https://www.audible.com/
audiblefrontiers.com,200,,https://www.audible.com/
audiblegiftcard.com,200,,https://www.safebrowse.io/warn.html?url=http://audiblegiftcard.com/&token=31e38c1c
audiblehalcyon.com,200,,https://www.audible.com/
audiblehighfidelity.com,200,,https://www.audible.com/
audiblehub.com,200,200,https://www.audible.com/
audibleideas.com,200,,https://www.amazon.com/ref=as_li_ss_tl?ie=UTF8&linkCode=sl2&tag=amznipops-20&linkId=ef33ef1998890bd8a89ba9c3007fa6cd
audibleimmersionreading.at,200,,https://www.audible.de:443/
audibleimmersionreading.co.in,200,,https://www.audible.com/
audibleimmersionreading.fr,200,,https://www.audible.fr/
audibleimmersionreading.in,200,,https://www.audible.com/
audibleimmersionreading.tv,200,,https://www.audible.com/
audibleincorporated.com,200,200,https://www.audible.com:443/
audibleindia.co.in,200,,https://www.audible.com/
audibleindiefirst.com,200,,https://www.audible.com/
audibleinspanish.com,200,,https://www.audible.com/ep/voces
audibleinternet.com,200,,https://www.audible.com/
audiblekid.biz,200,,https://www.audible.com/
audiblekid.com,200,,https://www.audible.com/
audiblekid.info,200,,https://www.audible.com/
audiblekid.mobi,200,,https://www.audible.com/
audiblekid.net,200,,https://www.audible.com/
audiblekid.org,200,,https://www.audible.com/
audiblekids.biz,200,,https://www.audible.com/
audiblekids.info,200,,https://www.audible.com/
audiblekids.mobi,200,,https://www.audible.com/
audiblekids.net,200,,https://www.audible.com/
audiblekids.org,200,,https://www.audible.com/
audiblekidz.com,200,,https://www.audible.com/
audiblelatina.com,200,,https://www.audible.com/ep/voces
audiblelatino.com,200,,https://www.audible.com/ep/voces
audiblelatinx.com,200,,https://www.audible.com/ep/voces
audiblelibrary.com,200,,https://www.amazon.com/ref=as_li_ss_tl?ie=UTF8&linkCode=sl2&tag=amznipops-20&linkId=ef33ef1998890bd8a89ba9c3007fa6cd
audiblelibro.com,200,,https://www.audible.com/ep/voces
audiblelibros.com,200,,https://www.audible.com/ep/voces?source_code=GO1DG900PWS091310
audiblelogic.net,200,200,https://www.audible.com:443/
audiblemagazines.com,200,,https://www.amazon.com/ref=as_li_ss_tl?ie=UTF8&linkCode=sl2&tag=amznipops-20&linkId=ef33ef1998890bd8a89ba9c3007fa6cd
audiblemedia.com,200,,https://www.safebrowse.io/warn.html?url=http://audiblemedia.com/&token=ae69615f
audiblemobile.com,200,,https://www.audible.com/
audiblemobilestore.com,200,,https://www.audible.com/
audiblemodernvanguard.com,200,,https://www.audible.com/
audiblemusic.com,200,,https://www.audible.com/
audiblenewspaper.com,200,,https://www.amazon.com/ref=as_li_ss_tl?ie=UTF8&linkCode=sl2&tag=amznipops-20&linkId=ef33ef1998890bd8a89ba9c3007fa6cd
audibleonbb.com,200,200,https://www.audible.com:443/
audibleonebook.co.in,200,,https://www.audible.com/
audibleonebook.in,200,,https://www.audible.com/
audibleonebook.info,200,,https://www.audible.com/
audibleonebook.net,200,,https://www.audible.com/
audibleonebook.org,200,,https://www.audible.com/
audiblepak.com,200,,https://www.amazon.com/ref=as_li_ss_tl?ie=UTF8&linkCode=sl2&tag=amznipops-20&linkId=ef33ef1998890bd8a89ba9c3007fa6cd
audibleplus.co.in,200,,https://www.safebrowse.io/warn.html?url=http://audibleplus.co.in/&token=2f73d62e
audibleplus.com,200,,https://www.audible.com/ep/audible-plus-member-benefit
audibleplus.in,200,,https://www.audible.com/ep/memberbenefits
audibleplus.info,200,,https://www.audible.com/ep/audible-plus-member-benefit
audibleplus.jp,200,,https://www.audible.com/ep/memberbenefits
audibleplus.net,200,,https://www.audible.com/ep/audible-plus-member-benefit
audibleplus.org,200,,https://www.audible.com/ep/audible-plus-member-benefit
audibleplus.us,200,,https://www.audible.com/ep/memberbenefits
audiblepremium.co.in,200,,https://www.audible.com/ep/memberbenefits
audiblepremium.com,200,,https://www.audible.com/ep/memberbenefits
audiblepremium.in,200,,https://www.audible.com/ep/memberbenefits
audiblepremium.info,200,,https://www.audible.com/ep/memberbenefits
audiblepremium.jp,200,,https://www.audible.com/ep/memberbenefits
audiblepremium.net,200,,https://www.audible.com/ep/memberbenefits
audiblepremium.org,200,,https://www.audible.com/ep/memberbenefits
audiblepremium.us,200,,https://www.audible.com/ep/memberbenefits
audiblepremiumplus.co.in,200,,https://www.audible.com/ep/memberbenefits
audiblepremiumplus.com,200,,https://www.audible.com/ep/memberbenefits
audiblepremiumplus.in,200,,https://www.safebrowse.io/warn.html?url=http://audiblepremiumplus.in/&token=1db6e031
audiblepremiumplus.info,200,,https://www.audible.com/ep/memberbenefits
audiblepremiumplus.jp,200,,https://www.audible.com/ep/memberbenefits
audiblepremiumplus.net,200,,https://www.audible.com/ep/memberbenefits
audiblepremiumplus.org,200,,https://www.audible.com/ep/memberbenefits
audiblepremiumplus.us,200,,https://www.audible.com/ep/memberbenefits
audiblerangeblog.com,200,,https://www.audible.com/
audibleromance.com,200,,https://www.audible.com/
audiblescape.com,200,,https://www.audible.com/cat/Romance-Audiobooks/18580518011
audiblescape.net,200,,https://www.audible.com/cat/Romance-Audiobooks/18580518011
audiblescapes.com,200,,https://www.audible.com/cat/Romance-Audiobooks/18580518011
audiblescapes.net,200,,https://www.audible.com/cat/Romance-Audiobooks/18580518011
audibleservices.com,200,,https://www.audible.com/
audibleshop.com,200,200,https://www.audible.com:443/ep/free-trial?source_code=DPMGC901JTV120911
audibleshopnow.com,200,200,https://www.audible.com:443/ep/free-trial?source_code=DPMGC901GTV120911
audibleshortstories.com,200,,https://www.amazon.com/ref=as_li_ss_tl?ie=UTF8&linkCode=sl2&tag=amznipops-20&linkId=ef33ef1998890bd8a89ba9c3007fa6cd
audiblesignatureclassics.com,200,,https://www.audible.com/
audiblesnippets.com,200,,https://www.amazon.com/ref=as_li_ss_tl?ie=UTF8&linkCode=sl2&tag=amznipops-20&linkId=ef33ef1998890bd8a89ba9c3007fa6cd
audiblesoftware.com,200,,https://www.amazon.com/ref=as_li_ss_tl?ie=UTF8&linkCode=sl2&tag=amznipops-20&linkId=ef33ef1998890bd8a89ba9c3007fa6cd
audiblesoundquality.com,200,,https://www.audible.com/
audiblespoken.com,200,,https://www.audible.com/
audiblestore.com,200,,https://www.audible.com/
audiblestreaming.com,200,,https://www.audible.com/
audiblestreams.com,200,,https://www.audible.com/
audiblestudios.in,200,,https://www.audible.com/
audiblesux.com,200,,https://www.amazon.com/ref=as_li_ss_tl?ie=UTF8&linkCode=sl2&tag=amznipops-20&linkId=ef33ef1998890bd8a89ba9c3007fa6cd
audiblesync.com,200,,https://www.audible.com/
audibletapes.com,200,,https://www.audible.com/
audibleteens.com,200,,https://www.audible.com/
audibletheater.com,200,,https://audiblexminetta.com/
audibletheatre.com,200,,https://www.audible.com/ep/theater?ref=mrq_thea_pr&source_code=MRQOR227061418014V
audibletrial.com,200,200,https://www.audible.com/
audibletunes.com,200,,https://www.amazon.com/ref=as_li_ss_tl?ie=UTF8&linkCode=sl2&tag=amznipops-20&linkId=ef33ef1998890bd8a89ba9c3007fa6cd
audibletunes.info,200,,https://www.amazon.com/ref=as_li_ss_tl?ie=UTF8&linkCode=sl2&tag=amznipops-20&linkId=ef33ef1998890bd8a89ba9c3007fa6cd
audibletunes.net,200,,https://www.amazon.com/ref=as_li_ss_tl?ie=UTF8&linkCode=sl2&tag=amznipops-20&linkId=ef33ef1998890bd8a89ba9c3007fa6cd
audibletv.com,200,200,https://www.audible.com:443/ep/free-trial?source_code=DPMGC901WTV042412
audibleuk.com,200,,https://www.audible.com/
audibleunlimited.co.in,200,,https://www.audible.com/ep/memberbenefits
audibleunlimited.com,200,,https://www.audible.com/ep/memberbenefits
audibleunlimited.in,200,,https://www.audible.com/ep/memberbenefits
audibleunlimited.info,200,,https://www.audible.com/ep/memberbenefits
audibleunlimited.jp,200,,https://www.audible.com/ep/memberbenefits
audibleunlimited.net,200,,https://www.audible.com/ep/memberbenefits
audibleunlimited.org,200,,https://www.audible.com/ep/memberbenefits
audibleunlimited.us,200,,https://www.audible.com/ep/memberbenefits
audiblewhispersyncforvoice.com,200,,https://www.audible.com/
audibleword.com,200,,https://www.amazon.com/ref=as_li_ss_tl?ie=UTF8&linkCode=sl2&tag=amznipops-20&linkId=ef33ef1998890bd8a89ba9c3007fa6cd
audiblewordcast.com,200,,https://www.audible.com/
auskindle.com,200,,https://www.amazon.com/ref=as_li_ss_tl?ie=UTF8&linkCode=sl2&tag=amznipops-20&linkId=ef33ef1998890bd8a89ba9c3007fa6cd
aussie-amazon.com,200,,https://www.amazon.com/ref=as_li_ss_tl?_encoding=UTF8&camp=1789&creative=390957&linkCode=ur2&tag=amznipops-20&linkId=VETEOIMPO7O4WRWZ
australia-kindle.com,200,,https://www.amazon.com/b/ref=as_li_ss_tl?ie=UTF8&node=6669702011&linkCode=sl2&tag=amznipkindle-20&linkId=551706601a1080104e2dbb0e17826f96
authorize-payments-amazon.com,200,,https://www.amazon.com/ref=as_li_ss_tl?_encoding=UTF8&camp=1789&creative=390957&linkCode=ur2&tag=amznipops-20&linkId=VETEOIMPO7O4WRWZ
avclassactionlawsuit.com,200,,
avclassactionlawsuit.net,200,,
aws-3.com,200,,https://aws.amazon.com/
aws-amazon.com,200,200,https://aws.amazon.com/
aws-amazon.net,200,200,https://aws.amazon.com/
aws-ambassadors.com,200,200,https://aws-ambassadors.com/
aws-cloud.com,200,,https://www.amazon.com/ref=as_li_ss_tl?ie=UTF8&linkCode=sl2&tag=amznipops-20&linkId=ef33ef1998890bd8a89ba9c3007fa6cd
aws-cloudwatch.com,200,,https://www.amazon.com/ref=as_li_ss_tl?ie=UTF8&linkCode=sl2&tag=amznipops-20&linkId=ef33ef1998890bd8a89ba9c3007fa6cd
aws-cn.com,200,,https://www.amazon.com/ref=as_li_ss_tl?ie=UTF8&linkCode=sl2&tag=amznipops-20&linkId=ef33ef1998890bd8a89ba9c3007fa6cd
aws-console.com,200,,https://www.amazon.com/ref=as_li_ss_tl?ie=UTF8&linkCode=sl2&tag=amznipops-20&linkId=ef33ef1998890bd8a89ba9c3007fa6cd
aws-consulting.com,200,,https://aws.amazon.com/
aws-contact.com,200,,https://aws.amazon.com/contact-us/sales-support/
aws-demo.com,200,,https://aws.amazon.com/
aws-dns.com,200,,https://aws.amazon.com/route53/
aws-dns.info,200,,https://aws.amazon.com/route53/
aws-dns.mobi,200,,https://aws.amazon.com/route53/
aws-dns.net,200,,https://aws.amazon.com/route53/
aws-dns.org,200,,https://aws.amazon.com/route53/
aws-elemental.com,200,,https://aws.amazon.com/
aws-experience.com,200,200,https://aws-experience.com/emea/
aws-join.cloud,200,,https://www.safebrowse.io/warn.html?url=http://aws-join.cloud/&token=5e2ce149
aws-secure.cloud,200,,https://www.safebrowse.io/warn.html?url=http://aws-secure.cloud/&token=b5f82833
aws-shop.com,200,,https://aws.amazon.com/
aws-status.com,200,,https://aws.amazon.com/
aws-storage-gateway.com,200,,https://aws.amazon.com/
aws.accountant,200,,https://aws.amazon.com/
aws.alsace,200,,https://aws.amazon.com/
aws.asia,200,,https://www.amazonaws.cn:443/
aws.audio,200,,https://aws.amazon.com/
aws.bayern,200,,https://aws.amazon.com/
aws.beer,200,,https://aws.amazon.com/
aws.berlin,200,,https://aws.amazon.com/
aws.bid,200,,https://aws.amazon.com/ec2/spot/
aws.blackfriday,200,,https://www.amazon.com/blackfriday
aws.blue,200,,https://aws.amazon.com/
aws.brussels,200,,https://aws.amazon.com/
aws.build,200,,https://aws.amazon.com/
aws.cab,200,,https://aws.amazon.com/
aws.casa,200,,https://aws.amazon.com/
aws.ceo,200,,https://aws.amazon.com/
aws.christmas,200,,https://aws.amazon.com/
aws.click,200,,https://aws.amazon.com/
aws.cloud,200,,https://aws.amazon.com/
aws.club,200,,https://aws.amazon.com/
aws.cologne,200,,https://aws.amazon.com/
aws.com,200,200,https://aws.amazon.com/
aws.compare,200,,https://aws.amazon.com/
aws.country,200,,https://aws.amazon.com/
aws.cricket,200,,https://aws.amazon.com/
aws.cyou,200,,https://aws.amazon.com/
aws.dealer,200,,https://aws.amazon.com/
aws.design,200,,https://aws.amazon.com/
aws.diet,200,,https://aws.amazon.com/
aws.download,200,,https://aws.amazon.com/
aws.equipment,200,,https://aws.amazon.com/
aws.estate,200,,https://aws.amazon.com/
aws.fans,200,,https://aws.amazon.com/
aws.fishing,200,,https://aws.amazon.com/
aws.fit,200,,https://aws.amazon.com/
aws.flowers,200,,https://aws.amazon.com/
aws.foundation,200,,https://aws.amazon.com/
aws.frl,200,,https://aws.amazon.com/
aws.gallery,200,,https://aws.amazon.com/
aws.game,200,,https://aws.amazon.com/gametech/
aws.garden,200,,https://aws.amazon.com/
aws.gives,200,,https://aws.amazon.com/
aws.giving,200,,https://aws.amazon.com/
aws.graphics,200,,https://aws.amazon.com/workspaces/applications/
aws.hamburg,200,,https://aws.amazon.com/
aws.health,200,,https://aws.amazon.com/health/
aws.help,200,,https://support.console.aws.amazon.com:443/support/home
aws.hiv,200,,https://aws.amazon.com/
aws.holiday,200,,https://aws.amazon.com/
aws.horse,200,,https://aws.amazon.com/
aws.hosting,200,,https://aws.amazon.com/
aws.house,200,,https://aws.amazon.com/
aws.inc,200,,https://aws.amazon.com/
aws.international,200,,https://aws.amazon.com/
aws.kim,200,,https://aws.amazon.com/
aws.kiwi,200,,https://aws.amazon.com/
aws.koeln,200,,https://aws.amazon.com/
aws.lat,200,,https://aws.amazon.com/
aws.lighting,200,,https://www.amazon.com/b?node=495224
aws.limo,200,,https://aws.amazon.com/
aws.loan,200,,https://aws.amazon.com/
aws.london,200,,https://aws.amazon.com/
aws.love,200,,https://aws.amazon.com/
aws.luxury,200,,https://aws.amazon.com/
aws.marketing,200,,https://aws.amazon.com/
aws.me,200,,https://aws.amazon.com/
aws.men,200,,https://aws.amazon.com/
aws.miami,200,,https://aws.amazon.com/
aws.mobi,200,,https://www.amazon.com/ref=as_li_ss_tl?ie=UTF8&linkCode=sl2&tag=amznipops-20&linkId=ef33ef1998890bd8a89ba9c3007fa6cd
aws.moe,200,,https://aws.amazon.com/
aws.nyc,200,,https://aws.amazon.com/
aws.one,200,,https://aws.amazon.com/
aws.online,200,,https://aws.amazon.com/
aws.ooo,200,,https://aws.amazon.com/
aws.ovh,200,,https://aws.amazon.com/
aws.paris,200,,https://aws.amazon.com/
aws.party,200,,https://aws.amazon.com/
aws.pink,200,,https://aws.amazon.com/
aws.quebec,200,,https://aws.amazon.com/
aws.racing,200,,https://aws.amazon.com/
aws.red,200,,https://aws.amazon.com/
aws.rent,200,,https://aws.amazon.com/
aws.rich,200,,https://aws.amazon.com/
aws.ruhr,200,,https://aws.amazon.com/
aws.science,200,,https://aws.amazon.com/government-education/research-and-technical-computing/
aws.security,200,,https://aws.amazon.com/security/
aws.sexy,200,,https://aws.amazon.com/
aws.shiksha,200,,https://aws.amazon.com/
aws.site,200,,https://aws.amazon.com/
aws.space,200,,https://aws.amazon.com/
aws.study,200,,https://aws.amazon.com/
aws.surf,200,,https://aws.amazon.com/
aws.taipei,200,,https://aws.amazon.com/
aws.tech,200,,https://aws.amazon.com/
aws.tirol,200,,https://aws.amazon.com/
aws.trade,200,,https://aws.amazon.com/
aws.tv,200,,https://aws.amazon.com/
aws.vegas,200,,https://aws.amazon.com/
aws.vlaanderen,200,,https://aws.amazon.com/
aws.vodka,200,,https://aws.amazon.com/
aws.voting,200,,https://aws.amazon.com/
aws.webcam,200,,https://aws.amazon.com/
aws.website,200,,https://aws.amazon.com/
aws.wedding,200,,https://aws.amazon.com/
aws.wien,200,,https://aws.amazon.com/
aws.wiki,200,,https://aws.amazon.com/
aws.win,200,,https://aws.amazon.com/
aws.work,200,,https://aws.amazon.com/
aws.xn--55qx5d,200,,https://aws.amazon.com/
aws.xn--gckr3f0f,200,,https://aws.amazon.com/jp/
aws.xn--io0a7i,200,,https://aws.amazon.com/
aws.xn--tckwe,200,,https://aws.amazon.com/
aws.xyz,200,,https://aws.amazon.com/
aws.yoga,200,,https://aws.amazon.com/
aws1clickprovisioning.com,200,,https://aws.amazon.com/
aws53.com,200,,https://aws.amazon.com/
awsaccount.com,200,,https://aws.amazon.com/
awsactivate.fr,200,,https://aws.amazon.com/
awsactivate.it,200,,https://aws.amazon.com/
awsadmin.info,200,,https://www.amazon.com/ref=as_li_ss_tl?ie=UTF8&linkCode=sl2&tag=amznipops-20&linkId=ef33ef1998890bd8a89ba9c3007fa6cd
awsaimlscholars.com,200,200,https://aws.amazon.com/about-aws/our-impact/scholars/
awsaipresale.com,200,401,
awsamazon.asia,200,,https://www.amazonaws.cn:443/
awsamazon.at,200,,https://aws.amazon.com/
awsamazon.co.in,200,,https://www.amazon.com/ref=as_li_ss_tl?ie=UTF8&linkCode=sl2&tag=amznipops-20&linkId=ef33ef1998890bd8a89ba9c3007fa6cd
awsamazon.fr,200,,https://aws.amazon.com/
awsamazon.in,200,,https://www.amazon.com/ref=as_li_ss_tl?ie=UTF8&linkCode=sl2&tag=amznipops-20&linkId=ef33ef1998890bd8a89ba9c3007fa6cd
awsamazon.it,200,,https://aws.amazon.com/
awsamazon.net,200,200,https://aws.amazon.com/
awsamazon.org,200,,https://aws.amazon.com/
awsamazon.ru,200,,https://aws.amazon.com/
awsapi.cloud,200,,https://aws.amazon.com/api-gateway/
awsapn.fr,200,,https://aws.amazon.com/
awsapn.it,200,,https://aws.amazon.com/
awsapn.net,200,,https://aws.amazon.com/
awsapps.cloud,200,,https://aws.amazon.com/web-mobile-social/
awsapps.co.in,200,,https://aws.amazon.com/
awsapps.fr,200,,https://aws.amazon.com/
awsapps.in,200,,https://aws.amazon.com/
awsapps.info,200,,https://aws.amazon.com/
awsapps.it,200,,https://aws.amazon.com/
awsapps.org,200,,https://aws.amazon.com/
awsappstream.co.in,200,,https://aws.amazon.com/
awsappstream.com,200,,https://aws.amazon.com/workspaces/applications/
awsappstream.fr,200,,https://aws.amazon.com/
awsappstream.in,200,,https://aws.amazon.com/
awsappstream.it,200,,https://aws.amazon.com/
awsarchitectureblog.com,200,200,https://aws.amazon.com/blogs/architecture/
awsasia.com,200,,https://aws.amazon.com/
awsblog.cloud,200,,https://aws.amazon.com/blogs/aws/
awsblog.info,200,,https://www.amazon.com/ref=as_li_ss_tl?ie=UTF8&linkCode=sl2&tag=amznipops-20&linkId=ef33ef1998890bd8a89ba9c3007fa6cd
awsborder.com,200,,https://aws.amazon.com/
awscdn.com,200,,https://aws.amazon.com/
awscertificatemanager.com,200,,https://aws.amazon.com/certificate-manager/
awscertification.com,200,200,https://aws.amazon.com:443/certification/
awsclearbox.at,200,,https://aws.amazon.com/
awsclearbox.co.in,200,,https://aws.amazon.com/
awsclearbox.in,200,,https://aws.amazon.com/
awsclearbox.info,200,,https://aws.amazon.com/
awsclearbox.it,200,,https://aws.amazon.com/
awscloud.bid,200,,https://aws.amazon.com/
awscloud.career,200,,https://aws.amazon.com/careers/
awscloud.cloud,200,,https://aws.amazon.com/
awscloud.club,200,,https://aws.amazon.com/
awscloud.co.in,200,,https://aws.amazon.com/
awscloud.co.za,200,,https://aws.amazon.com/
awscloud.com,200,200,https://aws.amazon.com/
awscloud.fr,200,,https://aws.amazon.com/
awscloud.help,200,,https://aws.amazon.com/
awscloud.in,200,,https://aws.amazon.com/
awscloud.info,200,,https://aws.amazon.com/
awscloud.it,200,,https://aws.amazon.com/
awscloud.mobi,200,,https://aws.amazon.com/
awscloud.net,200,,https://aws.amazon.com/
awscloud.org,200,,https://aws.amazon.com/
awscloud.science,200,,https://aws.amazon.com/
awscloud.tech,200,,https://aws.amazon.com/
awscloud.wiki,200,,https://aws.amazon.com/
awscloud.xyz,200,,https://aws.amazon.com/
awscloudbilling.com,200,,https://aws.amazon.com/
awscloudformation.com,200,,https://aws.amazon.com/
awscloudfront.biz,200,,https://aws.amazon.com/
awscloudfront.com,200,,https://aws.amazon.com/
awscloudfront.info,200,,https://aws.amazon.com/
awscloudfront.net,200,,https://aws.amazon.com/
awscloudfront.org,200,,https://aws.amazon.com/
awscloudhsm.com,200,,https://aws.amazon.com/
awscloudhsm.in,200,,https://aws.amazon.com/
awscloudhsm.net,200,,https://aws.amazon.com/
awscloudhsm.org,200,,https://aws.amazon.com/
awscloudservices.com,200,,https://aws.amazon.com/
awscloudwatch.com,200,,https://www.amazon.com/ref=as_li_ss_tl?ie=UTF8&linkCode=sl2&tag=amznipops-20&linkId=ef33ef1998890bd8a89ba9c3007fa6cd
awscode.com,200,,https://aws.amazon.com/
awscodepipeline.com,200,,https://aws.amazon.com/products/developer-tools/
awscodereview.com,200,,https://aws.amazon.com/
awscompliance.com,200,,https://aws.amazon.com/compliance/
awsconfig.com,200,,https://aws.amazon.com/enterprise/?audit=2019q1
awsconnect.com,200,,https://aws.amazon.com/
awsconsole.com,200,,https://aws.amazon.com/console/
awsconsult.com,200,,https://aws.amazon.com/
awsconsultant.cloud,200,,https://aws.amazon.com/partners/paths/
awsconsultant.com,200,,https://aws.amazon.com/
awsconsultingpartner.fr,200,,https://aws.amazon.com/
awsconsultingpartner.it,200,,https://aws.amazon.com/
awsconsultingpartners.com,200,,https://www.amazon.com/ref=as_li_ss_tl?ie=UTF8&linkCode=sl2&tag=amznipops-20&linkId=ef33ef1998890bd8a89ba9c3007fa6cd
awscontact.com,200,,https://aws.amazon.com/contact-us/sales-support/
awsconversionservice.com,200,,https://aws.amazon.com/
awscoreto.com,200,,https://aws.amazon.com/corretto/
awscoretto.com,200,,https://aws.amazon.com/corretto/
awscorretto.com,200,,https://aws.amazon.com/corretto/
awsdeepracerevents.com,200,,https://aws.amazon.com/deepracer/enterprise/
awsdeveloper.cloud,200,,https://aws.amazon.com/certification/certified-developer-associate/
awsdevicefarm.info,200,200,https://us-west-2.console.aws.amazon.com/devicefarm/home?region=us-west-2#/mobile/publicdevices
awsdigitalmedia.com,200,,https://aws.amazon.com/
awsdns.at,200,,https://aws.amazon.com/
awsdns.co.at,200,,https://aws.amazon.com/
awsdns.co.in,200,,https://aws.amazon.com/route53/
awsdns.com,200,,https://www.amazon.com/ref=as_li_ss_tl?ie=UTF8&linkCode=sl2&tag=amznipops-20&linkId=ef33ef1998890bd8a89ba9c3007fa6cd
awsdns.in,200,,https://aws.amazon.com/route53/
awsdns.info,200,,https://aws.amazon.com/route53/
awsdns.it,200,,https://aws.amazon.com/
awsdns.me,200,,https://aws.amazon.com/
awsdns.mobi,200,,https://aws.amazon.com/route53/
awsdns.net,200,,https://aws.amazon.com/route53/
awsdns.org,200,,https://aws.amazon.com/route53/
awsdrl.com,200,,https://aws.amazon.com/deepracer/
awsdynamotwo.com,200,,https://aws.amazon.com/
awsebs.com,200,,https://aws.amazon.com/ebs/?nc2=h_m1
awsecosystem.biz,200,,https://aws.amazon.com/
awsecosystem.co.in,200,,https://aws.amazon.com/
awsecosystem.com,200,,https://aws.amazon.com/
awsecosystem.in,200,,https://aws.amazon.com/
awsecosystem.info,200,,https://aws.amazon.com/
awsecosystem.org,200,,https://aws.amazon.com/
awsecs.com,200,,https://aws.amazon.com/ecs/
awselasticache.com,200,,https://aws.amazon.com/
awselasticache.info,200,,https://aws.amazon.com/
awselasticache.net,200,,https://aws.amazon.com/
awselasticache.org,200,,https://aws.amazon.com/
awselasticbeanstalk.at,200,,https://aws.amazon.com/
awselasticbeanstalk.co.in,200,,https://aws.amazon.com/
awselasticbeanstalk.com,200,,https://aws.amazon.com/
awselasticbeanstalk.cz,200,,https://aws.amazon.com/
awselasticbeanstalk.fr,200,,https://aws.amazon.com/
awselasticbeanstalk.in,200,,https://aws.amazon.com/
awselasticbeanstalk.info,200,,https://aws.amazon.com/
awselasticbeanstalk.it,200,,https://aws.amazon.com/
awselasticbeanstalk.me,200,,https://aws.amazon.com/
awselasticbeanstalk.net,200,,https://aws.amazon.com/
awselasticbeanstalk.org,200,,https://aws.amazon.com/
awselasticbeanstalk.tv,200,,https://aws.amazon.com/
awselasticfilesystem.com,200,,https://aws.amazon.com/efs/
awsengineer.cloud,200,,https://aws.amazon.com/careers/
awsenterprise.com,200,,https://aws.amazon.com/
awsentertainment.com,200,,https://aws.amazon.com/
awsevents.com,200,200,https://reinvent.awsevents.com/index.html
awsfree.com,200,,https://aws.amazon.com/free/
awsfsx.com,200,,https://aws.amazon.com/fsx/
awsgamedev.at,200,,https://aws.amazon.com/gametech/
awsgamedev.cloud,200,,https://aws.amazon.com/gametech/
awsgamedev.com,200,,https://aws.amazon.com/gametech/
awsgamedev.fr,200,,https://aws.amazon.com/gametech/
awsgamedev.in,200,,https://aws.amazon.com/gametech/
awsgamedev.info,200,,https://aws.amazon.com/gametech/
awsgamedev.it,200,,https://aws.amazon.com/gametech/
awsgamedev.net,200,,https://aws.amazon.com/gametech/
awsgamedev.org,200,,https://aws.amazon.com/gametech/
awsgameengine.com,200,,https://aws.amazon.com/
awsgamelift.at,200,,https://aws.amazon.com/gamelift/
awsgamelift.com,200,,https://aws.amazon.com/gamelift/
awsgamelift.fr,200,,https://aws.amazon.com/gamelift/
awsgamelift.info,200,,https://aws.amazon.com/gamelift/
awsgamelift.it,200,,https://aws.amazon.com/gamelift/
awsgamelift.org,200,,https://aws.amazon.com/gamelift/
awsglacier.com,200,,https://aws.amazon.com/s3/storage-classes/glacier/
awsglacier.fr,200,,https://aws.amazon.com/
awsglacier.it,200,,https://aws.amazon.com/
awsglaciervault.com,200,,https://aws.amazon.com/
awsglobal.com,200,,https://www.amazon.com/ref=as_li_ss_tl?ie=UTF8&linkCode=sl2&tag=amznipops-20&linkId=ef33ef1998890bd8a89ba9c3007fa6cd
awsgluedatabrew.com,200,,https://aws.amazon.com/glue/features/databrew/
awsgovcloud.co.in,200,,https://aws.amazon.com/
awsgovcloud.fr,200,,https://aws.amazon.com/
awsgovcloud.info,200,,https://aws.amazon.com/
awsgovcloud.it,200,,https://aws.amazon.com/
awsgovcloud.mobi,200,,https://aws.amazon.com/
awsgovcloud.net,200,,https://aws.amazon.com/
awsgovcloud.org,200,,https://aws.amazon.com/
awsgovcloudusregion.com,200,,https://aws.amazon.com/
awsgovcloudusregion.net,200,,https://aws.amazon.com/
awsgreen.com,200,,https://aws.amazon.com/
awsgroups.com,200,,https://aws.amazon.com/
awshealthdashboard.com,200,,https://aws.amazon.com/
awshost.com,200,,https://aws.amazon.com/
awsidentity.careers,200,200,https://amazon.jobs/content/en/teams/amazon-web-services
awsimport.com,200,,https://aws.amazon.com/
awsimportexport.com,200,,https://aws.amazon.com/
awsindia.in,200,,https://aws.amazon.com/
awsishow.com,200,200,https://aws.amazon.com/?sc_channel=ba&trk=ba_buildonaws_q4_18_radio
awsjobs.com,200,,https://aws.amazon.com/careers/
awskinesis.co.in,200,,https://aws.amazon.com/
awskinesis.com,200,,https://aws.amazon.com/kinesis/
awskinesis.fr,200,,https://aws.amazon.com/
awskinesis.in,200,,https://aws.amazon.com/
awskinesis.it,200,,https://aws.amazon.com/
awsknowledgelink.com,200,,https://aws.amazon.com/
awslearning.com,200,,https://aws.amazon.com/
awslog.com,200,,https://www.amazon.com/ref=as_li_ss_tl?ie=UTF8&linkCode=sl2&tag=amznipops-20&linkId=ef33ef1998890bd8a89ba9c3007fa6cd
awslumberyard.com,200,,https://aws.amazon.com/
awsmachinelearning.com,200,,https://aws.amazon.com/ai/machine-learning/
awsmail.net,200,,https://aws.amazon.com/
awsmarketplace.at,200,,https://aws.amazon.com/
awsmarketplace.cloud,200,,https://aws.amazon.com/marketplace
awsmarketplace.com,200,,https://aws.amazon.com/marketplace
awsmarketplace.fr,200,,https://aws.amazon.com/
awsmarketplace.in,200,,https://aws.amazon.com/
awsmarketplace.info,200,,https://aws.amazon.com/
awsmarketplace.it,200,,https://aws.amazon.com/
awsmarketplace.net,200,,https://aws.amazon.com/
awsmarketplace.org,200,,https://aws.amazon.com/
awsmarketplacesellers.com,200,,https://aws.amazon.com/
awsmods.com,200,,https://www.amazon.com/ref=as_li_ss_tl?ie=UTF8&linkCode=sl2&tag=amznipops-20&linkId=ef33ef1998890bd8a89ba9c3007fa6cd
awsmonitor.com,200,,https://aws.amazon.com/
awsmulti-az.com,200,,https://aws.amazon.com/
awsmultiaz.com,200,,https://aws.amazon.com/
awsnetwork.net,200,,https://www.amazon.com/ref=as_li_ss_tl?ie=UTF8&linkCode=sl2&tag=amznipops-20&linkId=ef33ef1998890bd8a89ba9c3007fa6cd
awsnetworkshops.com,200,200,https://www.awsnetworkshops.com/
awsolution.net,200,,https://www.amazon.com/ref=as_li_ss_tl?ie=UTF8&linkCode=sl2&tag=amznipops-20&linkId=ef33ef1998890bd8a89ba9c3007fa6cd
awsopsworks.com,200,,https://aws.amazon.com/
awspartner.cloud,200,,https://aws.amazon.com/partners/
awspartnernetwork.com,200,,https://aws.amazon.com/
awspartnernetwork.fr,200,,https://aws.amazon.com/
awspartnernetwork.it,200,,https://aws.amazon.com/
awspartnernetwork.net,200,,https://aws.amazon.com/
awspartners.cloud,200,,https://aws.amazon.com/partners/
awsplatform.online,200,,https://www.safebrowse.io/warn.html?url=http://awsplatform.online/&token=b53bdbe2
awsplatforms.com,200,,https://aws.amazon.com/
awspremium.com,200,,https://aws.amazon.com/
awspro.com,200,,https://aws.amazon.com/
awspro.info,200,,https://aws.amazon.com/
awspro.net,200,,https://www.amazon.com/ref=as_li_ss_tl?ie=UTF8&linkCode=sl2&tag=amznipops-20&linkId=ef33ef1998890bd8a89ba9c3007fa6cd
awsprovisionedcapacity.com,200,,https://aws.amazon.com/pricing/
awsrecipes.com,200,,https://aws.amazon.com/
awsredshift.co.in,200,,https://aws.amazon.com/
awsredshift.com,200,,https://aws.amazon.com/redshift/
awsredshift.fr,200,,https://aws.amazon.com/
awsredshift.in,200,,https://aws.amazon.com/
awsredshift.info,200,,https://aws.amazon.com/
awsredshift.it,200,,https://aws.amazon.com/
awsredshift.net,200,,https://aws.amazon.com/
awsredshift.org,200,,https://aws.amazon.com/
awsreinvent.com,200,,https://aws.amazon.com/events/reinvent/
awsroute53.biz,200,,https://aws.amazon.com/route53/
awsroute53.mobi,200,,https://aws.amazon.com/route53/
awss3int.com,200,,https://docs.aws.amazon.com/s3/
awssdk.com,200,,https://aws.amazon.com/
awssds.com,200,,https://aws.amazon.com/
awsservices.net,200,,https://aws.amazon.com/
awsshop.com,200,,https://www.amazon.com/ref=as_li_ss_tl?ie=UTF8&linkCode=sl2&tag=amznipops-20&linkId=ef33ef1998890bd8a89ba9c3007fa6cd
awssilk.com,200,,https://aws.amazon.com/
awssimplestorageservice.com,200,,https://aws.amazon.com/s3/?nc2=h_m1
awssns.com,200,,https://aws.amazon.com/sns/?nc2=h_m1
awssocial.com,200,,https://aws.amazon.com/
awssoftware.cloud,200,,https://aws.amazon.com/marketplace
awssolutions.com,200,,https://aws.amazon.com/
awsstartupday.fr,200,,https://aws.amazon.com/
awssummits.com,200,,https://aws.amazon.com/events/summits/
awssupport.cloud,200,,https://aws.amazon.com/premiumsupport/
awssystem.com,200,,https://www.amazon.com/ref=as_li_ss_tl?ie=UTF8&linkCode=sl2&tag=amznipops-20&linkId=ef33ef1998890bd8a89ba9c3007fa6cd
awstechnologypartner.fr,200,,https://aws.amazon.com/
awstechnologypartner.it,200,,https://aws.amazon.com/
awsthinkbox.com,200,200,https://aws.amazon.com:443/media-services/thinkbox/
awstraffic.com,200,,https://aws.amazon.com/
awstraining.cloud,200,,https://aws.amazon.com/training/
awstraining.fr,200,,https://aws.amazon.com/
awstraining.in,200,,https://aws.amazon.com/
awstraining.it,200,,https://aws.amazon.com/
awstransitgateway.com,200,,https://aws.amazon.com/transit-gateway/
awsusers.info,200,,https://aws.amazon.com/
awsusers.net,200,,https://aws.amazon.com/
awsvirginiajobs.net,200,,https://aws.amazon.com/
awsvirginiajobs.org,200,,https://aws.amazon.com/
awsvirtualprivatecloud.com,200,,https://aws.amazon.com/
awsvirtualwork.com,200,200,https://aws.amazon.com/products/connect/customer/
awswatch.com,200,,https://www.amazon.com/ref=as_li_ss_tl?ie=UTF8&linkCode=sl2&tag=amznipops-20&linkId=ef33ef1998890bd8a89ba9c3007fa6cd
awsweb.net,200,,https://www.amazon.com/ref=as_li_ss_tl?ie=UTF8&linkCode=sl2&tag=amznipops-20&linkId=ef33ef1998890bd8a89ba9c3007fa6cd
awswebservice.com,200,,https://aws.amazon.com/
awswell-architectedlabs.com,200,,https://dx1572sre29wk.cloudfront.net/
awswiki.com,200,,https://aws.amazon.com/
awswindows.com,200,,https://aws.amazon.com/
awswizard.com,200,,https://aws.amazon.com/
awsworkdocs.co.in,200,,https://aws.amazon.com/
awsworkdocs.in,200,,https://aws.amazon.com/
awsworkdocs.info,200,,https://aws.amazon.com/
awsworkdocs.net,200,,https://aws.amazon.com/
awsworkmail.com,200,,https://aws.amazon.com/workmail/
awsworkmail.fr,200,,https://aws.amazon.com/workmail/
awsworkmail.in,200,,https://aws.amazon.com/workmail/
awsworkmail.it,200,,https://aws.amazon.com/workmail/
awsworkmail.net,200,,https://aws.amazon.com/
awsworkmail.org,200,,https://aws.amazon.com/
awsworkshop.io,200,200,https://awsworkshop.io/
awszocalo.co.in,200,,https://aws.amazon.com/
awszocalo.com,200,,https://aws.amazon.com/
awszocalo.fr,200,,https://aws.amazon.com/
awszocalo.in,200,,https://aws.amazon.com/
awszocalo.it,200,,https://aws.amazon.com/
backsellingonamazon.info,200,,https://www.amazon.com/ref=as_li_ss_tl?ie=UTF8&linkCode=sl2&tag=amznipops-20&linkId=ef33ef1998890bd8a89ba9c3007fa6cd
badzoox.com,200,,
bamazon.com,200,,https://www.amazon.com/ref=as_li_ss_tl?_encoding=UTF8&camp=1789&creative=390957&linkCode=ur2&tag=amznipops-20&linkId=VETEOIMPO7O4WRWZ
bargainkindle.com,200,,https://www.amazon.com/b/ref=as_li_ss_tl?ie=UTF8&node=6669702011&linkCode=sl2&tag=amznipkindle-20&linkId=551706601a1080104e2dbb0e17826f96
beautyamazon.com,200,,https://www.amazon.com/ref=as_li_ss_tl?_encoding=UTF8&camp=1789&creative=390957&linkCode=ur2&tag=amznipops-20&linkId=VETEOIMPO7O4WRWZ
best-imdb.com,202,,https://www.imdb.com/
bestamazon.com,200,,https://www.amazon.com/ref=as_li_ss_tl?_encoding=UTF8&camp=1789&creative=390957&linkCode=ur2&tag=amznipops-20&linkId=VETEOIMPO7O4WRWZ
bestamazonbooks.com,200,,https://www.amazon.com/ref=as_li_ss_tl?ie=UTF8&linkCode=sl2&tag=amznipops-20&linkId=07057771cdf5019fb44a6e88c747a894
bestamazongiftcards.info,200,,https://www.amazon.com/ref=as_li_ss_tl?ie=UTF8&linkCode=sl2&tag=amznipops-20&linkId=ef33ef1998890bd8a89ba9c3007fa6cd
bestamazonkindle.info,200,,https://www.amazon.com/b/ref=as_li_ss_tl?ie=UTF8&node=6669702011&linkCode=sl2&tag=amznipkindle-20&linkId=551706601a1080104e2dbb0e17826f96
bestamazonsearch.com,200,,https://www.amazon.com/ref=as_li_ss_tl?ie=UTF8&linkCode=sl2&tag=amznipops-20&linkId=07057771cdf5019fb44a6e88c747a894
bestamazonstore.info,200,,https://www.amazon.com/ref=as_li_ss_tl?ie=UTF8&linkCode=sl2&tag=amznipops-20&linkId=ef33ef1998890bd8a89ba9c3007fa6cd
bestdealsamazon.info,200,,https://www.amazon.com/ref=as_li_ss_tl?_encoding=UTF8&camp=1789&creative=390957&linkCode=ur2&tag=amznipops-20&linkId=VETEOIMPO7O4WRWZ
bestimdb.com,202,,https://www.imdb.com/
bestimdbmovies.com,202,,https://www.imdb.com/
bestkindleapps.com,200,,https://www.amazon.com/b/ref=as_li_ss_tl?ie=UTF8&node=6669702011&linkCode=sl2&tag=amznipkindle-20&linkId=551706601a1080104e2dbb0e17826f96
bestkindlebook.com,200,,https://www.amazon.com/b/ref=as_li_ss_tl?ie=UTF8&node=283155&linkCode=sl2&tag=amznipbooks-20&linkId=d2297f1243b98eb7b649753d564b15f1
bestkindlebooks.info,200,,https://www.amazon.com/b/ref=as_li_ss_tl?ie=UTF8&node=6669702011&linkCode=sl2&tag=amznipkindle-20&linkId=551706601a1080104e2dbb0e17826f96
bestofamazon.info,200,,https://www.amazon.com/ref=as_li_ss_tl?_encoding=UTF8&camp=1789&creative=390957&linkCode=ur2&tag=amznipops-20&linkId=VETEOIMPO7O4WRWZ
bestselleramazon.com,200,,https://www.amazon.com/ref=as_li_ss_tl?_encoding=UTF8&camp=1789&creative=390957&linkCode=ur2&tag=amznipops-20&linkId=VETEOIMPO7O4WRWZ
bestselleramazon.net,200,,https://www.amazon.com/ref=as_li_ss_tl?_encoding=UTF8&camp=1789&creative=390957&linkCode=ur2&tag=amznipops-20&linkId=VETEOIMPO7O4WRWZ
bestsellersatamazon.com,200,,https://www.amazon.com/ref=as_li_ss_tl?_encoding=UTF8&camp=1789&creative=390957&linkCode=ur2&tag=amznipops-20&linkId=VETEOIMPO7O4WRWZ
bestsellingamazonproducts.com,200,,https://www.amazon.com/ref=as_li_ss_tl?ie=UTF8&linkCode=sl2&tag=amznipops-20&linkId=07057771cdf5019fb44a6e88c747a894
bibliokindle.com,200,,https://www.amazon.com/b/ref=as_li_ss_tl?ie=UTF8&node=6669702011&linkCode=sl2&tag=amznipkindle-20&linkId=551706601a1080104e2dbb0e17826f96
bikeshatezoox.com,200,,
blackamazon.com,200,,https://www.amazon.com/ref=as_li_ss_tl?ie=UTF8&linkCode=sl2&tag=amznipops-20&linkId=ef33ef1998890bd8a89ba9c3007fa6cd
blazegraph.com,200,200,https://blazegraph.com/
blink2k.com,200,,
blinkarccam.com,200,,
blinkarccamera.com,200,,
blinkarccameras.com,200,,
blinkarccams.com,200,,
blinkb4ubuy.com,200,,https://blinkforhome.com/
blinkb4youbuy.com,200,,https://blinkforhome.com/
blinkforhome.com,200,200,https://blinkforhome.com/
blinkforhome.fr,200,,https://blinkforhome.com/
blinkhomesecurity.com,200,,https://blinkforhome.com/
blinkhomesecurity.net,200,,https://blinkforhome.com/
blinkprotect.com,200,,https://blinkforhome.com/
blogimdb.com,200,,https://www.amazon.com/ref=as_li_ss_tl?ie=UTF8&linkCode=sl2&tag=amznipops-20&linkId=ef33ef1998890bd8a89ba9c3007fa6cd
blogimdb.net,202,,https://www.imdb.com/
bluage.com,200,200,https://bluage.com/
bookamazon.com,200,,https://www.amazon.com/ref=as_li_ss_tl?_encoding=UTF8&camp=1789&creative=390957&linkCode=ur2&tag=amznipops-20&linkId=VETEOIMPO7O4WRWZ
bookkindle.com,200,,https://www.amazon.com/b/ref=as_li_ss_tl?ie=UTF8&node=6669702011&linkCode=sl2&tag=amznipkindle-20&linkId=551706601a1080104e2dbb0e17826f96
books-amazon.info,200,,https://www.amazon.com/ref=as_li_ss_tl?_encoding=UTF8&camp=1789&creative=390957&linkCode=ur2&tag=amznipops-20&linkId=VETEOIMPO7O4WRWZ
books-for-kindle.com,200,,https://www.amazon.com/b/ref=as_li_ss_tl?ie=UTF8&node=6669702011&linkCode=sl2&tag=amznipkindle-20&linkId=551706601a1080104e2dbb0e17826f96
booksamazon.com,200,200,https://www.amazon.com:443/books-used-books-textbooks/b?ie=UTF8&node=283155
booksbyamazon.com,200,,https://www.amazon.com/ref=as_li_ss_tl?_encoding=UTF8&camp=1789&creative=390957&linkCode=ur2&tag=amznipops-20&linkId=VETEOIMPO7O4WRWZ
booksforkindle.info,200,,https://www.amazon.com/gp/browse.html/ref=as_li_ss_tl?node=133141011&linkCode=sl2&tag=amznipbooks-20&linkId=ee5ce8b392bae22e48cab369cf5408b0
booksforkindles.com,200,,https://www.amazon.com/gp/browse.html/ref=as_li_ss_tl?node=133141011&linkCode=sl2&tag=amznipbooks-20&linkId=ee5ce8b392bae22e48cab369cf5408b0
boxofficemojo-imdb.com,200,,https://www.amazon.com/ref=as_li_ss_tl?_encoding=UTF8&camp=1789&creative=390957&linkCode=ur2&tag=amznipops-20&linkId=VETEOIMPO7O4WRWZ
boxofficemojoimdb.com,200,,https://www.amazon.com/ref=as_li_ss_tl?_encoding=UTF8&camp=1789&creative=390957&linkCode=ur2&tag=amznipops-20&linkId=VETEOIMPO7O4WRWZ
boycottamazon.com,200,,https://www.amazon.com/ref=as_li_ss_tl?_encoding=UTF8&camp=1789&creative=390957&linkCode=ur2&tag=amznipops-20&linkId=VETEOIMPO7O4WRWZ
brazil-amazon.com,200,,https://www.amazon.com/ref=as_li_ss_tl?_encoding=UTF8&camp=1789&creative=390957&linkCode=ur2&tag=amznipops-20&linkId=VETEOIMPO7O4WRWZ
britishamazon.com,200,,https://www.amazon.com/ref=as_li_ss_tl?ie=UTF8&linkCode=sl2&tag=amznipops-20&linkId=ef33ef1998890bd8a89ba9c3007fa6cd
bullshitbuttonkindle.com,200,,https://www.amazon.com/b/ref=as_li_ss_tl?ie=UTF8&node=6669702011&linkCode=sl2&tag=amznipkindle-20&linkId=551706601a1080104e2dbb0e17826f96
buy--amazon.com,200,,https://www.amazon.com/ref=as_li_ss_tl?_encoding=UTF8&camp=1789&creative=390957&linkCode=ur2&tag=amznipops-20&linkId=VETEOIMPO7O4WRWZ
buy-amazon.com,200,,https://www.amazon.com/ref=as_li_ss_tl?_encoding=UTF8&camp=1789&creative=390957&linkCode=ur2&tag=amznipops-20&linkId=VETEOIMPO7O4WRWZ
buy-amazon.info,200,,https://www.amazon.com/ref=as_li_ss_tl?_encoding=UTF8&camp=1789&creative=390957&linkCode=ur2&tag=amznipops-20&linkId=VETEOIMPO7O4WRWZ
buy-amazon.net,200,,https://www.amazon.com/ref=as_li_ss_tl?_encoding=UTF8&camp=1789&creative=390957&linkCode=ur2&tag=amznipops-20&linkId=VETEOIMPO7O4WRWZ
buy-amazon.org,200,,https://www.amazon.com/ref=as_li_ss_tl?_encoding=UTF8&camp=1789&creative=390957&linkCode=ur2&tag=amznipops-20&linkId=VETEOIMPO7O4WRWZ
buy-kindle-2.com,200,,https://www.amazon.com/b/ref=as_li_ss_tl?ie=UTF8&node=6669702011&linkCode=sl2&tag=amznipkindle-20&linkId=551706601a1080104e2dbb0e17826f96
buy-kindle-books.com,200,,https://www.amazon.com/ref=as_li_ss_tl?ie=UTF8&linkCode=sl2&tag=amznipops-20&linkId=ef33ef1998890bd8a89ba9c3007fa6cd
buy-kindle-reader.org,200,,https://www.amazon.com/ref=as_li_ss_tl?ie=UTF8&linkCode=sl2&tag=amznipops-20&linkId=ef33ef1998890bd8a89ba9c3007fa6cd
buy-kindle-review.com,200,,https://www.amazon.com/ref=as_li_ss_tl?ie=UTF8&linkCode=sl2&tag=amznipops-20&linkId=ef33ef1998890bd8a89ba9c3007fa6cd
buy-kindle.info,200,,https://www.amazon.com/b/ref=as_li_ss_tl?ie=UTF8&node=6669702011&linkCode=sl2&tag=amznipkindle-20&linkId=551706601a1080104e2dbb0e17826f96
buy-your-kindle.info,200,,https://www.amazon.com/ref=as_li_ss_tl?ie=UTF8&linkCode=sl2&tag=amznipops-20&linkId=ef33ef1998890bd8a89ba9c3007fa6cd
buyakindle.com,200,,https://www.amazon.com/dp/B00I15SB16
buyamazon.biz,200,,https://www.amazon.com/ref=as_li_ss_tl?ie=UTF8&linkCode=sl2&tag=amznipops-20&linkId=ef33ef1998890bd8a89ba9c3007fa6cd
buyamazon.net,200,,https://www.amazon.com/ref=as_li_ss_tl?_encoding=UTF8&camp=1789&creative=390957&linkCode=ur2&tag=amznipops-20&linkId=VETEOIMPO7O4WRWZ
buyaudible.com,200,200,https://www.audible.com:443/ep/free-trial?source_code=DPMGC901MTV120911
buyaudiblebooks.com,200,200,https://www.audible.com:443/ep/free-trial?source_code=DPMGC901CTV120911
buyblinktoday.com,200,200,http://buyblinktoday.com/campaign_is_offline.html
buyingkindle.org,200,,https://www.amazon.com/ref=as_li_ss_tl?ie=UTF8&linkCode=sl2&tag=amznipops-20&linkId=ef33ef1998890bd8a89ba9c3007fa6cd
buykindle.info,200,,https://www.amazon.com/b/ref=as_li_ss_tl?ie=UTF8&node=6669702011&linkCode=sl2&tag=amznipkindle-20&linkId=551706601a1080104e2dbb0e17826f96
buykindle.net,200,,https://www.amazon.com/b/ref=as_li_ss_tl?ie=UTF8&node=6669702011&linkCode=sl2&tag=amznipkindle-20&linkId=551706601a1080104e2dbb0e17826f96
buykindle.tv,200,,https://www.amazon.com/ref=as_li_ss_tl?ie=UTF8&linkCode=sl2&tag=amznipops-20&linkId=ef33ef1998890bd8a89ba9c3007fa6cd
buykindlenow.com,200,,https://www.amazon.com/b/ref=as_li_ss_tl?ie=UTF8&node=6669702011&linkCode=sl2&tag=amznipkindle-20&linkId=551706601a1080104e2dbb0e17826f96
buykindleonline.com,200,,https://www.amazon.com/b/ref=as_li_ss_tl?ie=UTF8&node=6669702011&linkCode=sl2&tag=amznipkindle-20&linkId=551706601a1080104e2dbb0e17826f96
buykindlepad.com,200,,https://www.amazon.com/ref=as_li_ss_tl?ie=UTF8&linkCode=sl2&tag=amznipops-20&linkId=ef33ef1998890bd8a89ba9c3007fa6cd
buykindles.com,200,,https://www.amazon.com/b/ref=as_li_ss_tl?ie=UTF8&node=6669702011&linkCode=sl2&tag=amznipkindle-20&linkId=551706601a1080104e2dbb0e17826f96
buysellamazon.com,200,,https://www.amazon.com/ref=as_li_ss_tl?_encoding=UTF8&camp=1789&creative=390957&linkCode=ur2&tag=amznipops-20&linkId=VETEOIMPO7O4WRWZ
buythekindle.info,200,,https://www.amazon.com/ref=as_li_ss_tl?ie=UTF8&linkCode=sl2&tag=amznipops-20&linkId=ef33ef1998890bd8a89ba9c3007fa6cd
camamazon.com,200,,https://www.amazon.com/ref=as_li_ss_tl?_encoding=UTF8&camp=1789&creative=390957&linkCode=ur2&tag=amznipops-20&linkId=VETEOIMPO7O4WRWZ
camazon.info,200,,https://www.amazon.com/ref=as_li_ss_tl?_encoding=UTF8&camp=1789&creative=390957&linkCode=ur2&tag=amznipops-20&linkId=VETEOIMPO7O4WRWZ
cameras-amazon.info,200,,https://www.amazon.com/ref=as_li_ss_tl?ie=UTF8&linkCode=sl2&tag=amznipops-20&linkId=ef33ef1998890bd8a89ba9c3007fa6cd
canadakindle.com,200,,https://www.amazon.com/b/ref=as_li_ss_tl?ie=UTF8&node=6669702011&linkCode=sl2&tag=amznipkindle-20&linkId=551706601a1080104e2dbb0e17826f96
cardamazon.com,200,200,https://www.amazon.com:443/gp/cobrandcard/marketing.html/?ref=cobrand_ch_c1_tr&source=st&type=P
career-zoox.com,200,,
careers-zoox.com,200,,
cartbyamazon.com,200,,https://www.amazon.com/ref=as_li_ss_tl?_encoding=UTF8&camp=1789&creative=390957&linkCode=ur2&tag=amznipops-20&linkId=VETEOIMPO7O4WRWZ
cashamazon.com,202,202,https://www.amazon.com:443/
chase-amazon.com,200,,https://www.amazon.com/ref=as_li_ss_tl?_encoding=UTF8&camp=1789&creative=390957&linkCode=ur2&tag=amznipops-20&linkId=VETEOIMPO7O4WRWZ
cheapamazonfire.com,200,,https://www.amazon.com/ref=as_li_ss_tl?_encoding=UTF8&camp=1789&creative=390957&linkCode=ur2&tag=amznipops-20&linkId=VETEOIMPO7O4WRWZ
cheapkindle.com,200,,https://www.amazon.com/b/ref=as_li_ss_tl?ie=UTF8&node=6669702011&linkCode=sl2&tag=amznipkindle-20&linkId=551706601a1080104e2dbb0e17826f96
cheapkindlebooks.com,200,,https://www.amazon.com/b/ref=as_li_ss_tl?ie=UTF8&node=6669702011&linkCode=sl2&tag=amznipkindle-20&linkId=551706601a1080104e2dbb0e17826f96
cheapkindlehd.com,200,,https://www.amazon.com/b/ref=as_li_ss_tl?ie=UTF8&node=6669702011&linkCode=sl2&tag=amznipkindle-20&linkId=551706601a1080104e2dbb0e17826f96
checkoutamazon.com,200,,https://www.amazon.com/ref=as_li_ss_tl?ie=UTF8&linkCode=sl2&tag=amznipops-20&linkId=ef33ef1998890bd8a89ba9c3007fa6cd
chinaimdb.com,202,,https://www.imdb.com/
christmasamazon.com,200,,https://www.amazon.com/ref=as_li_ss_tl?_encoding=UTF8&camp=1789&creative=390957&linkCode=ur2&tag=amznipops-20&linkId=VETEOIMPO7O4WRWZ
christmaskindle.net,200,,https://www.amazon.com/ref=as_li_ss_tl?ie=UTF8&linkCode=sl2&tag=amznipops-20&linkId=ef33ef1998890bd8a89ba9c3007fa6cd
christmaskindles.info,200,,https://www.amazon.com/b/ref=as_li_ss_tl?ie=UTF8&node=6669702011&linkCode=sl2&tag=amznipkindle-20&linkId=551706601a1080104e2dbb0e17826f96
classactionlawsuitzoox.net,200,,
classactionlawsuitzoox.org,200,,
cloudfront.at,200,,https://aws.amazon.com/
cloudfront.cloud,200,,https://aws.amazon.com/cloudfront/
cloudfront.co.at,200,,https://aws.amazon.com/
cloudfront.co.in,200,,https://aws.amazon.com/
cloudfront.com,200,200,https://aws.amazon.com:443/cloudfront/
cloudfront.fr,200,,https://aws.amazon.com/
cloudfront.in,200,,https://aws.amazon.com/
cloudfront.info,200,,https://aws.amazon.com/
cloudfront.it,200,,https://aws.amazon.com/
cloudfront.me,200,,https://www.aboutamazon.eu/
cloudfront.tv,200,,https://aws.amazon.com/
cloudfront.website,200,,https://aws.amazon.com/cloudfront/?nc2=h_ql_prod_nt_cf
cloudfrontapp.com,200,,https://www.amazon.com/ref=as_li_ss_tl?_encoding=UTF8&camp=1789&creative=390957&linkCode=ur2&tag=amznipops-20&linkId=VETEOIMPO7O4WRWZ
cloudfrontapps.com,200,,https://www.amazon.com/ref=as_li_ss_tl?_encoding=UTF8&camp=1789&creative=390957&linkCode=ur2&tag=amznipops-20&linkId=VETEOIMPO7O4WRWZ
cloudfrontforum.net,200,,https://www.amazon.com/ref=as_li_ss_tl?_encoding=UTF8&camp=1789&creative=390957&linkCode=ur2&tag=amznipops-20&linkId=VETEOIMPO7O4WRWZ
cloudfrontmedia.com,200,,https://www.amazon.com/ref=as_li_ss_tl?_encoding=UTF8&camp=1789&creative=390957&linkCode=ur2&tag=amznipops-20&linkId=VETEOIMPO7O4WRWZ
cloudfrontstreaming.com,200,,https://www.amazon.com/ref=as_li_ss_tl?_encoding=UTF8&camp=1789&creative=390957&linkCode=ur2&tag=amznipops-20&linkId=VETEOIMPO7O4WRWZ
cloudfrontstreaming.fr,200,,https://aws.amazon.com/
cloudfrontstreaming.it,200,,https://www.amazon.it/
cloudfrontstreaming.me,200,,https://www.aboutamazon.eu/
cloudfrontstreaming.net,200,,https://www.amazon.com/ref=as_li_ss_tl?_encoding=UTF8&camp=1789&creative=390957&linkCode=ur2&tag=amznipops-20&linkId=VETEOIMPO7O4WRWZ
cloudfrontuser.net,200,,https://www.amazon.com/ref=as_li_ss_tl?_encoding=UTF8&camp=1789&creative=390957&linkCode=ur2&tag=amznipops-20&linkId=VETEOIMPO7O4WRWZ
clouds3.com,200,,https://www.amazon.com/ref=as_li_ss_tl?ie=UTF8&linkCode=sl2&tag=amznipops-20&linkId=ef33ef1998890bd8a89ba9c3007fa6cd
clubkindle.com,200,,https://www.amazon.com/b/ref=as_li_ss_tl?ie=UTF8&node=6669702011&linkCode=sl2&tag=amznipkindle-20&linkId=551706601a1080104e2dbb0e17826f96
cmazonaws.com,200,,https://aws.amazon.com:443/
cnimdb.com,200,,https://www.amazon.com/ref=as_li_ss_tl?_encoding=UTF8&camp=1789&creative=390957&linkCode=ur2&tag=amznipops-20&linkId=VETEOIMPO7O4WRWZ
coinbaseprime.tk,200,,
color-kindle.com,200,,https://www.amazon.com/ref=as_li_ss_tl?ie=UTF8&linkCode=sl2&tag=amznipops-20&linkId=ef33ef1998890bd8a89ba9c3007fa6cd
color-kindle.net,200,,https://www.amazon.com/ref=as_li_ss_tl?ie=UTF8&linkCode=sl2&tag=amznipops-20&linkId=ef33ef1998890bd8a89ba9c3007fa6cd
colorkindle.com,200,,https://www.amazon.com/ref=as_li_ss_tl?ie=UTF8&linkCode=sl2&tag=amznipops-20&linkId=ef33ef1998890bd8a89ba9c3007fa6cd
colorkindle.info,200,,https://www.amazon.com/b/ref=as_li_ss_tl?ie=UTF8&node=6669702011&linkCode=sl2&tag=amznipkindle-20&linkId=551706601a1080104e2dbb0e17826f96
colorkindletablet.com,200,,https://www.amazon.com/b/ref=as_li_ss_tl?&node=6669703011&linkCode=sl2&tag=amznipdevice-20&linkId=b346db77eadf5ac338f5410cc2a35977
colorkindletablets.com,200,,https://www.amazon.com/b/ref=as_li_ss_tl?&node=6669703011&linkCode=sl2&tag=amznipdevice-20&linkId=b346db77eadf5ac338f5410cc2a35977
comixology.fr,202,202,https://www.amazon.fr:443/s/?fst=as:off&rh=n:672108031;n:!672109031;n:695398031;n:891653031&bbn=695398031&ie=UTF8&qid=1589400617&rnid=695398031
compring.es,200,200,
confirmationawamazon.com,200,,https://www.amazon.com/ref=as_li_ss_tl?_encoding=UTF8&camp=1789&creative=390957&linkCode=ur2&tag=amznipops-20&linkId=VETEOIMPO7O4WRWZ
consideramazon.com,200,200,https://www.consideramazon.com:443/
containersonaws.com,200,200,https://containersonaws.com/
coolkindle.com,200,,https://www.amazon.com/b/ref=as_li_ss_tl?ie=UTF8&node=6669702011&linkCode=sl2&tag=amznipkindle-20&linkId=551706601a1080104e2dbb0e17826f96
couponamazon.com,200,,https://www.amazon.com/ref=as_li_ss_tl?_encoding=UTF8&camp=1789&creative=390957&linkCode=ur2&tag=amznipops-20&linkId=VETEOIMPO7O4WRWZ
couponcodeforamazon.info,200,,https://www.amazon.com/ref=as_li_ss_tl?_encoding=UTF8&camp=1789&creative=390957&linkCode=ur2&tag=amznipops-20&linkId=VETEOIMPO7O4WRWZ
couponforamazon.info,200,,https://www.amazon.com/ref=as_li_ss_tl?_encoding=UTF8&camp=1789&creative=390957&linkCode=ur2&tag=amznipops-20&linkId=VETEOIMPO7O4WRWZ
couturezappos.us,200,,https://www.zappos.com/
coversforkindle.com,200,,https://www.amazon.com/ref=as_li_ss_tl?ie=UTF8&linkCode=sl2&tag=amznipops-20&linkId=ef33ef1998890bd8a89ba9c3007fa6cd
creditamazon.com,200,200,https://www.amazon.com:443/gp/cobrandcard/marketing.html/?ref=cobrand_ch_c1_tr&source=st&type=P
customkindlecovers.com,200,,https://www.amazon.com/ref=as_li_ss_tl?ie=UTF8&linkCode=sl2&tag=amznipops-20&linkId=ef33ef1998890bd8a89ba9c3007fa6cd
cyclistsagainstzoox.com,200,,
dadsagainstzoox.com,200,,
dailyamazon.com,200,,https://www.amazon.com/ref=as_li_ss_tl?_encoding=UTF8&camp=1789&creative=390957&linkCode=ur2&tag=amznipops-20&linkId=VETEOIMPO7O4WRWZ
darzalex.ch,200,200,https://www.jnjmedicalcloud.ch/de-ch/produkte/darzalex
dbaamazon.com,200,,https://www.amazon.com/ref=as_li_ss_tl?ie=UTF8&linkCode=sl2&tag=amznipops-20&linkId=ef33ef1998890bd8a89ba9c3007fa6cd
dbbest.com,301,,
dbbest.net,301,,
de-imdb.com,202,,https://www.imdb.com/
dealsamazon.com,200,,https://www.amazon.com/ref=as_li_ss_tl?ie=UTF8&linkCode=sl2&tag=amznipops-20&linkId=ef33ef1998890bd8a89ba9c3007fa6cd
dearamazon.com,200,,https://www.amazon.com/ref=as_li_ss_tl?_encoding=UTF8&camp=1789&creative=390957&linkCode=ur2&tag=amznipops-20&linkId=VETEOIMPO7O4WRWZ
decodingthekindle.com,200,,https://www.amazon.com/b/ref=as_li_ss_tl?ie=UTF8&node=6669702011&linkCode=sl2&tag=decodingthekindle.com-20&linkId=e2396e9ec8409ea7c792afdbda886b04
department-amazon.com,200,,https://www.amazon.com/ref=as_li_ss_tl?_encoding=UTF8&camp=1789&creative=390957&linkCode=ur2&tag=amznipops-20&linkId=VETEOIMPO7O4WRWZ
devcentralamazon.com,200,,https://www.amazon.com/ref=as_li_ss_tl?_encoding=UTF8&camp=1789&creative=390957&linkCode=ur2&tag=amznipops-20&linkId=VETEOIMPO7O4WRWZ
developer-amazonwebservices.com,200,,https://www.amazon.com/ref=as_li_ss_tl?_encoding=UTF8&camp=1789&creative=390957&linkCode=ur2&tag=amznipops-20&linkId=VETEOIMPO7O4WRWZ
developeramazonwebservices.com,200,,https://www.amazon.com/ref=as_li_ss_tl?_encoding=UTF8&camp=1789&creative=390957&linkCode=ur2&tag=amznipops-20&linkId=VETEOIMPO7O4WRWZ
digitalcomickindle.net,200,,https://www.amazon.com/b/ref=as_li_ss_tl?ie=UTF8&node=6669702011&linkCode=sl2&tag=amznipkindle-20&linkId=551706601a1080104e2dbb0e17826f96
digitalimdb.com,202,,https://www.imdb.com/
digitalkindle.com,200,,https://www.amazon.com/ref=as_li_ss_tl?ie=UTF8&linkCode=sl2&tag=amznipops-20&linkId=ef33ef1998890bd8a89ba9c3007fa6cd
directtokindle.com,200,,https://www.amazon.com/ref=as_li_ss_tl?ie=UTF8&linkCode=sl2&tag=amznipops-20&linkId=ef33ef1998890bd8a89ba9c3007fa6cd
discount-amazon.info,200,,https://www.amazon.com/ref=as_li_ss_tl?ie=UTF8&linkCode=sl2&tag=amznipops-20&linkId=ef33ef1998890bd8a89ba9c3007fa6cd
discount-books-amazon.com,200,,https://www.amazon.com/ref=as_li_ss_tl?_encoding=UTF8&camp=1789&creative=390957&linkCode=ur2&tag=amznipops-20&linkId=VETEOIMPO7O4WRWZ
discountamazongift.com,200,,https://www.amazon.com/ref=as_li_ss_tl?_encoding=UTF8&camp=1789&creative=390957&linkCode=ur2&tag=amznipops-20&linkId=VETEOIMPO7O4WRWZ
discountamazongiftcard.com,200,,https://www.amazon.com/ref=as_li_ss_tl?_encoding=UTF8&camp=1789&creative=390957&linkCode=ur2&tag=amznipops-20&linkId=VETEOIMPO7O4WRWZ
doamazon.com,200,,https://www.amazon.com/ref=as_li_ss_tl?_encoding=UTF8&camp=1789&creative=390957&linkCode=ur2&tag=amznipops-20&linkId=VETEOIMPO7O4WRWZ
dorothyspring.es,200,200,
download-amazon-movies.com,200,,https://www.amazon.com/ref=as_li_ss_tl?_encoding=UTF8&camp=1789&creative=390957&linkCode=ur2&tag=amznipops-20&linkId=VETEOIMPO7O4WRWZ
downloadfreekindlebooks.com,200,,https://www.amazon.com/b/ref=as_li_ss_tl?ie=UTF8&node=6669702011&linkCode=sl2&tag=amznipkindle-20&linkId=551706601a1080104e2dbb0e17826f96
downloadkindlebooks.com,200,,https://www.amazon.com/b/ref=as_li_ss_tl?ie=UTF8&node=6669702011&linkCode=sl2&tag=amznipkindle-20&linkId=551706601a1080104e2dbb0e17826f96
dvd-to-kindle.org,200,,https://www.amazon.com/b/ref=as_li_ss_tl?ie=UTF8&node=6669702011&linkCode=sl2&tag=amznipkindle-20&linkId=551706601a1080104e2dbb0e17826f96
dvdtokindle.org,200,,https://www.amazon.com/b/ref=as_li_ss_tl?ie=UTF8&node=6669702011&linkCode=sl2&tag=amznipkindle-20&linkId=551706601a1080104e2dbb0e17826f96
dynamodb.at,200,,https://aws.amazon.com/
dynamodb.com,200,200,https://aws.amazon.com:443/dynamodb/
e-amazon.com,202,202,https://www.amazon.com:443/
e-amazon.info,200,,https://www.amazon.com/ref=as_li_ss_tl?_encoding=UTF8&camp=1789&creative=390957&linkCode=ur2&tag=amznipops-20&linkId=VETEOIMPO7O4WRWZ
e-amazon.net,202,202,https://www.amazon.com:443/
e-amazon.org,202,202,https://www.amazon.com:443/
e-kindle.com,200,,https://www.amazon.com/dp/B00I15SB16
e-kindle.fr,200,,https://www.amazon.fr/
e-kindle.net,200,,https://www.amazon.com/b/ref=as_li_ss_tl?ie=UTF8&node=6669702011&linkCode=sl2&tag=amznipkindle-20&linkId=551706601a1080104e2dbb0e17826f96
e-kindlestore.com,200,,https://www.amazon.com/ref=as_li_ss_tl?ie=UTF8&linkCode=sl2&tag=amznipops-20&linkId=ef33ef1998890bd8a89ba9c3007fa6cd
eamazon.com,202,202,https://www.amazon.com:443/
eamazon.info,200,,https://www.amazon.com/ref=as_li_ss_tl?_encoding=UTF8&camp=1789&creative=390957&linkCode=ur2&tag=amznipops-20&linkId=VETEOIMPO7O4WRWZ
eamazon.net,202,202,https://www.amazon.com:443/
eamazon.org,202,202,https://www.amazon.com:443/
eamazonaws.com,200,,https://aws.amazon.com/
eamazonsupport.com,200,,https://www.amazon.com/ref=as_li_ss_tl?ie=UTF8&linkCode=sl2&tag=amznipops-20&linkId=ef33ef1998890bd8a89ba9c3007fa6cd
ebookkindle.com,200,,https://www.amazon.com/b/ref=as_li_ss_tl?ie=UTF8&node=6669702011&linkCode=sl2&tag=amznipkindle-20&linkId=551706601a1080104e2dbb0e17826f96
ebookkindle.net,200,,https://www.amazon.com/b/ref=as_li_ss_tl?ie=UTF8&node=6669702011&linkCode=sl2&tag=amznipkindle-20&linkId=551706601a1080104e2dbb0e17826f96
ebookreaderkindle.com,200,,https://www.amazon.com/gp/browse.html/ref=as_li_ss_tl?node=133141011&linkCode=sl2&tag=amznipbooks-20&linkId=ee5ce8b392bae22e48cab369cf5408b0
ebooksamazon.com,200,,https://www.amazon.com/ref=as_li_ss_tl?_encoding=UTF8&camp=1789&creative=390957&linkCode=ur2&tag=amznipops-20&linkId=VETEOIMPO7O4WRWZ
ebooksamazon.info,200,,https://www.amazon.com/ref=as_li_ss_tl?_encoding=UTF8&camp=1789&creative=390957&linkCode=ur2&tag=amznipops-20&linkId=VETEOIMPO7O4WRWZ
ebooksamazon.net,200,,https://www.amazon.com/ref=as_li_ss_tl?_encoding=UTF8&camp=1789&creative=390957&linkCode=ur2&tag=amznipops-20&linkId=VETEOIMPO7O4WRWZ
ebooksamazon.org,200,,https://www.amazon.com/ref=as_li_ss_tl?_encoding=UTF8&camp=1789&creative=390957&linkCode=ur2&tag=amznipops-20&linkId=VETEOIMPO7O4WRWZ
ebookskindle.com,200,,https://www.amazon.com/gp/browse.html/ref=as_li_ss_tl?node=133141011&linkCode=sl2&tag=amznipbooks-20&linkId=ee5ce8b392bae22e48cab369cf5408b0
ebookskindle.info,200,,https://www.amazon.com/gp/browse.html/ref=as_li_ss_tl?node=133141011&linkCode=sl2&tag=amznipbooks-20&linkId=ee5ce8b392bae22e48cab369cf5408b0
ec2-aws.com,200,,https://aws.amazon.com/
ec2-hosting.com,200,,https://aws.amazon.com/
ec2.bid,200,,https://aws.amazon.com/ecs/
ec2.club,200,,https://aws.amazon.com/
ec2.xyz,200,,https://aws.amazon.com/ecs/
ec2aws.net,200,,https://aws.amazon.com/
echo.cooking,200,,https://www.amazon.com/gp/product/B00X4WHP5E/ref=as_li_ss_tl?ie=UTF8&linkCode=sl1&tag=echo.cooking-20&linkId=8803282d711373ab45ff3835994d3e5b
echo.show,200,,https://www.amazon.com/gp/product/B077SXWSRP/
echo.trade,200,,https://www.amazon.com/alexa/shop-echo-devices?ref_=nav_sul_ods_ha_echo_cp_0_2_4_2
echo.website,200,,https://www.amazon.com/gp/product/B00X4WHP5E/ref=as_li_ss_tl?ie=UTF8&linkCode=sl1&tag=echo.website-20&linkId=1fddc7aebd7286dbb06efe0d04ba331d
echo.wiki,200,,https://www.amazon.com/alexa/shop-echo-devices?ref_=nav_sul_ods_ha_echo_cp_0_2_4_2
echoandprime.com,200,,https://www.amazon.com/b?ie=UTF8&node=15240005011
echoflex.fr,200,,https://www.amazon.fr/dp/B07PFG54H7/
echoflex.it,200,,https://www.amazon.it/dp/B07PFG54H7/
eco-amazon.com,200,,https://www.amazon.com/ref=as_li_ss_tl?_encoding=UTF8&camp=1789&creative=390957&linkCode=ur2&tag=amznipops-20&linkId=VETEOIMPO7O4WRWZ
ecoamazon.com,200,,https://www.amazon.com/ref=as_li_ss_tl?_encoding=UTF8&camp=1789&creative=390957&linkCode=ur2&tag=amznipops-20&linkId=VETEOIMPO7O4WRWZ
ecokindle.com,200,,https://www.amazon.com/b/ref=as_li_ss_tl?ie=UTF8&node=6669702011&linkCode=sl2&tag=amznipkindle-20&linkId=551706601a1080104e2dbb0e17826f96
edrivecarsharing.ch,200,200,https://www.edrivecarsharing.ch/
eero.io,403,200,https://eero.com/
ekindle.com,200,,https://www.amazon.com/b/ref=as_li_ss_tl?ie=UTF8&node=6669702011&linkCode=sl2&tag=amznipkindle-20&linkId=551706601a1080104e2dbb0e17826f96
ekindle.fr,200,,https://www.amazon.fr/
ekindle.info,200,,https://www.amazon.com/b/ref=as_li_ss_tl?ie=UTF8&node=6669702011&linkCode=sl2&tag=amznipkindle-20&linkId=551706601a1080104e2dbb0e17826f96
ekindle.net,200,,https://www.amazon.com/b/ref=as_li_ss_tl?ie=UTF8&node=6669702011&linkCode=sl2&tag=amznipkindle-20&linkId=551706601a1080104e2dbb0e17826f96
ekindle.org,200,,https://www.amazon.com/b/ref=as_li_ss_tl?ie=UTF8&node=6669702011&linkCode=sl2&tag=amznipkindle-20&linkId=551706601a1080104e2dbb0e17826f96
ekindleshop.info,200,,https://www.amazon.com/b/ref=as_li_ss_tl?ie=UTF8&node=6669702011&linkCode=sl2&tag=amznipkindle-20&linkId=551706601a1080104e2dbb0e17826f96
ekindlestore.com,200,,https://www.amazon.com/ref=as_li_ss_tl?ie=UTF8&linkCode=sl2&tag=amznipops-20&linkId=ef33ef1998890bd8a89ba9c3007fa6cd
eksworkshop.com,200,200,https://eksworkshop.com/
elamazonas.com,202,202,https://www.amazon.com:443/
ellenaudible.com,200,200,https://www.audible.com:443/
emazonaws.com,200,,https://aws.amazon.com:443/
enkindle.biz,200,,https://www.amazon.com/b/ref=as_li_ss_tl?ie=UTF8&node=6669702011&linkCode=sl2&tag=amznipkindle-20&linkId=551706601a1080104e2dbb0e17826f96
enkindle.fr,200,,https://www.amazon.fr/
enkindle.info,200,,https://www.amazon.com/b/ref=as_li_ss_tl?ie=UTF8&node=6669702011&linkCode=sl2&tag=amznipkindle-20&linkId=551706601a1080104e2dbb0e17826f96
enkindle.net,200,,https://www.amazon.com/b/ref=as_li_ss_tl?ie=UTF8&node=6669702011&linkCode=sl2&tag=amznipkindle-20&linkId=551706601a1080104e2dbb0e17826f96
ereaderskindle.com,200,,https://www.amazon.com/b/ref=as_li_ss_tl?ie=UTF8&node=6669702011&linkCode=sl2&tag=amznipkindle-20&linkId=551706601a1080104e2dbb0e17826f96
erotickindle.com,200,,https://www.amazon.com/b/ref=as_li_ss_tl?ie=UTF8&node=6669702011&linkCode=sl2&tag=amznipkindle-20&linkId=551706601a1080104e2dbb0e17826f96
escrow-payment-amazon.com,200,,https://www.amazon.com/ref=as_li_ss_tl?_encoding=UTF8&camp=1789&creative=390957&linkCode=ur2&tag=amznipops-20&linkId=VETEOIMPO7O4WRWZ
escrow-payments-amazon.com,200,,https://www.amazon.com/ref=as_li_ss_tl?_encoding=UTF8&camp=1789&creative=390957&linkCode=ur2&tag=amznipops-20&linkId=VETEOIMPO7O4WRWZ
euamazon.com,202,202,https://www.amazon.com:443/
everywordforkindle.com,200,,https://www.amazon.com/b/ref=as_li_ss_tl?ie=UTF8&node=6669702011&linkCode=sl2&tag=amznipkindle-20&linkId=551706601a1080104e2dbb0e17826f96
expedieparamazon.fr,200,,https://www.amazon.fr/
fauna.com,200,,https://faunarobotics.com/
fauna.net,200,,https://faunarobotics.com/
fcloudfront.net,200,,https://www.amazon.com/ref=as_li_ss_tl?_encoding=UTF8&camp=1789&creative=390957&linkCode=ur2&tag=amznipops-20&linkId=VETEOIMPO7O4WRWZ
feedmykindle.com,200,,https://www.amazon.com/b/ref=as_li_ss_tl?ie=UTF8&node=6669702011&linkCode=sl2&tag=amznipkindle-20&linkId=551706601a1080104e2dbb0e17826f96
feelingisaudible.com,200,,https://www.audible.com/
filmeimdb.com,200,,https://www.amazon.com/ref=as_li_ss_tl?ie=UTF8&linkCode=sl2&tag=amznipops-20&linkId=ef33ef1998890bd8a89ba9c3007fa6cd
findyourkindle.com,200,,https://www.amazon.com/ref=as_li_ss_tl?ie=UTF8&linkCode=sl2&tag=amznipops-20&linkId=ef33ef1998890bd8a89ba9c3007fa6cd
fire-device.com,200,,https://www.amazon.com/b/ref=as_li_ss_tl?node=2102313011&linkCode=sl2&tag=amznipdevice-20&linkId=50dfab05edf5ab113c2734ea9070a381
fire-hd.at,200,,https://www.amazon.com/b?ie=UTF8&node=6669703011
fire-hd.co.at,200,,https://www.amazon.com/b?ie=UTF8&node=6669703011
fire-hd.fr,200,,https://www.amazon.com/b?ie=UTF8&node=6669703011
fire-hd.it,200,,https://www.amazon.com/b?ie=UTF8&node=6669703011
fire-hd.ru,200,,https://www.amazon.com/b?ie=UTF8&node=6669703011
fire-tv.com,200,,https://www.amazon.com/b/ref=ods_dom_smp?node=8521791011
fire.best,202,,https://www.amazon.com/
fire.blackfriday,200,,https://www.amazon.com/blackfriday
fire.camera,200,,https://www.amazon.com/exec/obidos/tg/browse/-/502394
fire.christmas,202,,https://www.amazon.com/
fire.cyou,200,,https://www.amazon.com/b?node=6669703011
fire.dealer,200,,https://www.amazon.com/b?node=6669703011
fire.design,202,,https://www.amazon.com/
fire.estate,200,,https://www.amazon.com/dp/B00KC6I06S
fire.fashion,202,,https://www.amazon.com/
fire.flowers,202,,https://www.amazon.com/
fire.foundation,202,,https://www.amazon.com/
fire.gallery,200,,https://www.amazon.com/dp/B00KC6I06S
fire.garden,202,,https://www.amazon.com/
fire.graphics,200,,https://www.amazon.com/Graphics-Cards-Computer-Add-Ons-Computers/b?ie=UTF8&node=284822
fire.lat,202,,https://www.amazon.com/
fire.lighting,200,,https://www.amazon.com/b?node=495224
fire.moe,202,,https://www.amazon.com/
fire.paris,202,,https://www.amazon.com/
fire.party,202,,https://www.amazon.com/
fire.photography,200,,https://www.amazon.com/exec/obidos/tg/browse/-/502394
fire.review,202,,https://www.amazon.com/
fire.ruhr,202,,https://www.amazon.com/
fire.science,202,,https://www.amazon.com/
fire.sexy,202,,https://www.amazon.com/
fire.study,200,,https://www.amazon.com/dp/B00KC6I06S
fire.surf,202,,https://www.amazon.com/
fire.vodka,202,,https://www.amazon.com/
fire.voting,202,,https://www.amazon.com/
fire.wang,202,,https://www.amazon.com/
fire.wedding,202,,https://www.amazon.com/
fire.wien,202,,https://www.amazon.com/
fire.wiki,202,,https://www.amazon.com/
fire3dimensional.com,200,,https://www.amazon.com/dp/B00OC0USA6
fire3dscreen.com,200,,https://www.amazon.com/dp/B00OC0USA6
fire7.fr,200,,https://www.amazon.fr/dp/B07JQRWLXM
fire7.it,200,,https://www.amazon.it/dp/B07JQRWLXM
fire7kidsedition.com,200,,https://www.amazon.com/dp/B07H8WS1FT
fire7kidseditiontablet.com,200,,https://www.amazon.com/dp/B07H8WS1FT
fire7tablet.com,200,,https://www.amazon.com/dp/B07FKR6KXF
fire7tablet.fr,200,,https://www.amazon.fr/dp/B07JQRWLXM
fire7tablet.it,200,,https://www.amazon.it/dp/B07JQRWLXM
fireamazon.info,200,,https://www.amazon.com/dp/B00KC6I06S
fireamazon.mobi,200,,https://www.amazon.com/ref=as_li_ss_tl?_encoding=UTF8&camp=1789&creative=390957&linkCode=ur2&tag=amznipops-20&linkId=VETEOIMPO7O4WRWZ
flowpoweredbyamazon.at,202,,https://www.amazon.de/
flowpoweredbyamazon.fr,202,,https://www.amazon.fr/
flowpoweredbyamazon.it,200,,https://www.amazon.it/
foramazon.com,200,,https://www.amazon.com/ref=as_li_ss_tl?_encoding=UTF8&camp=1789&creative=390957&linkCode=ur2&tag=amznipops-20&linkId=VETEOIMPO7O4WRWZ
forumimdb.com,202,,https://www.imdb.com/
fpsamazononline.com,200,,https://www.amazon.com/ref=as_li_ss_tl?ie=UTF8&linkCode=sl2&tag=amznipops-20&linkId=ef33ef1998890bd8a89ba9c3007fa6cd
free-amazon-gift-card.com,200,,https://www.amazon.com/ref=as_li_ss_tl?ie=UTF8&linkCode=sl2&tag=amznipops-20&linkId=ef33ef1998890bd8a89ba9c3007fa6cd
free-amazonkindle.info,200,,https://www.amazon.com/b/ref=as_li_ss_tl?ie=UTF8&node=6669702011&linkCode=sl2&tag=amznipkindle-20&linkId=551706601a1080104e2dbb0e17826f96
free-kindle-books.com,200,,https://www.amazon.com/gp/browse.html/ref=as_li_ss_tl?node=133141011&linkCode=sl2&tag=amznipbooks-20&linkId=ee5ce8b392bae22e48cab369cf5408b0
free-kindle-books.net,200,,https://www.amazon.com/b/ref=as_li_ss_tl?ie=UTF8&node=6669702011&linkCode=sl2&tag=amznipkindle-20&linkId=551706601a1080104e2dbb0e17826f96
free-kindle-ebooks.com,200,,https://www.amazon.com/b/ref=as_li_ss_tl?ie=UTF8&node=6669702011&linkCode=sl2&tag=amznipkindle-20&linkId=551706601a1080104e2dbb0e17826f96
freeamazongiftcard.info,200,,https://www.amazon.com/ref=as_li_ss_tl?_encoding=UTF8&camp=1789&creative=390957&linkCode=ur2&tag=amznipops-20&linkId=VETEOIMPO7O4WRWZ
freeamazongiftcard.net,200,,https://www.amazon.com/ref=as_li_ss_tl?_encoding=UTF8&camp=1789&creative=390957&linkCode=ur2&tag=amznipops-20&linkId=VETEOIMPO7O4WRWZ
freeamazongiftcard.org,200,,https://www.amazon.com/ref=as_li_ss_tl?_encoding=UTF8&camp=1789&creative=390957&linkCode=ur2&tag=amznipops-20&linkId=VETEOIMPO7O4WRWZ
freeamazongiftcardcode.info,200,,https://www.amazon.com/ref=as_li_ss_tl?ie=UTF8&linkCode=sl2&tag=amznipops-20&linkId=ef33ef1998890bd8a89ba9c3007fa6cd
freeamazongiftcards.info,200,,https://www.amazon.com/ref=as_li_ss_tl?_encoding=UTF8&camp=1789&creative=390957&linkCode=ur2&tag=amznipops-20&linkId=VETEOIMPO7O4WRWZ
freeamazongiftcertificates.info,200,,https://www.amazon.com/ref=as_li_ss_tl?_encoding=UTF8&camp=1789&creative=390957&linkCode=ur2&tag=amznipops-20&linkId=VETEOIMPO7O4WRWZ
freeamazonkindle.info,200,,https://www.amazon.com/b/ref=as_li_ss_tl?ie=UTF8&node=6669702011&linkCode=sl2&tag=amznipkindle-20&linkId=551706601a1080104e2dbb0e17826f96
freeamazonraffle.com,200,,https://www.amazon.com/ref=as_li_ss_tl?_encoding=UTF8&camp=1789&creative=390957&linkCode=ur2&tag=amznipops-20&linkId=VETEOIMPO7O4WRWZ
freeamazonvouchersonline.com,200,,https://www.amazon.com/ref=as_li_ss_tl?_encoding=UTF8&camp=1789&creative=390957&linkCode=ur2&tag=amznipops-20&linkId=VETEOIMPO7O4WRWZ
freeaudible.com,200,,https://www.audible.com/
freeaudiblebookstrial.com,200,200,https://www.audible.com:443/ep/free-trial?source_code=DPMGC901FTV120911
freeaudibletrial.com,200,200,https://www.audible.com:443/ep/free-trial?source_code=DPMGC901PTV120911
freeforkindle.com,200,,https://www.amazon.com/ref=as_li_ss_tl?ie=UTF8&linkCode=sl2&tag=amznipops-20&linkId=ef33ef1998890bd8a89ba9c3007fa6cd
freeimdb.com,202,,https://www.imdb.com/what-to-watch/
freekindleapps.com,200,,https://www.amazon.com/b/ref=as_li_ss_tl?ie=UTF8&node=6669702011&linkCode=sl2&tag=amznipkindle-20&linkId=551706601a1080104e2dbb0e17826f96
freekindlebookreviews.com,200,,https://www.amazon.com/b/ref=as_li_ss_tl?ie=UTF8&node=6669702011&linkCode=sl2&tag=amznipkindle-20&linkId=551706601a1080104e2dbb0e17826f96
freekindlebooks.info,200,,https://www.amazon.com/gp/browse.html/ref=as_li_ss_tl?node=133141011&linkCode=sl2&tag=amznipbooks-20&linkId=ee5ce8b392bae22e48cab369cf5408b0
freekindledownloads.info,200,,https://www.amazon.com/ref=as_li_ss_tl?ie=UTF8&linkCode=sl2&tag=amznipops-20&linkId=ef33ef1998890bd8a89ba9c3007fa6cd
freekindlegames.com,200,,https://www.amazon.com/b/ref=as_li_ss_tl?ie=UTF8&node=6669702011&linkCode=sl2&tag=amznipkindle-20&linkId=551706601a1080104e2dbb0e17826f96
freekindlereview.com,200,,https://www.amazon.com/b/ref=as_li_ss_tl?ie=UTF8&node=6669702011&linkCode=sl2&tag=amznipkindle-20&linkId=551706601a1080104e2dbb0e17826f96
freevee.com,200,,https://www.amazon.com/gp/video/storefront/?contentType=subscription&contentId=freewithads&benefitId=freewithads
freeveetv.com,200,,https://www.amazon.com/gp/video/storefront/?contentType=subscription&contentId=freewithads&benefitId=freewithads
fresh-amazon.info,200,,https://www.amazon.com:443/alm/storefront?almBrandId=QW1hem9uIEZyZXNo
freshamazon.info,200,,https://www.amazon.com:443/alm/storefront?almBrandId=QW1hem9uIEZyZXNo
freshkindles.biz,200,,https://www.amazon.com/dp/B00I15SB16
freshkindles.com,200,,https://www.amazon.com/dp/B00I15SB16
freshkindles.info,200,,https://www.amazon.com/dp/B00I15SB16
freshkindles.net,200,,https://www.amazon.com/dp/B00I15SB16
freshkindles.org,200,,https://www.amazon.com/dp/B00I15SB16
from-amazon.com,200,,https://www.amazon.com/ref=as_li_ss_tl?_encoding=UTF8&camp=1789&creative=390957&linkCode=ur2&tag=amznipops-20&linkId=VETEOIMPO7O4WRWZ
ftwitch.com,200,,https://www.twitch.tv/
fuckamazon.com,200,,https://www.amazon.com/ref=as_li_ss_tl?ie=UTF8&linkCode=sl2&tag=amznipops-20&linkId=ef33ef1998890bd8a89ba9c3007fa6cd
fulfillmentbyamazon.com,200,,https://www.amazon.com/ref=as_li_ss_tl?_encoding=UTF8&camp=1789&creative=390957&linkCode=ur2&tag=amznipops-20&linkId=VETEOIMPO7O4WRWZ
fulfillmentbyamazon.fr,202,,https://www.amazon.fr/
fulfillmentbyamazon.info,200,,https://www.amazon.com/ref=as_li_ss_tl?ie=UTF8&linkCode=sl2&tag=amznipops-20&linkId=ef33ef1998890bd8a89ba9c3007fa6cd
fullyaudible.com,200,,https://www.audible.com/
furniture-amazon.com,200,200,https://www.amazon.com:443/furniture-decor-dining-bedroom-patio/b?ie=UTF8&node=1057794
furnitureamazon.com,200,200,https://www.amazon.com:443/furniture-decor-dining-bedroom-patio/b?ie=UTF8&node=1057794
gamazon.com,202,202,https://www.amazon.com:443/
gamazon.net,200,,https://www.amazon.com/ref=as_li_ss_tl?_encoding=UTF8&camp=1789&creative=390957&linkCode=ur2&tag=amznipops-20&linkId=VETEOIMPO7O4WRWZ
getakindle.com,200,,https://www.amazon.com/b/ref=as_li_ss_tl?ie=UTF8&node=6669702011&linkCode=sl2&tag=amznipkindle-20&linkId=551706601a1080104e2dbb0e17826f96
getakindle.info,200,,https://www.amazon.com/ref=as_li_ss_tl?ie=UTF8&linkCode=sl2&tag=amznipops-20&linkId=ef33ef1998890bd8a89ba9c3007fa6cd
getakindle.org,200,,https://www.amazon.com/ref=as_li_ss_tl?ie=UTF8&linkCode=sl2&tag=amznipops-20&linkId=ef33ef1998890bd8a89ba9c3007fa6cd
getamazongiftcards.com,200,,https://www.amazon.com/ref=as_li_ss_tl?_encoding=UTF8&camp=1789&creative=390957&linkCode=ur2&tag=amznipops-20&linkId=VETEOIMPO7O4WRWZ
getatamazon.info,200,,https://www.amazon.com/ref=as_li_ss_tl?ie=UTF8&linkCode=sl2&tag=amznipops-20&linkId=ef33ef1998890bd8a89ba9c3007fa6cd
geteero.com,403,200,https://eero.com/
geteero.net,403,200,https://eero.com/
geteero.org,403,200,https://eero.com/
getfire.ch,200,200,https://getfire.ch/
getfreeamazongiftcards.info,200,,https://www.amazon.com/ref=as_li_ss_tl?_encoding=UTF8&camp=1789&creative=390957&linkCode=ur2&tag=amznipops-20&linkId=VETEOIMPO7O4WRWZ
getfreeamazonstuff.com,200,,https://www.amazon.com/ref=as_li_ss_tl?_encoding=UTF8&camp=1789&creative=390957&linkCode=ur2&tag=amznipops-20&linkId=VETEOIMPO7O4WRWZ
getkindle.com,200,,https://www.amazon.com/b/ref=as_li_ss_tl?ie=UTF8&node=6669702011&linkCode=sl2&tag=amznipkindle-20&linkId=551706601a1080104e2dbb0e17826f96
getkindle.net,200,,https://www.amazon.com/b/ref=as_li_ss_tl?ie=UTF8&node=6669702011&linkCode=sl2&tag=amznipkindle-20&linkId=551706601a1080104e2dbb0e17826f96
getkindle.org,200,,https://www.amazon.com/ref=as_li_ss_tl?ie=UTF8&linkCode=sl2&tag=amznipops-20&linkId=ef33ef1998890bd8a89ba9c3007fa6cd
getkindled.com,200,,https://www.amazon.com/b/ref=as_li_ss_tl?ie=UTF8&node=6669702011&linkCode=sl2&tag=amznipkindle-20&linkId=551706601a1080104e2dbb0e17826f96
getkindlestuff.com,200,,https://www.amazon.com/ref=as_li_ss_tl?ie=UTF8&linkCode=sl2&tag=amznipops-20&linkId=ef33ef1998890bd8a89ba9c3007fa6cd
getthekindle.info,200,,https://www.amazon.com/ref=as_li_ss_tl?ie=UTF8&linkCode=sl2&tag=amznipops-20&linkId=ef33ef1998890bd8a89ba9c3007fa6cd
getyourkindle.com,200,,https://www.amazon.com/b/ref=as_li_ss_tl?ie=UTF8&node=6669702011&linkCode=sl2&tag=amznipkindle-20&linkId=551706601a1080104e2dbb0e17826f96
gift-cards-amazon.info,200,,https://www.amazon.com/ref=as_li_ss_tl?_encoding=UTF8&camp=1789&creative=390957&linkCode=ur2&tag=amznipops-20&linkId=VETEOIMPO7O4WRWZ
giftcardamazon.info,200,,https://www.amazon.com/ref=as_li_ss_tl?_encoding=UTF8&camp=1789&creative=390957&linkCode=ur2&tag=amznipops-20&linkId=VETEOIMPO7O4WRWZ
giftcardsamazon.info,200,,https://www.amazon.com/ref=as_li_ss_tl?_encoding=UTF8&camp=1789&creative=390957&linkCode=ur2&tag=amznipops-20&linkId=VETEOIMPO7O4WRWZ
giftkindle.com,200,,https://www.amazon.com/b/ref=as_li_ss_tl?ie=UTF8&node=6669702011&linkCode=sl2&tag=amznipkindle-20&linkId=551706601a1080104e2dbb0e17826f96
global-amazon.com,200,,https://www.amazon.com/ref=as_li_ss_tl?_encoding=UTF8&camp=1789&creative=390957&linkCode=ur2&tag=amznipops-20&linkId=VETEOIMPO7O4WRWZ
globalamazon.com,200,,https://www.amazon.com/ref=as_li_ss_tl?_encoding=UTF8&camp=1789&creative=390957&linkCode=ur2&tag=amznipops-20&linkId=VETEOIMPO7O4WRWZ
globalamazonsales.com,200,,https://www.amazon.com/ref=as_li_ss_tl?_encoding=UTF8&camp=1789&creative=390957&linkCode=ur2&tag=amznipops-20&linkId=VETEOIMPO7O4WRWZ
globalkindle.com,200,,https://www.amazon.com/b/ref=as_li_ss_tl?ie=UTF8&node=6669702011&linkCode=sl2&tag=amznipkindle-20&linkId=551706601a1080104e2dbb0e17826f96
globalwirelesskindle.com,200,,https://www.amazon.com/b/ref=as_li_ss_tl?ie=UTF8&node=6669702011&linkCode=sl2&tag=amznipkindle-20&linkId=551706601a1080104e2dbb0e17826f96
go-amazon.info,200,,https://www.amazon.com/ref=as_li_ss_tl?_encoding=UTF8&camp=1789&creative=390957&linkCode=ur2&tag=amznipops-20&linkId=VETEOIMPO7O4WRWZ
go2imdb.com,202,,https://www.imdb.com/
goamazon.com,202,202,https://www.amazon.com:443/
goamazon.info,200,,https://www.amazon.com/ref=as_li_ss_tl?_encoding=UTF8&camp=1789&creative=390957&linkCode=ur2&tag=amznipops-20&linkId=VETEOIMPO7O4WRWZ
goamazon.net,200,,https://www.amazon.com/ref=as_li_ss_tl?_encoding=UTF8&camp=1789&creative=390957&linkCode=ur2&tag=amznipops-20&linkId=VETEOIMPO7O4WRWZ
goamazon.org,200,,https://www.amazon.com/ref=as_li_ss_tl?_encoding=UTF8&camp=1789&creative=390957&linkCode=ur2&tag=amznipops-20&linkId=VETEOIMPO7O4WRWZ
godofwaronprime.com,200,,
goodreads.career,200,,https://www.goodreads.com/
goodreads.wiki,200,,https://www.goodreads.com/
goodreadsbook.club,200,,https://www.goodreads.com/
gotkindle.com,200,,https://www.amazon.com/b/ref=as_li_ss_tl?ie=UTF8&node=6669702011&linkCode=sl2&tag=amznipkindle-20&linkId=551706601a1080104e2dbb0e17826f96
gotoaudible.com,200,,https://www.amazon.com/ref=as_li_ss_tl?ie=UTF8&linkCode=sl2&tag=amznipops-20&linkId=ef33ef1998890bd8a89ba9c3007fa6cd
gov-aws.cloud,200,,https://www.safebrowse.io/warn.html?url=http://gov-aws.cloud/&token=a57c1e84
greataudiblebooks.com,200,,https://www.audible.com/
greenkindle.com,200,,https://www.amazon.com/b/ref=as_li_ss_tl?ie=UTF8&node=6669702011&linkCode=sl2&tag=amznipkindle-20&linkId=551706601a1080104e2dbb0e17826f96
gruering.ch,,200,
gtwitch.com,200,,https://www.twitch.tv/
gtwitchcon.com,200,,https://www.twitchcon.com/
gxkindle.info,200,,https://www.amazon.com/b/ref=as_li_ss_tl?ie=UTF8&node=6669702011&linkCode=sl2&tag=amznipkindle-20&linkId=551706601a1080104e2dbb0e17826f96
hackingkindle.com,200,,https://www.amazon.com/b/ref=as_li_ss_tl?ie=UTF8&node=6669702011&linkCode=sl2&tag=amznipkindle-20&linkId=551706601a1080104e2dbb0e17826f96
handmadeatamazon.fr,202,,https://www.amazon.fr/
handmadeatamazon.it,200,,https://www.amazon.it/
harrypotteramazon.com,200,,https://www.amazon.com/ref=as_li_ss_tl?_encoding=UTF8&camp=1789&creative=390957&linkCode=ur2&tag=amznipops-20&linkId=VETEOIMPO7O4WRWZ
healthaialexa.com,200,,
healthaionemedical.com,200,,
healthassistantalexa.com,200,,
healthassistantonemedical.com,200,,
healthassistantprime.com,200,,
healthcompanionalexa.com,200,,
healthcompaniononemedical.com,200,,
healthcompanionprime.com,200,,
hindimdb.com,200,,https://www.amazon.com/ref=as_li_ss_tl?ie=UTF8&linkCode=sl2&tag=amznipops-20&linkId=ef33ef1998890bd8a89ba9c3007fa6cd
holidaykindles.info,200,,https://www.amazon.com/b/ref=as_li_ss_tl?ie=UTF8&node=6669702011&linkCode=sl2&tag=amznipkindle-20&linkId=551706601a1080104e2dbb0e17826f96
honeypaws.ch,200,200,https://honeypaws.ch/
hostamazon.com,200,,https://www.amazon.com/ref=as_li_ss_tl?_encoding=UTF8&camp=1789&creative=390957&linkCode=ur2&tag=amznipops-20&linkId=VETEOIMPO7O4WRWZ
hostedbyamazon.fr,202,,https://www.amazon.fr/
hostedbyamazon.it,200,,https://www.amazon.it/
hotamazondailydeals.com,200,,https://www.amazon.com/ref=as_li_ss_tl?_encoding=UTF8&camp=1789&creative=390957&linkCode=ur2&tag=amznipops-20&linkId=VETEOIMPO7O4WRWZ
howtosellonamazon.com,200,,https://www.amazon.com/ref=as_li_ss_tl?_encoding=UTF8&camp=1789&creative=390957&linkCode=ur2&tag=amznipops-20&linkId=VETEOIMPO7O4WRWZ
httpamazon.com,202,202,https://www.amazon.com:443/
htwitch.com,200,,https://www.twitch.tv/
ihateamazon.com,200,,https://www.amazon.com/ref=as_li_ss_tl?_encoding=UTF8&camp=1789&creative=390957&linkCode=ur2&tag=amznipops-20&linkId=VETEOIMPO7O4WRWZ
iheartzoox.com,200,,
ikindle.info,200,,https://www.amazon.com/ref=as_li_ss_tl?ie=UTF8&linkCode=sl2&tag=amznipops-20&linkId=ef33ef1998890bd8a89ba9c3007fa6cd
ikindle.org,200,,https://www.amazon.com/ref=as_li_ss_tl?ie=UTF8&linkCode=sl2&tag=amznipops-20&linkId=ef33ef1998890bd8a89ba9c3007fa6cd
ikindleamazon.com,200,,https://www.amazon.com/b/ref=as_li_ss_tl?ie=UTF8&node=6669702011&linkCode=sl2&tag=amznipkindle-20&linkId=551706601a1080104e2dbb0e17826f96
ilovezoox.com,200,,
images-amazon.info,200,,https://www.amazon.com/ref=as_li_ss_tl?_encoding=UTF8&camp=1789&creative=390957&linkCode=ur2&tag=amznipops-20&linkId=VETEOIMPO7O4WRWZ
imazonaws.com,200,,https://aws.amazon.com:443/
imdb-20.com,202,,https://www.imdb.com/
imdb-at.com,202,,https://www.imdb.com/
imdb-bg.net,200,,https://www.safebrowse.io/warn.html?url=http://imdb-bg.net/&token=eb1bb1c8
imdb-boxofficemojo.com,202,,https://www.imdb.com/
imdb-buzz-app.com,202,,https://www.imdb.com/
imdb-buzz.com,202,,https://www.imdb.com/
imdb-cine-and-tv.com,202,,https://www.imdb.com/
imdb-cinema-and-tv.com,202,,https://www.imdb.com/
imdb-com.com,202,,https://www.imdb.com/
imdb-com.info,202,,https://www.imdb.com/
imdb-de.com,202,,https://www.imdb.com/
imdb-develop.com,200,,https://www.safebrowse.io/warn.html?url=http://imdb-develop.com/&token=52a7899c
imdb-download.com,202,,https://www.imdb.com/
imdb-everywhere.com,202,,https://www.imdb.com/
imdb-film-and-tv.com,202,,https://www.imdb.com/
imdb-films-and-tv.com,202,,https://www.imdb.com/
imdb-films.com,202,,https://www.imdb.com/
imdb-films.org,202,,https://www.imdb.com/
imdb-freedive.com,202,,https://www.imdb.com/what-to-watch/
imdb-hd.com,200,,https://www.amazon.com/ref=as_li_ss_tl?ie=UTF8&linkCode=sl2&tag=amznipops-20&linkId=ef33ef1998890bd8a89ba9c3007fa6cd
imdb-hd.net,200,,https://www.amazon.com/ref=as_li_ss_tl?ie=UTF8&linkCode=sl2&tag=amznipops-20&linkId=ef33ef1998890bd8a89ba9c3007fa6cd
imdb-list.com,200,,https://www.amazon.com/ref=as_li_ss_tl?ie=UTF8&linkCode=sl2&tag=amznipops-20&linkId=ef33ef1998890bd8a89ba9c3007fa6cd
imdb-movies-and-tv.com,202,,https://www.imdb.com/
imdb-movies.com,202,,https://www.imdb.com/
imdb-online.com,202,,https://www.imdb.com/
imdb-pro.com,202,202,https://pro.imdb.com/signup/
imdb-pro.net,202,202,https://pro.imdb.com/signup/
imdb-pro.us,202,,https://www.imdb.com/
imdb-professional.us,202,,https://www.imdb.com/
imdb-trivia-app.com,202,,https://www.imdb.com/
imdb-trivia.com,202,,https://www.imdb.com/
imdb-tv.com,202,,https://www.imdb.com/what-to-watch/
imdb.africa,202,,https://www.imdb.com/
imdb.berlin,202,,https://www.imdb.com/
imdb.best,202,,https://www.imdb.com/
imdb.blue,202,,https://www.imdb.com/
imdb.camera,200,,https://www.amazon.com/exec/obidos/tg/browse/-/502394
imdb.career,202,,https://www.imdb.com/
imdb.click,202,,https://www.imdb.com/
imdb.cloud,202,,https://www.imdb.com/
imdb.club,202,,https://www.imdb.com/
imdb.com,202,202,https://www.imdb.com/
imdb.desi,202,,https://www.imdb.com/
imdb.fans,202,,https://www.imdb.com/
imdb.fashion,202,,https://www.imdb.com/
imdb.fit,202,,https://www.imdb.com/
imdb.flowers,202,,https://www.imdb.com/
imdb.fr,202,202,https://www.imdb.com/
imdb.garden,202,,https://www.imdb.com/
imdb.jobs,200,,https://www.amazon.jobs/content/en/teams/imdb
imdb.lat,202,,https://www.imdb.com/
imdb.lol,202,,https://www.imdb.com/
imdb.london,202,,https://www.imdb.com/
imdb.love,202,,https://www.imdb.com/
imdb.me,202,202,https://pro.imdb.com/signup/index.html?u=https%3A%2F%2Fimdb.me%2Ferrors%2F404
imdb.men,202,,https://www.imdb.com/
imdb.nyc,202,,https://www.imdb.com/
imdb.one,202,,https://www.imdb.com/
imdb.online,202,,https://www.imdb.com/
imdb.party,202,,https://www.imdb.com/
imdb.photo,202,,https://www.imdb.com/
imdb.photography,202,,https://www.imdb.com/
imdb.pink,202,,https://www.imdb.com/
imdb.pro,202,202,https://pro.imdb.com/signup/
imdb.qpon,202,,https://www.imdb.com/
imdb.red,202,,https://www.imdb.com/
imdb.review,202,,https://www.imdb.com/
imdb.ruhr,202,,https://www.imdb.com/
imdb.science,202,,https://www.imdb.com/
imdb.sexy,202,,https://www.imdb.com/
imdb.site,202,,https://www.imdb.com/
imdb.stream,202,,https://www.imdb.com/
imdb.tech,202,,https://www.imdb.com/
imdb.tube,202,,https://www.imdb.com/
imdb.vip,202,,https://www.imdb.com/
imdb.wang,202,,https://www.imdb.com/
imdb.webcam,202,,https://www.imdb.com/
imdb.wedding,202,,https://www.imdb.com/
imdb.xn--q9jyb4c,202,,https://www.imdb.com/
imdb.xyz,202,,https://www.imdb.com/
imdb1.com,200,,https://www.amazon.com/ref=as_li_ss_tl?ie=UTF8&linkCode=sl2&tag=amznipops-20&linkId=ef33ef1998890bd8a89ba9c3007fa6cd
imdb2.net,202,,https://www.imdb.com/
imdb20.com,202,,https://www.imdb.com/
imdb247.net,202,,https://www.imdb.com/
imdb250.com,202,,https://www.imdb.com/
imdba.com,202,,https://www.imdb.com/
imdbactor.com,202,,https://www.imdb.com/
imdbapp.at,202,,https://www.imdb.com/
imdbapp.biz,202,,https://www.imdb.com/
imdbapp.com,202,,https://www.imdb.com/
imdbapp.cz,202,,https://www.imdb.com/
imdbapp.info,202,,https://www.imdb.com/
imdbapp.it,202,,https://www.imdb.com/
imdbapp.net,202,,https://www.imdb.com/
imdbapp.org,202,,https://www.imdb.com/
imdbapp.us,202,,https://www.imdb.com/
imdbappli.fr,202,,https://www.imdb.com/
imdbapps.at,202,,https://www.imdb.com/
imdbapps.biz,202,,https://www.imdb.com/
imdbapps.com,202,,https://www.imdb.com/
imdbapps.info,202,,https://www.imdb.com/
imdbapps.net,202,,https://www.imdb.com/
imdbapps.org,202,,https://www.imdb.com/
imdbapps.us,202,,https://www.imdb.com/
imdbbb.com,200,,https://www.amazon.com/ref=as_li_ss_tl?ie=UTF8&linkCode=sl2&tag=amznipops-20&linkId=ef33ef1998890bd8a89ba9c3007fa6cd
imdbbio.com,200,,https://www.amazon.com/ref=as_li_ss_tl?ie=UTF8&linkCode=sl2&tag=amznipops-20&linkId=ef33ef1998890bd8a89ba9c3007fa6cd
imdbblog.com,200,,https://www.amazon.com/ref=as_li_ss_tl?ie=UTF8&linkCode=sl2&tag=amznipops-20&linkId=ef33ef1998890bd8a89ba9c3007fa6cd
imdbboard.com,202,,https://www.imdb.com/
imdbbot.com,202,,https://www.imdb.com/
imdbboxofficemojo.com,202,,https://www.imdb.com/
imdbbrasil.com,202,,https://www.imdb.com/
imdbbrazil.com,202,,https://www.imdb.com/
imdbbuzzapp.com,202,,https://www.imdb.com/
imdbbuzzforiphone.com,202,,https://www.imdb.com/
imdbbuzznews.com,202,,https://www.imdb.com/
imdbceleb.com,202,,https://www.imdb.com/
imdbcelebrities.com,202,,https://www.imdb.com/
imdbcelebrity.com,202,,https://www.imdb.com/
imdbcelebs.com,202,,https://www.imdb.com/
imdbcenter.com,202,,https://www.imdb.com/
imdbchat.com,202,,https://www.imdb.com/
imdbchina.net,200,,https://www.amazon.com/ref=as_li_ss_tl?ie=UTF8&linkCode=sl2&tag=amznipops-20&linkId=ef33ef1998890bd8a89ba9c3007fa6cd
imdbcine-y-tv.com,202,,https://www.imdb.com/
imdbcine.com,202,,https://www.imdb.com/
imdbcineandtv.com,202,,https://www.imdb.com/
imdbcinema-e-tv.com,202,,https://www.imdb.com/
imdbcinema.com,202,,https://www.imdb.com/
imdbcinemaandtv.com,202,,https://www.imdb.com/
imdbcinemaetv.com,202,,https://www.imdb.com/
imdbcineytv.com,202,,https://www.imdb.com/
imdbcom.info,200,,https://www.safebrowse.io/warn.html?url=http://imdbcom.info/&token=d53c308e
imdbcom.org,202,,https://www.imdb.com/
imdbd.xyz,202,,https://www.imdb.com/
imdbdb.com,202,,https://www.imdb.com/
imdbde.com,202,,https://www.imdb.com/
imdbdownloads.com,202,,https://www.imdb.com/
imdbeat.com,202,,https://www.imdb.com/
imdbeverywhere.com,202,,https://www.imdb.com/
imdbeverywhere.fr,202,,https://www.imdb.com/
imdbfilmandtv.com,202,,https://www.imdb.com/
imdbfilme.com,202,,https://www.imdb.com/
imdbfilmeandtv.com,202,,https://www.imdb.com/
imdbfilmetv.com,202,,https://www.imdb.com/
imdbfilmeundtv.com,202,,https://www.imdb.com/
imdbfilmsandtv.com,202,,https://www.imdb.com/
imdbfilmsettv.com,202,,https://www.imdb.com/
imdbfirst.com,202,,https://www.imdb.com/
imdbfm.com,202,,https://www.imdb.com/
imdbfm.info,202,,https://www.imdb.com/
imdbfm.mobi,202,,https://www.imdb.com/
imdbfm.net,202,,https://www.imdb.com/
imdbfm.org,202,,https://www.imdb.com/
imdbfm.us,202,,https://www.imdb.com/
imdbforandroid.com,202,,https://www.imdb.com/
imdbforipad.com,202,,https://www.imdb.com/
imdbforipad.info,202,,https://www.imdb.com/
imdbforipad.net,202,,https://www.imdb.com/
imdbforipad.org,202,,https://www.imdb.com/
imdbforiphone.com,202,,https://www.imdb.com/
imdbformobile.com,202,,https://www.imdb.com/
imdbforum.com,200,,https://www.amazon.com/ref=as_li_ss_tl?ie=UTF8&linkCode=sl2&tag=amznipops-20&linkId=ef33ef1998890bd8a89ba9c3007fa6cd
imdbfreedive.com,202,,https://www.imdb.com/what-to-watch/
imdbfreedivechannel.com,202,,https://www.imdb.com/what-to-watch/
imdbfreedivemovie.com,202,,https://www.imdb.com/what-to-watch/
imdbfreedivemovies.com,202,,https://www.imdb.com/what-to-watch/
imdbfreediveshow.com,202,,https://www.imdb.com/what-to-watch/
imdbfreediveshows.com,202,,https://www.imdb.com/what-to-watch/
imdbfreedivetv.com,202,,https://www.imdb.com/what-to-watch/
imdbfreedivevideo.com,202,,https://www.imdb.com/what-to-watch/
imdbgs.com,202,,https://www.imdb.com/
imdbgs.info,202,,https://www.imdb.com/
imdbgs.mobi,202,,https://www.imdb.com/
imdbgs.net,202,,https://www.imdb.com/
imdbgs.org,202,,https://www.imdb.com/
imdbgs.us,202,,https://www.imdb.com/
imdbguide.com,202,,https://www.imdb.com/
imdbhd.com,200,,https://www.amazon.com/ref=as_li_ss_tl?ie=UTF8&linkCode=sl2&tag=amznipops-20&linkId=ef33ef1998890bd8a89ba9c3007fa6cd
imdbhd.net,200,,https://www.amazon.com/ref=as_li_ss_tl?ie=UTF8&linkCode=sl2&tag=amznipops-20&linkId=ef33ef1998890bd8a89ba9c3007fa6cd
imdbimages.com,202,,https://www.imdb.com/
imdbimdb.com,202,,https://www.imdb.com/
imdbindex.com,200,,https://www.amazon.com/ref=as_li_ss_tl?ie=UTF8&linkCode=sl2&tag=amznipops-20&linkId=ef33ef1998890bd8a89ba9c3007fa6cd
imdbindia.com,202,,https://www.imdb.com/
imdbinstant.com,202,,https://www.imdb.com/
imdblive.net,200,,https://www.amazon.com/ref=as_li_ss_tl?ie=UTF8&linkCode=sl2&tag=amznipops-20&linkId=ef33ef1998890bd8a89ba9c3007fa6cd
imdblocate.com,202,,https://www.imdb.com/
imdblog.com,200,,https://www.amazon.com/ref=as_li_ss_tl?ie=UTF8&linkCode=sl2&tag=amznipops-20&linkId=ef33ef1998890bd8a89ba9c3007fa6cd
imdbme.com,202,,https://www.imdb.com/
imdbmobileapp.com,202,,https://www.imdb.com/
imdbmovie.info,200,,https://www.amazon.com/ref=as_li_ss_tl?ie=UTF8&linkCode=sl2&tag=amznipops-20&linkId=ef33ef1998890bd8a89ba9c3007fa6cd
imdbmoviemeterrankings.com,200,,https://www.amazon.com/ref=as_li_ss_tl?ie=UTF8&linkCode=sl2&tag=amznipops-20&linkId=ef33ef1998890bd8a89ba9c3007fa6cd
imdbmovies.info,200,,https://www.amazon.com/ref=as_li_ss_tl?ie=UTF8&linkCode=sl2&tag=amznipops-20&linkId=ef33ef1998890bd8a89ba9c3007fa6cd
imdbmovies.net,202,,https://www.imdb.com/
imdbmoviesandtv.com,202,,https://www.imdb.com/
imdbmoviez.com,202,,https://www.imdb.com/
imdbmpeg.com,202,,https://www.imdb.com/
imdbmusic.com,202,,https://www.imdb.com/
imdbmusic.info,200,,https://www.amazon.com/ref=as_li_ss_tl?ie=UTF8&linkCode=sl2&tag=amznipops-20&linkId=ef33ef1998890bd8a89ba9c3007fa6cd
imdbmusic.net,200,,https://www.amazon.com/ref=as_li_ss_tl?ie=UTF8&linkCode=sl2&tag=amznipops-20&linkId=ef33ef1998890bd8a89ba9c3007fa6cd
imdbmusic.org,200,,https://www.amazon.com/ref=as_li_ss_tl?ie=UTF8&linkCode=sl2&tag=amznipops-20&linkId=ef33ef1998890bd8a89ba9c3007fa6cd
imdbnetwork.com,202,,https://www.imdb.com/
imdbnews.com,202,,https://www.imdb.com/
imdbnewsapp.com,202,,https://www.imdb.com/
imdbnotification.com,202,,https://www.imdb.com/
imdbnotifications.com,202,,https://www.imdb.com/
imdbnow.com,200,,https://www.amazon.com/ref=as_li_ss_tl?ie=UTF8&linkCode=sl2&tag=amznipops-20&linkId=ef33ef1998890bd8a89ba9c3007fa6cd
imdbp.com,202,,https://www.imdb.com/
imdbpedia.com,202,,https://www.imdb.com/
imdbpersia.com,200,,https://www.amazon.com/ref=as_li_ss_tl?ie=UTF8&linkCode=sl2&tag=amznipops-20&linkId=ef33ef1998890bd8a89ba9c3007fa6cd
imdbplugin.com,202,,https://www.imdb.com/
imdbplus.com,200,,https://www.amazon.com/ref=as_li_ss_tl?ie=UTF8&linkCode=sl2&tag=amznipops-20&linkId=ef33ef1998890bd8a89ba9c3007fa6cd
imdbpo.com,202,,https://www.imdb.com/
imdbpro.asia,202,,https://www.imdb.com/
imdbpro.com,202,202,https://pro.imdb.com/signup/
imdbpro.me,202,,https://www.imdb.com/
imdbpro.us,202,,https://www.imdb.com/
imdbprofile.com,200,,https://www.amazon.com/ref=as_li_ss_tl?ie=UTF8&linkCode=sl2&tag=amznipops-20&linkId=ef33ef1998890bd8a89ba9c3007fa6cd
imdbpros.com,200,,https://www.amazon.com/ref=as_li_ss_tl?ie=UTF8&linkCode=sl2&tag=amznipops-20&linkId=ef33ef1998890bd8a89ba9c3007fa6cd
imdbrain.com,202,,https://www.imdb.com/
imdbrank.com,200,,https://www.amazon.com/ref=as_li_ss_tl?ie=UTF8&linkCode=sl2&tag=amznipops-20&linkId=ef33ef1998890bd8a89ba9c3007fa6cd
imdbranking.com,200,,https://www.amazon.com/ref=as_li_ss_tl?ie=UTF8&linkCode=sl2&tag=amznipops-20&linkId=ef33ef1998890bd8a89ba9c3007fa6cd
imdbrankings.com,200,,https://www.amazon.com/ref=as_li_ss_tl?ie=UTF8&linkCode=sl2&tag=amznipops-20&linkId=ef33ef1998890bd8a89ba9c3007fa6cd
imdbresume.com,202,202,https://pro.imdb.com/signup/
imdbreview.com,200,,https://www.amazon.com/ref=as_li_ss_tl?ie=UTF8&linkCode=sl2&tag=amznipops-20&linkId=ef33ef1998890bd8a89ba9c3007fa6cd
imdbsearch.com,200,,https://www.amazon.com/ref=as_li_ss_tl?ie=UTF8&linkCode=sl2&tag=amznipops-20&linkId=ef33ef1998890bd8a89ba9c3007fa6cd
imdbsectionsquotes.com,202,,https://www.imdb.com/
imdbshop.com,202,,https://www.imdb.com/
imdbshop.net,200,,https://www.amazon.com/ref=as_li_ss_tl?ie=UTF8&linkCode=sl2&tag=amznipops-20&linkId=ef33ef1998890bd8a89ba9c3007fa6cd
imdbshortfilms.com,202,,https://www.imdb.com/
imdbshows.com,202,,https://www.imdb.com/
imdbsite.com,202,,https://www.imdb.com/
imdbsite.info,202,,https://www.imdb.com/
imdbstarmeterboost.com,200,,https://www.amazon.com/ref=as_li_ss_tl?ie=UTF8&linkCode=sl2&tag=amznipops-20&linkId=ef33ef1998890bd8a89ba9c3007fa6cd
imdbstarmeterranking.com,200,,https://www.amazon.com/ref=as_li_ss_tl?ie=UTF8&linkCode=sl2&tag=amznipops-20&linkId=ef33ef1998890bd8a89ba9c3007fa6cd
imdbstock.com,202,,https://www.imdb.com/
imdbstore.com,202,,https://www.imdb.com/
imdbstory.com,202,,https://www.imdb.com/
imdbtheater.com,202,,https://www.imdb.com/
imdbtheaters.com,202,,https://www.imdb.com/
imdbtheatre.com,202,,https://www.imdb.com/
imdbtheatres.com,202,,https://www.imdb.com/
imdbtickets.ae,202,,https://www.imdb.com/
imdbtoday.com,200,,https://www.amazon.com/ref=as_li_ss_tl?ie=UTF8&linkCode=sl2&tag=amznipops-20&linkId=ef33ef1998890bd8a89ba9c3007fa6cd
imdbtop250.com,200,,https://www.amazon.com/ref=as_li_ss_tl?ie=UTF8&linkCode=sl2&tag=amznipops-20&linkId=ef33ef1998890bd8a89ba9c3007fa6cd
imdbtopmovies.com,200,,https://www.amazon.com/ref=as_li_ss_tl?ie=UTF8&linkCode=sl2&tag=amznipops-20&linkId=ef33ef1998890bd8a89ba9c3007fa6cd
imdbtrailers.com,202,,https://www.imdb.com/
imdbtrailers.info,200,,https://www.amazon.com/ref=as_li_ss_tl?ie=UTF8&linkCode=sl2&tag=amznipops-20&linkId=ef33ef1998890bd8a89ba9c3007fa6cd
imdbtriviaapp.com,202,,https://www.imdb.com/
imdbtube.com,202,,https://www.imdb.com/
imdbtv.com,200,200,https://www.amazon.com/gp/video/storefront/?contentType=subscription&contentId=freewithads&benefitId=freewithads
imdbtvshow.com,202,,https://www.imdb.com/
imdbtvshows.com,202,,https://www.imdb.com/
imdbuzz.com,202,,https://www.imdb.com/
imdbvid.com,202,,https://www.imdb.com/
imdbvideos.com,202,,https://www.imdb.com/
imdbvideoviewing.com,202,,https://www.imdb.com/
imdbviewing.com,202,,https://www.imdb.com/
imdbvod.com,200,,https://www.amazon.com/ref=as_li_ss_tl?ie=UTF8&linkCode=sl2&tag=amznipops-20&linkId=ef33ef1998890bd8a89ba9c3007fa6cd
imdbwatchlist.com,202,,https://www.imdb.com/
imdbwatchlistapp.com,202,,https://www.imdb.com/
imdbwave.com,200,,https://www.amazon.com/ref=as_li_ss_tl?ie=UTF8&linkCode=sl2&tag=amznipops-20&linkId=ef33ef1998890bd8a89ba9c3007fa6cd
imdbweb.com,202,,https://www.imdb.com/
imdbwebchannel.com,202,,https://www.imdb.com/
imdbwebisode.com,202,,https://www.imdb.com/
imdbwebisodes.com,202,,https://www.imdb.com/
imdbwithoutabox.com,202,,https://www.imdb.com/
imdbx-ray.com,202,,https://www.imdb.com/
imdbx-raymovies.com,202,,https://www.imdb.com/
imdbxray.com,202,,https://www.imdb.com/
imdbxraymovies.com,202,,https://www.imdb.com/
imdbz.com,200,,https://www.amazon.com/ref=as_li_ss_tl?ie=UTF8&linkCode=sl2&tag=amznipops-20&linkId=ef33ef1998890bd8a89ba9c3007fa6cd
indexkindle.com,200,,https://www.amazon.com/b/ref=as_li_ss_tl?ie=UTF8&node=6669702011&linkCode=sl2&tag=amznipkindle-20&linkId=551706601a1080104e2dbb0e17826f96
indiaimdb.com,200,,https://www.amazon.com/ref=as_li_ss_tl?_encoding=UTF8&camp=1789&creative=390957&linkCode=ur2&tag=amznipops-20&linkId=VETEOIMPO7O4WRWZ
indiekindle.com,200,,https://www.amazon.com/b/ref=as_li_ss_tl?ie=UTF8&node=6669702011&linkCode=sl2&tag=amznipkindle-20&linkId=551706601a1080104e2dbb0e17826f96
info-amazon.com,200,,https://www.amazon.com/ref=as_li_ss_tl?_encoding=UTF8&camp=1789&creative=390957&linkCode=ur2&tag=amznipops-20&linkId=VETEOIMPO7O4WRWZ
infoalex.com.py,200,200,https://infoalex.com.py/errorpage.aspx?aspxerrorpath=/termycond.aspx
inglesprimero.es,200,200,https://inglesprimero.es/
inlt.com,200,200,https://inlt.com/
insideimdb.com,202,,https://www.imdb.com/
insidekindle.com,200,,https://www.amazon.com/b/ref=as_li_ss_tl?ie=UTF8&node=6669702011&linkCode=sl2&tag=amznipkindle-20&linkId=551706601a1080104e2dbb0e17826f96
insightslabforalexa.com,200,200,https://insightslabforalexa.com/v2/login
instantimdb.com,202,,https://www.imdb.com/
invoice-amazon-transactions.com,200,,https://www.amazon.com/ref=as_li_ss_tl?_encoding=UTF8&camp=1789&creative=390957&linkCode=ur2&tag=amznipops-20&linkId=VETEOIMPO7O4WRWZ
invoice-amazon.com,200,,https://www.amazon.com/ref=as_li_ss_tl?ie=UTF8&linkCode=sl2&tag=amznipops-20&linkId=ef33ef1998890bd8a89ba9c3007fa6cd
iramazon.com,202,202,https://www.amazon.com:443/
iranimdb.com,200,,https://www.amazon.com/ref=as_li_ss_tl?ie=UTF8&linkCode=sl2&tag=amznipops-20&linkId=ef33ef1998890bd8a89ba9c3007fa6cd
izappos.us,200,,https://www.zappos.com/
javimdb.com,202,,https://www.imdb.com/
jesselevinsonlawsuit.com,200,,
jesselevinsonlawsuit.net,200,,
jesselevinsonlawsuit.org,200,,
jewelamazon.com,200,,https://www.amazon.com/ref=as_li_ss_tl?_encoding=UTF8&camp=1789&creative=390957&linkCode=ur2&tag=amznipops-20&linkId=VETEOIMPO7O4WRWZ
jewelryamazon.com,200,200,https://www.amazon.com:443/jewelry-watches-engagements-rings-diamonds/b?ie=UTF8&node=3367581
jewishamazon.com,200,,https://www.amazon.com/ref=as_li_ss_tl?_encoding=UTF8&camp=1789&creative=390957&linkCode=ur2&tag=amznipops-20&linkId=VETEOIMPO7O4WRWZ
jobsatamazon.com,200,,https://www.amazon.com/ref=as_li_ss_tl?_encoding=UTF8&camp=1789&creative=390957&linkCode=ur2&tag=amznipops-20&linkId=VETEOIMPO7O4WRWZ
jp-amazon.com,200,,https://www.amazon.com/ref=as_li_ss_tl?_encoding=UTF8&camp=1789&creative=390957&linkCode=ur2&tag=amznipops-20&linkId=VETEOIMPO7O4WRWZ
jpamazon.com,200,,https://www.amazon.com/ref=as_li_ss_tl?_encoding=UTF8&camp=1789&creative=390957&linkCode=ur2&tag=amznipops-20&linkId=VETEOIMPO7O4WRWZ
jpamazon.net,200,,https://www.amazon.com/ref=as_li_ss_tl?_encoding=UTF8&camp=1789&creative=390957&linkCode=ur2&tag=amznipops-20&linkId=VETEOIMPO7O4WRWZ
justaskalexa.com,200,,https://alexa.amazon.com/about
justaskamazon.com,200,,https://www.amazon.com/alexa/shop-echo-devices?ref_=nav_sul_ods_ha_echo_cp_0_2_4_2
justaskecho.com,200,,https://www.amazon.com/dp/B06XCM9LJ4/ref=as_li_ss_tl?ie=UTF8&linkCode=sl1&tag=amznipecho-20&linkId=513a9c18add166160a1dfbf91ca03687
justkindle.biz,200,,https://www.amazon.com/b/ref=as_li_ss_tl?ie=UTF8&node=6669702011&linkCode=sl2&tag=amznipkindle-20&linkId=551706601a1080104e2dbb0e17826f96
justkindle.com,200,,https://www.amazon.com/ref=as_li_ss_tl?ie=UTF8&linkCode=sl2&tag=amznipops-20&linkId=ef33ef1998890bd8a89ba9c3007fa6cd
justkindle.info,200,,https://www.amazon.com/b/ref=as_li_ss_tl?ie=UTF8&node=6669702011&linkCode=sl2&tag=amznipkindle-20&linkId=551706601a1080104e2dbb0e17826f96
justkindle.net,200,,https://www.amazon.com/b/ref=as_li_ss_tl?ie=UTF8&node=6669702011&linkCode=sl2&tag=amznipkindle-20&linkId=551706601a1080104e2dbb0e17826f96
justkindle.org,200,,https://www.amazon.com/b/ref=as_li_ss_tl?ie=UTF8&node=6669702011&linkCode=sl2&tag=amznipkindle-20&linkId=551706601a1080104e2dbb0e17826f96
kaelte-engineering.ch,200,200,https://www.kaelte-engineering.ch/
killerzoox.com,200,,
kindle--books.com,200,,https://www.amazon.com/gp/browse.html/ref=as_li_ss_tl?node=133141011&linkCode=sl2&tag=amznipbooks-20&linkId=ee5ce8b392bae22e48cab369cf5408b0
kindle-3.info,200,,https://www.amazon.com/ref=as_li_ss_tl?ie=UTF8&linkCode=sl2&tag=amznipops-20&linkId=ef33ef1998890bd8a89ba9c3007fa6cd
kindle-amazon.com,200,,https://www.amazon.com/b/ref=as_li_ss_tl?ie=UTF8&node=6669702011&linkCode=sl2&tag=amznipkindle-20&linkId=551706601a1080104e2dbb0e17826f96
kindle-amazon.info,200,,https://www.amazon.com/b/ref=as_li_ss_tl?ie=UTF8&node=6669702011&linkCode=sl2&tag=amznipkindle-20&linkId=551706601a1080104e2dbb0e17826f96
kindle-amazon.org,200,,https://www.amazon.com/b/ref=as_li_ss_tl?ie=UTF8&node=6669702011&linkCode=sl2&tag=amznipkindle-20&linkId=551706601a1080104e2dbb0e17826f96
kindle-amazonsite.com,200,,https://www.amazon.com/ref=as_li_ss_tl?ie=UTF8&linkCode=sl2&tag=amznipops-20&linkId=ef33ef1998890bd8a89ba9c3007fa6cd
kindle-apps.info,200,,https://www.amazon.com/b/ref=as_li_ss_tl?ie=UTF8&node=6669702011&linkCode=sl2&tag=amznipkindle-20&linkId=551706601a1080104e2dbb0e17826f96
kindle-blackfriday.com,200,,https://www.amazon.com/ref=as_li_ss_tl?ie=UTF8&linkCode=sl2&tag=amznipops-20&linkId=ef33ef1998890bd8a89ba9c3007fa6cd
kindle-blog.info,200,,https://www.amazon.com/b/ref=as_li_ss_tl?ie=UTF8&node=6669702011&linkCode=sl2&tag=amznipkindle-20&linkId=551706601a1080104e2dbb0e17826f96
kindle-book-publishing.com,200,,https://www.amazon.com/b/ref=as_li_ss_tl?ie=UTF8&node=6669702011&linkCode=sl2&tag=amznipkindle-20&linkId=551706601a1080104e2dbb0e17826f96
kindle-book.club,200,,https://www.amazon.com/ref=as_li_ss_tl?ie=UTF8&linkCode=sl2&tag=amznipops-20&linkId=07057771cdf5019fb44a6e88c747a894
kindle-book.com,200,,https://www.amazon.com/b/ref=as_li_ss_tl?ie=UTF8&node=6669702011&linkCode=sl2&tag=amznipkindle-20&linkId=551706601a1080104e2dbb0e17826f96
kindle-book.info,200,,https://www.amazon.com/b/ref=as_li_ss_tl?ie=UTF8&node=6669702011&linkCode=sl2&tag=amznipkindle-20&linkId=551706601a1080104e2dbb0e17826f96
kindle-book.net,200,,https://www.amazon.com/b/ref=as_li_ss_tl?ie=UTF8&node=6669702011&linkCode=sl2&tag=amznipkindle-20&linkId=551706601a1080104e2dbb0e17826f96
kindle-book.org,200,,https://www.amazon.com/b/ref=as_li_ss_tl?ie=UTF8&node=6669702011&linkCode=sl2&tag=amznipkindle-20&linkId=551706601a1080104e2dbb0e17826f96
kindle-bookreader.com,200,,https://www.amazon.com/b/ref=as_li_ss_tl?ie=UTF8&node=6669702011&linkCode=sl2&tag=amznipkindle-20&linkId=551706601a1080104e2dbb0e17826f96
kindle-books.com,200,,https://www.amazon.com/b/ref=as_li_ss_tl?ie=UTF8&node=6669702011&linkCode=sl2&tag=amznipkindle-20&linkId=551706601a1080104e2dbb0e17826f96
kindle-books.info,200,,https://www.amazon.com/b/ref=as_li_ss_tl?ie=UTF8&node=6669702011&linkCode=sl2&tag=amznipkindle-20&linkId=551706601a1080104e2dbb0e17826f96
kindle-books.net,200,,https://www.amazon.com/b/ref=as_li_ss_tl?ie=UTF8&node=6669702011&linkCode=sl2&tag=amznipkindle-20&linkId=551706601a1080104e2dbb0e17826f96
kindle-books.org,200,,https://www.amazon.com/b/ref=as_li_ss_tl?ie=UTF8&node=6669702011&linkCode=sl2&tag=amznipkindle-20&linkId=551706601a1080104e2dbb0e17826f96
kindle-christmas.com,200,,https://www.amazon.com/b/ref=as_li_ss_tl?ie=UTF8&node=6669702011&linkCode=sl2&tag=amznipkindle-20&linkId=551706601a1080104e2dbb0e17826f96
kindle-cloud.info,200,,https://www.amazon.com/b/ref=as_li_ss_tl?ie=UTF8&node=6669702011&linkCode=sl2&tag=amznipkindle-20&linkId=551706601a1080104e2dbb0e17826f96
kindle-cloud.mobi,200,,https://www.amazon.com/b/ref=as_li_ss_tl?ie=UTF8&node=6669702011&linkCode=sl2&tag=amznipkindle-20&linkId=551706601a1080104e2dbb0e17826f96
kindle-cloud.org,200,,https://www.amazon.com/b/ref=as_li_ss_tl?ie=UTF8&node=6669702011&linkCode=sl2&tag=amznipkindle-20&linkId=551706601a1080104e2dbb0e17826f96
kindle-color.com,200,,https://www.amazon.com/ref=as_li_ss_tl?ie=UTF8&linkCode=sl2&tag=amznipops-20&linkId=ef33ef1998890bd8a89ba9c3007fa6cd
kindle-covers.com,200,,https://www.amazon.com/ref=as_li_ss_tl?ie=UTF8&linkCode=sl2&tag=amznipops-20&linkId=ef33ef1998890bd8a89ba9c3007fa6cd
kindle-covers.info,200,,https://www.amazon.com/ref=as_li_ss_tl?ie=UTF8&linkCode=sl2&tag=amznipops-20&linkId=ef33ef1998890bd8a89ba9c3007fa6cd
kindle-covers.net,200,,https://www.amazon.com/b/ref=as_li_ss_tl?ie=UTF8&node=6669702011&linkCode=sl2&tag=amznipkindle-20&linkId=551706601a1080104e2dbb0e17826f96
kindle-covers.org,200,,https://www.amazon.com/b/ref=as_li_ss_tl?ie=UTF8&node=6669702011&linkCode=sl2&tag=amznipkindle-20&linkId=551706601a1080104e2dbb0e17826f96
kindle-device.info,200,,https://www.amazon.com/b/ref=as_li_ss_tl?ie=UTF8&node=6669702011&linkCode=sl2&tag=amznipkindle-20&linkId=551706601a1080104e2dbb0e17826f96
kindle-digitalgifts.com,200,,https://www.amazon.com/ref=as_li_ss_tl?ie=UTF8&linkCode=sl2&tag=amznipops-20&linkId=ef33ef1998890bd8a89ba9c3007fa6cd
kindle-direct-publishing.com,200,,
kindle-ebook.com,200,,https://www.amazon.com/b/ref=as_li_ss_tl?ie=UTF8&node=6669702011&linkCode=sl2&tag=amznipkindle-20&linkId=551706601a1080104e2dbb0e17826f96
kindle-ebook.info,200,,https://www.amazon.com/b/ref=as_li_ss_tl?ie=UTF8&node=6669702011&linkCode=sl2&tag=amznipkindle-20&linkId=551706601a1080104e2dbb0e17826f96
kindle-ebook.net,200,,https://www.amazon.com/b/ref=as_li_ss_tl?ie=UTF8&node=6669702011&linkCode=sl2&tag=amznipkindle-20&linkId=551706601a1080104e2dbb0e17826f96
kindle-ebook.org,200,,https://www.amazon.com/b/ref=as_li_ss_tl?ie=UTF8&node=6669702011&linkCode=sl2&tag=amznipkindle-20&linkId=551706601a1080104e2dbb0e17826f96
kindle-ebooks.info,200,,https://www.amazon.com/b/ref=as_li_ss_tl?ie=UTF8&node=6669702011&linkCode=sl2&tag=amznipkindle-20&linkId=551706601a1080104e2dbb0e17826f96
kindle-ecosystem.com,200,,https://www.amazon.com/b/ref=as_li_ss_tl?ie=UTF8&node=6669702011&linkCode=sl2&tag=amznipkindle-20&linkId=551706601a1080104e2dbb0e17826f96
kindle-ecosystems.com,200,,https://www.amazon.com/b/ref=as_li_ss_tl?ie=UTF8&node=6669702011&linkCode=sl2&tag=amznipkindle-20&linkId=551706601a1080104e2dbb0e17826f96
kindle-electronics.com,200,,https://www.amazon.com/dp/B00I15SB16
kindle-ereader.com,200,,https://www.amazon.com/b/ref=as_li_ss_tl?ie=UTF8&node=6669702011&linkCode=sl2&tag=amznipkindle-20&linkId=551706601a1080104e2dbb0e17826f96
kindle-ereader.info,200,,https://www.amazon.com/b/ref=as_li_ss_tl?ie=UTF8&node=6669702011&linkCode=sl2&tag=amznipkindle-20&linkId=551706601a1080104e2dbb0e17826f96
kindle-ereader.net,200,,https://www.amazon.com/b/ref=as_li_ss_tl?ie=UTF8&node=6669702011&linkCode=sl2&tag=amznipkindle-20&linkId=551706601a1080104e2dbb0e17826f96
kindle-ereader.org,200,,https://www.amazon.com/b/ref=as_li_ss_tl?ie=UTF8&node=6669702011&linkCode=sl2&tag=amznipkindle-20&linkId=551706601a1080104e2dbb0e17826f96
kindle-exclusive.com,200,,https://www.amazon.com/b/ref=as_li_ss_tl?ie=UTF8&node=6669702011&linkCode=sl2&tag=amznipkindle-20&linkId=551706601a1080104e2dbb0e17826f96
kindle-exclusives.com,200,,https://www.amazon.com/b/ref=as_li_ss_tl?ie=UTF8&node=6669702011&linkCode=sl2&tag=amznipkindle-20&linkId=551706601a1080104e2dbb0e17826f96
kindle-family.info,200,,https://www.amazon.com/ref=as_li_ss_tl?ie=UTF8&linkCode=sl2&tag=amznipops-20&linkId=ef33ef1998890bd8a89ba9c3007fa6cd
kindle-faq.com,200,,https://www.amazon.com/b/ref=as_li_ss_tl?ie=UTF8&node=6669702011&linkCode=sl2&tag=amznipkindle-20&linkId=551706601a1080104e2dbb0e17826f96
kindle-features.com,200,,https://www.amazon.com/ref=as_li_ss_tl?ie=UTF8&linkCode=sl2&tag=amznipops-20&linkId=ef33ef1998890bd8a89ba9c3007fa6cd
kindle-fire.com,200,,https://www.amazon.com/dp/B0083Q04IQ
kindle-flame.info,200,,https://www.amazon.com/b/ref=as_li_ss_tl?ie=UTF8&node=6669702011&linkCode=sl2&tag=amznipkindle-20&linkId=551706601a1080104e2dbb0e17826f96
kindle-forums.net,200,,https://www.amazon.com/ref=as_li_ss_tl?ie=UTF8&linkCode=sl2&tag=amznipops-20&linkId=ef33ef1998890bd8a89ba9c3007fa6cd
kindle-freetime.com,200,,https://www.amazon.com/b/ref=as_li_ss_tl?ie=UTF8&node=6669702011&linkCode=sl2&tag=amznipkindle-20&linkId=551706601a1080104e2dbb0e17826f96
kindle-gift.com,200,,https://www.amazon.com/b/ref=as_li_ss_tl?ie=UTF8&node=6669702011&linkCode=sl2&tag=amznipkindle-20&linkId=551706601a1080104e2dbb0e17826f96
kindle-gifts.com,200,,https://www.amazon.com/ref=as_li_ss_tl?ie=UTF8&linkCode=sl2&tag=amznipops-20&linkId=ef33ef1998890bd8a89ba9c3007fa6cd
kindle-it.com,200,,https://www.amazon.com/b/ref=as_li_ss_tl?ie=UTF8&node=6669702011&linkCode=sl2&tag=amznipkindle-20&linkId=551706601a1080104e2dbb0e17826f96
kindle-kindlet.com,200,,https://www.amazon.com/b/ref=as_li_ss_tl?ie=UTF8&node=6669702011&linkCode=sl2&tag=amznipkindle-20&linkId=551706601a1080104e2dbb0e17826f96
kindle-magazines.info,200,,https://www.amazon.com/ref=as_li_ss_tl?ie=UTF8&linkCode=sl2&tag=amznipops-20&linkId=ef33ef1998890bd8a89ba9c3007fa6cd
kindle-novels.com,200,,https://www.amazon.com/ref=as_li_ss_tl?ie=UTF8&linkCode=sl2&tag=amznipops-20&linkId=ef33ef1998890bd8a89ba9c3007fa6cd
kindle-now.com,200,,https://www.amazon.com/ref=as_li_ss_tl?ie=UTF8&linkCode=sl2&tag=amznipops-20&linkId=ef33ef1998890bd8a89ba9c3007fa6cd
kindle-oasis.com,200,,https://www.amazon.com/dp/B07F7TLZF4
kindle-paperwhite-review.info,200,,https://www.amazon.com/ref=as_li_ss_tl?ie=UTF8&linkCode=sl2&tag=amznipops-20&linkId=ef33ef1998890bd8a89ba9c3007fa6cd
kindle-previewer.com,200,,https://www.amazon.com/ref=as_li_ss_tl?ie=UTF8&linkCode=sl2&tag=amznipops-20&linkId=ef33ef1998890bd8a89ba9c3007fa6cd
kindle-publishing.info,200,,https://www.amazon.com/ref=as_li_ss_tl?ie=UTF8&linkCode=sl2&tag=amznipops-20&linkId=ef33ef1998890bd8a89ba9c3007fa6cd
kindle-reader.com,200,,https://www.amazon.com/b/ref=as_li_ss_tl?ie=UTF8&node=6669702011&linkCode=sl2&tag=amznipkindle-20&linkId=551706601a1080104e2dbb0e17826f96
kindle-reader.info,200,,https://www.amazon.com/b/ref=as_li_ss_tl?ie=UTF8&node=6669702011&linkCode=sl2&tag=amznipkindle-20&linkId=551706601a1080104e2dbb0e17826f96
kindle-reader.net,200,,https://www.amazon.com/b/ref=as_li_ss_tl?ie=UTF8&node=6669702011&linkCode=sl2&tag=amznipkindle-20&linkId=551706601a1080104e2dbb0e17826f96
kindle-reader.org,200,,https://www.amazon.com/b/ref=as_li_ss_tl?ie=UTF8&node=6669702011&linkCode=sl2&tag=amznipkindle-20&linkId=551706601a1080104e2dbb0e17826f96
kindle-readers.info,200,,https://www.amazon.com/b/ref=as_li_ss_tl?ie=UTF8&node=6669702011&linkCode=sl2&tag=amznipkindle-20&linkId=551706601a1080104e2dbb0e17826f96
kindle-readersite.com,200,,https://www.amazon.com/ref=as_li_ss_tl?ie=UTF8&linkCode=sl2&tag=amznipops-20&linkId=ef33ef1998890bd8a89ba9c3007fa6cd
kindle-review.info,200,,https://www.amazon.com/ref=as_li_ss_tl?ie=UTF8&linkCode=sl2&tag=amznipops-20&linkId=ef33ef1998890bd8a89ba9c3007fa6cd
kindle-reviews.info,200,,https://www.amazon.com/b/ref=as_li_ss_tl?ie=UTF8&node=6669702011&linkCode=sl2&tag=amznipkindle-20&linkId=551706601a1080104e2dbb0e17826f96
kindle-sales.com,200,,https://www.amazon.com/ref=as_li_ss_tl?ie=UTF8&linkCode=sl2&tag=amznipops-20&linkId=ef33ef1998890bd8a89ba9c3007fa6cd
kindle-scribe-colorsoft.com,200,,
kindle-shop.info,200,,https://www.amazon.com/ref=as_li_ss_tl?ie=UTF8&linkCode=sl2&tag=amznipops-20&linkId=ef33ef1998890bd8a89ba9c3007fa6cd
kindle-sponsorships.com,200,,https://www.amazon.com/b/ref=as_li_ss_tl?ie=UTF8&node=6669702011&linkCode=sl2&tag=amznipkindle-20&linkId=551706601a1080104e2dbb0e17826f96
kindle-store.info,200,,https://www.amazon.com/b/ref=as_li_ss_tl?ie=UTF8&node=6669702011&linkCode=sl2&tag=amznipkindle-20&linkId=551706601a1080104e2dbb0e17826f96
kindle-stores.info,200,,https://www.amazon.com/b/ref=as_li_ss_tl?ie=UTF8&node=6669702011&linkCode=sl2&tag=amznipkindle-20&linkId=551706601a1080104e2dbb0e17826f96
kindle-unlimited.net,200,,https://www.amazon.com:443/kindle-dbs/hz/subscribe/ku
kindle-vs-ipad.com,200,,https://www.amazon.com/b/ref=as_li_ss_tl?ie=UTF8&node=6669702011&linkCode=sl2&tag=amznipkindle-20&linkId=551706601a1080104e2dbb0e17826f96
kindle-wi-fi.fr,202,,https://www.amazon.fr/
kindle-wi-fi.it,202,,https://www.amazon.it/
kindle-wifi.fr,202,,https://www.amazon.fr/
kindle-wifi.info,200,,https://www.amazon.com/ref=as_li_ss_tl?ie=UTF8&linkCode=sl2&tag=amznipops-20&linkId=ef33ef1998890bd8a89ba9c3007fa6cd
kindle-wifi.it,202,,https://www.amazon.it/
kindle-xray.at,202,,https://www.amazon.de/
kindle-xray.fr,202,,https://www.amazon.fr/
kindle-xray.it,202,,https://www.amazon.it/
kindle.accountant,200,,https://www.amazon.com/kindle/
kindle.best,200,,https://www.amazon.com/kindle/
kindle.brussels,200,,https://www.amazon.com/kindle/
kindle.camera,200,,https://www.amazon.com/exec/obidos/tg/browse/-/502394
kindle.com,200,200,https://www.amazon.com/kindle/
kindle.cooking,200,,https://www.amazon.com/kindle/
kindle.cricket,200,,https://www.amazon.com/kindle/
kindle.cyou,200,,https://www.amazon.com/b?node=6669702011
kindle.dealer,200,,https://www.amazon.com/b?node=6669702011
kindle.design,200,,https://www.amazon.com/kindle/
kindle.equipment,200,,https://www.amazon.com/b/ref=as_li_ss_tl?ie=UTF8&node=6669702011&linkCode=sl2&tag=amznipkindle-20&linkId=551706601a1080104e2dbb0e17826f96
kindle.estate,200,,https://www.amazon.com/b/ref=as_li_ss_tl?ie=UTF8&node=6669702011&linkCode=sl2&tag=amznipkindle-20&linkId=551706601a1080104e2dbb0e17826f96
kindle.fr,200,,https://www.amazon.fr/dp/B0CP31T5M6
kindle.gallery,200,,https://www.amazon.com/b/ref=as_li_ss_tl?ie=UTF8&node=6669702011&linkCode=sl2&tag=amznipkindle-20&linkId=551706601a1080104e2dbb0e17826f96
kindle.game,200,,https://www.amazon.com/b/ref=as_li_ss_tl?node=468642&linkCode=sl2&tag=amznipgames-20&linkId=f20d60ef9c3951bcfe6f3fde0f114712
kindle.graphics,200,,https://www.amazon.com/kindle/
kindle.in,202,,https://www.amazon.in/
kindle.kiwi,200,,https://www.amazon.com/b/ref=as_li_ss_tl?ie=UTF8&node=6669702011&linkCode=sl2&tag=amznipkindle-20&linkId=551706601a1080104e2dbb0e17826f96
kindle.lat,200,,https://www.amazon.com/kindle/
kindle.lighting,200,,https://www.amazon.com/b?node=495224
kindle.menu,200,,https://www.amazon.com/b/ref=as_li_ss_tl?ie=UTF8&node=6669702011&linkCode=sl2&tag=amznipkindle-20&linkId=551706601a1080104e2dbb0e17826f96
kindle.mobi,200,,https://www.amazon.com/b/ref=as_li_ss_tl?ie=UTF8&node=6669702011&linkCode=sl2&tag=amznipkindle-20&linkId=551706601a1080104e2dbb0e17826f96
kindle.nyc,200,,https://www.amazon.com/kindle/
kindle.one,200,,https://www.amazon.com/kindle/
kindle.online,200,,https://www.amazon.com/kindle/
kindle.ovh,200,,https://www.amazon.com/kindle/
kindle.party,200,,https://www.amazon.com/kindle/
kindle.photography,200,,https://www.amazon.com/exec/obidos/tg/browse/-/502394
kindle.qpon,200,,https://www.amazon.com/events/memorialdaysale?bubble-id=deals-collection-coupons
kindle.rich,200,,https://www.amazon.com/kindle/
kindle.ruhr,200,,https://www.amazon.com/kindle/
kindle.science,200,,https://www.amazon.com/kindle/
kindle.shiksha,200,,https://www.amazon.com/b/ref=as_li_ss_tl?ie=UTF8&node=6669702011&linkCode=sl2&tag=amznipkindle-20&linkId=551706601a1080104e2dbb0e17826f96
kindle.solar,200,,https://www.amazon.com/b/ref=as_li_ss_tl?ie=UTF8&node=6669702011&linkCode=sl2&tag=amznipkindle-20&linkId=551706601a1080104e2dbb0e17826f96
kindle.tv,200,,https://www.amazon.com/ref=as_li_ss_tl?ie=UTF8&linkCode=sl2&tag=amznipops-20&linkId=ef33ef1998890bd8a89ba9c3007fa6cd
kindle.uno,200,,https://www.amazon.com/b/ref=as_li_ss_tl?ie=UTF8&node=6669702011&linkCode=sl2&tag=amznipkindle-20&linkId=551706601a1080104e2dbb0e17826f96
kindle.vegas,200,,https://www.amazon.com/kindle/
kindle.vlaanderen,200,,https://www.amazon.com/kindle/
kindle.wien,200,,https://www.amazon.com/kindle/
kindle.wiki,200,,https://www.amazon.com/kindle/
kindle.xyz,200,,https://www.amazon.com/kindle/
kindle1.com,200,,https://www.amazon.com/b/ref=as_li_ss_tl?ie=UTF8&node=6669702011&linkCode=sl2&tag=amznipkindle-20&linkId=551706601a1080104e2dbb0e17826f96
kindle101.com,200,,https://www.amazon.com/b/ref=as_li_ss_tl?ie=UTF8&node=6669702011&linkCode=sl2&tag=amznipkindle-20&linkId=551706601a1080104e2dbb0e17826f96
kindle123.com,200,,https://www.amazon.com/b/ref=as_li_ss_tl?ie=UTF8&node=6669702011&linkCode=sl2&tag=amznipkindle-20&linkId=551706601a1080104e2dbb0e17826f96
kindle2.biz,200,,https://www.amazon.com/ref=as_li_ss_tl?ie=UTF8&linkCode=sl2&tag=amznipops-20&linkId=ef33ef1998890bd8a89ba9c3007fa6cd
kindle2.com,200,200,https://www.amazon.com/dp/B00154JDAI
kindle2.fr,202,,https://www.amazon.fr/
kindle2.info,200,,https://www.amazon.com/ref=as_li_ss_tl?ie=UTF8&linkCode=sl2&tag=amznipops-20&linkId=ef33ef1998890bd8a89ba9c3007fa6cd
kindle2.it,202,,https://www.amazon.it/
kindle2.me,200,,https://www.aboutamazon.eu/
kindle2.net,200,,https://www.amazon.com/b/ref=as_li_ss_tl?ie=UTF8&node=6669702011&linkCode=sl2&tag=amznipkindle-20&linkId=551706601a1080104e2dbb0e17826f96
kindle2.org,200,,https://www.amazon.com/ref=as_li_ss_tl?ie=UTF8&linkCode=sl2&tag=amznipops-20&linkId=ef33ef1998890bd8a89ba9c3007fa6cd
kindle20.com,200,,https://www.amazon.com/b/ref=as_li_ss_tl?ie=UTF8&node=6669702011&linkCode=sl2&tag=amznipkindle-20&linkId=551706601a1080104e2dbb0e17826f96
kindle3.biz,200,,https://www.amazon.com/ref=as_li_ss_tl?ie=UTF8&linkCode=sl2&tag=amznipops-20&linkId=ef33ef1998890bd8a89ba9c3007fa6cd
kindle3.com,200,,https://www.amazon.com/b/ref=as_li_ss_tl?ie=UTF8&node=6669702011&linkCode=sl2&tag=amznipkindle-20&linkId=551706601a1080104e2dbb0e17826f96
kindle3.org,200,,https://www.amazon.com/b/ref=as_li_ss_tl?ie=UTF8&node=6669702011&linkCode=sl2&tag=amznipkindle-20&linkId=551706601a1080104e2dbb0e17826f96
kindle3gwirelessreading.info,200,,https://www.amazon.com/ref=as_li_ss_tl?ie=UTF8&linkCode=sl2&tag=amznipops-20&linkId=ef33ef1998890bd8a89ba9c3007fa6cd
kindle4.com,200,,https://www.amazon.com/b/ref=as_li_ss_tl?ie=UTF8&node=6669702011&linkCode=sl2&tag=amznipkindle-20&linkId=551706601a1080104e2dbb0e17826f96
kindle4.org,200,,https://www.amazon.com/b/ref=as_li_ss_tl?ie=UTF8&node=6669702011&linkCode=sl2&tag=amznipkindle-20&linkId=551706601a1080104e2dbb0e17826f96
kindle4amazon.com,200,,https://www.amazon.com/b/ref=as_li_ss_tl?ie=UTF8&node=6669702011&linkCode=sl2&tag=amznipkindle-20&linkId=551706601a1080104e2dbb0e17826f96
kindle4g.info,200,,https://www.amazon.com/b/ref=as_li_ss_tl?ie=UTF8&node=6669702011&linkCode=sl2&tag=amznipkindle-20&linkId=551706601a1080104e2dbb0e17826f96
kindle4g.net,200,,https://www.amazon.com/b/ref=as_li_ss_tl?ie=UTF8&node=6669702011&linkCode=sl2&tag=amznipkindle-20&linkId=551706601a1080104e2dbb0e17826f96
kindle4g.org,200,,https://www.amazon.com/ref=as_li_ss_tl?ie=UTF8&linkCode=sl2&tag=amznipops-20&linkId=ef33ef1998890bd8a89ba9c3007fa6cd
kindle6.com,200,,https://www.amazon.com/b/ref=as_li_ss_tl?ie=UTF8&node=6669702011&linkCode=sl2&tag=amznipkindle-20&linkId=551706601a1080104e2dbb0e17826f96
kindle7.com,200,,https://www.amazon.com/b/ref=as_li_ss_tl?ie=UTF8&node=6669702011&linkCode=sl2&tag=amznipkindle-20&linkId=551706601a1080104e2dbb0e17826f96
kindle8.com,200,,https://www.amazon.com/b/ref=as_li_ss_tl?ie=UTF8&node=6669702011&linkCode=sl2&tag=amznipkindle-20&linkId=551706601a1080104e2dbb0e17826f96
kindleaccessories.com,200,,https://www.amazon.com/b/ref=as_li_ss_tl?ie=UTF8&node=6669702011&linkCode=sl2&tag=amznipkindle-20&linkId=551706601a1080104e2dbb0e17826f96
kindleaccessories.fr,202,,https://www.amazon.fr/
kindleaccessories.info,200,,https://www.amazon.com/b/ref=as_li_ss_tl?ie=UTF8&node=6669702011&linkCode=sl2&tag=amznipkindle-20&linkId=551706601a1080104e2dbb0e17826f96
kindleaccessories.it,202,,https://www.amazon.it/
kindleaccessories.org,200,,https://www.amazon.com/b/ref=as_li_ss_tl?ie=UTF8&node=6669702011&linkCode=sl2&tag=amznipkindle-20&linkId=551706601a1080104e2dbb0e17826f96
kindleaccessory.com,200,,https://www.amazon.com/b/ref=as_li_ss_tl?ie=UTF8&node=6669702011&linkCode=sl2&tag=amznipkindle-20&linkId=551706601a1080104e2dbb0e17826f96
kindleaccounts.com,200,,https://www.amazon.com/b/ref=as_li_ss_tl?ie=UTF8&node=6669702011&linkCode=sl2&tag=amznipkindle-20&linkId=551706601a1080104e2dbb0e17826f96
kindleadvertising.com,200,,https://www.amazon.com/ref=as_li_ss_tl?ie=UTF8&linkCode=sl2&tag=amznipops-20&linkId=ef33ef1998890bd8a89ba9c3007fa6cd
kindleadvice.com,200,,https://www.amazon.com/ref=as_li_ss_tl?ie=UTF8&linkCode=sl2&tag=amznipops-20&linkId=ef33ef1998890bd8a89ba9c3007fa6cd
kindleair.com,200,,https://www.amazon.com/b/ref=as_li_ss_tl?ie=UTF8&node=6669702011&linkCode=sl2&tag=amznipkindle-20&linkId=551706601a1080104e2dbb0e17826f96
kindleamazon.com,200,,https://www.amazon.com/b/ref=as_li_ss_tl?ie=UTF8&node=6669702011&linkCode=sl2&tag=amznipkindle-20&linkId=551706601a1080104e2dbb0e17826f96
kindleamazon.info,200,,https://www.amazon.com/b/ref=as_li_ss_tl?ie=UTF8&node=6669702011&linkCode=sl2&tag=amznipkindle-20&linkId=551706601a1080104e2dbb0e17826f96
kindleamazon.net,200,,https://www.amazon.com/b/ref=as_li_ss_tl?ie=UTF8&node=6669702011&linkCode=sl2&tag=amznipkindle-20&linkId=551706601a1080104e2dbb0e17826f96
kindleamazon.org,200,,https://www.amazon.com/b/ref=as_li_ss_tl?ie=UTF8&node=6669702011&linkCode=sl2&tag=amznipkindle-20&linkId=551706601a1080104e2dbb0e17826f96
kindleamazonkindle.com,200,,https://www.amazon.com/b/ref=as_li_ss_tl?ie=UTF8&node=6669702011&linkCode=sl2&tag=amznipkindle-20&linkId=551706601a1080104e2dbb0e17826f96
kindlean.com,200,,https://www.amazon.com/b/ref=as_li_ss_tl?ie=UTF8&node=6669702011&linkCode=sl2&tag=amznipkindle-20&linkId=551706601a1080104e2dbb0e17826f96
kindleandroid.com,200,,https://www.amazon.com/ref=as_li_ss_tl?ie=UTF8&linkCode=sl2&tag=amznipops-20&linkId=ef33ef1998890bd8a89ba9c3007fa6cd
kindleandroid.info,200,,https://www.amazon.com/b/ref=as_li_ss_tl?ie=UTF8&node=6669702011&linkCode=sl2&tag=amznipkindle-20&linkId=551706601a1080104e2dbb0e17826f96
kindleapp.biz,200,,https://www.amazon.com/b/ref=as_li_ss_tl?ie=UTF8&node=6669702011&linkCode=sl2&tag=amznipkindle-20&linkId=551706601a1080104e2dbb0e17826f96
kindleapp.info,200,,https://www.amazon.com/b/ref=as_li_ss_tl?ie=UTF8&node=6669702011&linkCode=sl2&tag=amznipkindle-20&linkId=551706601a1080104e2dbb0e17826f96
kindleapp.mobi,200,,https://www.amazon.com/b/ref=as_li_ss_tl?ie=UTF8&node=6669702011&linkCode=sl2&tag=amznipkindle-20&linkId=551706601a1080104e2dbb0e17826f96
kindleapp.net,200,,https://www.amazon.com/b/ref=as_li_ss_tl?ie=UTF8&node=6669702011&linkCode=sl2&tag=amznipkindle-20&linkId=551706601a1080104e2dbb0e17826f96
kindleapp.org,200,,https://www.amazon.com/b/ref=as_li_ss_tl?ie=UTF8&node=6669702011&linkCode=sl2&tag=amznipkindle-20&linkId=551706601a1080104e2dbb0e17826f96
kindleapps.com,200,,https://www.amazon.com/b/ref=as_li_ss_tl?ie=UTF8&node=6669702011&linkCode=sl2&tag=amznipkindle-20&linkId=551706601a1080104e2dbb0e17826f96
kindleapps.info,200,,https://www.amazon.com/b/ref=as_li_ss_tl?ie=UTF8&node=6669702011&linkCode=sl2&tag=amznipkindle-20&linkId=551706601a1080104e2dbb0e17826f96
kindleapps.me,200,,https://www.aboutamazon.eu/
kindleapps.mobi,200,,https://www.amazon.com/b/ref=as_li_ss_tl?ie=UTF8&node=6669702011&linkCode=sl2&tag=amznipkindle-20&linkId=551706601a1080104e2dbb0e17826f96
kindleappstore.com,200,,https://www.amazon.com/b?ie=UTF8&node=3427287011
kindleappstore.info,200,,https://www.amazon.com/b/ref=as_li_ss_tl?ie=UTF8&node=6669702011&linkCode=sl2&tag=amznipkindle-20&linkId=551706601a1080104e2dbb0e17826f96
kindleappstore.mobi,200,,https://www.amazon.com/b/ref=as_li_ss_tl?ie=UTF8&node=6669702011&linkCode=sl2&tag=amznipkindle-20&linkId=551706601a1080104e2dbb0e17826f96
kindleappstore.net,200,,https://www.amazon.com/b/ref=as_li_ss_tl?ie=UTF8&node=6669702011&linkCode=sl2&tag=amznipkindle-20&linkId=551706601a1080104e2dbb0e17826f96
kindleappstore.org,200,,https://www.amazon.com/b/ref=as_li_ss_tl?ie=UTF8&node=6669702011&linkCode=sl2&tag=amznipkindle-20&linkId=551706601a1080104e2dbb0e17826f96
kindleatamazon.info,200,,https://www.amazon.com/ref=as_li_ss_tl?ie=UTF8&linkCode=sl2&tag=amznipops-20&linkId=ef33ef1998890bd8a89ba9c3007fa6cd
kindleatschool.info,200,,https://www.amazon.com/b/ref=as_li_ss_tl?ie=UTF8&node=6669702011&linkCode=sl2&tag=amznipkindle-20&linkId=551706601a1080104e2dbb0e17826f96
kindleatwork.com,200,,https://www.amazon.com/ref=as_li_ss_tl?ie=UTF8&linkCode=sl2&tag=amznipops-20&linkId=ef33ef1998890bd8a89ba9c3007fa6cd
kindleaudio.info,200,,https://www.amazon.com/b/ref=as_li_ss_tl?ie=UTF8&node=6669702011&linkCode=sl2&tag=amznipkindle-20&linkId=551706601a1080104e2dbb0e17826f96
kindleaudio.org,200,,https://www.amazon.com/b/ref=as_li_ss_tl?ie=UTF8&node=6669702011&linkCode=sl2&tag=amznipkindle-20&linkId=551706601a1080104e2dbb0e17826f96
kindleaudiobook.info,200,,https://www.amazon.com/b/ref=as_li_ss_tl?ie=UTF8&node=6669702011&linkCode=sl2&tag=amznipkindle-20&linkId=551706601a1080104e2dbb0e17826f96
kindleaudiobook.mobi,200,,https://www.amazon.com/b/ref=as_li_ss_tl?ie=UTF8&node=6669702011&linkCode=sl2&tag=amznipkindle-20&linkId=551706601a1080104e2dbb0e17826f96
kindleaudiobook.org,200,,https://www.amazon.com/b/ref=as_li_ss_tl?ie=UTF8&node=6669702011&linkCode=sl2&tag=amznipkindle-20&linkId=551706601a1080104e2dbb0e17826f96
kindleaudiostreaming.com,200,,https://www.amazon.com/dp/B00OC0USA6
kindleaustralia.com,200,200,https://www.amazon.com.au:443/
kindleaustralia.net,200,,https://www.amazon.com/ref=as_li_ss_tl?ie=UTF8&linkCode=sl2&tag=amznipops-20&linkId=ef33ef1998890bd8a89ba9c3007fa6cd
kindlebag.com,200,,https://www.amazon.com/b/ref=as_li_ss_tl?ie=UTF8&node=6669702011&linkCode=sl2&tag=amznipkindle-20&linkId=551706601a1080104e2dbb0e17826f96
kindlebags.com,200,,https://www.amazon.com/b/ref=as_li_ss_tl?ie=UTF8&node=6669702011&linkCode=sl2&tag=amznipkindle-20&linkId=551706601a1080104e2dbb0e17826f96
kindlebin.com,200,,https://www.amazon.com/b/ref=as_li_ss_tl?ie=UTF8&node=6669702011&linkCode=sl2&tag=amznipkindle-20&linkId=551706601a1080104e2dbb0e17826f96
kindlebiz.com,200,,https://www.amazon.com/b/ref=as_li_ss_tl?ie=UTF8&node=6669702011&linkCode=sl2&tag=amznipkindle-20&linkId=551706601a1080104e2dbb0e17826f96
kindleblackfriday.org,200,,https://www.amazon.com/ref=as_li_ss_tl?ie=UTF8&linkCode=sl2&tag=amznipops-20&linkId=ef33ef1998890bd8a89ba9c3007fa6cd
kindleblog.com,200,,https://www.amazon.com/dp/B00I15SB16
kindleblog.info,200,,https://www.amazon.com/b/ref=as_li_ss_tl?ie=UTF8&node=6669702011&linkCode=sl2&tag=amznipkindle-20&linkId=551706601a1080104e2dbb0e17826f96
kindleblogs.info,200,,https://www.amazon.com/b/ref=as_li_ss_tl?ie=UTF8&node=6669702011&linkCode=sl2&tag=amznipkindle-20&linkId=551706601a1080104e2dbb0e17826f96
kindlebook.club,200,,https://www.amazon.com/ref=as_li_ss_tl?ie=UTF8&linkCode=sl2&tag=amznipops-20&linkId=07057771cdf5019fb44a6e88c747a894
kindlebook.com,200,,https://www.amazon.com/gp/browse.html/ref=as_li_ss_tl?node=133141011&linkCode=sl2&tag=kindlebook.com-20&linkId=9ea3fb135535e276cc52c378a78ac9df
kindlebook.info,200,,https://www.amazon.com/b/ref=as_li_ss_tl?ie=UTF8&node=6669702011&linkCode=sl2&tag=amznipkindle-20&linkId=551706601a1080104e2dbb0e17826f96
kindlebook.net,200,,https://www.amazon.com/b/ref=as_li_ss_tl?ie=UTF8&node=6669702011&linkCode=sl2&tag=amznipkindle-20&linkId=551706601a1080104e2dbb0e17826f96
kindlebook.org,200,,https://www.amazon.com/b/ref=as_li_ss_tl?ie=UTF8&node=6669702011&linkCode=sl2&tag=amznipkindle-20&linkId=551706601a1080104e2dbb0e17826f96
kindlebookcity.com,200,,https://www.amazon.com/gp/browse.html/ref=as_li_ss_tl?node=133141011&linkCode=sl2&tag=amznipbooks-20&linkId=ee5ce8b392bae22e48cab369cf5408b0
kindlebookclub.fr,202,,https://www.amazon.fr/
kindlebookclub.it,202,,https://www.amazon.it/
kindlebookdevice.com,200,,https://www.amazon.com/b/ref=as_li_ss_tl?ie=UTF8&node=6669702011&linkCode=sl2&tag=amznipkindle-20&linkId=551706601a1080104e2dbb0e17826f96
kindlebookdirect.com,200,,https://www.amazon.com/gp/browse.html/ref=as_li_ss_tl?node=133141011&linkCode=sl2&tag=amznipbooks-20&linkId=ee5ce8b392bae22e48cab369cf5408b0
kindlebookpublishing.com,200,,https://www.amazon.com/b/ref=as_li_ss_tl?ie=UTF8&node=6669702011&linkCode=sl2&tag=amznipkindle-20&linkId=551706601a1080104e2dbb0e17826f96
kindlebookreader.com,200,,https://www.amazon.com/b/ref=as_li_ss_tl?ie=UTF8&node=6669702011&linkCode=sl2&tag=amznipkindle-20&linkId=551706601a1080104e2dbb0e17826f96
kindlebookreader.net,200,,https://www.amazon.com/dp/B00I15SB16
kindlebookreader.org,200,,https://www.amazon.com/ref=as_li_ss_tl?ie=UTF8&linkCode=sl2&tag=amznipops-20&linkId=ef33ef1998890bd8a89ba9c3007fa6cd
kindlebookripper.com,200,,https://www.amazon.com/dp/B00I15SB16
kindlebooks.com,200,200,https://www.amazon.com:443/gp/browse.html?node=133141011
kindlebooks.info,200,,https://www.amazon.com/b/ref=as_li_ss_tl?ie=UTF8&node=6669702011&linkCode=sl2&tag=amznipkindle-20&linkId=551706601a1080104e2dbb0e17826f96
kindlebooks.net,200,,https://www.amazon.com/b/ref=as_li_ss_tl?ie=UTF8&node=6669702011&linkCode=sl2&tag=amznipkindle-20&linkId=551706601a1080104e2dbb0e17826f96
kindlebooks.org,200,,https://www.amazon.com/b/ref=as_li_ss_tl?ie=UTF8&node=6669702011&linkCode=sl2&tag=amznipkindle-20&linkId=551706601a1080104e2dbb0e17826f96
kindlebooksforcollege.com,200,,https://www.amazon.com/ref=as_li_ss_tl?ie=UTF8&linkCode=sl2&tag=amznipops-20&linkId=ef33ef1998890bd8a89ba9c3007fa6cd
kindlebookshop.com,200,,https://www.amazon.com/gp/browse.html/ref=as_li_ss_tl?node=133141011&linkCode=sl2&tag=amznipbooks-20&linkId=ee5ce8b392bae22e48cab369cf5408b0
kindlebooksite.info,200,,https://www.amazon.com/ref=as_li_ss_tl?ie=UTF8&linkCode=sl2&tag=amznipops-20&linkId=ef33ef1998890bd8a89ba9c3007fa6cd
kindlebooksrental.com,200,,https://www.amazon.com/b/ref=as_li_ss_tl?ie=UTF8&node=6669702011&linkCode=sl2&tag=amznipkindle-20&linkId=551706601a1080104e2dbb0e17826f96
kindlebooksreviews.info,200,,https://www.amazon.com/ref=as_li_ss_tl?ie=UTF8&linkCode=sl2&tag=amznipops-20&linkId=ef33ef1998890bd8a89ba9c3007fa6cd
kindlebooksreviews.org,200,,https://www.amazon.com/ref=as_li_ss_tl?ie=UTF8&linkCode=sl2&tag=amznipops-20&linkId=ef33ef1998890bd8a89ba9c3007fa6cd
kindlebookstore.com,200,,https://www.amazon.com/b/ref=as_li_ss_tl?ie=UTF8&node=6669702011&linkCode=sl2&tag=amznipkindle-20&linkId=551706601a1080104e2dbb0e17826f96
kindlebookstore.info,200,,https://www.amazon.com/b/ref=as_li_ss_tl?ie=UTF8&node=6669702011&linkCode=sl2&tag=amznipkindle-20&linkId=551706601a1080104e2dbb0e17826f96
kindlebookstore.org,200,,https://www.amazon.com/b/ref=as_li_ss_tl?ie=UTF8&node=6669702011&linkCode=sl2&tag=amznipkindle-20&linkId=551706601a1080104e2dbb0e17826f96
kindlebookstores.com,200,,https://www.amazon.com/b/ref=as_li_ss_tl?ie=UTF8&node=6669702011&linkCode=sl2&tag=amznipkindle-20&linkId=551706601a1080104e2dbb0e17826f96
kindleboutique.fr,202,,https://www.amazon.fr/
kindlebr.com,200,,https://www.amazon.com/b/ref=as_li_ss_tl?ie=UTF8&node=6669702011&linkCode=sl2&tag=amznipkindle-20&linkId=551706601a1080104e2dbb0e17826f96
kindlebrasil.com,200,,https://www.amazon.com/ref=as_li_ss_tl?ie=UTF8&linkCode=sl2&tag=amznipops-20&linkId=ef33ef1998890bd8a89ba9c3007fa6cd
kindlebrazil.com,200,,https://www.amazon.com/b/ref=as_li_ss_tl?ie=UTF8&node=6669702011&linkCode=sl2&tag=amznipkindle-20&linkId=551706601a1080104e2dbb0e17826f96
kindlebrowser.info,200,,https://www.amazon.com/ref=as_li_ss_tl?ie=UTF8&linkCode=sl2&tag=amznipops-20&linkId=ef33ef1998890bd8a89ba9c3007fa6cd
kindlebusinessolutions.com,200,,https://www.amazon.com/b/ref=as_li_ss_tl?ie=UTF8&node=6669702011&linkCode=sl2&tag=amznipkindle-20&linkId=551706601a1080104e2dbb0e17826f96
kindlebuyingguide.com,200,,https://www.amazon.com/b/ref=as_li_ss_tl?ie=UTF8&node=6669702011&linkCode=sl2&tag=amznipkindle-20&linkId=551706601a1080104e2dbb0e17826f96
kindlebyte.com,200,,https://www.amazon.com/ref=as_li_ss_tl?ie=UTF8&linkCode=sl2&tag=amznipops-20&linkId=ef33ef1998890bd8a89ba9c3007fa6cd
kindlebytes.com,200,,https://www.amazon.com/ref=as_li_ss_tl?ie=UTF8&linkCode=sl2&tag=amznipops-20&linkId=ef33ef1998890bd8a89ba9c3007fa6cd
kindlecaboodle.com,200,,https://www.amazon.com/b/ref=as_li_ss_tl?ie=UTF8&node=6669702011&linkCode=sl2&tag=amznipkindle-20&linkId=551706601a1080104e2dbb0e17826f96
kindlecalendar.com,200,,https://www.amazon.com/ref=as_li_ss_tl?ie=UTF8&linkCode=sl2&tag=amznipops-20&linkId=ef33ef1998890bd8a89ba9c3007fa6cd
kindlecasecover.com,200,,https://www.amazon.com/ref=as_li_ss_tl?ie=UTF8&linkCode=sl2&tag=amznipops-20&linkId=ef33ef1998890bd8a89ba9c3007fa6cd
kindlecheapreads.com,200,,https://www.amazon.com/b/ref=as_li_ss_tl?ie=UTF8&node=6669702011&linkCode=sl2&tag=amznipkindle-20&linkId=551706601a1080104e2dbb0e17826f96
kindlechile.cl,200,,https://www.amazon.com/b/ref=as_li_ss_tl?ie=UTF8&node=6669702011&linkCode=sl2&tag=amznipkindle-20&linkId=551706601a1080104e2dbb0e17826f96
kindlechoice.com,200,,https://www.amazon.com/b/ref=as_li_ss_tl?ie=UTF8&node=6669702011&linkCode=sl2&tag=amznipkindle-20&linkId=551706601a1080104e2dbb0e17826f96
kindleclassics.com,200,,https://www.amazon.com/ref=as_li_ss_tl?ie=UTF8&linkCode=sl2&tag=amznipops-20&linkId=ef33ef1998890bd8a89ba9c3007fa6cd
kindleclone.com,200,,https://www.amazon.com/b/ref=as_li_ss_tl?ie=UTF8&node=6669702011&linkCode=sl2&tag=amznipkindle-20&linkId=551706601a1080104e2dbb0e17826f96
kindlecloud.at,202,,https://www.amazon.de/
kindlecloud.co.at,202,,https://www.amazon.de/
kindlecloud.com,200,,https://www.amazon.com/dp/B00I15SB16
kindlecloud.fr,202,,https://www.amazon.fr/
kindlecloud.info,200,,https://www.amazon.com/b/ref=as_li_ss_tl?ie=UTF8&node=6669702011&linkCode=sl2&tag=amznipkindle-20&linkId=551706601a1080104e2dbb0e17826f96
kindlecloud.it,202,,https://www.amazon.it/
kindlecloud.me,200,,https://www.aboutamazon.eu/
kindlecloud.mobi,200,,https://www.amazon.com/b/ref=as_li_ss_tl?ie=UTF8&node=6669702011&linkCode=sl2&tag=amznipkindle-20&linkId=551706601a1080104e2dbb0e17826f96
kindlecloud.net,200,,https://www.amazon.com/b/ref=as_li_ss_tl?ie=UTF8&node=6669702011&linkCode=sl2&tag=amznipkindle-20&linkId=551706601a1080104e2dbb0e17826f96
kindlecloud.org,200,,https://www.amazon.com/b/ref=as_li_ss_tl?ie=UTF8&node=6669702011&linkCode=sl2&tag=amznipkindle-20&linkId=551706601a1080104e2dbb0e17826f96
kindlecloud9.com,200,,https://www.amazon.com/b/ref=as_li_ss_tl?ie=UTF8&node=6669702011&linkCode=sl2&tag=amznipkindle-20&linkId=551706601a1080104e2dbb0e17826f96
kindlecloudreader.at,202,,https://www.amazon.de/
kindlecloudreader.com,200,200,https://www.amazon.com/ap/signin?openid.pape.max_auth_age=1209600&openid.return_to=https%3A%2F%2Fread.amazon.com%2Fkindle-library%2Fnot-supported&openid.identity=http%3A%2F%2Fspecs.openid.net%2Fauth%2F2.0%2Fidentifier_select&openid.assoc_handle=amzn_kindle_mykindle_us&openid.mode=checkid_setup&language=en_US&openid.claimed_id=http%3A%2F%2Fspecs.openid.net%2Fauth%2F2.0%2Fidentifier_select&openid.ns=http%3A%2F%2Fspecs.openid.net%2Fauth%2F2.0
kindlecloudreader.info,200,,https://www.amazon.com/b/ref=as_li_ss_tl?ie=UTF8&node=6669702011&linkCode=sl2&tag=amznipkindle-20&linkId=551706601a1080104e2dbb0e17826f96
kindlecloudreader.it,202,,https://www.amazon.it/
kindlecloudreader.me,200,,https://www.aboutamazon.eu/
kindlecloudreader.net,200,,https://www.amazon.com/b/ref=as_li_ss_tl?ie=UTF8&node=6669702011&linkCode=sl2&tag=amznipkindle-20&linkId=551706601a1080104e2dbb0e17826f96
kindlecloudreader.org,200,,https://www.amazon.com/b/ref=as_li_ss_tl?ie=UTF8&node=6669702011&linkCode=sl2&tag=amznipkindle-20&linkId=551706601a1080104e2dbb0e17826f96
kindleco.com,200,,https://www.amazon.com/b/ref=as_li_ss_tl?ie=UTF8&node=6669702011&linkCode=sl2&tag=amznipkindle-20&linkId=551706601a1080104e2dbb0e17826f96
kindlecolor.com,200,,https://www.amazon.com/ref=as_li_ss_tl?ie=UTF8&linkCode=sl2&tag=amznipops-20&linkId=ef33ef1998890bd8a89ba9c3007fa6cd
kindlecolor.info,200,,https://www.amazon.com/b/ref=as_li_ss_tl?ie=UTF8&node=6669702011&linkCode=sl2&tag=amznipkindle-20&linkId=551706601a1080104e2dbb0e17826f96
kindlecolor.net,200,,https://www.amazon.com/b/ref=as_li_ss_tl?ie=UTF8&node=6669702011&linkCode=sl2&tag=amznipkindle-20&linkId=551706601a1080104e2dbb0e17826f96
kindlecolor.org,200,,https://www.amazon.com/b/ref=as_li_ss_tl?ie=UTF8&node=6669702011&linkCode=sl2&tag=amznipkindle-20&linkId=551706601a1080104e2dbb0e17826f96
kindlecolorsoftscribe.com,200,,
kindlecolortablet.com,200,,https://www.amazon.com/b/ref=as_li_ss_tl?&node=6669703011&linkCode=sl2&tag=amznipdevice-20&linkId=b346db77eadf5ac338f5410cc2a35977
kindlecolortablets.com,200,,https://www.amazon.com/b/ref=as_li_ss_tl?&node=6669703011&linkCode=sl2&tag=amznipdevice-20&linkId=b346db77eadf5ac338f5410cc2a35977
kindlecomputer.com,200,,https://www.amazon.com/dp/B00OC0USA6
kindleconnection.info,200,,https://www.amazon.com/b/ref=as_li_ss_tl?ie=UTF8&node=6669702011&linkCode=sl2&tag=amznipkindle-20&linkId=551706601a1080104e2dbb0e17826f96
kindleconversion.com,200,,https://www.amazon.com/b/ref=as_li_ss_tl?ie=UTF8&node=6669702011&linkCode=sl2&tag=amznipkindle-20&linkId=551706601a1080104e2dbb0e17826f96
kindleconversion.net,200,,https://www.amazon.com/ref=as_li_ss_tl?ie=UTF8&linkCode=sl2&tag=amznipops-20&linkId=ef33ef1998890bd8a89ba9c3007fa6cd
kindlecorner.com,200,,https://www.amazon.com/b/ref=as_li_ss_tl?ie=UTF8&node=6669702011&linkCode=sl2&tag=amznipkindle-20&linkId=551706601a1080104e2dbb0e17826f96
kindlecorp.com,200,,https://www.amazon.com/ref=as_li_ss_tl?ie=UTF8&linkCode=sl2&tag=amznipops-20&linkId=ef33ef1998890bd8a89ba9c3007fa6cd
kindlecosystem.com,200,,https://www.amazon.com/b/ref=as_li_ss_tl?ie=UTF8&node=6669702011&linkCode=sl2&tag=amznipkindle-20&linkId=551706601a1080104e2dbb0e17826f96
kindlecosystems.com,200,,https://www.amazon.com/b/ref=as_li_ss_tl?ie=UTF8&node=6669702011&linkCode=sl2&tag=amznipkindle-20&linkId=551706601a1080104e2dbb0e17826f96
kindlecouponcode.net,200,,https://www.amazon.com/b/ref=as_li_ss_tl?ie=UTF8&node=6669702011&linkCode=sl2&tag=amznipkindle-20&linkId=551706601a1080104e2dbb0e17826f96
kindlecouponcodes.org,200,,https://www.amazon.com/ref=as_li_ss_tl?ie=UTF8&linkCode=sl2&tag=amznipops-20&linkId=ef33ef1998890bd8a89ba9c3007fa6cd
kindlecoupons.com,200,,https://www.amazon.com/b/ref=as_li_ss_tl?ie=UTF8&node=6669702011&linkCode=sl2&tag=amznipkindle-20&linkId=551706601a1080104e2dbb0e17826f96
kindlecoupons.net,200,,https://www.amazon.com/b/ref=as_li_ss_tl?ie=UTF8&node=6669702011&linkCode=sl2&tag=amznipkindle-20&linkId=551706601a1080104e2dbb0e17826f96
kindlecover.info,200,,https://www.amazon.com/b/ref=as_li_ss_tl?ie=UTF8&node=6669702011&linkCode=sl2&tag=amznipkindle-20&linkId=551706601a1080104e2dbb0e17826f96
kindlecoversandmore.com,200,,https://www.amazon.com/b/ref=as_li_ss_tl?ie=UTF8&node=6669702011&linkCode=sl2&tag=amznipkindle-20&linkId=551706601a1080104e2dbb0e17826f96
kindlecovershop.com,200,,https://www.amazon.com/ref=as_li_ss_tl?ie=UTF8&linkCode=sl2&tag=amznipops-20&linkId=ef33ef1998890bd8a89ba9c3007fa6cd
kindlecoverview.info,200,,https://www.amazon.com/b/ref=as_li_ss_tl?ie=UTF8&node=6669702011&linkCode=sl2&tag=amznipkindle-20&linkId=551706601a1080104e2dbb0e17826f96
kindlecoverview.mobi,200,,https://www.amazon.com/b/ref=as_li_ss_tl?ie=UTF8&node=6669702011&linkCode=sl2&tag=amznipkindle-20&linkId=551706601a1080104e2dbb0e17826f96
kindlecozy.com,200,,https://www.amazon.com/ref=as_li_ss_tl?ie=UTF8&linkCode=sl2&tag=amznipops-20&linkId=ef33ef1998890bd8a89ba9c3007fa6cd
kindlecradle.com,200,,https://www.amazon.com/ref=as_li_ss_tl?ie=UTF8&linkCode=sl2&tag=amznipops-20&linkId=ef33ef1998890bd8a89ba9c3007fa6cd
kindlecreations.com,200,,https://www.amazon.com/b/ref=as_li_ss_tl?ie=UTF8&node=6669702011&linkCode=sl2&tag=amznipkindle-20&linkId=551706601a1080104e2dbb0e17826f96
kindleculture.info,200,,https://www.amazon.com/b/ref=as_li_ss_tl?ie=UTF8&node=6669702011&linkCode=sl2&tag=amznipkindle-20&linkId=551706601a1080104e2dbb0e17826f96
kindlecustomcase.com,200,,https://www.amazon.com/b/ref=as_li_ss_tl?ie=UTF8&node=6669702011&linkCode=sl2&tag=amznipkindle-20&linkId=551706601a1080104e2dbb0e17826f96
kindled.fr,202,,https://www.amazon.fr/
kindled.info,200,,https://www.amazon.com/b/ref=as_li_ss_tl?ie=UTF8&node=6669702011&linkCode=sl2&tag=amznipkindle-20&linkId=551706601a1080104e2dbb0e17826f96
kindled.net,200,,https://www.amazon.com/b/ref=as_li_ss_tl?ie=UTF8&node=6669702011&linkCode=sl2&tag=amznipkindle-20&linkId=551706601a1080104e2dbb0e17826f96
kindled.org,200,,https://www.amazon.com/b/ref=as_li_ss_tl?ie=UTF8&node=6669702011&linkCode=sl2&tag=amznipkindle-20&linkId=551706601a1080104e2dbb0e17826f96
kindledeal.com,200,,https://www.amazon.com/b/ref=as_li_ss_tl?ie=UTF8&node=6669702011&linkCode=sl2&tag=amznipkindle-20&linkId=551706601a1080104e2dbb0e17826f96
kindledeal.info,200,,https://www.amazon.com/ref=as_li_ss_tl?ie=UTF8&linkCode=sl2&tag=amznipops-20&linkId=ef33ef1998890bd8a89ba9c3007fa6cd
kindledeal.org,200,,https://www.amazon.com/ref=as_li_ss_tl?ie=UTF8&linkCode=sl2&tag=amznipops-20&linkId=ef33ef1998890bd8a89ba9c3007fa6cd
kindledeals.com,200,,https://www.amazon.com/b/ref=as_li_ss_tl?ie=UTF8&node=6669702011&linkCode=sl2&tag=amznipkindle-20&linkId=551706601a1080104e2dbb0e17826f96
kindledeals.net,200,,https://www.amazon.com/ref=as_li_ss_tl?ie=UTF8&linkCode=sl2&tag=amznipops-20&linkId=ef33ef1998890bd8a89ba9c3007fa6cd
kindledeals.org,200,,https://www.amazon.com/b/ref=as_li_ss_tl?ie=UTF8&node=6669702011&linkCode=sl2&tag=amznipkindle-20&linkId=551706601a1080104e2dbb0e17826f96
kindledelivery.com,200,,https://www.amazon.com/b/ref=as_li_ss_tl?ie=UTF8&node=6669702011&linkCode=sl2&tag=amznipkindle-20&linkId=551706601a1080104e2dbb0e17826f96
kindledeluxe.biz,200,,https://www.amazon.com/b/ref=as_li_ss_tl?ie=UTF8&node=6669702011&linkCode=sl2&tag=amznipkindle-20&linkId=551706601a1080104e2dbb0e17826f96
kindledeluxe.com,200,,https://www.amazon.com/b/ref=as_li_ss_tl?ie=UTF8&node=6669702011&linkCode=sl2&tag=amznipkindle-20&linkId=551706601a1080104e2dbb0e17826f96
kindledeluxe.info,200,,https://www.amazon.com/b/ref=as_li_ss_tl?ie=UTF8&node=6669702011&linkCode=sl2&tag=amznipkindle-20&linkId=551706601a1080104e2dbb0e17826f96
kindledeluxe.me,200,,https://www.aboutamazon.eu/
kindledeluxe.net,200,,https://www.amazon.com/b/ref=as_li_ss_tl?ie=UTF8&node=6669702011&linkCode=sl2&tag=amznipkindle-20&linkId=551706601a1080104e2dbb0e17826f96
kindledeluxe.org,200,,https://www.amazon.com/b/ref=as_li_ss_tl?ie=UTF8&node=6669702011&linkCode=sl2&tag=amznipkindle-20&linkId=551706601a1080104e2dbb0e17826f96
kindledesign.com,200,,https://www.amazon.com/ref=as_li_ss_tl?ie=UTF8&linkCode=sl2&tag=amznipops-20&linkId=ef33ef1998890bd8a89ba9c3007fa6cd
kindledesign.net,200,,https://www.amazon.com/b/ref=as_li_ss_tl?ie=UTF8&node=6669702011&linkCode=sl2&tag=amznipkindle-20&linkId=551706601a1080104e2dbb0e17826f96
kindledeux.fr,202,,https://www.amazon.fr/
kindledevelopersupport.com,200,,https://www.amazon.com/b/ref=as_li_ss_tl?ie=UTF8&node=6669702011&linkCode=sl2&tag=amznipkindle-20&linkId=551706601a1080104e2dbb0e17826f96
kindledevice.info,200,,https://www.amazon.com/b/ref=as_li_ss_tl?ie=UTF8&node=6669702011&linkCode=sl2&tag=amznipkindle-20&linkId=551706601a1080104e2dbb0e17826f96
kindledevices.info,200,,https://www.amazon.com/b/ref=as_li_ss_tl?ie=UTF8&node=6669702011&linkCode=sl2&tag=amznipkindle-20&linkId=551706601a1080104e2dbb0e17826f96
kindledigital.com,200,,https://www.amazon.com/dp/B00I15SB16
kindledigital.info,200,,https://www.amazon.com/ref=as_li_ss_tl?ie=UTF8&linkCode=sl2&tag=amznipops-20&linkId=ef33ef1998890bd8a89ba9c3007fa6cd
kindledigitalbook.com,200,,https://www.amazon.com/dp/B00I15SB16
kindledigitalreader.com,200,,https://www.amazon.com/dp/B00I15SB16
kindledirectpublishing.com,200,200,https://kdp.amazon.com:443/en_US/
kindledirectpublishing.fr,202,,https://www.amazon.fr/
kindledirectpublishing.it,202,,https://www.amazon.it/
kindledirectpublishing.net,200,,https://www.amazon.com/ref=as_li_ss_tl?ie=UTF8&linkCode=sl2&tag=amznipops-20&linkId=ef33ef1998890bd8a89ba9c3007fa6cd
kindledirectpublishing.org,200,,https://www.amazon.com/ref=as_li_ss_tl?ie=UTF8&linkCode=sl2&tag=amznipops-20&linkId=ef33ef1998890bd8a89ba9c3007fa6cd
kindledirectpublishing.tv,200,,
kindledirectservice.com,200,,
kindlediscountcode.net,200,,https://www.amazon.com/b/ref=as_li_ss_tl?ie=UTF8&node=6669702011&linkCode=sl2&tag=amznipkindle-20&linkId=551706601a1080104e2dbb0e17826f96
kindlediscounter.com,200,,https://www.amazon.com/b/ref=as_li_ss_tl?ie=UTF8&node=6669702011&linkCode=sl2&tag=amznipkindle-20&linkId=551706601a1080104e2dbb0e17826f96
kindledk.com,200,,https://www.amazon.com/b/ref=as_li_ss_tl?ie=UTF8&node=6669702011&linkCode=sl2&tag=amznipkindle-20&linkId=551706601a1080104e2dbb0e17826f96
kindledock.com,200,,https://www.amazon.com/dp/B00I15SB16
kindledownload.com,200,,https://www.amazon.com/dp/B00I15SB16
kindledownloader.com,200,,https://www.amazon.com/b/ref=as_li_ss_tl?ie=UTF8&node=6669702011&linkCode=sl2&tag=amznipkindle-20&linkId=551706601a1080104e2dbb0e17826f96
kindledownloads.info,200,,https://www.amazon.com/b/ref=as_li_ss_tl?ie=UTF8&node=6669702011&linkCode=sl2&tag=amznipkindle-20&linkId=551706601a1080104e2dbb0e17826f96
kindledue.it,202,,https://www.amazon.it/
kindlee-books.fr,202,,https://www.amazon.fr/
kindlee-librairie.fr,202,,https://www.amazon.fr/
kindleebook.com,200,,https://www.amazon.com/dp/B00IOY8XWQ
kindleebook.info,200,,https://www.amazon.com/b/ref=as_li_ss_tl?ie=UTF8&node=6669702011&linkCode=sl2&tag=amznipkindle-20&linkId=551706601a1080104e2dbb0e17826f96
kindleebook.net,200,,https://www.amazon.com/b/ref=as_li_ss_tl?ie=UTF8&node=6669702011&linkCode=sl2&tag=amznipkindle-20&linkId=551706601a1080104e2dbb0e17826f96
kindleebook.org,200,,https://www.amazon.com/b/ref=as_li_ss_tl?ie=UTF8&node=6669702011&linkCode=sl2&tag=amznipkindle-20&linkId=551706601a1080104e2dbb0e17826f96
kindleebooks.com,200,,https://www.amazon.com/b/ref=as_li_ss_tl?ie=UTF8&node=6669702011&linkCode=sl2&tag=amznipkindle-20&linkId=551706601a1080104e2dbb0e17826f96
kindleebooks.fr,202,,https://www.amazon.fr/
kindleebooks.info,200,,https://www.amazon.com/b/ref=as_li_ss_tl?ie=UTF8&node=6669702011&linkCode=sl2&tag=amznipkindle-20&linkId=551706601a1080104e2dbb0e17826f96
kindleebooks.mobi,200,,https://www.amazon.com/b/ref=as_li_ss_tl?ie=UTF8&node=6669702011&linkCode=sl2&tag=amznipkindle-20&linkId=551706601a1080104e2dbb0e17826f96
kindleebooks.net,200,,https://www.amazon.com/b/ref=as_li_ss_tl?ie=UTF8&node=6669702011&linkCode=sl2&tag=amznipkindle-20&linkId=551706601a1080104e2dbb0e17826f96
kindleebooks.org,200,,https://www.amazon.com/b/ref=as_li_ss_tl?ie=UTF8&node=6669702011&linkCode=sl2&tag=amznipkindle-20&linkId=551706601a1080104e2dbb0e17826f96
kindleecosystem.com,200,,https://www.amazon.com/b/ref=as_li_ss_tl?ie=UTF8&node=6669702011&linkCode=sl2&tag=amznipkindle-20&linkId=551706601a1080104e2dbb0e17826f96
kindleecosystems.com,200,,https://www.amazon.com/b/ref=as_li_ss_tl?ie=UTF8&node=6669702011&linkCode=sl2&tag=amznipkindle-20&linkId=551706601a1080104e2dbb0e17826f96
kindleedition.com,200,,https://www.amazon.com/dp/B00I15SB16
kindleedition.info,200,,https://www.amazon.com/b/ref=as_li_ss_tl?ie=UTF8&node=6669702011&linkCode=sl2&tag=amznipkindle-20&linkId=551706601a1080104e2dbb0e17826f96
kindleedition.net,200,,https://www.amazon.com/b/ref=as_li_ss_tl?ie=UTF8&node=6669702011&linkCode=sl2&tag=amznipkindle-20&linkId=551706601a1080104e2dbb0e17826f96
kindleeditionblog.com,200,,https://www.amazon.com/b/ref=as_li_ss_tl?ie=UTF8&node=6669702011&linkCode=sl2&tag=amznipkindle-20&linkId=551706601a1080104e2dbb0e17826f96
kindleelectronics.com,200,,https://www.amazon.com/ref=as_li_ss_tl?ie=UTF8&linkCode=sl2&tag=amznipops-20&linkId=ef33ef1998890bd8a89ba9c3007fa6cd
kindleelibrairie.fr,202,,https://www.amazon.fr/
kindleendactions.com,200,,https://www.amazon.com/b/ref=as_li_ss_tl?ie=UTF8&node=6669702011&linkCode=sl2&tag=amznipkindle-20&linkId=551706601a1080104e2dbb0e17826f96
kindleereader.biz,200,,https://www.amazon.com/ref=as_li_ss_tl?ie=UTF8&linkCode=sl2&tag=amznipops-20&linkId=ef33ef1998890bd8a89ba9c3007fa6cd
kindleereader.com,200,,https://www.amazon.com/kindle/
kindleereader.net,200,,https://www.amazon.com/b/ref=as_li_ss_tl?ie=UTF8&node=6669702011&linkCode=sl2&tag=amznipkindle-20&linkId=551706601a1080104e2dbb0e17826f96
kindleereaders.info,200,,https://www.amazon.com/ref=as_li_ss_tl?ie=UTF8&linkCode=sl2&tag=amznipops-20&linkId=ef33ef1998890bd8a89ba9c3007fa6cd
kindleeverywhere.com,200,,https://www.amazon.com/b/ref=as_li_ss_tl?ie=UTF8&node=6669702011&linkCode=sl2&tag=amznipkindle-20&linkId=551706601a1080104e2dbb0e17826f96
kindleeyetrack.com,200,,https://www.amazon.com/dp/B00OC0USA6
kindleeyetracking.com,200,,https://www.amazon.com/dp/B00OC0USA6
kindlefamily.info,200,,https://www.amazon.com/ref=as_li_ss_tl?ie=UTF8&linkCode=sl2&tag=amznipops-20&linkId=ef33ef1998890bd8a89ba9c3007fa6cd
kindlefaqs.com,200,,https://www.amazon.com/b/ref=as_li_ss_tl?ie=UTF8&node=6669702011&linkCode=sl2&tag=amznipkindle-20&linkId=551706601a1080104e2dbb0e17826f96
kindlefest.com,200,,https://www.amazon.com/b/ref=as_li_ss_tl?ie=UTF8&node=6669702011&linkCode=sl2&tag=amznipkindle-20&linkId=551706601a1080104e2dbb0e17826f96
kindlefictionbooks.com,200,,https://www.amazon.com/gp/browse.html/ref=as_li_ss_tl?node=133141011&linkCode=sl2&tag=amznipbooks-20&linkId=ee5ce8b392bae22e48cab369cf5408b0
kindlefire.fr,200,200,https://www.amazon.fr/dp/B00CTV13Z4
kindlefirehdx.com,200,200,https://www.amazon.com:443/dp/B00BWYQ9YE
kindleflagship.com,200,,https://www.amazon.com/dp/B00OC0USA6
kindlefolio.com,200,,https://www.amazon.com/ref=as_li_ss_tl?ie=UTF8&linkCode=sl2&tag=amznipops-20&linkId=ef33ef1998890bd8a89ba9c3007fa6cd
kindleforandroid.com,200,,https://www.amazon.com/dp/B00KC6I06S
kindleforchristmas.com,200,,https://www.amazon.com/b/ref=as_li_ss_tl?ie=UTF8&node=6669702011&linkCode=sl2&tag=amznipkindle-20&linkId=551706601a1080104e2dbb0e17826f96
kindleforipad.com,200,,https://www.amazon.com/b/ref=as_li_ss_tl?ie=UTF8&node=6669702011&linkCode=sl2&tag=amznipkindle-20&linkId=551706601a1080104e2dbb0e17826f96
kindleforipad.fr,202,,https://www.amazon.fr/
kindleforipad.info,200,,https://www.amazon.com/b/ref=as_li_ss_tl?ie=UTF8&node=6669702011&linkCode=sl2&tag=amznipkindle-20&linkId=551706601a1080104e2dbb0e17826f96
kindleforipad.it,202,,https://www.amazon.it/
kindleforipad.net,200,,https://www.amazon.com/b/ref=as_li_ss_tl?ie=UTF8&node=6669702011&linkCode=sl2&tag=amznipkindle-20&linkId=551706601a1080104e2dbb0e17826f96
kindleforipad.org,200,,https://www.amazon.com/b/ref=as_li_ss_tl?ie=UTF8&node=6669702011&linkCode=sl2&tag=amznipkindle-20&linkId=551706601a1080104e2dbb0e17826f96
kindleforkids.com,200,,https://www.amazon.com/b/ref=as_li_ss_tl?ie=UTF8&node=6669702011&linkCode=sl2&tag=amznipkindle-20&linkId=551706601a1080104e2dbb0e17826f96
kindleforkids.it,202,,https://www.amazon.it/
kindleforkids.net,200,,https://www.amazon.com/b/ref=as_li_ss_tl?ie=UTF8&node=6669702011&linkCode=sl2&tag=amznipkindle-20&linkId=551706601a1080104e2dbb0e17826f96
kindleforless.com,200,,https://www.amazon.com/b/ref=as_li_ss_tl?ie=UTF8&node=6669702011&linkCode=sl2&tag=amznipkindle-20&linkId=551706601a1080104e2dbb0e17826f96
kindleformac.biz,200,,https://www.amazon.com/b/ref=as_li_ss_tl?ie=UTF8&node=6669702011&linkCode=sl2&tag=amznipkindle-20&linkId=551706601a1080104e2dbb0e17826f96
kindleformac.com,200,,https://www.amazon.com/b/ref=as_li_ss_tl?ie=UTF8&node=6669702011&linkCode=sl2&tag=amznipkindle-20&linkId=551706601a1080104e2dbb0e17826f96
kindleformac.fr,202,,https://www.amazon.fr/
kindleformac.info,200,,https://www.amazon.com/b/ref=as_li_ss_tl?ie=UTF8&node=6669702011&linkCode=sl2&tag=amznipkindle-20&linkId=551706601a1080104e2dbb0e17826f96
kindleformac.net,200,,https://www.amazon.com/b/ref=as_li_ss_tl?ie=UTF8&node=6669702011&linkCode=sl2&tag=amznipkindle-20&linkId=551706601a1080104e2dbb0e17826f96
kindleformac.org,200,,https://www.amazon.com/b/ref=as_li_ss_tl?ie=UTF8&node=6669702011&linkCode=sl2&tag=amznipkindle-20&linkId=551706601a1080104e2dbb0e17826f96
kindleformat.info,200,,https://www.amazon.com/b/ref=as_li_ss_tl?ie=UTF8&node=6669702011&linkCode=sl2&tag=amznipkindle-20&linkId=551706601a1080104e2dbb0e17826f96
kindleforpc.at,202,,https://www.amazon.de/
kindleforpc.fr,202,,https://www.amazon.fr/
kindleforpc.info,200,,https://www.amazon.com/b/ref=as_li_ss_tl?ie=UTF8&node=6669702011&linkCode=sl2&tag=amznipkindle-20&linkId=551706601a1080104e2dbb0e17826f96
kindleforpc.it,202,,https://www.amazon.it/
kindleforsale.com,200,,https://www.amazon.com/b/ref=as_li_ss_tl?ie=UTF8&node=6669702011&linkCode=sl2&tag=amznipkindle-20&linkId=551706601a1080104e2dbb0e17826f96
kindlefortheweb.biz,200,,https://www.amazon.com/b/ref=as_li_ss_tl?ie=UTF8&node=6669702011&linkCode=sl2&tag=amznipkindle-20&linkId=551706601a1080104e2dbb0e17826f96
kindlefortheweb.com,200,,https://www.amazon.com/b/ref=as_li_ss_tl?ie=UTF8&node=6669702011&linkCode=sl2&tag=amznipkindle-20&linkId=551706601a1080104e2dbb0e17826f96
kindlefortheweb.info,200,,https://www.amazon.com/b/ref=as_li_ss_tl?ie=UTF8&node=6669702011&linkCode=sl2&tag=amznipkindle-20&linkId=551706601a1080104e2dbb0e17826f96
kindlefortheweb.it,202,,https://www.amazon.it/
kindleforum.net,200,,https://www.amazon.com/ref=as_li_ss_tl?ie=UTF8&linkCode=sl2&tag=amznipops-20&linkId=ef33ef1998890bd8a89ba9c3007fa6cd
kindlefoundation.com,200,,https://www.amazon.com/b/ref=as_li_ss_tl?ie=UTF8&node=6669702011&linkCode=sl2&tag=amznipkindle-20&linkId=551706601a1080104e2dbb0e17826f96
kindlefoundation.net,200,,https://www.amazon.com/b/ref=as_li_ss_tl?ie=UTF8&node=6669702011&linkCode=sl2&tag=amznipkindle-20&linkId=551706601a1080104e2dbb0e17826f96
kindlefun.com,200,,https://www.amazon.com/b/ref=as_li_ss_tl?ie=UTF8&node=6669702011&linkCode=sl2&tag=amznipkindle-20&linkId=551706601a1080104e2dbb0e17826f96
kindlefuture.com,200,,https://www.amazon.com/dp/B00I15SB16
kindlefy.net,200,,https://www.amazon.com/ref=as_li_ss_tl?ie=UTF8&linkCode=sl2&tag=amznipops-20&linkId=ef33ef1998890bd8a89ba9c3007fa6cd
kindlefy.org,200,,https://www.amazon.com/ref=as_li_ss_tl?ie=UTF8&linkCode=sl2&tag=amznipops-20&linkId=ef33ef1998890bd8a89ba9c3007fa6cd
kindlegadget.com,200,,https://www.amazon.com/ref=as_li_ss_tl?ie=UTF8&linkCode=sl2&tag=amznipops-20&linkId=ef33ef1998890bd8a89ba9c3007fa6cd
kindlegear.com,200,,https://www.amazon.com/b/ref=as_li_ss_tl?ie=UTF8&node=6669702011&linkCode=sl2&tag=amznipkindle-20&linkId=551706601a1080104e2dbb0e17826f96
kindlegear.net,200,,https://www.amazon.com/ref=as_li_ss_tl?ie=UTF8&linkCode=sl2&tag=amznipops-20&linkId=ef33ef1998890bd8a89ba9c3007fa6cd
kindlegesture.com,200,,https://www.amazon.com/dp/B00OC0USA6
kindlegiftcard.com,200,,https://www.amazon.com/b/ref=as_li_ss_tl?ie=UTF8&node=6669702011&linkCode=sl2&tag=amznipkindle-20&linkId=551706601a1080104e2dbb0e17826f96
kindlegiftcard.info,200,,https://www.amazon.com/ref=as_li_ss_tl?ie=UTF8&linkCode=sl2&tag=amznipops-20&linkId=ef33ef1998890bd8a89ba9c3007fa6cd
kindlegiftcard.org,200,,https://www.amazon.com/ref=as_li_ss_tl?ie=UTF8&linkCode=sl2&tag=amznipops-20&linkId=ef33ef1998890bd8a89ba9c3007fa6cd
kindlegiftcards.info,200,,https://www.amazon.com/ref=as_li_ss_tl?ie=UTF8&linkCode=sl2&tag=amznipops-20&linkId=ef33ef1998890bd8a89ba9c3007fa6cd
kindleglobal.biz,200,,https://www.amazon.com/b/ref=as_li_ss_tl?ie=UTF8&node=6669702011&linkCode=sl2&tag=amznipkindle-20&linkId=551706601a1080104e2dbb0e17826f96
kindleglobal.info,200,,https://www.amazon.com/b/ref=as_li_ss_tl?ie=UTF8&node=6669702011&linkCode=sl2&tag=amznipkindle-20&linkId=551706601a1080104e2dbb0e17826f96
kindlegoodreads.com,200,,https://www.goodreads.com/
kindlegoodreads.net,200,,https://www.goodreads.com/
kindlegoods.com,200,,https://www.amazon.com/b/ref=as_li_ss_tl?ie=UTF8&node=6669702011&linkCode=sl2&tag=amznipkindle-20&linkId=551706601a1080104e2dbb0e17826f96
kindleguide.com,200,,https://www.amazon.com/ref=as_li_ss_tl?ie=UTF8&linkCode=sl2&tag=amznipops-20&linkId=ef33ef1998890bd8a89ba9c3007fa6cd
kindlehacker.com,200,,https://www.amazon.com/b/ref=as_li_ss_tl?ie=UTF8&node=6669702011&linkCode=sl2&tag=amznipkindle-20&linkId=551706601a1080104e2dbb0e17826f96
kindlehacking.com,200,,https://www.amazon.com/b/ref=as_li_ss_tl?ie=UTF8&node=6669702011&linkCode=sl2&tag=amznipkindle-20&linkId=551706601a1080104e2dbb0e17826f96
kindlehacks.info,200,,https://www.amazon.com/ref=as_li_ss_tl?ie=UTF8&linkCode=sl2&tag=amznipops-20&linkId=ef33ef1998890bd8a89ba9c3007fa6cd
kindlehd.at,202,,https://www.amazon.de/
kindlehd.fr,202,,https://www.amazon.fr/
kindlehd.info,200,,https://www.amazon.com/b/ref=as_li_ss_tl?ie=UTF8&node=6669702011&linkCode=sl2&tag=amznipkindle-20&linkId=551706601a1080104e2dbb0e17826f96
kindlehd.it,202,,https://www.amazon.it/
kindlehdaccessories.com,200,,https://www.amazon.com/b/ref=as_li_ss_tl?ie=UTF8&node=6669702011&linkCode=sl2&tag=amznipkindle-20&linkId=551706601a1080104e2dbb0e17826f96
kindlehdcase.com,200,,https://www.amazon.com/b/ref=as_li_ss_tl?ie=UTF8&node=6669702011&linkCode=sl2&tag=amznipkindle-20&linkId=551706601a1080104e2dbb0e17826f96
kindlehdcases.com,200,,https://www.amazon.com/b?ie=UTF8&node=5916439011
kindlehelponline.com,200,,https://www.amazon.com/ref=as_li_ss_tl?ie=UTF8&linkCode=sl2&tag=amznipops-20&linkId=ef33ef1998890bd8a89ba9c3007fa6cd
kindleholic.com,200,,https://www.amazon.com/b/ref=as_li_ss_tl?ie=UTF8&node=6669702011&linkCode=sl2&tag=amznipkindle-20&linkId=551706601a1080104e2dbb0e17826f96
kindlehologram.com,200,,https://www.amazon.com/dp/B00OC0USA6
kindlehq.com,200,,https://www.amazon.com/b/ref=as_li_ss_tl?ie=UTF8&node=6669702011&linkCode=sl2&tag=amznipkindle-20&linkId=551706601a1080104e2dbb0e17826f96
kindleicious.com,200,,https://www.amazon.com/b/ref=as_li_ss_tl?ie=UTF8&node=6669702011&linkCode=sl2&tag=amznipkindle-20&linkId=551706601a1080104e2dbb0e17826f96
kindleifre.com,200,,https://www.amazon.com/ref=as_li_ss_tl?ie=UTF8&linkCode=sl2&tag=amznipops-20&linkId=ef33ef1998890bd8a89ba9c3007fa6cd
kindleim.com,200,,https://www.amazon.com/b/ref=as_li_ss_tl?ie=UTF8&node=6669702011&linkCode=sl2&tag=amznipkindle-20&linkId=551706601a1080104e2dbb0e17826f96
kindleimage.com,200,,https://www.amazon.com/b/ref=as_li_ss_tl?ie=UTF8&node=6669702011&linkCode=sl2&tag=amznipkindle-20&linkId=551706601a1080104e2dbb0e17826f96
kindleimage.net,200,,https://www.amazon.com/b/ref=as_li_ss_tl?ie=UTF8&node=6669702011&linkCode=sl2&tag=amznipkindle-20&linkId=551706601a1080104e2dbb0e17826f96
kindleimages.com,200,,https://www.amazon.com/b/ref=as_li_ss_tl?ie=UTF8&node=6669702011&linkCode=sl2&tag=amznipkindle-20&linkId=551706601a1080104e2dbb0e17826f96
kindleimages.info,200,,https://www.amazon.com/b/ref=as_li_ss_tl?ie=UTF8&node=6669702011&linkCode=sl2&tag=amznipkindle-20&linkId=551706601a1080104e2dbb0e17826f96
kindleimages.net,200,,https://www.amazon.com/b/ref=as_li_ss_tl?ie=UTF8&node=6669702011&linkCode=sl2&tag=amznipkindle-20&linkId=551706601a1080104e2dbb0e17826f96
kindleimages.org,200,,https://www.amazon.com/b/ref=as_li_ss_tl?ie=UTF8&node=6669702011&linkCode=sl2&tag=amznipkindle-20&linkId=551706601a1080104e2dbb0e17826f96
kindleimmersionreading.at,202,,https://www.amazon.de/
kindleimmersionreading.fr,202,,https://www.amazon.fr/
kindleimmersionreading.it,202,,https://www.amazon.it/
kindleimmersionreading.tv,200,,https://www.amazon.com/b/ref=as_li_ss_tl?ie=UTF8&node=6669702011&linkCode=sl2&tag=amznipkindle-20&linkId=551706601a1080104e2dbb0e17826f96
kindleinaustralia.com,200,,https://www.amazon.com/ref=as_li_ss_tl?ie=UTF8&linkCode=sl2&tag=amznipops-20&linkId=ef33ef1998890bd8a89ba9c3007fa6cd
kindleineurope.com,200,,https://www.amazon.com/b/ref=as_li_ss_tl?ie=UTF8&node=6669702011&linkCode=sl2&tag=amznipkindle-20&linkId=551706601a1080104e2dbb0e17826f96
kindleinfo.com,200,,https://www.amazon.com/dp/B00I15SB16
kindleinformation.com,200,,https://www.amazon.com/b/ref=as_li_ss_tl?ie=UTF8&node=6669702011&linkCode=sl2&tag=amznipkindle-20&linkId=551706601a1080104e2dbb0e17826f96
kindleinschools.com,200,,https://www.amazon.com/b/ref=as_li_ss_tl?ie=UTF8&node=6669702011&linkCode=sl2&tag=amznipkindle-20&linkId=551706601a1080104e2dbb0e17826f96
kindleinspanish.com,200,,https://www.amazon.com/ref=as_li_ss_tl?ie=UTF8&linkCode=sl2&tag=amznipops-20&linkId=ef33ef1998890bd8a89ba9c3007fa6cd
kindleinstock.com,200,,https://www.amazon.com/ref=as_li_ss_tl?ie=UTF8&linkCode=sl2&tag=amznipops-20&linkId=ef33ef1998890bd8a89ba9c3007fa6cd
kindleinterface.com,200,,https://www.amazon.com/b/ref=as_li_ss_tl?ie=UTF8&node=6669702011&linkCode=sl2&tag=amznipkindle-20&linkId=551706601a1080104e2dbb0e17826f96
kindleinternational.info,200,,https://www.amazon.com/ref=as_li_ss_tl?ie=UTF8&linkCode=sl2&tag=amznipops-20&linkId=ef33ef1998890bd8a89ba9c3007fa6cd
kindleinternationalreader.info,200,,https://www.amazon.com/ref=as_li_ss_tl?ie=UTF8&linkCode=sl2&tag=amznipops-20&linkId=ef33ef1998890bd8a89ba9c3007fa6cd
kindleintl.com,200,,https://www.amazon.com/b/ref=as_li_ss_tl?ie=UTF8&node=6669702011&linkCode=sl2&tag=amznipkindle-20&linkId=551706601a1080104e2dbb0e17826f96
kindleitaliano.com,200,,https://www.amazon.com/b/ref=as_li_ss_tl?ie=UTF8&node=6669702011&linkCode=sl2&tag=amznipkindle-20&linkId=551706601a1080104e2dbb0e17826f96
kindleitaliastore.it,202,,https://www.amazon.it/
kindlejunkie.com,200,,https://www.amazon.com/b/ref=as_li_ss_tl?ie=UTF8&node=6669702011&linkCode=sl2&tag=amznipkindle-20&linkId=551706601a1080104e2dbb0e17826f96
kindlekeyboard.fr,200,200,https://www.amazon.com/gp/product/B004HFS6Z0
kindlekids.net,200,,https://www.amazon.com/b/ref=as_li_ss_tl?ie=UTF8&node=6669702011&linkCode=sl2&tag=amznipkindle-20&linkId=551706601a1080104e2dbb0e17826f96
kindlekidsworld.com,200,,https://www.amazon.com/b/ref=as_li_ss_tl?ie=UTF8&node=6669702011&linkCode=sl2&tag=amznipkindle-20&linkId=551706601a1080104e2dbb0e17826f96
kindlekindle.me,200,,https://www.aboutamazon.eu/
kindlekindle.org,200,,https://www.amazon.com/b/ref=as_li_ss_tl?ie=UTF8&node=6669702011&linkCode=sl2&tag=amznipkindle-20&linkId=551706601a1080104e2dbb0e17826f96
kindlekindlet.info,200,,https://www.amazon.com/b/ref=as_li_ss_tl?ie=UTF8&node=6669702011&linkCode=sl2&tag=amznipkindle-20&linkId=551706601a1080104e2dbb0e17826f96
kindlekiosk.fr,202,,https://www.amazon.fr/
kindlekiosk.it,202,,https://www.amazon.it/
kindleklicks.com,200,,https://www.amazon.com/b/ref=as_li_ss_tl?ie=UTF8&node=6669702011&linkCode=sl2&tag=amznipkindle-20&linkId=551706601a1080104e2dbb0e17826f96
kindleklub.com,200,,https://www.amazon.com/b/ref=as_li_ss_tl?ie=UTF8&node=6669702011&linkCode=sl2&tag=amznipkindle-20&linkId=551706601a1080104e2dbb0e17826f96
kindlekovers.com,200,,https://www.amazon.com/b/ref=as_li_ss_tl?ie=UTF8&node=6669702011&linkCode=sl2&tag=amznipkindle-20&linkId=551706601a1080104e2dbb0e17826f96
kindlel.com,200,,https://www.amazon.com/b/ref=as_li_ss_tl?ie=UTF8&node=6669702011&linkCode=sl2&tag=amznipkindle-20&linkId=551706601a1080104e2dbb0e17826f96
kindleland.com,200,,https://www.amazon.com/b/ref=as_li_ss_tl?ie=UTF8&node=6669702011&linkCode=sl2&tag=amznipkindle-20&linkId=551706601a1080104e2dbb0e17826f96
kindlelecteur.fr,202,,https://www.amazon.fr/
kindlelend.com,200,,https://www.amazon.com/ref=as_li_ss_tl?ie=UTF8&linkCode=sl2&tag=amznipops-20&linkId=ef33ef1998890bd8a89ba9c3007fa6cd
kindlelending.club,200,,https://www.amazon.com/ref=as_li_ss_tl?ie=UTF8&linkCode=sl2&tag=amznipops-20&linkId=07057771cdf5019fb44a6e88c747a894
kindlelending.com,200,,https://www.amazon.com/b/ref=as_li_ss_tl?ie=UTF8&node=6669702011&linkCode=sl2&tag=amznipkindle-20&linkId=551706601a1080104e2dbb0e17826f96
kindlelibrairie.fr,202,,https://www.amazon.fr/
kindlelibrary.info,200,,https://www.amazon.com/b/ref=as_li_ss_tl?ie=UTF8&node=6669702011&linkCode=sl2&tag=amznipkindle-20&linkId=551706601a1080104e2dbb0e17826f96
kindlelibro.it,202,,https://www.amazon.it/
kindlelight.info,200,,https://www.amazon.com/b/ref=as_li_ss_tl?ie=UTF8&node=6669702011&linkCode=sl2&tag=amznipkindle-20&linkId=551706601a1080104e2dbb0e17826f96
kindleliseur.fr,202,,https://www.amazon.fr/
kindleliseuse.fr,202,,https://www.amazon.fr/
kindlelivreelectronique.fr,202,,https://www.amazon.fr/
kindlelivrenumerique.fr,202,,https://www.amazon.fr/
kindlelivres.fr,202,,https://www.amazon.fr/
kindlelogin.com,200,,https://www.amazon.com/b/ref=as_li_ss_tl?ie=UTF8&node=6669702011&linkCode=sl2&tag=amznipkindle-20&linkId=551706601a1080104e2dbb0e17826f96
kindlelounge.com,200,,https://www.amazon.com/b/ref=as_li_ss_tl?ie=UTF8&node=6669702011&linkCode=sl2&tag=amznipkindle-20&linkId=551706601a1080104e2dbb0e17826f96
kindlelust.com,200,,https://www.amazon.com/b/ref=as_li_ss_tl?ie=UTF8&node=6669702011&linkCode=sl2&tag=amznipkindle-20&linkId=551706601a1080104e2dbb0e17826f96
kindlemachine.com,200,,https://www.amazon.com/b/ref=as_li_ss_tl?ie=UTF8&node=6669702011&linkCode=sl2&tag=amznipkindle-20&linkId=551706601a1080104e2dbb0e17826f96
kindlemagazines.info,200,,https://www.amazon.com/b/ref=as_li_ss_tl?ie=UTF8&node=6669702011&linkCode=sl2&tag=amznipkindle-20&linkId=551706601a1080104e2dbb0e17826f96
kindleman.com,200,,https://www.amazon.com/ref=as_li_ss_tl?ie=UTF8&linkCode=sl2&tag=amznipops-20&linkId=ef33ef1998890bd8a89ba9c3007fa6cd
kindlemania.com,200,,https://www.amazon.com/b/ref=as_li_ss_tl?ie=UTF8&node=6669702011&linkCode=sl2&tag=amznipkindle-20&linkId=551706601a1080104e2dbb0e17826f96
kindlemania.net,200,,https://www.amazon.com/ref=as_li_ss_tl?ie=UTF8&linkCode=sl2&tag=amznipops-20&linkId=ef33ef1998890bd8a89ba9c3007fa6cd
kindlemaniac.com,200,,https://www.amazon.com/b/ref=as_li_ss_tl?ie=UTF8&node=6669702011&linkCode=sl2&tag=amznipkindle-20&linkId=551706601a1080104e2dbb0e17826f96
kindlemapping.com,200,,https://www.amazon.com/dp/B00OC0USA6
kindlemaps.com,200,,https://www.amazon.com/dp/B00I15SB16
kindlemarche.fr,202,,https://www.amazon.fr/
kindlemarket.fr,202,,https://www.amazon.fr/
kindlematchbook.at,202,,https://www.amazon.de/
kindlematchbook.fr,202,,https://www.amazon.fr/
kindlematchbook.it,202,,https://www.amazon.it/
kindleme.com,200,,https://www.amazon.com/b/ref=as_li_ss_tl?ie=UTF8&node=6669702011&linkCode=sl2&tag=amznipkindle-20&linkId=551706601a1080104e2dbb0e17826f96
kindleme.info,200,,https://www.amazon.com/b/ref=as_li_ss_tl?ie=UTF8&node=6669702011&linkCode=sl2&tag=amznipkindle-20&linkId=551706601a1080104e2dbb0e17826f96
kindleme.net,200,,https://www.amazon.com/b/ref=as_li_ss_tl?ie=UTF8&node=6669702011&linkCode=sl2&tag=amznipkindle-20&linkId=551706601a1080104e2dbb0e17826f96
kindlemediadownloads.com,200,,https://www.amazon.com/b/ref=as_li_ss_tl?ie=UTF8&node=6669702011&linkCode=sl2&tag=amznipkindle-20&linkId=551706601a1080104e2dbb0e17826f96
kindlemenu.com,200,,https://www.amazon.com/dp/B00I15SB16
kindlemerchandise.com,200,,https://www.amazon.com/b/ref=as_li_ss_tl?ie=UTF8&node=6669702011&linkCode=sl2&tag=amznipkindle-20&linkId=551706601a1080104e2dbb0e17826f96
kindlemerchant.com,200,,https://www.amazon.com/b/ref=as_li_ss_tl?ie=UTF8&node=6669702011&linkCode=sl2&tag=amznipkindle-20&linkId=551706601a1080104e2dbb0e17826f96
kindlemini.com,200,,https://www.amazon.com/b/ref=as_li_ss_tl?ie=UTF8&node=6669702011&linkCode=sl2&tag=amznipkindle-20&linkId=551706601a1080104e2dbb0e17826f96
kindlenation.com,200,,https://www.amazon.com/b/ref=as_li_ss_tl?ie=UTF8&node=6669702011&linkCode=sl2&tag=amznipkindle-20&linkId=551706601a1080104e2dbb0e17826f96
kindlenavigation.com,200,,https://www.amazon.com/dp/B00OC0USA6
kindlenegozio.it,202,,https://www.amazon.it/
kindlenewgeneration.com,200,,https://www.amazon.com/ref=as_li_ss_tl?ie=UTF8&linkCode=sl2&tag=amznipops-20&linkId=ef33ef1998890bd8a89ba9c3007fa6cd
kindlenewspapers.info,200,,https://www.amazon.com/b/ref=as_li_ss_tl?ie=UTF8&node=6669702011&linkCode=sl2&tag=amznipkindle-20&linkId=551706601a1080104e2dbb0e17826f96
kindlenook.info,200,,https://www.amazon.com/b/ref=as_li_ss_tl?ie=UTF8&node=6669702011&linkCode=sl2&tag=amznipkindle-20&linkId=551706601a1080104e2dbb0e17826f96
kindlenotepad.net,200,,https://www.amazon.com/ref=as_li_ss_tl?ie=UTF8&linkCode=sl2&tag=amznipops-20&linkId=ef33ef1998890bd8a89ba9c3007fa6cd
kindlenow.info,200,,https://www.amazon.com/ref=as_li_ss_tl?ie=UTF8&linkCode=sl2&tag=amznipops-20&linkId=ef33ef1998890bd8a89ba9c3007fa6cd
kindleo.com,200,,https://www.amazon.com/b/ref=as_li_ss_tl?ie=UTF8&node=6669702011&linkCode=sl2&tag=amznipkindle-20&linkId=551706601a1080104e2dbb0e17826f96
kindleoasis.at,200,,https://www.amazon.de/dp/B07L5GDTYY
kindleoasis.info,200,,https://www.amazon.com/dp/B07F7TLZF4
kindleoasis.org,200,,https://www.amazon.com/dp/B07F7TLZF4
kindleoasis.xyz,200,,https://www.amazon.com/dp/B07F7TLZF4
kindleoasiscover.com,200,,https://www.amazon.com/dp/B07F7TLZF4
kindleonamazon.com,200,,https://www.amazon.com/b/ref=as_li_ss_tl?ie=UTF8&node=6669702011&linkCode=sl2&tag=amznipkindle-20&linkId=551706601a1080104e2dbb0e17826f96
kindleonline.fr,202,,https://www.amazon.fr/
kindleonline.info,200,,https://www.amazon.com/b/ref=as_li_ss_tl?ie=UTF8&node=6669702011&linkCode=sl2&tag=amznipkindle-20&linkId=551706601a1080104e2dbb0e17826f96
kindleonline.net,200,,https://www.amazon.com/b/ref=as_li_ss_tl?ie=UTF8&node=6669702011&linkCode=sl2&tag=amznipkindle-20&linkId=551706601a1080104e2dbb0e17826f96
kindleonsale.info,200,,https://www.amazon.com/b/ref=as_li_ss_tl?ie=UTF8&node=6669702011&linkCode=sl2&tag=amznipkindle-20&linkId=551706601a1080104e2dbb0e17826f96
kindleorigami.at,202,,https://www.amazon.de/
kindleorigami.com,200,,https://www.amazon.com/b/ref=as_li_ss_tl?ie=UTF8&node=6669702011&linkCode=sl2&tag=amznipkindle-20&linkId=551706601a1080104e2dbb0e17826f96
kindleorigami.fr,202,,https://www.amazon.fr/
kindleorigami.it,202,,https://www.amazon.it/
kindleos.com,200,,https://www.amazon.com/b/ref=as_li_ss_tl?ie=UTF8&node=6669702011&linkCode=sl2&tag=amznipkindle-20&linkId=551706601a1080104e2dbb0e17826f96
kindleoutlet.info,200,,https://www.amazon.com/b/ref=as_li_ss_tl?ie=UTF8&node=6669702011&linkCode=sl2&tag=amznipkindle-20&linkId=551706601a1080104e2dbb0e17826f96
kindlepad.info,200,,https://www.amazon.com/ref=as_li_ss_tl?ie=UTF8&linkCode=sl2&tag=amznipops-20&linkId=ef33ef1998890bd8a89ba9c3007fa6cd
kindlepaperwhite.at,202,,https://www.amazon.de/
kindlepaperwhite.info,200,,https://www.amazon.com/b/ref=as_li_ss_tl?ie=UTF8&node=6669702011&linkCode=sl2&tag=amznipkindle-20&linkId=551706601a1080104e2dbb0e17826f96
kindlepaperwhite.me,200,,https://www.aboutamazon.eu/
kindlepaperwhite.mobi,200,,https://www.amazon.com/b/ref=as_li_ss_tl?ie=UTF8&node=6669702011&linkCode=sl2&tag=amznipkindle-20&linkId=551706601a1080104e2dbb0e17826f96
kindlepaperwhite.net,200,,https://www.amazon.com/b/ref=as_li_ss_tl?ie=UTF8&node=6669702011&linkCode=sl2&tag=amznipkindle-20&linkId=551706601a1080104e2dbb0e17826f96
kindlepaperwhite.org,200,,https://www.amazon.com/b/ref=as_li_ss_tl?ie=UTF8&node=6669702011&linkCode=sl2&tag=amznipkindle-20&linkId=551706601a1080104e2dbb0e17826f96
kindlepaperwhitereview.info,200,,https://www.amazon.com/b/ref=as_li_ss_tl?ie=UTF8&node=6669702011&linkCode=sl2&tag=amznipkindle-20&linkId=551706601a1080104e2dbb0e17826f96
kindlepassword.com,200,,https://www.amazon.com/b/ref=as_li_ss_tl?ie=UTF8&node=6669702011&linkCode=sl2&tag=amznipkindle-20&linkId=551706601a1080104e2dbb0e17826f96
kindlephile.com,200,,https://www.amazon.com/b/ref=as_li_ss_tl?ie=UTF8&node=6669702011&linkCode=sl2&tag=amznipkindle-20&linkId=551706601a1080104e2dbb0e17826f96
kindlephiles.com,200,,https://www.amazon.com/b/ref=as_li_ss_tl?ie=UTF8&node=6669702011&linkCode=sl2&tag=amznipkindle-20&linkId=551706601a1080104e2dbb0e17826f96
kindleplatform.biz,200,,https://www.amazon.com/b/ref=as_li_ss_tl?ie=UTF8&node=6669702011&linkCode=sl2&tag=amznipkindle-20&linkId=551706601a1080104e2dbb0e17826f96
kindleplatform.com,200,,https://www.amazon.com/b/ref=as_li_ss_tl?ie=UTF8&node=6669702011&linkCode=sl2&tag=amznipkindle-20&linkId=551706601a1080104e2dbb0e17826f96
kindleplatform.info,200,,https://www.amazon.com/b/ref=as_li_ss_tl?ie=UTF8&node=6669702011&linkCode=sl2&tag=amznipkindle-20&linkId=551706601a1080104e2dbb0e17826f96
kindleplatform.net,200,,https://www.amazon.com/b/ref=as_li_ss_tl?ie=UTF8&node=6669702011&linkCode=sl2&tag=amznipkindle-20&linkId=551706601a1080104e2dbb0e17826f96
kindleplatform.org,200,,https://www.amazon.com/b/ref=as_li_ss_tl?ie=UTF8&node=6669702011&linkCode=sl2&tag=amznipkindle-20&linkId=551706601a1080104e2dbb0e17826f96
kindleplus.info,200,,https://www.amazon.com/ref=as_li_ss_tl?ie=UTF8&linkCode=sl2&tag=amznipops-20&linkId=ef33ef1998890bd8a89ba9c3007fa6cd
kindlepodcast.net,200,,https://www.amazon.com/ref=as_li_ss_tl?ie=UTF8&linkCode=sl2&tag=amznipops-20&linkId=ef33ef1998890bd8a89ba9c3007fa6cd
kindleporn.com,200,,https://www.amazon.com/ref=as_li_ss_tl?ie=UTF8&linkCode=sl2&tag=amznipops-20&linkId=ef33ef1998890bd8a89ba9c3007fa6cd
kindleporn.net,200,,https://www.amazon.com/ref=as_li_ss_tl?ie=UTF8&linkCode=sl2&tag=amznipops-20&linkId=ef33ef1998890bd8a89ba9c3007fa6cd
kindleportal.com,200,,https://www.amazon.com/b/ref=as_li_ss_tl?ie=UTF8&node=6669702011&linkCode=sl2&tag=amznipkindle-20&linkId=551706601a1080104e2dbb0e17826f96
kindleportfolio.com,200,,https://www.amazon.com/b/ref=as_li_ss_tl?ie=UTF8&node=6669702011&linkCode=sl2&tag=amznipkindle-20&linkId=551706601a1080104e2dbb0e17826f96
kindleportfolios.com,200,,https://www.amazon.com/b/ref=as_li_ss_tl?ie=UTF8&node=6669702011&linkCode=sl2&tag=amznipkindle-20&linkId=551706601a1080104e2dbb0e17826f96
kindlepost.it,202,,https://www.amazon.it/
kindlepress.com,200,,https://amazonpublishing.amazon.com/
kindlepreview.com,200,,https://www.amazon.com/ref=as_li_ss_tl?ie=UTF8&linkCode=sl2&tag=amznipops-20&linkId=ef33ef1998890bd8a89ba9c3007fa6cd
kindlepreviewer.com,200,,https://www.amazon.com/ref=as_li_ss_tl?ie=UTF8&linkCode=sl2&tag=amznipops-20&linkId=ef33ef1998890bd8a89ba9c3007fa6cd
kindleprice.com,200,,https://www.amazon.com/ref=as_li_ss_tl?ie=UTF8&linkCode=sl2&tag=amznipops-20&linkId=ef33ef1998890bd8a89ba9c3007fa6cd
kindleprime.at,200,,https://www.amazon.de/
kindleprime.com,200,,https://www.amazon.com:443/b?node=23967574011&docId=1000739811
kindleprime.fr,202,,https://www.amazon.fr/
kindleprime.info,200,,https://www.amazon.com:443/b?node=23967574011&docId=1000739811
kindleprime.it,202,,https://www.amazon.it/
kindleproducts.com,200,,https://www.amazon.com/kindle/
kindleproducts.net,200,,https://www.amazon.com/ref=as_li_ss_tl?ie=UTF8&linkCode=sl2&tag=amznipops-20&linkId=ef33ef1998890bd8a89ba9c3007fa6cd
kindlepromocode.info,200,,https://www.amazon.com/ref=as_li_ss_tl?ie=UTF8&linkCode=sl2&tag=amznipops-20&linkId=ef33ef1998890bd8a89ba9c3007fa6cd
kindleprotocol.com,200,,https://www.amazon.com/b/ref=as_li_ss_tl?ie=UTF8&node=6669702011&linkCode=sl2&tag=amznipkindle-20&linkId=551706601a1080104e2dbb0e17826f96
kindlepublisher.info,200,,https://www.amazon.com/b/ref=as_li_ss_tl?ie=UTF8&node=6669702011&linkCode=sl2&tag=amznipkindle-20&linkId=551706601a1080104e2dbb0e17826f96
kindlepublishers.com,200,,https://www.amazon.com/ref=as_li_ss_tl?ie=UTF8&linkCode=sl2&tag=amznipops-20&linkId=ef33ef1998890bd8a89ba9c3007fa6cd
kindlepublishing.info,200,,https://www.amazon.com/b/ref=as_li_ss_tl?ie=UTF8&node=6669702011&linkCode=sl2&tag=amznipkindle-20&linkId=551706601a1080104e2dbb0e17826f96
kindlepublishingamazon.com,200,,https://www.amazon.com/b/ref=as_li_ss_tl?ie=UTF8&node=6669702011&linkCode=sl2&tag=amznipkindle-20&linkId=551706601a1080104e2dbb0e17826f96
kindlepublishingbook.com,200,,https://www.amazon.com/b/ref=as_li_ss_tl?ie=UTF8&node=6669702011&linkCode=sl2&tag=amznipkindle-20&linkId=551706601a1080104e2dbb0e17826f96
kindlepublishingforblogs.com,200,,https://www.amazon.com/b/ref=as_li_ss_tl?ie=UTF8&node=6669702011&linkCode=sl2&tag=amznipkindle-20&linkId=551706601a1080104e2dbb0e17826f96
kindler.fr,202,,https://www.amazon.fr/
kindlereader.com,200,,https://www.amazon.com/b/ref=as_li_ss_tl?ie=UTF8&node=6669702011&linkCode=sl2&tag=amznipkindle-20&linkId=551706601a1080104e2dbb0e17826f96
kindlereader.info,200,,https://www.amazon.com/b/ref=as_li_ss_tl?ie=UTF8&node=6669702011&linkCode=sl2&tag=amznipkindle-20&linkId=551706601a1080104e2dbb0e17826f96
kindlereader.net,200,,https://www.amazon.com/b/ref=as_li_ss_tl?ie=UTF8&node=6669702011&linkCode=sl2&tag=amznipkindle-20&linkId=551706601a1080104e2dbb0e17826f96
kindlereader.org,200,,https://www.amazon.com/b/ref=as_li_ss_tl?ie=UTF8&node=6669702011&linkCode=sl2&tag=amznipkindle-20&linkId=551706601a1080104e2dbb0e17826f96
kindlereaderdeals.com,200,,https://www.amazon.com/ref=as_li_ss_tl?ie=UTF8&linkCode=sl2&tag=amznipops-20&linkId=ef33ef1998890bd8a89ba9c3007fa6cd
kindlereaderreviews.com,200,,https://www.amazon.com/b/ref=as_li_ss_tl?ie=UTF8&node=6669702011&linkCode=sl2&tag=amznipkindle-20&linkId=551706601a1080104e2dbb0e17826f96
kindlereaderreviews.net,200,,https://www.amazon.com/ref=as_li_ss_tl?ie=UTF8&linkCode=sl2&tag=amznipops-20&linkId=ef33ef1998890bd8a89ba9c3007fa6cd
kindlereaderreviews.org,200,,https://www.amazon.com/ref=as_li_ss_tl?ie=UTF8&linkCode=sl2&tag=amznipops-20&linkId=ef33ef1998890bd8a89ba9c3007fa6cd
kindlereaders.com,200,,https://www.amazon.com/b/ref=as_li_ss_tl?ie=UTF8&node=6669702011&linkCode=sl2&tag=amznipkindle-20&linkId=551706601a1080104e2dbb0e17826f96
kindlereaders.info,200,,https://www.amazon.com/b/ref=as_li_ss_tl?ie=UTF8&node=6669702011&linkCode=sl2&tag=amznipkindle-20&linkId=551706601a1080104e2dbb0e17826f96
kindlereaders.net,200,,https://www.amazon.com/b/ref=as_li_ss_tl?ie=UTF8&node=6669702011&linkCode=sl2&tag=amznipkindle-20&linkId=551706601a1080104e2dbb0e17826f96
kindlereaders.org,200,,https://www.amazon.com/b/ref=as_li_ss_tl?ie=UTF8&node=6669702011&linkCode=sl2&tag=amznipkindle-20&linkId=551706601a1080104e2dbb0e17826f96
kindlereaderworld.com,200,,https://www.amazon.com/ref=as_li_ss_tl?ie=UTF8&linkCode=sl2&tag=amznipops-20&linkId=ef33ef1998890bd8a89ba9c3007fa6cd
kindlereading.com,200,,https://www.amazon.com/b/ref=as_li_ss_tl?ie=UTF8&node=6669702011&linkCode=sl2&tag=amznipkindle-20&linkId=551706601a1080104e2dbb0e17826f96
kindlereadingdevice.net,200,,https://www.amazon.com/ref=as_li_ss_tl?ie=UTF8&linkCode=sl2&tag=amznipops-20&linkId=ef33ef1998890bd8a89ba9c3007fa6cd
kindlereadingdevicereview.com,200,,https://www.amazon.com/ref=as_li_ss_tl?ie=UTF8&linkCode=sl2&tag=amznipops-20&linkId=ef33ef1998890bd8a89ba9c3007fa6cd
kindlereadinglist.com,200,,https://www.amazon.com/b/ref=as_li_ss_tl?ie=UTF8&node=6669702011&linkCode=sl2&tag=amznipkindle-20&linkId=551706601a1080104e2dbb0e17826f96
kindlereadingsamples.com,200,,https://www.amazon.com/b/ref=as_li_ss_tl?ie=UTF8&node=6669702011&linkCode=sl2&tag=amznipkindle-20&linkId=551706601a1080104e2dbb0e17826f96
kindlereadingwirelessdevice.com,200,,https://www.amazon.com/b/ref=as_li_ss_tl?ie=UTF8&node=6669702011&linkCode=sl2&tag=amznipkindle-20&linkId=551706601a1080104e2dbb0e17826f96
kindlereadtome.com,200,,https://www.amazon.com/b/ref=as_li_ss_tl?ie=UTF8&node=6669702011&linkCode=sl2&tag=amznipkindle-20&linkId=551706601a1080104e2dbb0e17826f96
kindlerentalbooks.com,200,,https://www.amazon.com/b/ref=as_li_ss_tl?ie=UTF8&node=6669702011&linkCode=sl2&tag=amznipkindle-20&linkId=551706601a1080104e2dbb0e17826f96
kindlerepair.com,200,,https://www.amazon.com/ref=as_li_ss_tl?ie=UTF8&linkCode=sl2&tag=amznipops-20&linkId=ef33ef1998890bd8a89ba9c3007fa6cd
kindlerepairs.com,200,,https://www.amazon.com/ref=as_li_ss_tl?ie=UTF8&linkCode=sl2&tag=amznipops-20&linkId=ef33ef1998890bd8a89ba9c3007fa6cd
kindlerepairs.net,200,,https://www.amazon.com/b/ref=as_li_ss_tl?ie=UTF8&node=6669702011&linkCode=sl2&tag=amznipkindle-20&linkId=551706601a1080104e2dbb0e17826f96
kindleretailer.info,200,,https://www.amazon.com/b/ref=as_li_ss_tl?ie=UTF8&node=6669702011&linkCode=sl2&tag=amznipkindle-20&linkId=551706601a1080104e2dbb0e17826f96
kindlereview.com,200,,https://www.amazon.com/b/ref=as_li_ss_tl?ie=UTF8&node=6669702011&linkCode=sl2&tag=amznipkindle-20&linkId=551706601a1080104e2dbb0e17826f96
kindlereview.info,200,,https://www.amazon.com/ref=as_li_ss_tl?ie=UTF8&linkCode=sl2&tag=amznipops-20&linkId=ef33ef1998890bd8a89ba9c3007fa6cd
kindlereview.net,200,,https://www.amazon.com/dp/B00I15SB16
kindlereview.org,200,,https://www.amazon.com/b/ref=as_li_ss_tl?ie=UTF8&node=6669702011&linkCode=sl2&tag=amznipkindle-20&linkId=551706601a1080104e2dbb0e17826f96
kindlereviewnow.com,200,,https://www.amazon.com/ref=as_li_ss_tl?ie=UTF8&linkCode=sl2&tag=amznipops-20&linkId=ef33ef1998890bd8a89ba9c3007fa6cd
kindlereviews.info,200,,https://www.amazon.com/b/ref=as_li_ss_tl?ie=UTF8&node=6669702011&linkCode=sl2&tag=amznipkindle-20&linkId=551706601a1080104e2dbb0e17826f96
kindlereviewsite.com,200,,https://www.amazon.com/b/ref=as_li_ss_tl?ie=UTF8&node=6669702011&linkCode=sl2&tag=amznipkindle-20&linkId=551706601a1080104e2dbb0e17826f96
kindlereviewsonline.com,200,,https://www.amazon.com/b/ref=as_li_ss_tl?ie=UTF8&node=6669702011&linkCode=sl2&tag=amznipkindle-20&linkId=551706601a1080104e2dbb0e17826f96
kindlermusic.com,200,,https://www.amazon.com/b/ref=as_li_ss_tl?ie=UTF8&node=6669702011&linkCode=sl2&tag=amznipkindle-20&linkId=551706601a1080104e2dbb0e17826f96
kindlers.com,200,,https://www.amazon.com/b/ref=as_li_ss_tl?ie=UTF8&node=6669702011&linkCode=sl2&tag=amznipkindle-20&linkId=551706601a1080104e2dbb0e17826f96
kindlerss.com,200,,https://www.amazon.com/dp/B00I15SB16
kindles.com,200,,https://www.amazon.com/ref=as_li_ss_tl?ie=UTF8&linkCode=sl2&tag=amznipops-20&linkId=ef33ef1998890bd8a89ba9c3007fa6cd
kindles.fr,202,,https://www.amazon.fr/
kindles.info,200,,https://www.amazon.com/b/ref=as_li_ss_tl?ie=UTF8&node=6669702011&linkCode=sl2&tag=amznipkindle-20&linkId=551706601a1080104e2dbb0e17826f96
kindles.mobi,200,,https://www.amazon.com/b/ref=as_li_ss_tl?ie=UTF8&node=6669702011&linkCode=sl2&tag=amznipkindle-20&linkId=551706601a1080104e2dbb0e17826f96
kindles.net,200,,https://www.amazon.com/b/ref=as_li_ss_tl?ie=UTF8&node=6669702011&linkCode=sl2&tag=amznipkindle-20&linkId=551706601a1080104e2dbb0e17826f96
kindles.org,200,,https://www.amazon.com/b/ref=as_li_ss_tl?ie=UTF8&node=6669702011&linkCode=sl2&tag=amznipkindle-20&linkId=551706601a1080104e2dbb0e17826f96
kindlesale.com,200,,https://www.amazon.com/dp/B00I15SB16
kindlesale.info,200,,https://www.amazon.com/ref=as_li_ss_tl?ie=UTF8&linkCode=sl2&tag=amznipops-20&linkId=ef33ef1998890bd8a89ba9c3007fa6cd
kindlesale.net,200,,https://www.amazon.com/ref=as_li_ss_tl?ie=UTF8&linkCode=sl2&tag=amznipops-20&linkId=ef33ef1998890bd8a89ba9c3007fa6cd
kindlesale.org,200,,https://www.amazon.com/b/ref=as_li_ss_tl?ie=UTF8&node=6669702011&linkCode=sl2&tag=amznipkindle-20&linkId=551706601a1080104e2dbb0e17826f96
kindlescribe-colorsoft.com,200,,
kindlescribe.com,200,,https://www.amazon.com:443/dp/B0DVQQGMCZ?ref=ods_surl_pa_us
kindlescribe.info,200,,https://www.amazon.com:443/dp/B0DVQQGMCZ?ref=ods_surl_pa_us
kindlescribe.net,200,,https://www.amazon.com:443/dp/B0DVQQGMCZ?ref=ods_surl_pa_us
kindlescribe.online,200,,https://www.amazon.com:443/dp/B0DVQQGMCZ?ref=ods_surl_pa_us
kindlescribe.org,200,,https://www.amazon.com:443/dp/B0DVQQGMCZ?ref=ods_surl_pa_us
kindlescribecolorsoft.com,200,,
kindlescribecolorsoft.info,200,,
kindlescribecolorsoft.net,200,,
kindlescribecolorsoft.org,200,,
kindlescribecolorsoft.us,200,,
kindlescribepremiumstylus.com,200,,https://www.amazon.com:443/dp/B0DVQQGMCZ?ref=ods_surl_pa_us
kindlescribes.com,200,,https://www.amazon.com:443/dp/B0DVQQGMCZ?ref=ods_surl_pa_us
kindlesdk.info,200,,https://www.amazon.com/b/ref=as_li_ss_tl?ie=UTF8&node=6669702011&linkCode=sl2&tag=amznipkindle-20&linkId=551706601a1080104e2dbb0e17826f96
kindlesdk.me,200,,https://www.aboutamazon.eu/
kindlesdk.mobi,200,,https://www.amazon.com/b/ref=as_li_ss_tl?ie=UTF8&node=6669702011&linkCode=sl2&tag=amznipkindle-20&linkId=551706601a1080104e2dbb0e17826f96
kindlesdk.net,200,,https://www.amazon.com/b/ref=as_li_ss_tl?ie=UTF8&node=6669702011&linkCode=sl2&tag=amznipkindle-20&linkId=551706601a1080104e2dbb0e17826f96
kindlesdk.org,200,,https://www.amazon.com/b/ref=as_li_ss_tl?ie=UTF8&node=6669702011&linkCode=sl2&tag=amznipkindle-20&linkId=551706601a1080104e2dbb0e17826f96
kindlesearch.asia,200,,https://www.amazon.com/b/ref=as_li_ss_tl?ie=UTF8&node=6669702011&linkCode=sl2&tag=amznipkindle-20&linkId=551706601a1080104e2dbb0e17826f96
kindlesecrets.com,200,,https://www.amazon.com/ref=as_li_ss_tl?ie=UTF8&linkCode=sl2&tag=amznipops-20&linkId=ef33ef1998890bd8a89ba9c3007fa6cd
kindleselect25.at,200,,https://www.amazon.de/
kindleselect25.co.at,200,,https://www.amazon.de/
kindleselect25.com,200,,https://www.amazon.com/b/ref=as_li_ss_tl?ie=UTF8&node=6669702011&linkCode=sl2&tag=amznipkindle-20&linkId=551706601a1080104e2dbb0e17826f96
kindleselect25.fr,202,,https://www.amazon.fr/
kindleselect25.it,202,,https://www.amazon.it/
kindleselect25.net,200,,https://www.amazon.com/b/ref=as_li_ss_tl?ie=UTF8&node=6669702011&linkCode=sl2&tag=amznipkindle-20&linkId=551706601a1080104e2dbb0e17826f96
kindleselection.com,200,,https://www.amazon.com/dp/B00I15SB16
kindleseller.info,200,,https://www.amazon.com/ref=as_li_ss_tl?ie=UTF8&linkCode=sl2&tag=amznipops-20&linkId=ef33ef1998890bd8a89ba9c3007fa6cd
kindlesenior.com,200,,https://www.amazon.com/b/ref=as_li_ss_tl?ie=UTF8&node=6669702011&linkCode=sl2&tag=amznipkindle-20&linkId=551706601a1080104e2dbb0e17826f96
kindleservices.com,200,,https://www.amazon.com/b/ref=as_li_ss_tl?ie=UTF8&node=6669702011&linkCode=sl2&tag=amznipkindle-20&linkId=551706601a1080104e2dbb0e17826f96
kindlesettopbox.com,200,,https://www.amazon.com/firetv/
kindleshop.com,200,,https://www.amazon.com/dp/B00I15SB16
kindleshop.fr,202,,https://www.amazon.fr/
kindleshop.info,200,,https://www.amazon.com/b/ref=as_li_ss_tl?ie=UTF8&node=6669702011&linkCode=sl2&tag=amznipkindle-20&linkId=551706601a1080104e2dbb0e17826f96
kindleshop.org,200,,https://www.amazon.com/b/ref=as_li_ss_tl?ie=UTF8&node=6669702011&linkCode=sl2&tag=amznipkindle-20&linkId=551706601a1080104e2dbb0e17826f96
kindleshoponline.com,200,,https://www.amazon.com/b/ref=as_li_ss_tl?ie=UTF8&node=6669702011&linkCode=sl2&tag=amznipkindle-20&linkId=551706601a1080104e2dbb0e17826f96
kindleshoppers.com,200,,https://www.amazon.com/ref=as_li_ss_tl?ie=UTF8&linkCode=sl2&tag=amznipops-20&linkId=ef33ef1998890bd8a89ba9c3007fa6cd
kindleshops.info,200,,https://www.amazon.com/b/ref=as_li_ss_tl?ie=UTF8&node=6669702011&linkCode=sl2&tag=amznipkindle-20&linkId=551706601a1080104e2dbb0e17826f96
kindlesilk.fr,202,,https://www.amazon.fr/
kindlesilk.it,202,,https://www.amazon.it/
kindlesimulator.me,200,,https://www.aboutamazon.eu/
kindlesite.biz,200,,https://www.amazon.com/dp/B00I15SB16
kindlesite.com,200,,https://www.amazon.com/b/ref=as_li_ss_tl?ie=UTF8&node=6669702011&linkCode=sl2&tag=amznipkindle-20&linkId=551706601a1080104e2dbb0e17826f96
kindlesite.net,200,,https://www.amazon.com/dp/B00I15SB16
kindlesites.biz,200,,https://www.amazon.com/dp/B00I15SB16
kindlesites.info,200,,https://www.amazon.com/dp/B00I15SB16
kindlesites.net,200,,https://www.amazon.com/dp/B00I15SB16
kindlesites.org,200,,https://www.amazon.com/dp/B00I15SB16
kindleskins.com,200,,https://www.amazon.com/dp/B00I15SB16
kindleskins.net,200,,https://www.amazon.com/b/ref=as_li_ss_tl?ie=UTF8&node=6669702011&linkCode=sl2&tag=amznipkindle-20&linkId=551706601a1080104e2dbb0e17826f96
kindlesoftware.info,200,,https://www.amazon.com/ref=as_li_ss_tl?ie=UTF8&linkCode=sl2&tag=amznipops-20&linkId=ef33ef1998890bd8a89ba9c3007fa6cd
kindlesoftwareforpc.com,200,,https://www.amazon.com/b/ref=as_li_ss_tl?ie=UTF8&node=6669702011&linkCode=sl2&tag=amznipkindle-20&linkId=551706601a1080104e2dbb0e17826f96
kindlesolution.com,200,,https://www.amazon.com/b/ref=as_li_ss_tl?ie=UTF8&node=6669702011&linkCode=sl2&tag=amznipkindle-20&linkId=551706601a1080104e2dbb0e17826f96
kindlespeak.com,200,,https://www.amazon.com/b/ref=as_li_ss_tl?ie=UTF8&node=6669702011&linkCode=sl2&tag=amznipkindle-20&linkId=551706601a1080104e2dbb0e17826f96
kindlespeak.net,200,,https://www.amazon.com/b/ref=as_li_ss_tl?ie=UTF8&node=6669702011&linkCode=sl2&tag=amznipkindle-20&linkId=551706601a1080104e2dbb0e17826f96
kindlespeak.org,200,,https://www.amazon.com/b/ref=as_li_ss_tl?ie=UTF8&node=6669702011&linkCode=sl2&tag=amznipkindle-20&linkId=551706601a1080104e2dbb0e17826f96
kindlespecialoffers.at,200,,https://www.amazon.de/
kindlespecialoffers.co.at,200,,https://www.amazon.de/
kindlespecialoffers.fr,202,,https://www.amazon.fr/
kindlespecialoffers.it,202,,https://www.amazon.it/
kindlespecialoffers.me,200,,https://www.aboutamazon.eu/
kindlespecials.com,200,,https://www.amazon.com/b/ref=as_li_ss_tl?ie=UTF8&node=6669702011&linkCode=sl2&tag=amznipkindle-20&linkId=551706601a1080104e2dbb0e17826f96
kindlesstore.info,200,,https://www.amazon.com/b/ref=as_li_ss_tl?ie=UTF8&node=6669702011&linkCode=sl2&tag=amznipkindle-20&linkId=551706601a1080104e2dbb0e17826f96
kindlestore.at,200,,https://www.amazon.de/
kindlestore.co.at,200,,https://www.amazon.de/
kindlestore.com,200,,https://www.amazon.com/gp/browse.html/ref=as_li_ss_tl?node=133141011&linkCode=sl2&tag=kindlestore.com-20&linkId=6bc6a793bec6b0cc973d58686087da45
kindlestore.fr,202,,https://www.amazon.fr/
kindlestore.info,200,,https://www.amazon.com/b/ref=as_li_ss_tl?ie=UTF8&node=6669702011&linkCode=sl2&tag=amznipkindle-20&linkId=551706601a1080104e2dbb0e17826f96
kindlestore.mobi,200,,https://www.amazon.com/ref=as_li_ss_tl?ie=UTF8&linkCode=sl2&tag=amznipops-20&linkId=ef33ef1998890bd8a89ba9c3007fa6cd
kindlestore.net,200,,https://www.amazon.com:443/gp/browse.html?node=133141011
kindlestorefreebooks.com,200,,https://www.amazon.com/ref=as_li_ss_tl?ie=UTF8&linkCode=sl2&tag=amznipops-20&linkId=ef33ef1998890bd8a89ba9c3007fa6cd
kindlestorefront.com,200,,https://www.amazon.com/dp/B00I15SB16
kindlestores.info,200,,https://www.amazon.com/b/ref=as_li_ss_tl?ie=UTF8&node=6669702011&linkCode=sl2&tag=amznipkindle-20&linkId=551706601a1080104e2dbb0e17826f96
kindlestories.com,200,,https://www.amazon.com/dp/B00I15SB16
kindlestreaming.com,200,,https://www.amazon.com/b/ref=as_li_ss_tl?ie=UTF8&node=6669702011&linkCode=sl2&tag=amznipkindle-20&linkId=551706601a1080104e2dbb0e17826f96
kindlesystem.com,200,,https://www.amazon.com/b/ref=as_li_ss_tl?ie=UTF8&node=6669702011&linkCode=sl2&tag=amznipkindle-20&linkId=551706601a1080104e2dbb0e17826f96
kindlet.biz,200,,https://www.amazon.com/b/ref=as_li_ss_tl?ie=UTF8&node=6669702011&linkCode=sl2&tag=amznipkindle-20&linkId=551706601a1080104e2dbb0e17826f96
kindlet.info,200,,https://www.amazon.com/b/ref=as_li_ss_tl?ie=UTF8&node=6669702011&linkCode=sl2&tag=amznipkindle-20&linkId=551706601a1080104e2dbb0e17826f96
kindlet.net,200,,https://www.amazon.com/b/ref=as_li_ss_tl?ie=UTF8&node=6669702011&linkCode=sl2&tag=amznipkindle-20&linkId=551706601a1080104e2dbb0e17826f96
kindlet.org,200,,https://www.amazon.com/b/ref=as_li_ss_tl?ie=UTF8&node=6669702011&linkCode=sl2&tag=amznipkindle-20&linkId=551706601a1080104e2dbb0e17826f96
kindletevent.com,200,,https://www.amazon.com/b/ref=as_li_ss_tl?ie=UTF8&node=6669702011&linkCode=sl2&tag=amznipkindle-20&linkId=551706601a1080104e2dbb0e17826f96
kindletextbook.com,200,,https://www.amazon.com/New-Used-Textbooks-Books/b/ref=as_li_ss_tl?node=465600&linkCode=sl2&tag=amznipbooks-20&linkId=c7a729e799871c84b40646f4b7ee1b3e
kindletextbookcreator.com,200,,https://www.amazon.com/New-Used-Textbooks-Books/b/ref=as_li_ss_tl?node=465600&linkCode=sl2&tag=amznipbooks-20&linkId=c7a729e799871c84b40646f4b7ee1b3e
kindlethreedimensional.com,200,,https://www.amazon.com/dp/B00OC0USA6
kindletimage.com,200,,https://www.amazon.com/b/ref=as_li_ss_tl?ie=UTF8&node=6669702011&linkCode=sl2&tag=amznipkindle-20&linkId=551706601a1080104e2dbb0e17826f96
kindletips.com,200,,https://www.amazon.com/b/ref=as_li_ss_tl?ie=UTF8&node=6669702011&linkCode=sl2&tag=amznipkindle-20&linkId=551706601a1080104e2dbb0e17826f96
kindletips.info,200,,https://www.amazon.com/b/ref=as_li_ss_tl?ie=UTF8&node=6669702011&linkCode=sl2&tag=amznipkindle-20&linkId=551706601a1080104e2dbb0e17826f96
kindletitles.com,200,,https://www.amazon.com/b/ref=as_li_ss_tl?ie=UTF8&node=6669702011&linkCode=sl2&tag=amznipkindle-20&linkId=551706601a1080104e2dbb0e17826f96
kindletoday.info,200,,https://www.amazon.com/b/ref=as_li_ss_tl?ie=UTF8&node=6669702011&linkCode=sl2&tag=amznipkindle-20&linkId=551706601a1080104e2dbb0e17826f96
kindletokindle.com,200,,https://www.amazon.com/b/ref=as_li_ss_tl?ie=UTF8&node=6669702011&linkCode=sl2&tag=amznipkindle-20&linkId=551706601a1080104e2dbb0e17826f96
kindletorrents.com,200,,https://www.amazon.com/ref=as_li_ss_tl?ie=UTF8&linkCode=sl2&tag=amznipops-20&linkId=ef33ef1998890bd8a89ba9c3007fa6cd
kindletouch.at,200,,https://www.amazon.de/
kindletouch.com,200,200,https://www.amazon.com:443/dp/B00JG8GOWU
kindletouch.fr,200,200,https://www.amazon.fr/dp/B005890FUI/ref=tb_surl_kindletouch
kindletouch.it,200,200,https://www.amazon.it/dp/B005890FUI/ref=tb_surl_kindletouch
kindletouch.net,200,,https://www.amazon.com/b/ref=as_li_ss_tl?ie=UTF8&node=6669702011&linkCode=sl2&tag=amznipkindle-20&linkId=551706601a1080104e2dbb0e17826f96
kindletricks.com,200,,https://www.amazon.com/b/ref=as_li_ss_tl?ie=UTF8&node=6669702011&linkCode=sl2&tag=amznipkindle-20&linkId=551706601a1080104e2dbb0e17826f96
kindletui.com,200,,https://www.amazon.com/b/ref=as_li_ss_tl?ie=UTF8&node=6669702011&linkCode=sl2&tag=amznipkindle-20&linkId=551706601a1080104e2dbb0e17826f96
kindletutil.com,200,,https://www.amazon.com/b/ref=as_li_ss_tl?ie=UTF8&node=6669702011&linkCode=sl2&tag=amznipkindle-20&linkId=551706601a1080104e2dbb0e17826f96
kindletv.it,202,,https://www.amazon.it/
kindletv.org,200,,https://www.amazon.com/firetv/
kindleui.com,200,,https://www.amazon.com/b/ref=as_li_ss_tl?ie=UTF8&node=6669702011&linkCode=sl2&tag=amznipkindle-20&linkId=551706601a1080104e2dbb0e17826f96
kindleuk.info,200,,https://www.amazon.com/ref=as_li_ss_tl?ie=UTF8&linkCode=sl2&tag=amznipops-20&linkId=ef33ef1998890bd8a89ba9c3007fa6cd
kindleunlimited.at,200,,https://www.amazon.de/
kindleunlimited.co.at,200,,https://www.amazon.de/
kindleunlimited.fr,200,,https://www.amazon.fr:443/kindle-dbs/hz/subscribe/ku
kindleunlimited.info,200,,https://www.amazon.com:443/kindle-dbs/hz/subscribe/ku
kindleunlimited.it,200,,https://www.amazon.it:443/kindle-dbs/hz/subscribe/ku
kindleusers.biz,200,,https://www.amazon.com/dp/B00I15SB16
kindleusers.info,200,,https://www.amazon.com/dp/B00I15SB16
kindleutil.com,200,,https://www.amazon.com/b/ref=as_li_ss_tl?ie=UTF8&node=6669702011&linkCode=sl2&tag=amznipkindle-20&linkId=551706601a1080104e2dbb0e17826f96
kindleutility.com,200,,https://www.amazon.com/b/ref=as_li_ss_tl?ie=UTF8&node=6669702011&linkCode=sl2&tag=amznipkindle-20&linkId=551706601a1080104e2dbb0e17826f96
kindlevideos.info,200,,https://www.amazon.com/b/ref=as_li_ss_tl?&node=2858778011&linkCode=sl2&tag=amznipvideo-20&linkId=ad5fbe1dee38564cbbacf1392fafb4ae
kindleview.net,200,,https://www.amazon.com/ref=as_li_ss_tl?ie=UTF8&linkCode=sl2&tag=amznipops-20&linkId=ef33ef1998890bd8a89ba9c3007fa6cd
kindlevisions.com,200,,https://www.amazon.com/b/ref=as_li_ss_tl?ie=UTF8&node=6669702011&linkCode=sl2&tag=amznipkindle-20&linkId=551706601a1080104e2dbb0e17826f96
kindlevoice.com,200,,https://www.amazon.com/b/ref=as_li_ss_tl?ie=UTF8&node=6669702011&linkCode=sl2&tag=amznipkindle-20&linkId=551706601a1080104e2dbb0e17826f96
kindlevoyage.com,200,,https://www.amazon.com/dp/B00IOY8XWQ
kindleware.com,200,,https://www.amazon.com/b/ref=as_li_ss_tl?ie=UTF8&node=6669702011&linkCode=sl2&tag=amznipkindle-20&linkId=551706601a1080104e2dbb0e17826f96
kindleware.net,200,,https://www.amazon.com/ref=as_li_ss_tl?ie=UTF8&linkCode=sl2&tag=amznipops-20&linkId=ef33ef1998890bd8a89ba9c3007fa6cd
kindlewarehouse.com,200,,https://www.amazon.com/b/ref=as_li_ss_tl?ie=UTF8&node=6669702011&linkCode=sl2&tag=amznipkindle-20&linkId=551706601a1080104e2dbb0e17826f96
kindlewhispercast.fr,202,,https://www.amazon.fr/
kindlewhispercast.it,202,,https://www.amazon.it/
kindlewhispernet.com,200,,https://www.amazon.com/dp/B00I15SB16
kindlewhispersync.at,200,,https://www.amazon.de/
kindlewhispersync.co.at,200,,https://www.amazon.de/
kindlewhispersync.fr,202,,https://www.amazon.fr/
kindlewhispersync.it,202,,https://www.amazon.it/
kindlewi-fi.info,200,,https://www.amazon.com/ref=as_li_ss_tl?ie=UTF8&linkCode=sl2&tag=amznipops-20&linkId=ef33ef1998890bd8a89ba9c3007fa6cd
kindlewifi.fr,202,,https://www.amazon.fr/
kindlewifi.it,202,,https://www.amazon.it/
kindlewifi.net,200,,https://www.amazon.com/ref=as_li_ss_tl?ie=UTF8&linkCode=sl2&tag=amznipops-20&linkId=ef33ef1998890bd8a89ba9c3007fa6cd
kindlewiki.info,200,,https://www.amazon.com/ref=as_li_ss_tl?ie=UTF8&linkCode=sl2&tag=amznipops-20&linkId=ef33ef1998890bd8a89ba9c3007fa6cd
kindlewire.com,200,,https://www.amazon.com/b/ref=as_li_ss_tl?ie=UTF8&node=6669702011&linkCode=sl2&tag=amznipkindle-20&linkId=551706601a1080104e2dbb0e17826f96
kindlewire.net,200,,https://www.amazon.com/ref=as_li_ss_tl?ie=UTF8&linkCode=sl2&tag=amznipops-20&linkId=ef33ef1998890bd8a89ba9c3007fa6cd
kindlewireless.info,200,,https://www.amazon.com/b/ref=as_li_ss_tl?ie=UTF8&node=6669702011&linkCode=sl2&tag=amznipkindle-20&linkId=551706601a1080104e2dbb0e17826f96
kindleworld.info,200,,https://www.amazon.com/ref=as_li_ss_tl?ie=UTF8&linkCode=sl2&tag=amznipops-20&linkId=ef33ef1998890bd8a89ba9c3007fa6cd
kindlewriteon.com,200,,https://www.amazon.com/kindle/
kindlex-ray.at,200,,https://www.amazon.de/
kindlex-ray.fr,202,,https://www.amazon.fr/
kindlex-ray.it,202,,https://www.amazon.it/
kindlexray.at,200,,https://www.amazon.de/
kindlexray.fr,202,,https://www.amazon.fr/
kindlexray.it,202,,https://www.amazon.it/
kindlexstore.com,200,,https://www.amazon.com/b/ref=as_li_ss_tl?ie=UTF8&node=6669702011&linkCode=sl2&tag=amznipkindle-20&linkId=551706601a1080104e2dbb0e17826f96
kindlexxx.com,200,,https://www.amazon.com/ref=as_li_ss_tl?ie=UTF8&linkCode=sl2&tag=amznipops-20&linkId=ef33ef1998890bd8a89ba9c3007fa6cd
kindlez.com,200,,https://www.amazon.com/b/ref=as_li_ss_tl?ie=UTF8&node=6669702011&linkCode=sl2&tag=amznipkindle-20&linkId=551706601a1080104e2dbb0e17826f96
kindlezone.com,200,,https://www.amazon.com/ref=as_li_ss_tl?ie=UTF8&linkCode=sl2&tag=amznipops-20&linkId=ef33ef1998890bd8a89ba9c3007fa6cd
kindlezoom.com,200,,https://www.amazon.com/b/ref=as_li_ss_tl?ie=UTF8&node=6669702011&linkCode=sl2&tag=amznipkindle-20&linkId=551706601a1080104e2dbb0e17826f96
kinesisaws.com,200,,https://aws.amazon.com/kinesis/
klimalex.es,200,200,https://klimalex.es/
kuipersatellite.com,200,,https://leo.amazon.com/
kuipersystems.com,200,,https://leo.amazon.com/
lab126.net,200,,https://www.amazon.com/ref=as_li_ss_tl?_encoding=UTF8&camp=1789&creative=390957&linkCode=ur2&tag=amznipops-20&linkId=VETEOIMPO7O4WRWZ
lab126.org,200,,https://www.amazon.com/ref=as_li_ss_tl?_encoding=UTF8&camp=1789&creative=390957&linkCode=ur2&tag=amznipops-20&linkId=VETEOIMPO7O4WRWZ
laborlex.ch,200,200,https://www.lexlaboris.ch/
lastmileamazon.com,200,,https://www.amazon.com/ref=as_li_ss_tl?ie=UTF8&linkCode=sl2&tag=amznipops-20&linkId=ef33ef1998890bd8a89ba9c3007fa6cd
lastmileamazon.net,202,202,https://www.amazon.com:443/
lasvegaszappos.us,200,,https://www.zappos.com/
lavora-con-amazon.it,200,,https://www.amazon.jobs/content/it/teams/fulfillment-and-operations/italy
lex-media.es,200,200,https://lex-media.es/
likeamazon.com,200,,https://www.amazon.com/ref=as_li_ss_tl?_encoding=UTF8&camp=1789&creative=390957&linkCode=ur2&tag=amznipops-20&linkId=VETEOIMPO7O4WRWZ
liveatamazon.com,503,200,https://www.amazon.com:443/b?node=23967574011&ie=UTF8&docId=1000848841
login-verify-amazon.com,200,,https://www.amazon.com/ref=as_li_ss_tl?_encoding=UTF8&camp=1789&creative=390957&linkCode=ur2&tag=amznipops-20&linkId=VETEOIMPO7O4WRWZ
lojakindlebrasil.com,200,,https://www.amazon.com/b/ref=as_li_ss_tl?ie=UTF8&node=6669702011&linkCode=sl2&tag=amznipkindle-20&linkId=551706601a1080104e2dbb0e17826f96
lojakindlebrazil.com,200,,https://www.amazon.com/b/ref=as_li_ss_tl?ie=UTF8&node=6669702011&linkCode=sl2&tag=amznipkindle-20&linkId=551706601a1080104e2dbb0e17826f96
luxecho.gr,200,200,https://luxecho.gr/
mail-amazon.com,200,200,https://www.amazon.com/ap/signin?openid.pape.max_auth_age=3600&openid.return_to=https%3A%2F%2Fwww.amazon.com%2Fpreferences%2Fsubscriptions%2Fyour-subscriptions%2Fbrowse-all-subscriptions%2F%3Fref%3Dsd_allcatpop_gss%2F&openid.identity=http%3A%2F%2Fspecs.openid.net%2Fauth%2F2.0%2Fidentifier_select&openid.assoc_handle=outbound_comm_preferences_us&openid.mode=checkid_setup&language=en_US&openid.claimed_id=http%3A%2F%2Fspecs.openid.net%2Fauth%2F2.0%2Fidentifier_select&pageId=loginCheckout-outbound_comm_preferences_us&openid.ns=http%3A%2F%2Fspecs.openid.net%2Fauth%2F2.0
mailec2.com,200,,https://aws.amazon.com/
mamazon.at,200,,https://www.amazon.de/
mamazon.fr,202,,https://www.amazon.fr/
manageyourkindle.com,200,,https://www.amazon.com/ref=as_li_ss_tl?ie=UTF8&linkCode=sl2&tag=amznipops-20&linkId=07057771cdf5019fb44a6e88c747a894
marketplaceamazon.com,200,,https://www.amazon.com/ref=as_li_ss_tl?_encoding=UTF8&camp=1789&creative=390957&linkCode=ur2&tag=amznipops-20&linkId=VETEOIMPO7O4WRWZ
mazaya-fire.iq,200,200,http://mazaya-fire.com/
meamazon.com,200,,https://www.amazon.com/ref=as_li_ss_tl?ie=UTF8&linkCode=sl2&tag=amznipops-20&linkId=ef33ef1998890bd8a89ba9c3007fa6cd
mechanicalturk.com,200,200,https://www.mturk.com:443/
mechanicalturk.fr,200,,https://www.amazon.fr/
mediaimdb.com,202,,https://www.imdb.com/
medicalaialexa.com,200,,
medicalaiprime.com,200,,
medicalassistalexa.com,200,,
medicalassistantalexa.com,200,,
medicalassistantprime.com,200,,
medicalassistprime.com,200,,
meinkindle.info,200,,https://www.amazon.com/ref=as_li_ss_tl?ie=UTF8&linkCode=sl2&tag=amznipops-20&linkId=ef33ef1998890bd8a89ba9c3007fa6cd
mikesamazonstore.com,200,,https://www.amazon.com/ref=as_li_ss_tl?_encoding=UTF8&camp=1789&creative=390957&linkCode=ur2&tag=amznipops-20&linkId=VETEOIMPO7O4WRWZ
mini-amazon.com,200,,https://www.amazon.com/ref=as_li_ss_tl?_encoding=UTF8&camp=1789&creative=390957&linkCode=ur2&tag=amznipops-20&linkId=VETEOIMPO7O4WRWZ
mobile-a9.com,200,,https://www.amazon.com/ref=as_li_ss_tl?ie=UTF8&linkCode=sl2&tag=amznipops-20&linkId=ef33ef1998890bd8a89ba9c3007fa6cd
mobilea9.com,200,,https://www.amazon.com/ref=as_li_ss_tl?ie=UTF8&linkCode=sl2&tag=amznipops-20&linkId=ef33ef1998890bd8a89ba9c3007fa6cd
mobileaudible.com,200,,https://www.amazon.com/ref=as_li_ss_tl?ie=UTF8&linkCode=sl2&tag=amznipops-20&linkId=ef33ef1998890bd8a89ba9c3007fa6cd
mobileimdb.com,202,,https://www.imdb.com/
momsagainstzoox.com,200,,
movie-imdb.com,200,,https://www.amazon.com/ref=as_li_ss_tl?ie=UTF8&linkCode=sl2&tag=amznipops-20&linkId=ef33ef1998890bd8a89ba9c3007fa6cd
movieimdb.com,200,,https://www.amazon.com/ref=as_li_ss_tl?ie=UTF8&linkCode=sl2&tag=amznipops-20&linkId=ef33ef1998890bd8a89ba9c3007fa6cd
movieimdb.net,200,,https://www.amazon.com/ref=as_li_ss_tl?ie=UTF8&linkCode=sl2&tag=amznipops-20&linkId=ef33ef1998890bd8a89ba9c3007fa6cd
movies-imdb.com,202,,https://www.imdb.com/
moviesimdb.com,202,,https://www.imdb.com/
mp3-amazon.info,200,,https://www.amazon.com/ref=as_li_ss_tl?_encoding=UTF8&camp=1789&creative=390957&linkCode=ur2&tag=amznipops-20&linkId=VETEOIMPO7O4WRWZ
mturk.com,200,200,https://www.mturk.com:443/
mturk.fr,200,,https://www.amazon.fr/
mturker.com,200,,https://www.amazon.com/ref=as_li_ss_tl?ie=UTF8&linkCode=sl2&tag=amznipops-20&linkId=ef33ef1998890bd8a89ba9c3007fa6cd
mturkinfo.com,200,,https://www.amazon.com/ref=as_li_ss_tl?ie=UTF8&linkCode=sl2&tag=amznipops-20&linkId=ef33ef1998890bd8a89ba9c3007fa6cd
mturklabeling.xyz,200,200,
mturknews.com,200,,https://www.amazon.com/ref=as_li_ss_tl?ie=UTF8&linkCode=sl2&tag=amznipops-20&linkId=ef33ef1998890bd8a89ba9c3007fa6cd
mturkonline.com,200,,https://www.amazon.com/ref=as_li_ss_tl?ie=UTF8&linkCode=sl2&tag=amznipops-20&linkId=ef33ef1998890bd8a89ba9c3007fa6cd
mundokindle.cl,200,,https://www.amazon.com/b/ref=as_li_ss_tl?ie=UTF8&node=6669702011&linkCode=sl2&tag=amznipkindle-20&linkId=551706601a1080104e2dbb0e17826f96
mundokindle.com,200,,https://www.amazon.com/ref=as_li_ss_tl?ie=UTF8&linkCode=sl2&tag=amznipops-20&linkId=ef33ef1998890bd8a89ba9c3007fa6cd
music-amazon.com,200,200,https://www.amazon.com:443/music-rock-classical-pop-jazz/b?ie=UTF8&node=5174
musicamazon.com,200,,https://www.amazon.com/ref=as_li_ss_tl?_encoding=UTF8&camp=1789&creative=390957&linkCode=ur2&tag=amznipops-20&linkId=VETEOIMPO7O4WRWZ
my-amazon.com,200,,https://www.amazon.com/ref=as_li_ss_tl?_encoding=UTF8&camp=1789&creative=390957&linkCode=ur2&tag=amznipops-20&linkId=VETEOIMPO7O4WRWZ
myamazon.info,200,,https://www.amazon.com/ref=as_li_ss_tl?_encoding=UTF8&camp=1789&creative=390957&linkCode=ur2&tag=amznipops-20&linkId=VETEOIMPO7O4WRWZ
myamazon.net,200,,https://www.amazon.com/ref=as_li_ss_tl?_encoding=UTF8&camp=1789&creative=390957&linkCode=ur2&tag=amznipops-20&linkId=VETEOIMPO7O4WRWZ
myamazon.org,200,,https://www.amazon.com/ref=as_li_ss_tl?ie=UTF8&linkCode=sl2&tag=amznipops-20&linkId=ef33ef1998890bd8a89ba9c3007fa6cd
myamazonbargainstore.info,200,,https://www.amazon.com/ref=as_li_ss_tl?ie=UTF8&linkCode=sl2&tag=amznipops-20&linkId=ef33ef1998890bd8a89ba9c3007fa6cd
myamazonbasket.com,200,,https://www.amazon.com/ref=as_li_ss_tl?_encoding=UTF8&camp=1789&creative=390957&linkCode=ur2&tag=amznipops-20&linkId=VETEOIMPO7O4WRWZ
myamazoncart.com,200,,https://www.amazon.com/ref=as_li_ss_tl?_encoding=UTF8&camp=1789&creative=390957&linkCode=ur2&tag=amznipops-20&linkId=VETEOIMPO7O4WRWZ
myamazoncheckout.com,200,,https://www.amazon.com/ref=as_li_ss_tl?_encoding=UTF8&camp=1789&creative=390957&linkCode=ur2&tag=amznipops-20&linkId=VETEOIMPO7O4WRWZ
myamazoncredit.com,200,,https://www.amazon.com/ref=as_li_ss_tl?_encoding=UTF8&camp=1789&creative=390957&linkCode=ur2&tag=amznipops-20&linkId=VETEOIMPO7O4WRWZ
myamazonkindle.info,200,,https://www.amazon.com/b/ref=as_li_ss_tl?ie=UTF8&node=6669702011&linkCode=sl2&tag=amznipkindle-20&linkId=551706601a1080104e2dbb0e17826f96
myamazonoutlet.com,200,,https://www.amazon.com/ref=as_li_ss_tl?ie=UTF8&linkCode=sl2&tag=amznipops-20&linkId=ef33ef1998890bd8a89ba9c3007fa6cd
myamazonprime.com,200,,https://www.amazon.com/ref=as_li_ss_tl?_encoding=UTF8&camp=1789&creative=390957&linkCode=ur2&tag=amznipops-20&linkId=VETEOIMPO7O4WRWZ
myamazonshop.com,200,,https://www.amazon.com/ref=as_li_ss_tl?_encoding=UTF8&camp=1789&creative=390957&linkCode=ur2&tag=amznipops-20&linkId=VETEOIMPO7O4WRWZ
myamazonshopping.com,200,,https://www.amazon.com/ref=as_li_ss_tl?_encoding=UTF8&camp=1789&creative=390957&linkCode=ur2&tag=amznipops-20&linkId=VETEOIMPO7O4WRWZ
myamazonsites.info,200,,https://www.amazon.com/ref=as_li_ss_tl?_encoding=UTF8&camp=1789&creative=390957&linkCode=ur2&tag=amznipops-20&linkId=VETEOIMPO7O4WRWZ
myamazonsuperstore.info,200,,https://www.amazon.com/ref=as_li_ss_tl?ie=UTF8&linkCode=sl2&tag=amznipops-20&linkId=ef33ef1998890bd8a89ba9c3007fa6cd
myamazontablet.biz,200,,https://www.amazon.com/b/ref=as_li_ss_tl?&node=6669703011&linkCode=sl2&tag=amznipdevice-20&linkId=b346db77eadf5ac338f5410cc2a35977
myamazontablet.info,200,,https://www.amazon.com/b/ref=as_li_ss_tl?&node=6669703011&linkCode=sl2&tag=amznipdevice-20&linkId=b346db77eadf5ac338f5410cc2a35977
myamazonwriter.com,200,,https://www.amazon.com/ref=as_li_ss_tl?_encoding=UTF8&camp=1789&creative=390957&linkCode=ur2&tag=amznipops-20&linkId=VETEOIMPO7O4WRWZ
myaws.com,200,,https://aws.amazon.com/
myfreekindle.com,200,,https://www.amazon.com/b/ref=as_li_ss_tl?ie=UTF8&node=6669702011&linkCode=sl2&tag=amznipkindle-20&linkId=551706601a1080104e2dbb0e17826f96
myimdb.info,202,,https://www.imdb.com/
mykindle.biz,200,,https://www.amazon.com/dp/B00I15SB16
mykindle.com,200,,https://www.amazon.com/ref=as_li_ss_tl?ie=UTF8&linkCode=sl2&tag=amznipops-20&linkId=ef33ef1998890bd8a89ba9c3007fa6cd
mykindle.net,200,,https://www.amazon.com/ref=as_li_ss_tl?ie=UTF8&linkCode=sl2&tag=amznipops-20&linkId=ef33ef1998890bd8a89ba9c3007fa6cd
mykindle2store.com,200,,https://www.amazon.com/b/ref=as_li_ss_tl?ie=UTF8&node=6669702011&linkCode=sl2&tag=amznipkindle-20&linkId=551706601a1080104e2dbb0e17826f96
mykindlebook.biz,200,,https://www.amazon.com/dp/B00I15SB16
mykindlebook.info,200,,https://www.amazon.com/dp/B00I15SB16
mykindlebooks.com,200,,https://www.amazon.com/b/ref=as_li_ss_tl?ie=UTF8&node=6669702011&linkCode=sl2&tag=amznipkindle-20&linkId=551706601a1080104e2dbb0e17826f96
mykindledownloads.com,200,,https://www.amazon.com/b/ref=as_li_ss_tl?ie=UTF8&node=6669702011&linkCode=sl2&tag=amznipkindle-20&linkId=551706601a1080104e2dbb0e17826f96
mykindlefeeds.com,200,,https://www.amazon.com/b/ref=as_li_ss_tl?ie=UTF8&node=6669702011&linkCode=sl2&tag=amznipkindle-20&linkId=551706601a1080104e2dbb0e17826f96
mykindlepaperwhite.com,200,,https://www.amazon.com/b/ref=as_li_ss_tl?ie=UTF8&node=6669702011&linkCode=sl2&tag=amznipkindle-20&linkId=551706601a1080104e2dbb0e17826f96
mykindlereader.biz,200,,https://www.amazon.com/dp/B00I15SB16
mykindlereader.info,200,,https://www.amazon.com/dp/B00I15SB16
mykindlespace.com,200,,https://www.amazon.com/b/ref=as_li_ss_tl?ie=UTF8&node=6669702011&linkCode=sl2&tag=amznipkindle-20&linkId=551706601a1080104e2dbb0e17826f96
mykindlestore.com,200,,https://www.amazon.com/b/ref=as_li_ss_tl?ie=UTF8&node=6669702011&linkCode=sl2&tag=amznipkindle-20&linkId=551706601a1080104e2dbb0e17826f96
mykindlestore.net,200,,https://www.amazon.com/ref=as_li_ss_tl?ie=UTF8&linkCode=sl2&tag=amznipops-20&linkId=ef33ef1998890bd8a89ba9c3007fa6cd
mykindlestuff.com,200,,https://www.amazon.com/ref=as_li_ss_tl?ie=UTF8&linkCode=sl2&tag=amznipops-20&linkId=ef33ef1998890bd8a89ba9c3007fa6cd
mykindlewireless.com,200,,https://www.amazon.com/ref=as_li_ss_tl?ie=UTF8&linkCode=sl2&tag=amznipops-20&linkId=ef33ef1998890bd8a89ba9c3007fa6cd
mzdyamazon.cz,200,,https://informationhighway.coredat.com/
namazon.com,200,,https://www.amazon.com/ref=as_li_ss_tl?_encoding=UTF8&camp=1789&creative=390957&linkCode=ur2&tag=amznipops-20&linkId=VETEOIMPO7O4WRWZ
negozioamazon.it,202,,https://www.amazon.it/
networkimdb.com,202,,https://www.imdb.com/
newamazonkindle.com,200,,https://www.amazon.com/b/ref=as_li_ss_tl?ie=UTF8&node=6669702011&linkCode=sl2&tag=amznipkindle-20&linkId=551706601a1080104e2dbb0e17826f96
newamazonkindle.net,200,,https://www.amazon.com/b/ref=as_li_ss_tl?ie=UTF8&node=6669702011&linkCode=sl2&tag=amznipkindle-20&linkId=551706601a1080104e2dbb0e17826f96
newamazonwebstore.com,200,,https://www.amazon.com/ref=as_li_ss_tl?_encoding=UTF8&camp=1789&creative=390957&linkCode=ur2&tag=amznipops-20&linkId=VETEOIMPO7O4WRWZ
newimdb.com,202,,https://www.imdb.com/
newkindle.com,200,,https://www.amazon.com/b/ref=as_li_ss_tl?ie=UTF8&node=6669702011&linkCode=sl2&tag=amznipkindle-20&linkId=551706601a1080104e2dbb0e17826f96
newkindle.info,200,,https://www.amazon.com/ref=as_li_ss_tl?ie=UTF8&linkCode=sl2&tag=amznipops-20&linkId=ef33ef1998890bd8a89ba9c3007fa6cd
newkindlebooks.info,200,,https://www.amazon.com/ref=as_li_ss_tl?ie=UTF8&linkCode=sl2&tag=amznipops-20&linkId=ef33ef1998890bd8a89ba9c3007fa6cd
newkindleereader.com,200,,https://www.amazon.com/ref=as_li_ss_tl?ie=UTF8&linkCode=sl2&tag=amznipops-20&linkId=ef33ef1998890bd8a89ba9c3007fa6cd
newkindlereadingdevice.com,200,,https://www.amazon.com/ref=as_li_ss_tl?ie=UTF8&linkCode=sl2&tag=amznipops-20&linkId=ef33ef1998890bd8a89ba9c3007fa6cd
newkindles.com,200,,https://www.amazon.com/b/ref=as_li_ss_tl?ie=UTF8&node=6669702011&linkCode=sl2&tag=amznipkindle-20&linkId=551706601a1080104e2dbb0e17826f96
newsonimdbbuzz.com,202,,https://www.imdb.com/
newusedkindle.com,200,,https://www.amazon.com/b/ref=as_li_ss_tl?ie=UTF8&node=6669702011&linkCode=sl2&tag=amznipkindle-20&linkId=551706601a1080104e2dbb0e17826f96
newworld.com,200,200,https://www.newworld.com/en-us
nic.kindle,200,200,https://www.registry.amazon:443/
notamazon.net,200,,https://www.amazon.com/ref=as_li_ss_tl?_encoding=UTF8&camp=1789&creative=390957&linkCode=ur2&tag=amznipops-20&linkId=VETEOIMPO7O4WRWZ
notmyzoox.com,200,,
nozooxhere.com,200,,
nyamazon.com,200,,https://www.amazon.com/ref=as_li_ss_tl?ie=UTF8&linkCode=sl2&tag=amznipops-20&linkId=07057771cdf5019fb44a6e88c747a894
oamazon.com,202,202,https://www.amazon.com:443/
officesuppliesatamazon.com,200,,https://www.amazon.com/ref=as_li_ss_tl?_encoding=UTF8&camp=1789&creative=390957&linkCode=ur2&tag=amznipops-20&linkId=VETEOIMPO7O4WRWZ
on-amazon.com,200,,https://www.amazon.com/ref=as_li_ss_tl?_encoding=UTF8&camp=1789&creative=390957&linkCode=ur2&tag=amznipops-20&linkId=VETEOIMPO7O4WRWZ
onemedical-aicare.com,200,,
onemedicalai.com,200,,
onemedicalai.health,200,,
onemedicalaicare.com,200,,
onemedicalaicarehealth.com,200,,
online-amazon-login.com,200,,https://www.amazon.com/ref=as_li_ss_tl?_encoding=UTF8&camp=1789&creative=390957&linkCode=ur2&tag=amznipops-20&linkId=VETEOIMPO7O4WRWZ
online-terms-amazon.com,200,,https://www.amazon.com/ref=as_li_ss_tl?_encoding=UTF8&camp=1789&creative=390957&linkCode=ur2&tag=amznipops-20&linkId=VETEOIMPO7O4WRWZ
onlineamazon.com,200,200,https://www.amazon.com:443/b?ie=UTF8&node=16261631
onlineamazon.info,200,,https://www.amazon.com/ref=as_li_ss_tl?ie=UTF8&linkCode=sl2&tag=amznipops-20&linkId=ef33ef1998890bd8a89ba9c3007fa6cd
onlineamazonpayments.com,200,,https://www.amazon.com/ref=as_li_ss_tl?_encoding=UTF8&camp=1789&creative=390957&linkCode=ur2&tag=amznipops-20&linkId=VETEOIMPO7O4WRWZ
onlinekindlereviews.com,200,,https://www.amazon.com/ref=as_li_ss_tl?ie=UTF8&linkCode=sl2&tag=amznipops-20&linkId=ef33ef1998890bd8a89ba9c3007fa6cd
onlinekindlestore.info,200,,https://www.amazon.com/ref=as_li_ss_tl?ie=UTF8&linkCode=sl2&tag=amznipops-20&linkId=ef33ef1998890bd8a89ba9c3007fa6cd
onlyamazonuk.com,200,,https://www.amazon.com/ref=as_li_ss_tl?ie=UTF8&linkCode=sl2&tag=amznipops-20&linkId=ef33ef1998890bd8a89ba9c3007fa6cd
openkindle.com,200,,https://www.amazon.com/dp/B00I15SB16
optimizedforkindle.com,200,,https://www.amazon.com/ref=as_li_ss_tl?ie=UTF8&linkCode=sl2&tag=amznipops-20&linkId=ef33ef1998890bd8a89ba9c3007fa6cd
orca-aws.com,200,,
orderkindle.info,200,,https://www.safebrowse.io/warn.html?url=http://orderkindle.info/&token=c9c7c9ab
pagekindle.com,200,,https://www.amazon.com/ref=as_li_ss_tl?ie=UTF8&linkCode=sl2&tag=amznipops-20&linkId=ef33ef1998890bd8a89ba9c3007fa6cd
pamazon.net,200,,https://www.amazon.com/ref=as_li_ss_tl?_encoding=UTF8&camp=1789&creative=390957&linkCode=ur2&tag=amznipops-20&linkId=VETEOIMPO7O4WRWZ
partenairesamazon.fr,200,,https://partenaires.amazon.fr/
partiql.org,200,200,https://partiql.org/
passwordforkindle.com,200,,https://www.amazon.com/b/ref=as_li_ss_tl?ie=UTF8&node=6669702011&linkCode=sl2&tag=amznipkindle-20&linkId=551706601a1080104e2dbb0e17826f96
paws-and-tails.gr,200,200,https://www.paws-and-tails.gr/
pawspaleochora.gr,200,200,https://www.pawspaleochora.gr/
payamazon.com,200,,https://www.amazon.com/ref=as_li_ss_tl?ie=UTF8&linkCode=sl2&tag=amznipops-20&linkId=07057771cdf5019fb44a6e88c747a894
payauto-amazon.com,200,,https://www.amazon.com/ref=as_li_ss_tl?ie=UTF8&linkCode=sl2&tag=amznipops-20&linkId=ef33ef1998890bd8a89ba9c3007fa6cd
paywithamazon.fr,200,,https://www.amazon.fr/
paywithamazon.in,200,200,https://www.amazon.in/amazonpay/home
paywithamazon.it,202,,https://www.amazon.it/
pdfonkindle.com,200,,https://www.amazon.com/ref=as_li_ss_tl?ie=UTF8&linkCode=sl2&tag=amznipops-20&linkId=ef33ef1998890bd8a89ba9c3007fa6cd
phentabzamazon.com,200,,https://www.amazon.com/ref=as_li_ss_tl?_encoding=UTF8&camp=1789&creative=390957&linkCode=ur2&tag=amznipops-20&linkId=VETEOIMPO7O4WRWZ
photoamazon.net,200,200,https://www.amazon.com:443/b?ie=UTF8&node=502394
photoimdb.com,202,,https://www.imdb.com/
picturesimdb.com,200,,https://www.amazon.com/ref=as_li_ss_tl?_encoding=UTF8&camp=1789&creative=390957&linkCode=ur2&tag=amznipops-20&linkId=VETEOIMPO7O4WRWZ
pillpack.pharmacy,200,,https://www.pillpack.com/
podcastaws.com,200,,https://aws.amazon.com/podcasts/aws-podcast/
poweredbyamazon.info,200,,https://www.amazon.com/ref=as_li_ss_tl?_encoding=UTF8&camp=1789&creative=390957&linkCode=ur2&tag=amznipops-20&linkId=VETEOIMPO7O4WRWZ
poweredbyamazonaws.com,200,,https://www.amazon.com/ref=as_li_ss_tl?ie=UTF8&linkCode=sl2&tag=amznipops-20&linkId=07057771cdf5019fb44a6e88c747a894
poweredbyamazonwebservices.com,200,,https://www.amazon.com/ref=as_li_ss_tl?ie=UTF8&linkCode=sl2&tag=amznipops-20&linkId=07057771cdf5019fb44a6e88c747a894
poweredbyimdb.com,200,,https://www.amazon.com/ref=as_li_ss_tl?_encoding=UTF8&camp=1789&creative=390957&linkCode=ur2&tag=amznipops-20&linkId=VETEOIMPO7O4WRWZ
premioalexa.com,200,,https://developer.amazon.com/pt-BR/alexa/alexa-skills-kit/premio-alexa-de-acessibilidade
premioalexaacessibilidade.com,200,,https://developer.amazon.com/pt-BR/alexa/alexa-skills-kit/premio-alexa-de-acessibilidade
premioalexacessibilidade.com,200,,https://developer.amazon.com/pt-BR/alexa/alexa-skills-kit/premio-alexa-de-acessibilidade
premioalexadeacessibilidade.com,200,,https://developer.amazon.com/pt-BR/alexa/alexa-skills-kit/premio-alexa-de-acessibilidade
previewbyamazon.info,200,,https://www.amazon.com/ref=as_li_ss_tl?_encoding=UTF8&camp=1789&creative=390957&linkCode=ur2&tag=amznipops-20&linkId=VETEOIMPO7O4WRWZ
prime-app.ch,200,200,
prime-music.at,200,,https://www.amazon.de/
prime-now.fr,200,,https://www.amazon.fr/fmc/learn-more?ref_=primenow
prime-video-tech.com,308,,
prime.eus,200,,https://www.aboutamazon.eu/
prime.game,200,,https://www.amazon.com/b/ref=as_li_ss_tl?node=468642&linkCode=sl2&tag=amznipgames-20&linkId=97a66c47030281d7175294a11ca011b1
prime.melbourne,200,,https://www.amazon.com.au/
prime.menu,200,,https://www.amazon.com/fmc/learn-more?ref_=primenow
prime.online,200,,https://www.amazon.com/dp/B00DBYBNEE/ref=as_li_ss_tl?ie=UTF8&linkCode=sl1&tag=prime.online-20&linkId=de906b3535b518e0ca95a0c12e2bd31a
prime.photography,200,,https://www.amazon.com/ap/signin?openid.pape.max_auth_age=172800&openid.return_to=https%3A%2F%2Fwww.amazon.com%2Fphotos%2Fprimephotos%3Fcd%3D1&openid.identity=http%3A%2F%2Fspecs.openid.net%2Fauth%2F2.0%2Fidentifier_select&openid.assoc_handle=amzn_photos_web_us&openid.mode=checkid_setup&language=en_US&openid.claimed_id=http%3A%2F%2Fspecs.openid.net%2Fauth%2F2.0%2Fidentifier_select&openid.ns=http%3A%2F%2Fspecs.openid.net%2Fauth%2F2.0
prime.rodeo,200,,https://www.amazon.com/b?ie=UTF8&node=13288431
prime.saarland,202,,https://www.amazon.de/
prime.tirol,202,,https://www.amazon.de/
primeaenergy.ch,200,200,https://primeaenergy.ch/
primeair.at,202,,https://www.amazon.de/
primeair.co.at,202,,https://www.amazon.de/
primeair.fr,202,,https://www.amazon.fr/
primeair.it,202,,https://www.amazon.it/
primeair.org,200,,https://www.amazon.com/gp/b?node=119684904011
primeamazon.fr,202,,https://www.amazon.fr/
primebooks.com,200,,https://www.amazon.com/books-used-books-textbooks/b/ref=as_li_ss_tl?ie=UTF8&node=283155&linkCode=sl2&tag=primebooks.com-20&linkId=940a605e8e6c1dd77d9a401b21e20f7f
primebow.fr,200,,https://www.amazon.fr/fmc/learn-more?ref_=primenow
primebroadband.com,200,,https://leo.amazon.com/
primeday.at,200,,https://www.amazon.de/primeday
primeday.co.at,200,,https://www.amazon.de/primeday
primeday.info,200,,https://www.amazon.com/primeday
primeday.it,200,,https://www.amazon.it/primeday
primedrones.com,200,,https://www.amazon.com/gp/b?node=119684904011
primefresh.com,200,,https://www.amazon.com:443/alm/storefront?almBrandId=QW1hem9uIEZyZXNo
primegaming.com,200,,https://luna.amazon.com/claims/home?g=s
primegamingplayersguild.com,200,200,https://www.primegamingplayersguild.com/hub
primegrocers.com,200,,https://www.amazon.com/gp/browse.html/ref=as_li_ss_tl?node=16310101&linkCode=sl2&tag=amznipgrocery-20&linkId=e0cbe495943426ab8c73ec4cf338bfac
primeground.fr,202,,https://www.amazon.fr/
primeground.it,202,,https://www.amazon.it/
primehealthaialexa.com,200,,
primehealthassistant.com,200,,
primehealthcompanion.com,200,,
primeimpact.es,200,200,https://primeimpact.es/
primeinstantvideo.at,200,,https://www.amazon.de:443/gp/video/storefront
primeinstantvideo.fr,202,,https://www.amazon.fr/
primeinstantvideo.it,202,,https://www.amazon.it/
primeinstantvideo.me,200,,https://www.aboutamazon.eu/
primeinstantvideos.at,200,,https://www.amazon.de:443/gp/video/storefront
primeinstantvideos.fr,202,,https://www.amazon.fr/
primeinstantvideos.it,202,,https://www.amazon.it/
primeinstantvideos.me,200,,https://www.aboutamazon.eu/
primemediacalai.com,200,,
primemovies.cloud,200,,https://www.amazon.com:443/gp/video/storefront
primemovies.com,200,,https://www.amazon.com/b/ref=as_li_ss_tl?&node=2858778011&linkCode=sl2&tag=amznipvideo-20&linkId=ad5fbe1dee38564cbbacf1392fafb4ae
primemow.fr,200,,https://www.amazon.fr/fmc/learn-more?ref_=primenow
primemusic.at,202,,https://www.amazon.de/
primemusic.cloud,200,,https://www.amazon.com/b?node=8335758011
primemusic.co.at,202,,https://www.amazon.de/
primemusic.com,200,,https://www.amazon.com/b/ref=as_li_ss_tl?node=8335758011&linkCode=sl2&tag=primemusic.com-20&linkId=7b65ca6eaf3f315f128e225c4c3cff9b
primemusic.fr,200,,https://www.amazon.com/b?node=8335758011
primemusic.info,200,,https://www.amazon.com/b/ref=as_li_ss_tl?node=8335758011&linkCode=sl2&tag=amznipops-20&linkId=ee3280cbaf6beb435e0353da75fb85b4
primemusic.mobi,200,,https://www.amazon.com/b/ref=as_li_ss_tl?node=8335758011&linkCode=sl2&tag=amznipops-20&linkId=ee3280cbaf6beb435e0353da75fb85b4
primen0w.fr,200,,https://www.amazon.fr/fmc/learn-more?ref_=primenow
primeniw.fr,200,,https://www.amazon.fr/fmc/learn-more?ref_=primenow
primenoe.fr,200,,https://www.amazon.fr/fmc/learn-more?ref_=primenow
primenow.at,202,,https://www.amazon.de/
primenow.com,200,200,https://www.amazon.com/fmc/learn-more?ref_=primenow
primenow.london,200,,https://www.amazon.co.uk/primenow
primenow.mobi,200,,https://www.amazon.com/fmc/learn-more?ref_=primenow
primenow.nyc,200,,https://www.amazon.com/fmc/learn-more?ref_=primenow
primenow.xyz,200,200,https://www.amazon.com/fmc/learn-more?ref_=primenow
primenpw.fr,200,,https://www.amazon.fr/fmc/learn-more?ref_=primenow
primenw.com,200,,https://www.amazon.com/fmc/learn-more?ref_=primenow
primepantry.com,200,,https://www.amazon.com/b/ref=as_li_ss_tl?ie=UTF8&node=7301146011&ref_=pntry_url&linkCode=sl2&tag=primepantry.com-20&linkId=d79460378a81af58a69dc1e4d9c5f8e8
primephones.com,200,,https://www.amazon.com/electronics-store/b/ref=as_li_ss_tl?ie=UTF8&node=14613304011&linkCode=sl2&tag=primephones.com-20&linkId=dd14f38235ccedbb10cb55b45b8bfdc3
primephotos.cloud,200,,https://www.amazon.com/b/?node=13234696011
primephotos.fr,200,,https://www.amazon.com/b/?node=13234696011
primephotos.it,200,,https://www.amazon.com/b/?node=13234696011
primephotos.org,200,,https://www.amazon.com/b/?node=13234696011
primetradegroup.az,200,200,
primetwitch.com,200,,https://www.twitch.tv/prime
primevide.com,200,,https://www.amazon.com/b/ref=as_li_ss_tl?&node=2858778011&linkCode=sl2&tag=amznipvideo-20&linkId=ad5fbe1dee38564cbbacf1392fafb4ae
primevideo.ac,200,200,https://www.primevideo.com/offers/nonprimehomepage/ref=dv_web_force_root
primevideo.at,200,200,https://www.primevideo.com/offers/nonprimehomepage/ref=dv_web_force_root
primevideo.biz,200,200,https://www.primevideo.com/offers/nonprimehomepage/ref=dv_web_force_root
primevideo.co.at,200,200,https://www.primevideo.com/offers/nonprimehomepage/ref=dv_web_force_root
primevideo.com,200,200,https://www.primevideo.com/offers/nonprimehomepage/ref=dv_web_force_root
primevideo.fi,200,200,https://www.primevideo.com/offers/nonprimehomepage/ref=dv_web_force_root
primevideo.fr,200,200,https://www.primevideo.com/offers/nonprimehomepage/ref=dv_web_force_root
primevideo.in,200,200,https://www.primevideo.com/offers/nonprimehomepage/ref=dv_web_force_root
primevideo.info,200,200,https://www.primevideo.com/offers/nonprimehomepage/ref=dv_web_force_root
primevideo.is,200,200,https://www.primevideo.com/offers/nonprimehomepage/ref=dv_web_force_root
primevideo.it,200,200,https://www.primevideo.com/offers/nonprimehomepage/ref=dv_web_force_root
primevideo.mobi,200,200,https://www.primevideo.com/offers/nonprimehomepage/ref=dv_web_force_root
primevideo.online,200,200,https://www.primevideo.com/offers/nonprimehomepage/ref=dv_web_force_root
primevideo.org,200,200,https://www.primevideo.com/offers/nonprimehomepage/ref=dv_web_force_root
primevideo.xyz,200,200,https://www.primevideo.com/offers/nonprimehomepage/ref=dv_web_force_root
primevideodirect.com,200,,https://www.amazon.com/b/ref=as_li_ss_tl?&node=2858778011&linkCode=sl2&tag=amznipvideo-20&linkId=ad5fbe1dee38564cbbacf1392fafb4ae
primevideotech.com,308,308,
primewardrobe.com,200,,https://www.amazon.com/b?node=14807110011
pro-imdb.us,202,,https://www.imdb.com/
productsamazon.com,200,,https://www.amazon.com/ref=as_li_ss_tl?_encoding=UTF8&camp=1789&creative=390957&linkCode=ur2&tag=amznipops-20&linkId=VETEOIMPO7O4WRWZ
programma-affiliazione-amazon.it,202,,https://www.amazon.it/
programma-affiliazioneamazon.it,202,,https://www.amazon.it/
proimdb.asia,200,,https://www.amazon.com/ref=as_li_ss_tl?_encoding=UTF8&camp=1789&creative=390957&linkCode=ur2&tag=amznipops-20&linkId=VETEOIMPO7O4WRWZ
proimdb.us,202,,https://www.imdb.com/
projectkuiper.com,200,,https://leo.amazon.com/
promemoriaamazon.it,202,,https://www.amazon.it/
promocatering.ch,200,200,
promocodeforamazon.net,200,,https://www.amazon.com/ref=as_li_ss_tl?ie=UTF8&linkCode=sl2&tag=amznipops-20&linkId=ef33ef1998890bd8a89ba9c3007fa6cd
promocodesforamazon.com,200,,https://www.amazon.com/ref=as_li_ss_tl?_encoding=UTF8&camp=1789&creative=390957&linkCode=ur2&tag=amznipops-20&linkId=VETEOIMPO7O4WRWZ
promocodesforamazon.info,200,,https://www.amazon.com/ref=as_li_ss_tl?ie=UTF8&linkCode=sl2&tag=amznipops-20&linkId=ef33ef1998890bd8a89ba9c3007fa6cd
promocodesforamazon.net,200,,https://www.amazon.com/ref=as_li_ss_tl?ie=UTF8&linkCode=sl2&tag=amznipops-20&linkId=ef33ef1998890bd8a89ba9c3007fa6cd
protection-amazon.com,200,,https://www.amazon.com/ref=as_li_ss_tl?_encoding=UTF8&camp=1789&creative=390957&linkCode=ur2&tag=amznipops-20&linkId=VETEOIMPO7O4WRWZ
publiciteamazon.fr,200,,https://advertising.amazon.com/fr-fr
publishmybookonamazon.info,200,,https://www.amazon.com/ref=as_li_ss_tl?ie=UTF8&linkCode=sl2&tag=amznipops-20&linkId=ef33ef1998890bd8a89ba9c3007fa6cd
publishonamazon.info,200,,https://www.amazon.com/ref=as_li_ss_tl?ie=UTF8&linkCode=sl2&tag=amznipops-20&linkId=ef33ef1998890bd8a89ba9c3007fa6cd
purchasekindle.info,200,,https://www.amazon.com/ref=as_li_ss_tl?ie=UTF8&linkCode=sl2&tag=amznipops-20&linkId=ef33ef1998890bd8a89ba9c3007fa6cd
qamazon.it,202,,https://www.amazon.it/
quicksightaws.com,200,,https://aws.amazon.com/quick/quicksight/
radio-amazon.com,200,200,https://www.amazon.com:443/audio-video-portable-accessories/b?ie=UTF8&node=1065836
ramazon.com,200,200,https://www.amazon.com:443/
re-kindle.com,200,,https://www.amazon.com/b/ref=as_li_ss_tl?ie=UTF8&node=6669702011&linkCode=sl2&tag=amznipkindle-20&linkId=551706601a1080104e2dbb0e17826f96
re-kindle.org,200,,https://www.amazon.com/b/ref=as_li_ss_tl?ie=UTF8&node=6669702011&linkCode=sl2&tag=amznipkindle-20&linkId=551706601a1080104e2dbb0e17826f96
readbykindle.info,200,,https://www.amazon.com/b/ref=as_li_ss_tl?ie=UTF8&node=6669702011&linkCode=sl2&tag=amznipkindle-20&linkId=551706601a1080104e2dbb0e17826f96
reader-kindle.org,200,,https://www.amazon.com/b/ref=as_li_ss_tl?ie=UTF8&node=6669702011&linkCode=sl2&tag=amznipkindle-20&linkId=551706601a1080104e2dbb0e17826f96
redshiftaws.com,200,,https://aws.amazon.com/
rekindle.com,200,,https://www.amazon.com/b/ref=as_li_ss_tl?ie=UTF8&node=6669702011&linkCode=sl2&tag=amznipkindle-20&linkId=551706601a1080104e2dbb0e17826f96
rekindle.fr,202,,https://www.amazon.fr/
rekindle.info,200,,https://www.amazon.com/b/ref=as_li_ss_tl?ie=UTF8&node=6669702011&linkCode=sl2&tag=amznipkindle-20&linkId=551706601a1080104e2dbb0e17826f96
rekindle.it,202,,https://www.amazon.it/
rekindled.net,200,,https://www.amazon.com/b/ref=as_li_ss_tl?ie=UTF8&node=6669702011&linkCode=sl2&tag=amznipkindle-20&linkId=551706601a1080104e2dbb0e17826f96
rent-a-kindle.com,200,,https://www.amazon.com/ref=as_li_ss_tl?ie=UTF8&linkCode=sl2&tag=amznipops-20&linkId=ef33ef1998890bd8a89ba9c3007fa6cd
replayaws.com,200,,https://aws.amazon.com/
researchamazon.com,200,,https://www.amazon.com/ref=as_li_ss_tl?ie=UTF8&linkCode=sl2&tag=amznipops-20&linkId=ef33ef1998890bd8a89ba9c3007fa6cd
resumeimdb.com,202,,https://www.imdb.com/
retailamazon.com,200,,https://www.amazon.com/ref=as_li_ss_tl?_encoding=UTF8&camp=1789&creative=390957&linkCode=ur2&tag=amznipops-20&linkId=VETEOIMPO7O4WRWZ
review-kindle.com,200,,https://www.safebrowse.io/warn.html?url=http://review-kindle.com/&token=3607897a
reviewsamazonkindle.info,200,,https://www.safebrowse.io/warn.html?url=http://reviewsamazonkindle.info/&token=03960a1d
reviewsofamazonkindle.info,200,,https://www.amazon.com/b/ref=as_li_ss_tl?ie=UTF8&node=6669702011&linkCode=sl2&tag=amznipkindle-20&linkId=551706601a1080104e2dbb0e17826f96
ridezoox.com,200,,
ring.com,200,200,https://ring.com/
ring.homes,200,,https://ring.com/
rtwitch.com,200,,https://www.twitch.tv/
rtwitchcon.com,200,,https://www.twitchcon.com/
runfinch.com,200,200,https://runfinch.com/
s1-amazon.net,200,,https://www.amazon.com/ref=as_li_ss_tl?ie=UTF8&linkCode=sl2&tag=amznipops-20&linkId=07057771cdf5019fb44a6e88c747a894
s3-acronis.cloud,200,,https://www.safebrowse.io/warn.html?url=http://s3-acronis.cloud/&token=4eda9962
s3-atlassian.cloud,200,,https://www.safebrowse.io/warn.html?url=http://s3-atlassian.cloud/&token=8ac1fd16
s3-blackberry.cloud,200,,https://www.safebrowse.io/warn.html?url=http://s3-blackberry.cloud/&token=511bd3e1
s3-dk.cloud,200,,https://www.safebrowse.io/warn.html?url=http://s3-dk.cloud/&token=4bea3f81
s3-external-amazonaws.com,200,,https://aws.amazon.com/
s3-fbi.cloud,200,,https://www.safebrowse.io/warn.html?url=http://s3-fbi.cloud/&token=64b174c2
s3-ida.cloud,200,,https://www.safebrowse.io/warn.html?url=http://s3-ida.cloud/&token=9a775297
s3-iri.cloud,200,,https://www.safebrowse.io/warn.html?url=http://s3-iri.cloud/&token=123de023
s3-marcus.cloud,200,,https://www.safebrowse.io/warn.html?url=http://s3-marcus.cloud/&token=9bb503e6
s3-nsa.cloud,200,,https://www.safebrowse.io/warn.html?url=http://s3-nsa.cloud/&token=07c2f53d
s3-persistent-storage.info,200,,https://aws.amazon.com/
s3-proofpoint.cloud,200,,https://www.safebrowse.io/warn.html?url=http://s3-proofpoint.cloud/&token=3291f991
s3-spacex.cloud,200,,https://www.safebrowse.io/warn.html?url=http://s3-spacex.cloud/&token=b1f55b76
s3-ucia.cloud,200,,https://www.safebrowse.io/warn.html?url=http://s3-ucia.cloud/&token=9c87504b
safe-amazonpayments.com,200,,https://www.amazon.com/ref=as_li_ss_tl?_encoding=UTF8&camp=1789&creative=390957&linkCode=ur2&tag=amznipops-20&linkId=VETEOIMPO7O4WRWZ
safe-payment-amazon.com,200,,https://www.amazon.com/ref=as_li_ss_tl?ie=UTF8&linkCode=sl2&tag=amznipops-20&linkId=ef33ef1998890bd8a89ba9c3007fa6cd
saleoff-amazon.com,200,,https://www.amazon.com/ref=as_li_ss_tl?_encoding=UTF8&camp=1789&creative=390957&linkCode=ur2&tag=amznipops-20&linkId=VETEOIMPO7O4WRWZ
sales-amazon.com,200,,https://www.amazon.com/ref=as_li_ss_tl?_encoding=UTF8&camp=1789&creative=390957&linkCode=ur2&tag=amznipops-20&linkId=VETEOIMPO7O4WRWZ
saltburnfilm.com,200,200,https://saltburnfilm.com/
samazon.info,200,,https://www.amazon.com/ref=as_li_ss_tl?_encoding=UTF8&camp=1789&creative=390957&linkCode=ur2&tag=amznipops-20&linkId=VETEOIMPO7O4WRWZ
samazon.it,202,,https://www.amazon.it/
samazon.net,200,,https://www.amazon.com/ref=as_li_ss_tl?_encoding=UTF8&camp=1789&creative=390957&linkCode=ur2&tag=amznipops-20&linkId=VETEOIMPO7O4WRWZ
savings3.com,200,,https://www.amazon.com/ref=as_li_ss_tl?_encoding=UTF8&camp=1789&creative=390957&linkCode=ur2&tag=amznipops-20&linkId=VETEOIMPO7O4WRWZ
saynotozoox.com,200,,
scaleaws.com,200,,https://aws.amazon.com/
searchamazon.info,200,,https://www.amazon.com/ref=as_li_ss_tl?_encoding=UTF8&camp=1789&creative=390957&linkCode=ur2&tag=amznipops-20&linkId=VETEOIMPO7O4WRWZ
searchimdb.info,200,,https://www.amazon.com/ref=as_li_ss_tl?ie=UTF8&linkCode=sl2&tag=amznipops-20&linkId=ef33ef1998890bd8a89ba9c3007fa6cd
searchkindle.com,200,,https://www.amazon.com/b/ref=as_li_ss_tl?ie=UTF8&node=6669702011&linkCode=sl2&tag=amznipkindle-20&linkId=551706601a1080104e2dbb0e17826f96
seattlespheres.com,200,200,https://www.seattlespheres.com/
secondkindle.com,200,,https://www.amazon.com/b/ref=as_li_ss_tl?ie=UTF8&node=6669702011&linkCode=sl2&tag=amznipkindle-20&linkId=551706601a1080104e2dbb0e17826f96
seeimdb.com,200,,https://www.amazon.com/ref=as_li_ss_tl?ie=UTF8&linkCode=sl2&tag=amznipops-20&linkId=ef33ef1998890bd8a89ba9c3007fa6cd
seller-central-amazon.com,200,200,https://www.amazon.com:443/Money-home-page/b?ie=UTF8&node=3309511
sellercentral-amazon.info,200,,https://www.amazon.com/ref=as_li_ss_tl?_encoding=UTF8&camp=1789&creative=390957&linkCode=ur2&tag=amznipops-20&linkId=VETEOIMPO7O4WRWZ
sellersamazon.com,200,,https://www.amazon.com/ref=as_li_ss_tl?_encoding=UTF8&camp=1789&creative=390957&linkCode=ur2&tag=amznipops-20&linkId=VETEOIMPO7O4WRWZ
sellonamazonagain.info,200,,https://www.amazon.com/ref=as_li_ss_tl?ie=UTF8&linkCode=sl2&tag=amznipops-20&linkId=ef33ef1998890bd8a89ba9c3007fa6cd
sellonkindle.com,200,,https://www.amazon.com/ref=as_li_ss_tl?ie=UTF8&linkCode=sl2&tag=amznipops-20&linkId=07057771cdf5019fb44a6e88c747a894
serverlesscoffee.com,200,200,https://serverlesscoffee.com/
sewamazon.com,200,,https://www.amazon.com/ref=as_li_ss_tl?_encoding=UTF8&camp=1789&creative=390957&linkCode=ur2&tag=amznipops-20&linkId=VETEOIMPO7O4WRWZ
shahrzad-bigalex.ch,200,200,https://bigalex.ch/
shippingamazon.com,200,,https://www.amazon.com/ref=as_li_ss_tl?ie=UTF8&linkCode=sl2&tag=amznipops-20&linkId=ef33ef1998890bd8a89ba9c3007fa6cd
shoeszappos.us,200,,https://www.zappos.com/
shopamazon.com,200,,https://www.amazon.com/ref=as_li_ss_tl?ie=UTF8&linkCode=sl2&tag=amznipops-20&linkId=ef33ef1998890bd8a89ba9c3007fa6cd
shopamazon.info,200,,https://www.amazon.com/ref=as_li_ss_tl?_encoding=UTF8&camp=1789&creative=390957&linkCode=ur2&tag=amznipops-20&linkId=VETEOIMPO7O4WRWZ
shopamazon.org,200,,https://www.amazon.com/ref=as_li_ss_tl?_encoding=UTF8&camp=1789&creative=390957&linkCode=ur2&tag=amznipops-20&linkId=VETEOIMPO7O4WRWZ
shopamazonfresh.com,200,,https://www.amazon.com:443/alm/storefront?almBrandId=QW1hem9uIEZyZXNo
shopamazonfromhome.com,200,,https://www.amazon.com/ref=as_li_ss_tl?_encoding=UTF8&camp=1789&creative=390957&linkCode=ur2&tag=amznipops-20&linkId=VETEOIMPO7O4WRWZ
shopamazonnow.com,200,,https://www.amazon.com/ref=as_li_ss_tl?_encoding=UTF8&camp=1789&creative=390957&linkCode=ur2&tag=amznipops-20&linkId=VETEOIMPO7O4WRWZ
shopamazonpumps.info,200,,https://www.amazon.com/ref=as_li_ss_tl?ie=UTF8&linkCode=sl2&tag=amznipops-20&linkId=ef33ef1998890bd8a89ba9c3007fa6cd
shopamazonpurses.info,200,,https://www.amazon.com/ref=as_li_ss_tl?ie=UTF8&linkCode=sl2&tag=amznipops-20&linkId=ef33ef1998890bd8a89ba9c3007fa6cd
shopamazontoday.com,200,,https://www.amazon.com/ref=as_li_ss_tl?ie=UTF8&linkCode=sl2&tag=amznipops-20&linkId=ef33ef1998890bd8a89ba9c3007fa6cd
shopaudible.com,200,200,https://www.audible.com:443/ep/free-trial?source_code=DPMGC901NTV120911
shopaudiblebooks.com,200,200,https://www.audible.com:443/ep/free-trial?source_code=DPMGC901DTV120911
shopaudiblebooksnow.com,200,200,https://www.audible.com:443/ep/free-trial?source_code=DPMGC901ETV120911
shopaudiblenow.com,200,200,https://www.audible.com:443/ep/free-trial?source_code=DPMGC901OTV120911
shopblinkcamera.com,200,,https://blinkforhome.com/
shopbop-coupons.com,200,,https://www.shopbop.com/
shopbop.qpon,200,,https://www.shopbop.com/
shopbop.ru,200,,https://www.shopbop.com/
shopboptv.biz,200,,https://www.amazon.com/ref=as_li_ss_tl?ie=UTF8&linkCode=sl2&tag=amznipops-20&linkId=ef33ef1998890bd8a89ba9c3007fa6cd
shopboptv.com,200,,https://www.shopbop.com/
shopforamazon.net,200,,https://www.amazon.com/ref=as_li_ss_tl?ie=UTF8&linkCode=sl2&tag=amznipops-20&linkId=ef33ef1998890bd8a89ba9c3007fa6cd
shopkindlenow.com,200,,https://www.amazon.com/b/ref=as_li_ss_tl?ie=UTF8&node=6669702011&linkCode=sl2&tag=amznipkindle-20&linkId=551706601a1080104e2dbb0e17826f96
shopping-amazon.com,200,,https://www.amazon.com/ref=as_li_ss_tl?_encoding=UTF8&camp=1789&creative=390957&linkCode=ur2&tag=amznipops-20&linkId=VETEOIMPO7O4WRWZ
shops-amazon.com,200,,https://www.amazon.com/ref=as_li_ss_tl?_encoding=UTF8&camp=1789&creative=390957&linkCode=ur2&tag=amznipops-20&linkId=VETEOIMPO7O4WRWZ
shortfilmsonimdb.com,200,,https://www.amazon.com/ref=as_li_ss_tl?_encoding=UTF8&camp=1789&creative=390957&linkCode=ur2&tag=amznipops-20&linkId=VETEOIMPO7O4WRWZ
shuffledrowforkindle.com,200,,https://www.amazon.com/b/ref=as_li_ss_tl?ie=UTF8&node=6669702011&linkCode=sl2&tag=amznipkindle-20&linkId=551706601a1080104e2dbb0e17826f96
sicherheit-amazon.com,200,,https://www.amazon.com/ref=as_li_ss_tl?ie=UTF8&linkCode=sl2&tag=amznipops-20&linkId=ef33ef1998890bd8a89ba9c3007fa6cd
silk-aws.com,200,,https://aws.amazon.com/
silk-kindle.com,200,,https://www.amazon.com/b/ref=as_li_ss_tl?ie=UTF8&node=6669702011&linkCode=sl2&tag=amznipkindle-20&linkId=551706601a1080104e2dbb0e17826f96
silkaws.com,200,,https://aws.amazon.com/
silkbyaws.com,200,,https://aws.amazon.com/
silkcloudfront.com,200,,https://aws.amazon.com/
silkforfire.com,200,,https://aws.amazon.com/
silkforkindle.com,200,,https://aws.amazon.com/
simpleamazon.com,200,,https://www.amazon.com/ref=as_li_ss_tl?_encoding=UTF8&camp=1789&creative=390957&linkCode=ur2&tag=amznipops-20&linkId=VETEOIMPO7O4WRWZ
simplyamazon.com,200,,https://www.amazon.com/ref=as_li_ss_tl?_encoding=UTF8&camp=1789&creative=390957&linkCode=ur2&tag=amznipops-20&linkId=VETEOIMPO7O4WRWZ
skindle.com,200,,https://www.amazon.com/b/ref=as_li_ss_tl?ie=UTF8&node=6669702011&linkCode=sl2&tag=amznipkindle-20&linkId=551706601a1080104e2dbb0e17826f96
slashamazon.com,200,,https://www.amazon.com/ref=as_li_ss_tl?_encoding=UTF8&camp=1789&creative=390957&linkCode=ur2&tag=amznipops-20&linkId=VETEOIMPO7O4WRWZ
slik-amazon.com,200,,https://www.amazon.com/ref=as_li_ss_tl?_encoding=UTF8&camp=1789&creative=390957&linkCode=ur2&tag=amznipops-20&linkId=VETEOIMPO7O4WRWZ
slikamazon.com,200,,https://www.amazon.com/ref=as_li_ss_tl?_encoding=UTF8&camp=1789&creative=390957&linkCode=ur2&tag=amznipops-20&linkId=VETEOIMPO7O4WRWZ
slikaws.com,200,,https://aws.amazon.com/
smartamazon.com,200,,https://www.amazon.com/ref=as_li_ss_tl?ie=UTF8&linkCode=sl2&tag=amznipops-20&linkId=ef33ef1998890bd8a89ba9c3007fa6cd
sos-amazon.com,200,,https://www.amazon.com/ref=as_li_ss_tl?_encoding=UTF8&camp=1789&creative=390957&linkCode=ur2&tag=amznipops-20&linkId=VETEOIMPO7O4WRWZ
souqaffiliate.com,200,,http://comingsoon.markmonitor.com/
souqassociate.com,200,,http://comingsoon.markmonitor.com/
souqassociates.com,200,,http://comingsoon.markmonitor.com/
souqgiftcard.com,200,,http://comingsoon.markmonitor.com/
souqgiftcards.com,200,,http://comingsoon.markmonitor.com/
souqprime.com,200,,http://comingsoon.markmonitor.com/
spanishimdb.com,200,,https://www.amazon.com/ref=as_li_ss_tl?_encoding=UTF8&camp=1789&creative=390957&linkCode=ur2&tag=amznipops-20&linkId=VETEOIMPO7O4WRWZ
spanishkindle.com,200,,https://www.amazon.com/b/ref=as_li_ss_tl?ie=UTF8&node=6669702011&linkCode=sl2&tag=amznipkindle-20&linkId=551706601a1080104e2dbb0e17826f96
sphericalamazonecho.com,200,,https://www.amazon.com/dp/B07XKF5RM3
sphericalecho.com,200,,https://www.amazon.com/dp/B07XKF5RM3
stars-on-aws.com,200,200,https://aws.amazon.com/solutions/case-studies/innovators/mercedes-benz/
startsellingonamazon.com,200,200,https://sell.amazon.com/sell
stockimdb.com,202,,https://www.imdb.com/
storeamazon.com,200,,https://www.amazon.com/ref=as_li_ss_tl?_encoding=UTF8&camp=1789&creative=390957&linkCode=ur2&tag=amznipops-20&linkId=VETEOIMPO7O4WRWZ
storeamazon.net,200,,https://www.amazon.com/ref=as_li_ss_tl?_encoding=UTF8&camp=1789&creative=390957&linkCode=ur2&tag=amznipops-20&linkId=VETEOIMPO7O4WRWZ
streamazon.com,200,,https://www.amazon.com/ref=as_li_ss_tl?ie=UTF8&linkCode=sl2&tag=amznipops-20&linkId=ef33ef1998890bd8a89ba9c3007fa6cd
streamazon.net,200,,https://www.amazon.com/ref=as_li_ss_tl?ie=UTF8&linkCode=sl2&tag=amznipops-20&linkId=ef33ef1998890bd8a89ba9c3007fa6cd
streamtwitch.com,200,,https://www.twitch.tv/
studioamazon.com,200,,https://www.amazon.com/ref=as_li_ss_tl?_encoding=UTF8&camp=1789&creative=390957&linkCode=ur2&tag=amznipops-20&linkId=VETEOIMPO7O4WRWZ
superamazonaws.com,200,,https://aws.amazon.com/
superkindle.com,200,,https://www.amazon.com/b/ref=as_li_ss_tl?ie=UTF8&node=6669702011&linkCode=sl2&tag=amznipkindle-20&linkId=551706601a1080104e2dbb0e17826f96
supplychainbyamazon.com,200,,https://supplychain.amazon.com/
surveyamazon.com,200,,https://www.amazon.com/ref=as_li_ss_tl?_encoding=UTF8&camp=1789&creative=390957&linkCode=ur2&tag=amznipops-20&linkId=VETEOIMPO7O4WRWZ
tabletfire7.it,200,,https://www.amazon.it/dp/B07JQRWLXM
teachable-alexa.com,200,,https://www.amazon.science/blog/new-alexa-features-interactive-teaching-by-customers
teachablealexa.com,200,,https://www.amazon.science/blog/new-alexa-features-interactive-teaching-by-customers
teamed-with-amazon.com,200,,https://www.amazon.com/ref=as_li_ss_tl?_encoding=UTF8&camp=1789&creative=390957&linkCode=ur2&tag=amznipops-20&linkId=VETEOIMPO7O4WRWZ
telamazon.com,200,,https://www.amazon.com/ref=as_li_ss_tl?ie=UTF8&linkCode=sl2&tag=amznipops-20&linkId=07057771cdf5019fb44a6e88c747a894
telecommandevocalealexa.fr,200,,https://www.amazon.fr/telecommande-vocale-alexa-3e-generation/dp/B08D2NZ56V
test-amazon-profit.info,200,,https://www.amazon.com/ref=as_li_ss_tl?ie=UTF8&linkCode=sl2&tag=amznipops-20&linkId=ef33ef1998890bd8a89ba9c3007fa6cd
testeuramazon.fr,202,,https://www.amazon.fr/
text-amazon.info,200,,https://www.amazon.com/ref=as_li_ss_tl?ie=UTF8&linkCode=sl2&tag=amznipops-20&linkId=07057771cdf5019fb44a6e88c747a894
textbooksamazon.info,200,,https://www.amazon.com/ref=as_li_ss_tl?ie=UTF8&linkCode=sl2&tag=amznipops-20&linkId=ef33ef1998890bd8a89ba9c3007fa6cd
the-kindle-case.com,200,,https://www.amazon.com/ref=as_li_ss_tl?ie=UTF8&linkCode=sl2&tag=amznipops-20&linkId=ef33ef1998890bd8a89ba9c3007fa6cd
the-kindle-cover.com,200,,https://www.amazon.com/ref=as_li_ss_tl?ie=UTF8&linkCode=sl2&tag=amznipops-20&linkId=ef33ef1998890bd8a89ba9c3007fa6cd
the-kindle-shop.com,200,,https://www.amazon.com/ref=as_li_ss_tl?ie=UTF8&linkCode=sl2&tag=amznipops-20&linkId=ef33ef1998890bd8a89ba9c3007fa6cd
the-kindle-store.com,200,,https://www.amazon.com/b/ref=as_li_ss_tl?ie=UTF8&node=6669702011&linkCode=sl2&tag=amznipkindle-20&linkId=551706601a1080104e2dbb0e17826f96
the-kindle.info,200,,https://www.amazon.com/ref=as_li_ss_tl?ie=UTF8&linkCode=sl2&tag=amznipops-20&linkId=ef33ef1998890bd8a89ba9c3007fa6cd
thealexaaccelerator.com,200,,https://developer.amazon.com/en-US/alexa/alexa-fund-venture-capital/
theamazon.net,200,,https://www.amazon.com/ref=as_li_ss_tl?_encoding=UTF8&camp=1789&creative=390957&linkCode=ur2&tag=amznipops-20&linkId=VETEOIMPO7O4WRWZ
theamazonarena.info,200,,https://climatepledgearena.com/
theamazonarena.net,200,,https://climatepledgearena.com/
theamazonarena.org,200,,https://climatepledgearena.com/
theamazonarena.us,200,,https://climatepledgearena.com/
theamazonbeautystore.info,200,,https://www.amazon.com/ref=as_li_ss_tl?_encoding=UTF8&camp=1789&creative=390957&linkCode=ur2&tag=amznipops-20&linkId=VETEOIMPO7O4WRWZ
theamazonbookstore.com,200,,https://www.amazon.com/ref=as_li_ss_tl?_encoding=UTF8&camp=1789&creative=390957&linkCode=ur2&tag=amznipops-20&linkId=VETEOIMPO7O4WRWZ
theamazonbookstore.info,200,,https://www.amazon.com/ref=as_li_ss_tl?_encoding=UTF8&camp=1789&creative=390957&linkCode=ur2&tag=amznipops-20&linkId=VETEOIMPO7O4WRWZ
theamazondeals.com,200,,https://www.amazon.com/ref=as_li_ss_tl?_encoding=UTF8&camp=1789&creative=390957&linkCode=ur2&tag=amznipops-20&linkId=VETEOIMPO7O4WRWZ
theamazonfresh.com,200,,https://www.amazon.com/ref=as_li_ss_tl?_encoding=UTF8&camp=1789&creative=390957&linkCode=ur2&tag=amznipops-20&linkId=VETEOIMPO7O4WRWZ
theamazonhk.com,202,202,https://www.amazon.com:443/
theamazonkindle3.com,200,,https://www.amazon.com/b/ref=as_li_ss_tl?ie=UTF8&node=6669702011&linkCode=sl2&tag=amznipkindle-20&linkId=551706601a1080104e2dbb0e17826f96
theamazonkindlebookstore.info,200,,https://www.amazon.com:443/gp/browse.html?node=133141011
theamazonkindlereview.com,200,,https://www.amazon.com/b/ref=as_li_ss_tl?ie=UTF8&node=6669702011&linkCode=sl2&tag=amznipkindle-20&linkId=551706601a1080104e2dbb0e17826f96
theamazonkindlereviews.com,200,,https://www.amazon.com/b/ref=as_li_ss_tl?ie=UTF8&node=6669702011&linkCode=sl2&tag=amznipkindle-20&linkId=551706601a1080104e2dbb0e17826f96
theamazonmobilestore.info,200,,https://www.amazon.com/ref=as_li_ss_tl?_encoding=UTF8&camp=1789&creative=390957&linkCode=ur2&tag=amznipops-20&linkId=VETEOIMPO7O4WRWZ
theamazonmom.com,200,,https://www.amazon.com/ref=as_li_ss_tl?_encoding=UTF8&camp=1789&creative=390957&linkCode=ur2&tag=amznipops-20&linkId=VETEOIMPO7O4WRWZ
theamazonmoviestore.info,200,,https://www.amazon.com/ref=as_li_ss_tl?_encoding=UTF8&camp=1789&creative=390957&linkCode=ur2&tag=amznipops-20&linkId=VETEOIMPO7O4WRWZ
theamazonoutlet.com,200,,https://www.amazon.com/ref=as_li_ss_tl?_encoding=UTF8&camp=1789&creative=390957&linkCode=ur2&tag=amznipops-20&linkId=VETEOIMPO7O4WRWZ
theamazonstore.info,200,,https://www.amazon.com/ref=as_li_ss_tl?_encoding=UTF8&camp=1789&creative=390957&linkCode=ur2&tag=amznipops-20&linkId=VETEOIMPO7O4WRWZ
theamazonstory.com,200,,https://www.amazon.com/ref=as_li_ss_tl?_encoding=UTF8&camp=1789&creative=390957&linkCode=ur2&tag=amznipops-20&linkId=VETEOIMPO7O4WRWZ
theamazonwatchstore.info,200,,https://www.amazon.com/ref=as_li_ss_tl?_encoding=UTF8&camp=1789&creative=390957&linkCode=ur2&tag=amznipops-20&linkId=VETEOIMPO7O4WRWZ
theaudiblehub.com,200,,https://www.audible.com/
theawsreport.com,200,,https://www.amazon.com/ref=as_li_ss_tl?_encoding=UTF8&camp=1789&creative=390957&linkCode=ur2&tag=amznipops-20&linkId=VETEOIMPO7O4WRWZ
thebestofamazon.com,200,,https://www.amazon.com/ref=as_li_ss_tl?_encoding=UTF8&camp=1789&creative=390957&linkCode=ur2&tag=amznipops-20&linkId=VETEOIMPO7O4WRWZ
thebestofkindle.com,200,,https://www.amazon.com/b/ref=as_li_ss_tl?ie=UTF8&node=6669702011&linkCode=sl2&tag=amznipkindle-20&linkId=551706601a1080104e2dbb0e17826f96
thedailykindle.com,200,,https://www.amazon.com/b/ref=as_li_ss_tl?ie=UTF8&node=6669702011&linkCode=sl2&tag=amznipkindle-20&linkId=551706601a1080104e2dbb0e17826f96
thedailykindle.net,200,,https://www.amazon.com/b/ref=as_li_ss_tl?ie=UTF8&node=6669702011&linkCode=sl2&tag=amznipkindle-20&linkId=551706601a1080104e2dbb0e17826f96
thefeelingisaudible.com,200,,https://www.audible.com/
thegangsoflagosonprime.com,200,,https://www.gangsoflagosonprime.com/
thekindle.biz,200,,https://www.amazon.com/ref=as_li_ss_tl?ie=UTF8&linkCode=sl2&tag=amznipops-20&linkId=ef33ef1998890bd8a89ba9c3007fa6cd
thekindle.info,200,,https://www.amazon.com/b/ref=as_li_ss_tl?ie=UTF8&node=6669702011&linkCode=sl2&tag=amznipkindle-20&linkId=551706601a1080104e2dbb0e17826f96
thekindle3.com,200,,https://www.amazon.com/b/ref=as_li_ss_tl?ie=UTF8&node=6669702011&linkCode=sl2&tag=amznipkindle-20&linkId=551706601a1080104e2dbb0e17826f96
thekindlebookclub.com,200,,https://www.amazon.com/ref=as_li_ss_tl?ie=UTF8&linkCode=sl2&tag=amznipops-20&linkId=ef33ef1998890bd8a89ba9c3007fa6cd
thekindlebookshop.com,200,,https://www.amazon.com/b/ref=as_li_ss_tl?ie=UTF8&node=6669702011&linkCode=sl2&tag=amznipkindle-20&linkId=551706601a1080104e2dbb0e17826f96
thekindledailydeal.com,200,,https://www.amazon.com/ref=as_li_ss_tl?ie=UTF8&linkCode=sl2&tag=amznipops-20&linkId=ef33ef1998890bd8a89ba9c3007fa6cd
thekindledx.com,200,,https://www.amazon.com/b/ref=as_li_ss_tl?ie=UTF8&node=6669702011&linkCode=sl2&tag=amznipkindle-20&linkId=551706601a1080104e2dbb0e17826f96
thekindleebook.info,200,,https://www.amazon.com/ref=as_li_ss_tl?ie=UTF8&linkCode=sl2&tag=amznipops-20&linkId=ef33ef1998890bd8a89ba9c3007fa6cd
thekindleonline.com,200,,https://www.amazon.com/ref=as_li_ss_tl?ie=UTF8&linkCode=sl2&tag=amznipops-20&linkId=ef33ef1998890bd8a89ba9c3007fa6cd
thekindleoutlet.com,200,,https://www.amazon.com/b/ref=as_li_ss_tl?ie=UTF8&node=6669702011&linkCode=sl2&tag=amznipkindle-20&linkId=551706601a1080104e2dbb0e17826f96
thekindler.com,200,,https://www.amazon.com/b/ref=as_li_ss_tl?ie=UTF8&node=6669702011&linkCode=sl2&tag=amznipkindle-20&linkId=551706601a1080104e2dbb0e17826f96
thekindlereader.com,200,,https://www.amazon.com/b/ref=as_li_ss_tl?ie=UTF8&node=6669702011&linkCode=sl2&tag=amznipkindle-20&linkId=551706601a1080104e2dbb0e17826f96
thekindlereader.info,200,,https://www.amazon.com/ref=as_li_ss_tl?ie=UTF8&linkCode=sl2&tag=amznipops-20&linkId=ef33ef1998890bd8a89ba9c3007fa6cd
thekindlereaderstore.com,200,,https://www.amazon.com/ref=as_li_ss_tl?ie=UTF8&linkCode=sl2&tag=amznipops-20&linkId=ef33ef1998890bd8a89ba9c3007fa6cd
thekindlereadingdevice.info,200,,https://www.amazon.com/ref=as_li_ss_tl?ie=UTF8&linkCode=sl2&tag=amznipops-20&linkId=ef33ef1998890bd8a89ba9c3007fa6cd
thekindlereport.com,200,,https://www.amazon.com/b/ref=as_li_ss_tl?ie=UTF8&node=6669702011&linkCode=sl2&tag=amznipkindle-20&linkId=551706601a1080104e2dbb0e17826f96
thekindleselect25.com,200,,https://www.amazon.com/b/ref=as_li_ss_tl?ie=UTF8&node=6669702011&linkCode=sl2&tag=amznipkindle-20&linkId=551706601a1080104e2dbb0e17826f96
thekindleshop.info,200,,https://www.amazon.com/b/ref=as_li_ss_tl?ie=UTF8&node=6669702011&linkCode=sl2&tag=amznipkindle-20&linkId=551706601a1080104e2dbb0e17826f96
thekindlesimulator.com,200,,https://www.amazon.com/b/ref=as_li_ss_tl?ie=UTF8&node=6669702011&linkCode=sl2&tag=amznipkindle-20&linkId=551706601a1080104e2dbb0e17826f96
thekindlestore.info,200,,https://www.amazon.com/b/ref=as_li_ss_tl?ie=UTF8&node=6669702011&linkCode=sl2&tag=amznipkindle-20&linkId=551706601a1080104e2dbb0e17826f96
thekindlewarehouse.com,200,,https://www.amazon.com/b/ref=as_li_ss_tl?ie=UTF8&node=6669702011&linkCode=sl2&tag=amznipkindle-20&linkId=551706601a1080104e2dbb0e17826f96
themechanicalturkblog.com,200,,https://www.amazon.com/ref=as_li_ss_tl?_encoding=UTF8&camp=1789&creative=390957&linkCode=ur2&tag=amznipops-20&linkId=VETEOIMPO7O4WRWZ
thenewamazonkindle.com,200,,https://www.amazon.com/b/ref=as_li_ss_tl?ie=UTF8&node=6669702011&linkCode=sl2&tag=amznipkindle-20&linkId=551706601a1080104e2dbb0e17826f96
thenextfire.com,200,,https://www.amazon.com/ref=as_li_ss_tl?ie=UTF8&linkCode=sl2&tag=amznipops-20&linkId=ef33ef1998890bd8a89ba9c3007fa6cd
thetwitchcon.com,200,,https://www.twitchcon.com/
thetwitchcon.net,200,,https://www.twitchcon.com/
thetwitchcon.org,200,,https://www.twitchcon.com/
thlamazonstore.com,200,,https://www.amazon.com/ref=as_li_ss_tl?ie=UTF8&linkCode=sl2&tag=amznipops-20&linkId=ef33ef1998890bd8a89ba9c3007fa6cd
toolsforamazonsellers.com,200,,https://www.amazon.com/ref=as_li_ss_tl?ie=UTF8&linkCode=sl2&tag=amznipops-20&linkId=07057771cdf5019fb44a6e88c747a894
top100amzn.info,200,,https://www.amazon.com/ref=as_li_ss_tl?_encoding=UTF8&camp=1789&creative=390957&linkCode=ur2&tag=amznipops-20&linkId=VETEOIMPO7O4WRWZ
topamazon.com,200,,https://www.amazon.com/ref=as_li_ss_tl?_encoding=UTF8&camp=1789&creative=390957&linkCode=ur2&tag=amznipops-20&linkId=VETEOIMPO7O4WRWZ
topimdbfilmreview.com,200,,https://www.amazon.com/ref=as_li_ss_tl?ie=UTF8&linkCode=sl2&tag=amznipops-20&linkId=ef33ef1998890bd8a89ba9c3007fa6cd
toyamazon.com,200,,https://www.amazon.com/ref=as_li_ss_tl?_encoding=UTF8&camp=1789&creative=390957&linkCode=ur2&tag=amznipops-20&linkId=VETEOIMPO7O4WRWZ
tps-amazon.com,200,200,https://s3t.irm.a2z.com:443/auth_redirect.do?sysparm_stack=no&sysparm_url=https%3A%2F%2Fidp.federate.amazon.com%2Fapi%2Fsaml2%2Fv1%2Fsso%3FSAMLRequest%3DjVLLTuMwFP2VyPvm1VJSq6lUWiEqMUxECwt2F%252FsGLCW2x9cJj6%252Bf1BQom4ptcl73HM8J2ia3fNn5Z32L%252FzokH722jSb%252B8adkndPcACniGlok7gXfLv9c8zxOuXXGG2EaFi2J0Hll9Mpo6lp0W3S9Enh3e12yZ%252B8t8SShsY%252BVa2PI32Nh2kRDb%252BEJY2lYtB6clYa9xDdBSRvXKNGBxxhaeDc6EMGqJORL%252BiwhGuiXxgkMV5SshoaQRZt1ybY3K1lPJ1kxFYWYwDlggeM6S3M5KepsdjbF2QCkCohUj99Uog43mjxoX7I8zaej9GyUzXZ5ytMJT2dxcT5%252BYFF1uP9Caan00%252BmyHj9AxK92u2pU%252Fd3ugkCvhvtuBvTverpHR6GjQZIt5qEFHvK64%252BFOR4HPtdjiq%252BojP%252BqlnSfH0gcjy%252FdBN%252BvKNEq8RcumMS8rh8M6JfOuw7BDC%252F60e7T%252FpOSoDljeabIoVK1QsmRx8P35JBf%252FAQ%253D%253D%26RelayState%3Dhttps%253A%252F%252Fs3t.irm.a2z.com%252Fnavpage.do%26SigAlg%3Dhttp%253A%252F%252Fwww.w3.org%252F2000%252F09%252Fxmldsig%2523rsa-sha1%26Signature%3DdgEOBEyR9EeemBQrcol6oLQhVjNrFInJgSm67oWoaDdK3rVYg9iWEuWKAHAPoKQgLADhJJ9CTVVzjQXcqHpzYp7GfGJJUTWYNAcaKEnQO3lhvFTzbbe7O4vONi%252F%252FsBeGUmuLN27hqR9rVTtzQkV3ko9cirC7CBxmm2XAJlCHKCY%253D
tradersamazon.com,200,,https://www.amazon.com/ref=as_li_ss_tl?_encoding=UTF8&camp=1789&creative=390957&linkCode=ur2&tag=amznipops-20&linkId=VETEOIMPO7O4WRWZ
travailleravecamazon.fr,200,,https://www.amazon.jobs/content/fr/teams/fulfillment-and-operations/france
tryamazonmusic.com,503,200,https://www.amazon.com/music/unlimited/?am4i=1&irgwc=1&afsrc=1&irclickid=XtzXxp1X9xyZTMVU-43q3VQsUkuRTSz9uT22xM0&sharedid=&ref=dmm_asc_ir_5337096_XtzXxp1X9xyZTMVU-43q3VQsUkuRTSz9uT22xM0
turkamazon.com,200,,https://www.amazon.com/ref=as_li_ss_tl?ie=UTF8&linkCode=sl2&tag=amznipops-20&linkId=ef33ef1998890bd8a89ba9c3007fa6cd
tvzappos.us,200,,https://www.zappos.com/
tweetaudible.com,200,,https://www.amazon.com/ref=as_li_ss_tl?ie=UTF8&linkCode=sl2&tag=amznipops-20&linkId=ef33ef1998890bd8a89ba9c3007fa6cd
twitch-boxoffice.com,200,,https://www.twitchcon.com/
twitch-con.com,200,,https://www.twitchcon.com/
twitch-con.net,200,,https://www.twitchcon.com/
twitch-con.org,200,,https://www.twitchcon.com/
twitch-games.com,200,,https://www.twitch.tv/
twitch-tv.com,200,,https://www.twitch.tv/
twitch.academy,200,,https://www.twitch.tv/
twitch.biz,200,,https://www.twitch.tv/
twitch.blue,200,,https://www.twitch.tv/
twitch.camera,200,,https://www.twitch.tv/
twitch.casino,200,,https://www.twitch.tv/
twitch.co.at,200,,https://www.twitch.tv/
twitch.co.in,200,,https://www.twitch.tv/
twitch.com,200,200,https://www.twitch.tv:443/
twitch.farm,200,,https://www.twitch.tv/
twitch.fr,200,,https://www.twitch.tv/
twitch.graphics,200,,https://www.twitch.tv/
twitch.group,200,,https://www.twitch.tv/
twitch.guide,200,,https://www.twitch.tv/
twitch.life,200,,https://www.twitch.tv/
twitch.market,200,,https://www.twitch.tv/
twitch.net,200,,https://www.twitch.tv/
twitch.org,200,,https://www.twitch.tv/
twitch.pink,200,,https://www.twitch.tv/
twitch.pizza,200,,https://www.twitch.tv/
twitch.red,200,,https://www.twitch.tv/
twitch.systems,200,,https://www.twitch.tv/
twitch.technology,200,,https://www.twitch.tv/
twitch.tv,200,200,https://www.twitch.tv/
twitchads.tv,200,200,https://twitchads.tv/
twitchadvertising.tv,200,200,https://twitchadvertising.tv/
twitchamazon.com,200,,https://www.twitch.tv/
twitchapp.net,200,,https://www.twitch.tv/
twitchb.com,200,,https://www.twitch.tv/
twitchcast.com,200,,https://www.twitch.tv/
twitchcheer.com,200,,https://www.twitch.tv/
twitchcheering.com,200,,https://www.twitch.tv/
twitchcheers.com,200,,https://www.twitch.tv/
twitchcom.com,200,,https://www.twitchcon.com/
twitchcon.com,200,200,https://twitchcon.com/
twitchcon.net,200,,https://www.twitchcon.com/
twitchcon.org,200,,https://www.twitchcon.com/
twitchcon2015.com,200,,https://www.twitchcon.com/
twitchcon2016.com,200,,https://www.twitchcon.com/
twitchcon2017.com,200,,https://www.twitchcon.com/
twitchcon2018.com,200,,https://www.twitchcon.com/
twitchcon2019.com,200,,https://www.twitchcon.com/
twitchcon2020.com,200,,https://www.twitchcon.com/
twitchconference.com,200,,https://www.twitchcon.com/
twitchconsf.com,200,,https://www.twitchcon.com/
twitchconsponsors.com,200,,https://www.twitchcon.com/
twitchcontickets.com,200,,https://www.twitchcon.com/
twitchconvention.com,200,,https://www.twitchcon.com/
twitchconvention.net,200,,https://www.twitch.tv/
twitchconvention.org,200,,https://www.twitch.tv/
twitchcreative.com,200,,https://www.twitch.tv/directory/game/Creative
twitchdb.com,200,,https://www.twitch.tv/
twitchecs.com,200,,https://www.twitch.tv/
twitcheer.com,200,,https://www.twitch.tv/
twitcheering.com,200,,https://www.twitch.tv/
twitcheers.com,200,,https://www.twitch.tv/
twitchemotions.com,200,,https://www.twitch.tv/
twitcher.club,200,,https://www.twitch.tv/
twitchevent.com,200,,https://www.twitch.tv/
twitchevent.net,200,,https://www.twitch.tv/
twitchevent.org,200,,https://www.twitch.tv/
twitchevents.net,200,,https://www.twitch.tv/
twitchevents.org,200,,https://www.twitch.tv/
twitchexpo.com,200,,https://www.twitchcon.com/
twitchexpo.net,200,,https://www.twitchcon.com/
twitchexpo.org,200,,https://www.twitchcon.com/
twitchfood.com,200,,https://www.twitch.tv/food
twitchg.com,200,,https://www.twitch.tv/
twitchgcon.com,200,,https://www.twitchcon.com/
twitchinteractive.com,200,,https://www.twitch.tv/
twitchj.com,200,,https://www.twitch.tv/
twitchkorea.com,200,,https://www.twitch.tv/
twitchlivestream.com,200,,https://www.twitch.tv/
twitchlivestreams.com,200,,https://www.twitch.tv/
twitchmeetup.com,200,,https://www.twitchcon.com/
twitchmusiclibrary.com,200,,https://www.twitch.tv/music
twitchn.com,200,,https://www.twitch.tv/
twitchoc.com,200,,https://www.twitch.tv/
twitchoc.net,200,,https://www.twitch.tv/
twitchprime.at,200,,https://www.twitch.tv/prime
twitchprime.cz,200,,https://www.twitch.tv/prime
twitchprime.fr,200,,https://www.twitch.tv/prime
twitchprime.info,200,,https://www.twitch.tv/prime
twitchprime.it,200,,https://www.twitch.tv/prime
twitchprime.net,200,,https://www.twitch.tv/prime
twitchprime.org,200,,https://www.twitch.tv/prime
twitchpromotions.com,200,,https://www.twitch.tv/
twitchrivals.com,200,200,https://twitchrivals.com/
twitchsponsors.com,200,,https://www.twitchcon.com/
twitchstreams.org,200,,https://www.twitch.tv/
twitchtelevision.com,200,,https://www.twitch.tv/
twitchtv.fr,200,,https://www.twitch.tv/
twitchtv.info,200,,https://www.twitch.tv/
twitchtv.net,200,,https://www.safebrowse.io/warn.html?url=http://twitchtv.net/&token=ea54ea92
twitchu.com,200,,https://www.twitch.tv/
twitchvideo.com,200,,https://www.twitch.tv/
twitchweekly.com,200,,https://www.twitch.tv/twitch
ukamazon.com,200,,https://www.amazon.com/ref=as_li_ss_tl?ie=UTF8&linkCode=sl2&tag=amznipops-20&linkId=ef33ef1998890bd8a89ba9c3007fa6cd
umbra3d.com,200,200,https://umbra3d.com/
undertheamazon.com,200,,https://www.amazon.com/ref=as_li_ss_tl?_encoding=UTF8&camp=1789&creative=390957&linkCode=ur2&tag=amznipops-20&linkId=VETEOIMPO7O4WRWZ
universityofzappos.us,200,,https://www.zappos.com/
universityzappos.us,200,,https://www.zappos.com/
unofficialkindle.com,200,,https://www.amazon.com/ref=as_li_ss_tl?ie=UTF8&linkCode=sl2&tag=amznipops-20&linkId=ef33ef1998890bd8a89ba9c3007fa6cd
updateamazon.com,200,,https://www.amazon.com/ref=as_li_ss_tl?_encoding=UTF8&camp=1789&creative=390957&linkCode=ur2&tag=amznipops-20&linkId=VETEOIMPO7O4WRWZ
updateamazonuk.com,200,,https://www.amazon.com/ref=as_li_ss_tl?_encoding=UTF8&camp=1789&creative=390957&linkCode=ur2&tag=amznipops-20&linkId=VETEOIMPO7O4WRWZ
us-imdb.com,202,,https://www.imdb.com/
usage-amazon.com,200,,https://www.amazon.com/ref=as_li_ss_tl?_encoding=UTF8&camp=1789&creative=390957&linkCode=ur2&tag=amznipops-20&linkId=VETEOIMPO7O4WRWZ
usedcarsamazon.net,200,,https://www.amazon.com/ref=as_li_ss_tl?ie=UTF8&linkCode=sl2&tag=amznipops-20&linkId=ef33ef1998890bd8a89ba9c3007fa6cd
usedkindlebookstore.com,200,,https://www.amazon.com/b/ref=as_li_ss_tl?ie=UTF8&node=6669702011&linkCode=sl2&tag=amznipkindle-20&linkId=551706601a1080104e2dbb0e17826f96
usedkindledx.com,200,,https://www.amazon.com/b/ref=as_li_ss_tl?ie=UTF8&node=6669702011&linkCode=sl2&tag=amznipkindle-20&linkId=551706601a1080104e2dbb0e17826f96
usedkindletextbooks.com,200,,https://www.amazon.com/b/ref=as_li_ss_tl?ie=UTF8&node=6669702011&linkCode=sl2&tag=amznipkindle-20&linkId=551706601a1080104e2dbb0e17826f96
usedkindletextboooks.com,200,,https://www.amazon.com/b/ref=as_li_ss_tl?ie=UTF8&node=6669702011&linkCode=sl2&tag=amznipkindle-20&linkId=551706601a1080104e2dbb0e17826f96
user-login-amazon.com,200,,https://www.amazon.com/ref=as_li_ss_tl?_encoding=UTF8&camp=1789&creative=390957&linkCode=ur2&tag=amznipops-20&linkId=VETEOIMPO7O4WRWZ
vamazon.com,202,202,https://www.amazon.com:443/
vamazon.net,202,202,https://www.amazon.com:443/
vega-amazon.com,200,,
vegaamazon.com,200,,
vegaforecho.com,200,,
vegaforfire.com,200,,
vegaforkindle.com,200,,
veganamazon.com,200,200,https://www.amazon.com:443/grocery-breakfast-foods-snacks-organic/b?ie=UTF8&node=16310101
vegaos-amazon.com,200,,
verdeamazon.com,200,,https://www.amazon.com/ref=as_li_ss_tl?_encoding=UTF8&camp=1789&creative=390957&linkCode=ur2&tag=amznipops-20&linkId=VETEOIMPO7O4WRWZ
verifizierung-amazon.com,200,,https://www.amazon.com/ref=as_li_ss_tl?ie=UTF8&linkCode=sl2&tag=amznipops-20&linkId=ef33ef1998890bd8a89ba9c3007fa6cd
videodirectamazon.com,200,,https://www.amazon.com/b/ref=as_li_ss_tl?&node=2858778011&linkCode=sl2&tag=amznipvideo-20&linkId=ad5fbe1dee38564cbbacf1392fafb4ae
videoimdb.com,202,,https://www.imdb.com/
videokindle.com,200,,https://www.amazon.com/b/ref=as_li_ss_tl?&node=2858778011&linkCode=sl2&tag=amznipvideo-20&linkId=ad5fbe1dee38564cbbacf1392fafb4ae
viewimdb.com,202,,https://www.imdb.com/
visitimdb.com,200,,https://www.amazon.com/ref=as_li_ss_tl?ie=UTF8&linkCode=sl2&tag=amznipops-20&linkId=ef33ef1998890bd8a89ba9c3007fa6cd
viziotix.com,200,200,https://viziotix.com/
vkindle.com,200,,https://www.amazon.com/ref=as_li_ss_tl?ie=UTF8&linkCode=sl2&tag=amznipops-20&linkId=ef33ef1998890bd8a89ba9c3007fa6cd
voipamazon.com,200,,https://www.amazon.com/ref=as_li_ss_tl?_encoding=UTF8&camp=1789&creative=390957&linkCode=ur2&tag=amznipops-20&linkId=VETEOIMPO7O4WRWZ
waas-amazon.com,200,200,https://waas-amazon.com/
wamazon.at,202,,https://www.amazon.de/
wamazon.com,202,202,https://www.amazon.com:443/
wamazon.it,200,,https://www.amazon.it/
wamazon.net,200,,https://www.amazon.com/ref=as_li_ss_tl?_encoding=UTF8&camp=1789&creative=390957&linkCode=ur2&tag=amznipops-20&linkId=VETEOIMPO7O4WRWZ
watches-amazon.com,200,,https://www.amazon.com/ref=as_li_ss_tl?_encoding=UTF8&camp=1789&creative=390957&linkCode=ur2&tag=amznipops-20&linkId=VETEOIMPO7O4WRWZ
watchesamazon.com,200,200,https://www.amazon.com:443/jewelry-watches-engagements-rings-diamonds/b?ie=UTF8&node=3367581
watchimdb.com,202,,https://www.imdb.com/
webmaster-amazon.com,200,,https://www.amazon.com/ref=as_li_ss_tl?_encoding=UTF8&camp=1789&creative=390957&linkCode=ur2&tag=amznipops-20&linkId=VETEOIMPO7O4WRWZ
webtokindle.com,200,,https://www.amazon.com/ref=as_li_ss_tl?ie=UTF8&linkCode=sl2&tag=amznipops-20&linkId=ef33ef1998890bd8a89ba9c3007fa6cd
webtokindle.net,200,,https://www.amazon.com/ref=as_li_ss_tl?ie=UTF8&linkCode=sl2&tag=amznipops-20&linkId=ef33ef1998890bd8a89ba9c3007fa6cd
welcometoamazon.com,200,,https://www.amazon.com/ref=as_li_ss_tl?_encoding=UTF8&camp=1789&creative=390957&linkCode=ur2&tag=amznipops-20&linkId=VETEOIMPO7O4WRWZ
weloveamazon.com,200,,https://www.amazon.com/ref=as_li_ss_tl?_encoding=UTF8&camp=1789&creative=390957&linkCode=ur2&tag=amznipops-20&linkId=VETEOIMPO7O4WRWZ
welovezoox.com,200,,
whatamazon.com,200,,https://www.amazon.com/ref=as_li_ss_tl?_encoding=UTF8&camp=1789&creative=390957&linkCode=ur2&tag=amznipops-20&linkId=VETEOIMPO7O4WRWZ
whichkindle.com,200,,https://www.amazon.com/b/ref=as_li_ss_tl?ie=UTF8&node=6669702011&linkCode=sl2&tag=amznipkindle-20&linkId=551706601a1080104e2dbb0e17826f96
wholefood.co.at,200,,https://www.wholefoodsmarket.com/
wholefood.fr,200,,https://www.wholefoodsmarket.com/
wholefoodmarket.at,200,,https://www.wholefoodsmarket.com/
wholefoodmarket.co.at,200,,https://www.wholefoodsmarket.com/
wholefoodmarket.co.in,200,,https://www.wholefoodsmarket.com/
wholefoodmarket.fr,200,,https://www.wholefoodsmarket.com/
wholefoodprime.com,200,,https://www.wholefoodsmarket.com/
wholefoods.at,200,,https://www.wholefoodsmarket.com/
wholefoods.co.at,200,,https://www.wholefoodsmarket.com/
wholefoods.cz,200,,https://www.wholefoodsmarket.com/
wholefoods.desi,200,,https://www.wholefoodsmarket.com/
wholefoods.do,200,,https://www.wholefoodsmarket.com/
wholefoods.fi,200,,https://www.wholefoodsmarket.com/
wholefoods.fr,200,,https://www.wholefoodsmarket.com/
wholefoods.help,200,,https://www.wholefoodsmarket.com/
wholefoods.is,200,,https://www.wholefoodsmarket.com/
wholefoods.nyc,200,,https://www.wholefoodsmarket.com/
wholefoods.space,200,,https://www.wholefoodsmarket.com/
wholefoodsamazon.com,200,,https://www.wholefoodsmarket.com/
wholefoodsassociates.com,200,,https://www.wholefoodsmarket.com/
wholefoodsbarista.com,200,,https://www.wholefoodsmarket.com/
wholefoodsbasket.com,200,,https://www.wholefoodsmarket.com/
wholefoodscoffeeshop.com,200,,https://www.wholefoodsmarket.com/
wholefoodsevents.com,200,,https://www.wholefoodsmarket.com/
wholefoodseverydayvalue.com,200,,https://www.wholefoodsmarket.com/
wholefoodsfarmfresh.com,200,,https://www.wholefoodsmarket.com/
wholefoodsfarmfreshechos.com,200,,https://www.wholefoodsmarket.com/
wholefoodsfresh.com,200,,https://www.wholefoodsmarket.com/
wholefoodsgroceries.com,200,,https://www.wholefoodsmarket.com/
wholefoodsjwo.com,200,,https://www.wholefoodsmarket.com/
wholefoodslocal.com,200,,https://www.wholefoodsmarket.com/
wholefoodslocker.com,200,,https://www.wholefoodsmarket.com/
wholefoodslockers.com,200,,https://www.wholefoodsmarket.com/
wholefoodsmarket.at,200,,https://www.wholefoodsmarket.com/
wholefoodsmarket.brussels,200,,https://www.wholefoodsmarket.com/
wholefoodsmarket.co.at,200,,https://www.wholefoodsmarket.com/
wholefoodsmarket.cz,200,,https://www.wholefoodsmarket.com/
wholefoodsmarket.desi,200,,https://www.wholefoodsmarket.com/
wholefoodsmarket.do,200,,https://www.wholefoodsmarket.com/
wholefoodsmarket.fi,200,,https://www.wholefoodsmarket.com/
wholefoodsmarket.is,200,,https://www.wholefoodsmarket.com/
wholefoodsmarket.me,200,,https://www.wholefoodsmarket.com/
wholefoodsmarket.nyc,200,,https://www.wholefoodsmarket.com/
wholefoodsmarket.online,200,,https://www.wholefoodsmarket.com/
wholefoodsmarket.vip,200,,https://www.wholefoodsmarket.com/
wholesaleamazon.com,200,,https://www.amazon.com/ref=as_li_ss_tl?ie=UTF8&linkCode=sl2&tag=amznipops-20&linkId=ef33ef1998890bd8a89ba9c3007fa6cd
wholesaleamazonsellers.com,200,,https://www.wholefoodsmarket.com/
wichamazon.com,200,,https://www.amazon.com/ref=as_li_ss_tl?_encoding=UTF8&camp=1789&creative=390957&linkCode=ur2&tag=amznipops-20&linkId=VETEOIMPO7O4WRWZ
wickedlyprime.com,200,,https://www.amazon.com/b/ref=wpvanity?ie=UTF8&node=13854994011
widgetamazon.com,200,,https://www.amazon.com/ref=as_li_ss_tl?_encoding=UTF8&camp=1789&creative=390957&linkCode=ur2&tag=amznipops-20&linkId=VETEOIMPO7O4WRWZ
wifi-kindle.info,200,,https://www.amazon.com/b/ref=as_li_ss_tl?ie=UTF8&node=6669702011&linkCode=sl2&tag=amznipkindle-20&linkId=551706601a1080104e2dbb0e17826f96
wifikindle.fr,202,,https://www.amazon.fr/
wifikindle.info,200,,https://www.amazon.com/b/ref=as_li_ss_tl?ie=UTF8&node=6669702011&linkCode=sl2&tag=amznipkindle-20&linkId=551706601a1080104e2dbb0e17826f96
wifikindle.it,200,,https://www.amazon.it/
wifionamazon.com,200,,https://www.amazon.com/ref=as_li_ss_tl?_encoding=UTF8&camp=1789&creative=390957&linkCode=ur2&tag=amznipops-20&linkId=VETEOIMPO7O4WRWZ
wifionkindle.com,200,,https://www.amazon.com/b/ref=as_li_ss_tl?ie=UTF8&node=6669702011&linkCode=sl2&tag=amznipkindle-20&linkId=551706601a1080104e2dbb0e17826f96
wikimdb.com,202,,https://www.imdb.com/
wikimdb.net,202,,https://www.imdb.com/
winakindle.com,200,,https://www.amazon.com/ref=as_li_ss_tl?ie=UTF8&linkCode=sl2&tag=amznipops-20&linkId=ef33ef1998890bd8a89ba9c3007fa6cd
windows8kindle.com,200,,https://www.amazon.com/b/ref=as_li_ss_tl?ie=UTF8&node=6669702011&linkCode=sl2&tag=amznipkindle-20&linkId=551706601a1080104e2dbb0e17826f96
winonaws.cloud,200,200,https://winonaws.cloud/
wireless-kindle.com,200,,https://www.amazon.com/b/ref=as_li_ss_tl?ie=UTF8&node=6669702011&linkCode=sl2&tag=amznipkindle-20&linkId=551706601a1080104e2dbb0e17826f96
wirelessamazon.com,200,200,https://www.amazon.com:443/cell-phones-service-plans-accessories/b?ie=UTF8&node=301185
wisepaws.ch,200,200,
wkindle.com,200,,https://www.amazon.com/b/ref=as_li_ss_tl?ie=UTF8&node=6669702011&linkCode=sl2&tag=amznipkindle-20&linkId=551706601a1080104e2dbb0e17826f96
wmturk.com,200,,https://www.amazon.com/ref=as_li_ss_tl?_encoding=UTF8&camp=1789&creative=390957&linkCode=ur2&tag=amznipops-20&linkId=VETEOIMPO7O4WRWZ
wondery.com,200,200,https://wondery.com/
wondery.music,200,,https://wondery.com/genre/entertainment/?lg=en
wonderyplus.com,200,200,https://wondery.com/w-plus-update/
woot.nyc,200,,https://www.woot.com:443/
wordcastaudible.com,200,,https://www.audible.com/
worldwidekindle.com,200,,https://www.amazon.com/dp/B00I15SB16
wpprime.es,200,200,https://wpprime.es/
wprimenow.fr,200,,https://www.amazon.fr/fmc/learn-more?ref_=primenow
wsamazon.com,200,,https://www.amazon.com/ref=as_li_ss_tl?_encoding=UTF8&camp=1789&creative=390957&linkCode=ur2&tag=amznipops-20&linkId=VETEOIMPO7O4WRWZ
wtfiszoox.com,200,,
wtfiszoox.info,200,,
wtfiszoox.net,200,,
wtfiszoox.org,200,,
wwamazon.com,202,202,https://www.amazon.com:443/
wwamazon.it,200,,https://www.amazon.it/
wweamazon.com,200,,https://www.amazon.com/ref=as_li_ss_tl?_encoding=UTF8&camp=1789&creative=390957&linkCode=ur2&tag=amznipops-20&linkId=VETEOIMPO7O4WRWZ
www-amazon.at,202,,https://www.amazon.de/
www-amazon.com,202,202,https://www.amazon.com:443/
www-amazon.info,200,,https://www.amazon.com/ref=as_li_ss_tl?_encoding=UTF8&camp=1789&creative=390957&linkCode=ur2&tag=amznipops-20&linkId=VETEOIMPO7O4WRWZ
www-amazon.it,200,,https://www.amazon.it/
www-amazon.net,200,,https://www.amazon.com/ref=as_li_ss_tl?_encoding=UTF8&camp=1789&creative=390957&linkCode=ur2&tag=amznipops-20&linkId=VETEOIMPO7O4WRWZ
www-amazon.org,200,,https://www.amazon.com/ref=as_li_ss_tl?_encoding=UTF8&camp=1789&creative=390957&linkCode=ur2&tag=amznipops-20&linkId=VETEOIMPO7O4WRWZ
www-amazonaws.com,200,,https://aws.amazon.com/
www-amazonglobal.com,200,,https://www.amazon.com/ref=as_li_ss_tl?ie=UTF8&linkCode=sl2&tag=amznipops-20&linkId=07057771cdf5019fb44a6e88c747a894
www-amazons.com,200,,https://www.amazon.com/ref=as_li_ss_tl?_encoding=UTF8&camp=1789&creative=390957&linkCode=ur2&tag=amznipops-20&linkId=VETEOIMPO7O4WRWZ
www3amazon.com,200,,https://www.amazon.com/ref=as_li_ss_tl?ie=UTF8&linkCode=sl2&tag=amznipops-20&linkId=ef33ef1998890bd8a89ba9c3007fa6cd
wwwa9.asia,200,,https://www.amazon.com/ref=as_li_ss_tl?_encoding=UTF8&camp=1789&creative=390957&linkCode=ur2&tag=amznipops-20&linkId=VETEOIMPO7O4WRWZ
wwwaamazonbooks.com,200,200,https://www.amazon.com:443/books-used-books-textbooks/b?ie=UTF8&node=283155
wwwalexa.com,200,,https://alexa.amazon.com/about
wwwamazon.com,202,202,https://www.amazon.com:443/
wwwamazon.in,202,202,https://www.amazon.in:443/
wwwamazon.info,202,202,https://www.amazon.com:443/
wwwamazona.com,202,202,https://www.amazon.com:443/
wwwamazonaws.com,200,200,https://aws.amazon.com/
wwwamazone.fr,202,,https://www.amazon.fr/
wwwamazonec2.com,200,,https://aws.amazon.com/
wwwamazonmusic.com,200,,https://www.amazon.com/ref=as_li_ss_tl?_encoding=UTF8&camp=1789&creative=390957&linkCode=ur2&tag=amznipops-20&linkId=VETEOIMPO7O4WRWZ
wwwaudiblecom.net,200,,https://www.safebrowse.io/warn.html?url=http://wwwaudiblecom.net/&token=72367a9d
wwwaudiblekids.com,200,,https://www.safebrowse.io/warn.html?url=http://wwwaudiblekids.com/&token=9831096f
wwwfreshamazon.com,200,,https://www.amazon.com/ref=as_li_ss_tl?ie=UTF8&linkCode=sl2&tag=amznipops-20&linkId=07057771cdf5019fb44a6e88c747a894
wwwimdb.it,202,,https://www.imdb.com/
wwwkamazon.com,200,,https://www.amazon.com/ref=as_li_ss_tl?_encoding=UTF8&camp=1789&creative=390957&linkCode=ur2&tag=amznipops-20&linkId=VETEOIMPO7O4WRWZ
wwwkindle.fr,202,,https://www.amazon.fr/
wwwlamazon.com,202,202,https://www.amazon.com:443/
wwwlamazon.it,200,,https://www.amazon.it/
wwwlamazon.org,200,,https://www.amazon.com/ref=as_li_ss_tl?ie=UTF8&linkCode=sl2&tag=amznipops-20&linkId=ef33ef1998890bd8a89ba9c3007fa6cd
wwwlamazoncheckout.com,200,,https://www.amazon.com/ref=as_li_ss_tl?_encoding=UTF8&camp=1789&creative=390957&linkCode=ur2&tag=amznipops-20&linkId=VETEOIMPO7O4WRWZ
wwwlamazonfresh.com,200,,https://www.amazon.com:443/alm/storefront?almBrandId=QW1hem9uIEZyZXNo
wwwlamazonmp3.com,200,,https://www.amazon.com/ref=as_li_ss_tl?ie=UTF8&linkCode=sl2&tag=amznipops-20&linkId=07057771cdf5019fb44a6e88c747a894
wwwlamazonsilkbrowser.com,200,,https://www.amazon.com/ref=as_li_ss_tl?_encoding=UTF8&camp=1789&creative=390957&linkCode=ur2&tag=amznipops-20&linkId=VETEOIMPO7O4WRWZ
wwwlmturk.com,200,,https://www.amazon.com/ref=as_li_ss_tl?_encoding=UTF8&camp=1789&creative=390957&linkCode=ur2&tag=amznipops-20&linkId=VETEOIMPO7O4WRWZ
wwwmechanicalturk.com,200,,https://www.amazon.com/ref=as_li_ss_tl?_encoding=UTF8&camp=1789&creative=390957&linkCode=ur2&tag=amznipops-20&linkId=VETEOIMPO7O4WRWZ
wwwprimenow.com,200,,https://www.amazon.com/fmc/learn-more?ref_=primenow
wwwprimenow.fr,200,,https://www.amazon.fr/fmc/learn-more?ref_=primenow
wwww-amazon.com,200,,https://www.amazon.com/ref=as_li_ss_tl?_encoding=UTF8&camp=1789&creative=390957&linkCode=ur2&tag=amznipops-20&linkId=VETEOIMPO7O4WRWZ
wwwzoox.com,200,200,
x-rayimdb.com,200,,https://www.amazon.com/ref=as_li_ss_tl?_encoding=UTF8&camp=1789&creative=390957&linkCode=ur2&tag=amznipops-20&linkId=VETEOIMPO7O4WRWZ
xamazon.it,200,,https://www.amazon.it/
ximdb.com,202,,https://www.imdb.com/
xmaskindle.info,200,,https://www.amazon.com/ref=as_li_ss_tl?ie=UTF8&linkCode=sl2&tag=amznipops-20&linkId=ef33ef1998890bd8a89ba9c3007fa6cd
xrayimdb.com,200,,https://www.amazon.com/ref=as_li_ss_tl?_encoding=UTF8&camp=1789&creative=390957&linkCode=ur2&tag=amznipops-20&linkId=VETEOIMPO7O4WRWZ
youramazondeal.com,200,,https://www.amazon.com/ref=as_li_ss_tl?_encoding=UTF8&camp=1789&creative=390957&linkCode=ur2&tag=amznipops-20&linkId=VETEOIMPO7O4WRWZ
youramazonpayment.com,200,,https://www.amazon.com/ref=as_li_ss_tl?_encoding=UTF8&camp=1789&creative=390957&linkCode=ur2&tag=amznipops-20&linkId=VETEOIMPO7O4WRWZ
yourcustomkindle.com,200,,https://www.amazon.com/b/ref=as_li_ss_tl?ie=UTF8&node=6669702011&linkCode=sl2&tag=amznipkindle-20&linkId=551706601a1080104e2dbb0e17826f96
yourimdb.com,202,,https://www.imdb.com/
yourkindle.com,200,,https://www.amazon.com/dp/B00I15SB16
yourkindle.net,200,,https://www.amazon.com/b/ref=as_li_ss_tl?ie=UTF8&node=6669702011&linkCode=sl2&tag=amznipkindle-20&linkId=551706601a1080104e2dbb0e17826f96
yourkindle.org,200,,https://www.amazon.com/b/ref=as_li_ss_tl?ie=UTF8&node=6669702011&linkCode=sl2&tag=amznipkindle-20&linkId=551706601a1080104e2dbb0e17826f96
yourkindlebook.com,200,,https://www.amazon.com/gp/browse.html/ref=as_li_ss_tl?node=133141011&linkCode=sl2&tag=amznipbooks-20&linkId=ee5ce8b392bae22e48cab369cf5408b0
yourkindlereader.info,200,,https://www.amazon.com/ref=as_li_ss_tl?ie=UTF8&linkCode=sl2&tag=amznipops-20&linkId=ef33ef1998890bd8a89ba9c3007fa6cd
ytwitch.com,200,,https://www.twitch.tv/
ytwitchcon.com,200,,https://www.twitchcon.com/
z-amazon.com,200,,https://www.amazon.com/ref=as_li_ss_tl?_encoding=UTF8&camp=1789&creative=390957&linkCode=ur2&tag=amznipops-20&linkId=VETEOIMPO7O4WRWZ
zamazon.com,200,,https://www.amazon.com/ref=as_li_ss_tl?_encoding=UTF8&camp=1789&creative=390957&linkCode=ur2&tag=amznipops-20&linkId=VETEOIMPO7O4WRWZ
zamazon.fr,202,,https://www.amazon.fr/
zamazon.net,200,,https://www.amazon.com/ref=as_li_ss_tl?_encoding=UTF8&camp=1789&creative=390957&linkCode=ur2&tag=amznipops-20&linkId=VETEOIMPO7O4WRWZ
zappos-career.us,200,,https://amazon.jobs/en/search?business_category%5B%5D=subsidiaries&base_query=zappos
zappos-careers.us,200,,https://amazon.jobs/en/search?business_category%5B%5D=subsidiaries&base_query=zappos
zappos-job.us,200,,https://amazon.jobs/en/search?business_category%5B%5D=subsidiaries&base_query=zappos
zappos-jobs.us,200,,https://amazon.jobs/en/search?business_category%5B%5D=subsidiaries&base_query=zappos
zappos-uggstore.com,200,,https://www.zappos.com/
zappos.africa,200,,https://www.zappos.com/
zappos.best,200,,https://www.zappos.com/
zappos.blue,200,,https://www.zappos.com/
zappos.career,200,,https://www.zappos.com/
zappos.compare,200,,https://www.zappos.com/
zappos.cooking,200,,https://www.zappos.com/
zappos.fans,200,,https://www.zappos.com/
zappos.fashion,200,,https://www.zappos.com/
zappos.help,200,,https://www.zappos.com/
zappos.icu,200,,https://www.zappos.com/
zappos.lat,200,,https://www.zappos.com/
zappos.love,200,,https://www.zappos.com/
zappos.luxury,200,,https://www.zappos.com/
zappos.miami,200,,https://www.zappos.com/
zappos.one,200,,https://www.zappos.com/
zappos.online,200,,https://www.zappos.com/
zappos.party,200,,https://www.zappos.com/
zappos.qpon,200,,https://www.zappos.com/
zappos.review,200,,https://www.zappos.com/
zappos.ruhr,200,,https://www.zappos.com/
zappos.science,200,,https://www.zappos.com/
zappos.select,200,,https://www.zappos.com/
zappos.sexy,200,,https://www.zappos.com/
zappos.site,200,,https://www.zappos.com/
zappos.tech,200,,https://www.zappos.com/
zappos.us,200,,https://www.zappos.com/
zappos.vegas,200,,https://www.zappos.com/
zappos.vip,200,,https://www.zappos.com/
zappos.wang,200,,https://www.zappos.com/
zappos.webcam,200,,https://www.zappos.com/
zappos.website,200,,https://www.zappos.com/
zappos.wedding,200,,https://www.zappos.com/
zappos.xyz,200,,https://www.zappos.com/
zappos.yoga,200,,https://www.zappos.com/
zapposamazon.info,200,,https://www.amazon.com/ref=as_li_ss_tl?_encoding=UTF8&camp=1789&creative=390957&linkCode=ur2&tag=amznipops-20&linkId=VETEOIMPO7O4WRWZ
zapposamazon.org,200,,https://www.zappos.com/
zapposbiz.us,200,,https://www.zappos.com/
zapposcareer.us,200,,https://amazon.jobs/en/search?business_category%5B%5D=subsidiaries&base_query=zappos
zapposcareers.us,200,,https://amazon.jobs/en/search?business_category%5B%5D=subsidiaries&base_query=zappos
zapposcorevalues.us,200,,https://www.zappos.com/
zapposcouponcode.us,200,,https://www.zappos.com/
zapposcouponcodes.us,200,,https://www.zappos.com/
zapposcoupons.us,200,,https://www.zappos.com/
zapposcouture.com,200,200,https://www.zappos.com/
zapposcouture.fashion,200,,https://www.zappos.com/
zapposcouture.us,200,,https://www.zappos.com/
zapposdiscount.us,200,,https://www.zappos.com/
zapposdiscountcode.us,200,,https://www.zappos.com/
zapposdiscountcodes.us,200,,https://www.zappos.com/
zapposjob.us,200,,https://amazon.jobs/en/search?business_category%5B%5D=subsidiaries&base_query=zappos
zapposjobs.us,200,,https://amazon.jobs/en/search?business_category%5B%5D=subsidiaries&base_query=zappos
zapposlasvegas.us,200,,https://www.zappos.com/
zapposse.us,200,,https://www.zappos.com/
zapposshoes.us,200,,https://www.zappos.com/
zapposshoesz.us,200,,https://www.zappos.com/
zappostv.us,200,,https://www.zappos.com/
zapposu.us,200,,https://www.zappos.com/
zapposuniversity.us,200,,https://www.zappos.com/
zapposwholesale.com,200,,https://www.zappos.com/
zoox-internal.com,200,,
zoox-internal.net,200,,
zoox-internal.org,200,,
zoox.com,200,200,https://zoox.com/
zoox.design,200,200,
zoox.live,200,200,
zoox.vegas,200,200,
zooxairbot.ai,200,,
zooxairbot.com,200,,
zooxairbot.jp,200,,
zooxamazon.com,200,,
zooxapp.biz,200,,
zooxapp.com,200,,
zooxapp.net,200,,
zooxapp.org,200,,
zooxapps.biz,200,,
zooxapps.net,200,,
zooxapps.org,200,,
zooxauto.ai,200,200,https://zoox.com/
zooxauto.io,200,200,https://zoox.com/
zooxautomation.com,200,,http://comingsoon.markmonitor.com/
zooxautomobile.ai,200,200,https://zoox.com/
zooxbestdriver.com,200,,
zooxblocksbikes.com,200,,
zooxbot.com,200,,
zooxcandrive.com,200,,
zooxcantdrive.com,200,,
zooxcargobot.ai,200,,
zooxcargobot.com,200,,
zooxcargobot.jp,200,,
zooxcars.ai,200,200,https://zoox.com/
zooxcars.io,200,200,https://zoox.com/
zooxclassactionlawsuit.com,200,,
zooxclassactionlawsuit.info,200,,
zooxclassactionlawsuit.net,200,,
zooxclassactionlawsuit.org,200,,
zooxclassactionlawyer.com,200,,
zooxclassactionlawyer.info,200,,
zooxclassactionlawyer.net,200,,
zooxclassactionlawyer.org,200,,
zooxcom.com,200,200,
zooxcontests.com,200,,
zooxcrash.com,200,,
zooxcrashes.com,200,,
zooxdata.ai,200,200,https://zoox.com/
zooxdata.io,200,200,https://zoox.com/
zooxdata.net,200,200,https://zoox.com/
zooxdoox.com,200,,
zooxdriverless.com,200,,https://www.safebrowse.io/warn.html?url=http://zooxdriverless.com/&token=7c2a03d2
zooxdropbot.ai,200,,
zooxdropbot.com,200,,
zooxdropbot.jp,200,,
zooxexobot.ai,200,200,
zooxexobot.com,200,200,
zooxexobot.jp,200,200,
zooxfidicuiarybreach.com,200,,
zooxfidicuiarybreach.info,200,,
zooxfidicuiarybreach.net,200,,
zooxfidicuiarybreach.org,200,,
zooxgiveaways.com,200,,
zooxinsider.ai,200,200,https://zoox.com/
zooxinsider.io,200,200,https://zoox.com/
zooxinsider.net,200,200,https://zoox.com/
zooxinternal.com,200,,
zooxinternal.net,200,,
zooxinternal.org,200,,
zooxinthebikelane.com,200,,
zooxisbad.com,200,,
zooxisdangerous.com,200,,
zooxkills.com,200,,
zooxlabs.ai,200,200,https://zoox.com/
zooxlabs.io,200,200,https://zoox.com/
zooxlabs.net,200,200,https://zoox.com/
zooxlasvegas.com,200,,
zooxmobility.ai,200,200,https://zoox.com/
zooxmobility.io,200,200,https://zoox.com/
zooxmobot.ai,200,,
zooxmobot.jp,200,,
zooxsanfrancisco.com,200,,
zooxsf.com,200,,
zooxsolbot.ai,200,,
zooxsolbot.com,200,,
zooxsolbot.jp,200,,
zooxsoox.com,200,,
zooxstore.com,200,403,https://zooxstore.com/
zooxsux.com,200,,
zooxsweeps.com,200,,
zooxsweepstakes.com,200,,
zooxunsafe.com,200,,
zooxy.ai,200,200,https://zoox.com/
zooxy.io,200,200,https://zoox.com/
zooxy.net,200,200,https://zoox.com/
