domain,sources
154st.com,Humana Inc.
154street.com,Humana Inc.
154streetmedicalplaza.com,Humana Inc.
1home.health,Humana Inc.
2011pdp.com,Humana Inc.
2011pdp.net,Humana Inc.
2011pdp.org,Humana Inc.
2011pdpinfo.net,Humana Inc.
2011pdpinfo.org,Humana Inc.
3smartquestions.com,Humana Inc.
65bday.com,Humana Inc.
65birthday.com,Humana Inc.
65medicare.com,Humana Inc.
65turning.com,Humana Inc.
abouthighriskmedicine.com,Humana Inc.
abouthighriskmedicines.com,Humana Inc.
abouthrms.com,Humana Inc.
aboutmykids.com,Humana Inc.
aboutmykids.org,Humana Inc.
aboutmylifejourney.com,Humana Inc.
aboutmylifestages.com,Humana Inc.
aboutmystages.com,Humana Inc.
aboutmystrengths.com,Humana Inc.
aboutstatins.com,Humana Inc.
aboutstatinuse.com,Humana Inc.
accountablecarepa.com,Humana Inc.
accountablecarepa.org,Humana Inc.
aco-pa.com,Humana Inc.
aco-pa.org,Humana Inc.
acoofpa.com,Humana Inc.
acoofpa.org,Humana Inc.
acvtoolkit.com,Humana Inc.
adddentaltoday.com,Humana Inc.
addondental.com,Humana Inc.
adherencehumana.com,Humana Inc.
adherencerxcoaching.com,Humana Inc.
advantagecare.com,Humana Inc.
aemapi.com,Humana Inc.
affordabledentalpremiums.com,Humana Inc.
affordabledentalprices.com,Humana Inc.
affordabledirectquote.com,Humana Inc.
affordablefreequote.com,Humana Inc.
affordablevisionplans.com,Humana Inc.
agewellwithconviva.com,Humana Inc.
agile-technology-solutions.com,Humana Inc.
agile-technology-solutions.net,Humana Inc.
agile-technology-solutions.org,Humana Inc.
agingconcerns.com,Humana Inc.
agingin.com,Humana Inc.
agooddaughter.com,Humana Inc.
ahhob.net,Humana Inc.
al-cpn.com,Humana Inc.
alamocitymedical.com,Humana Inc.
alamomedicalgroup.com,Humana Inc.
alamoosteopathic.com,Humana Inc.
aliadosensaludcarolinadelnorte.com,Humana Inc.
aliadosensaludcharlotte.com,Humana Inc.
aliadosensaluddallasfortworth.com,Humana Inc.
aliadosensaludhouston.com,Humana Inc.
aliadosensaludkansas.com,Humana Inc.
aliadosensaludkansascity.com,Humana Inc.
aliadosensaludlasvegas.com,Humana Inc.
aliadosensaludlouisville.com,Humana Inc.
aliadosensaludmissouri.com,Humana Inc.
aliadosensaludnashville.com,Humana Inc.
aliadosensaludnc.com,Humana Inc.
aliadosensaludorlando.com,Humana Inc.
aliadosensaludphoenix.com,Humana Inc.
alliedinstituteofmedicine.net,Humana Inc.
alliedinstmed.com,Humana Inc.
alliediom.com,Humana Inc.
alliedprimarycare.com,Humana Inc.
alliedwc.com,Humana Inc.
alliedwellnesscenter.net,Humana Inc.
alzcoaching.org,Humana Inc.
alzheimerphoenix.com,Humana Inc.
alzheimersarizona.com,Humana Inc.
alzheimerscarephoenix.com,Humana Inc.
alzheimerscarescottsdale.com,Humana Inc.
alzheimerscottsdale.com,Humana Inc.
alzheimersphoenix.com,Humana Inc.
alzheimersscottsdale.com,Humana Inc.
amahsa.com,Humana Inc.
americadirecthsa.com,Humana Inc.
americancompanioncare.com,Humana Inc.
americaneldercare.com,Humana Inc.
amicushealthcare.com,Humana Inc.
amicusmso.com,Humana Inc.
anajalimanagement.com,Humana Inc.
anchorhomecarefl.com,Humana Inc.
angelswatchingoveryouinc.com,Humana Inc.
answersfromhumana.com,Humana Inc.
answersfromhumana.net,Humana Inc.
answersnow.org,Humana Inc.
anvita.info,Humana Inc.
anvitablog.com,Humana Inc.
anvitablog.net,Humana Inc.
anvitahealth.com,Humana Inc.
anvitahealth.net,Humana Inc.
anvitahealthblog.com,Humana Inc.
anvitahealthblog.net,Humana Inc.
apex-md.net,Humana Inc.
apexdmd.com,Humana Inc.
applytrueshore.com,Humana Inc.
arcadianhealth.com,Humana Inc.
arcadianhealthplan.com,Humana Inc.
arcadianhp.com,Humana Inc.
arcadianmgt.com,Humana Inc.
arh-benefits.com,Humana Inc.
arizonabenefits.org,Humana Inc.
arizonacenterwell.com,Humana Inc.
arreglamidoctor.com,Humana Inc.
artamedicare.com,Humana Inc.
artemishealthplans.com,Humana Inc.
askhumana.com,Humana Inc.
askhumana.net,Humana Inc.
askhumana.org,Humana Inc.
atcenterwell.com,Humana Inc.
atconviva.com,Humana Inc.
atlantabenefits.org,Humana Inc.
atlantacenterwell.com,Humana Inc.
atlhealthcareinfo.com,Humana Inc.
auther.care,Humana Inc.
auther.health,Humana Inc.
autherbyhumana.com,Humana Inc.
authercare.com,Humana Inc.
authercares.com,Humana Inc.
authorbyhumana.cafe,Humana Inc.
authorbyhumana.com,Humana Inc.
authorbyhumana.health,Humana Inc.
authorbyhumana.healthcare,Humana Inc.
authorbyhumana.net,Humana Inc.
authorbyhumana.org,Humana Inc.
authorbyhumana.us,Humana Inc.
authorfromhumana.com,Humana Inc.
authorhumana.com,Humana Inc.
authur.care,Humana Inc.
authur.health,Humana Inc.
authurbyhumana.com,Humana Inc.
authurcare.com,Humana Inc.
authurcares.com,Humana Inc.
autorefillcwp.com,Humana Inc.
autorefillenroll.com,Humana Inc.
autorefillscwp.com,Humana Inc.
bamcfl.com,Humana Inc.
bayareamedicalclinicfl.com,Humana Inc.
bday65.com,Humana Inc.
beginwithcenterwell.com,Humana Inc.
beginwithcwp.com,Humana Inc.
beneclicks.com,Humana Inc.
benefitscompanyofchoice.com,Humana Inc.
benefitscompanyofchoice.net,Humana Inc.
benefitscompanyofchoice.org,Humana Inc.
betterwithhumana.com,Humana Inc.
betterwithhumana.net,Humana Inc.
bettycare.com,Humana Inc.
bienestarensuhogar.com,Humana Inc.
bienvenidoacenterwell.com,Humana Inc.
bienvenidocenterwell.com,Humana Inc.
birthday65.com,Humana Inc.
bizconfigurator.us,primary
boulderhealthcareinfo.com,Humana Inc.
brightrabbitgames.com,Humana Inc.
brightrabbitplay.com,Humana Inc.
browardconviva.com,Humana Inc.
browardhealthcareinfo.com,Humana Inc.
buildcashvalue.com,Humana Inc.
buildcashvalue.net,Humana Inc.
buildmyhealthstory.com,Humana Inc.
buildurfamscape.com,Humana Inc.
buildwithhumana.com,Humana Inc.
buildwithhumana.net,Humana Inc.
buyhumana.com,Humana Inc.
buyhumanadental.com,Humana Inc.
buyhumanaone.com,Humana Inc.
buyhumanaonedental.com,Humana Inc.
buyhumanaonevision.com,Humana Inc.
buyhumanaveteranspackage.com,Humana Inc.
buyrightsourcesupplies.com,Humana Inc.
buyvisioninsurance.com,Humana Inc.
buyvisionplans.com,Humana Inc.
cac-florida.com,Humana Inc.
cac-florida.net,Humana Inc.
cac-florida.org,Humana Inc.
cac-fmc.com,Humana Inc.
cac-fmc.net,Humana Inc.
cac-fmc.org,Humana Inc.
caccare.com,Humana Inc.
caccaremedicalcenters.com,Humana Inc.
cacemr.com,Humana Inc.
cacfamilymedical.com,Humana Inc.
cacfamilymedical.net,Humana Inc.
cacfamilymedical.org,Humana Inc.
cacfamilymedicalcenters.com,Humana Inc.
cacfamilymedicalcenters.net,Humana Inc.
cacfamilymedicalcenters.org,Humana Inc.
cacflamedicalcenters.com,Humana Inc.
cacflmedical.com,Humana Inc.
cacflmedical.net,Humana Inc.
cacflmedical.org,Humana Inc.
cacflmedicalcenters.com,Humana Inc.
cacflorida.com,Humana Inc.
cacflorida.net,Humana Inc.
cacflorida.org,Humana Inc.
cacfloridamedicalcenters.com,Humana Inc.
cacfloridamedicalcenters.net,Humana Inc.
cacfloridamedicalcenters.org,Humana Inc.
cacfmc.com,Humana Inc.
cacfmc.net,Humana Inc.
cacfmc.org,Humana Inc.
cacmedical.org,Humana Inc.
cacmedicalcenters.com,Humana Inc.
cacmedicalcenters.net,Humana Inc.
cacmedicalcenters.org,Humana Inc.
cacmedicalctr.com,Humana Inc.
cacmedicalctr.net,Humana Inc.
cacmedicalctr.org,Humana Inc.
cadeoncare.com,Humana Inc.
cadeoncarecenter.com,Humana Inc.
cadeoncaresolutions.com,Humana Inc.
cadeonphysiciangroup.com,Humana Inc.
cadeonphysicians.com,Humana Inc.
cadeonpracticesolutions.com,Humana Inc.
cadeonsolutions.com,Humana Inc.
calculatethecost.com,Humana Inc.
callhumana.com,Humana Inc.
callhumanatoday.com,Humana Inc.
cambieseacareplus.com,Humana Inc.
cambridgecompanions.com,Humana Inc.
campaigncallmanager.com,Humana Inc.
cancerprognosis.org,Humana Inc.
care-plus-health-plans.com,Humana Inc.
carecenternetw.com,Humana Inc.
carecenternetwork.com,Humana Inc.
carechoicenj.com,Humana Inc.
caredeliveryorganization.com,Humana Inc.
carefindersfl.com,Humana Inc.
carefreehomecare.com,Humana Inc.
careplus-hmo.com,Humana Inc.
careplus-hp.com,Humana Inc.
careplus-mc.com,Humana Inc.
careplus.health,Humana Inc.
careplus65.com,Humana Inc.
careplusedi.com,Humana Inc.
careplusflorida.com,Humana Inc.
careplusforyou.com,Humana Inc.
careplusguidebook.com,Humana Inc.
careplushealthassessment.com,Humana Inc.
careplushealthplans.com,Humana Inc.
careplushealthplansflorida.com,Humana Inc.
careplushearthealth.com,Humana Inc.
careplushmo.com,Humana Inc.
careplushp.com,Humana Inc.
careplushpflorida.com,Humana Inc.
careplushplans.com,Humana Inc.
careplusjacksonville.com,Humana Inc.
careplusmedicare.com,Humana Inc.
careplusmppp.com,Humana Inc.
careplusmtm.com,Humana Inc.
careplusplans.com,Humana Inc.
caresolutionsaco.com,Humana Inc.
carewithtrust.net,Humana Inc.
caringtreeinc.com,Humana Inc.
caringtreeseniorcare.com,Humana Inc.
cariten.com,Humana Inc.
caritenassist.com,Humana Inc.
caritenhealthcare.com,Humana Inc.
caritenseniorhealth.com,Humana Inc.
caritensolutions.com,Humana Inc.
caritenworxs.com,Humana Inc.
cash-cancer.com,Humana Inc.
cash-for-cancer.com,Humana Inc.
cashcancerassistance.com,Humana Inc.
cashcancerinsurance.com,Humana Inc.
cashcancerinsurance.net,Humana Inc.
cashcancerinsurance.us,Humana Inc.
cashcancerplan.com,Humana Inc.
cashcancerpolicies.com,Humana Inc.
cashcancerpolicy.com,Humana Inc.
cbbcbsfl.com,Humana Inc.
ccmcenters.com,Humana Inc.
ccmedicalgroup.com,Humana Inc.
celebracenterwellarizona.com,Humana Inc.
celebracenterwellnevada.com,Humana Inc.
celebracenterwelltennessee.com,Humana Inc.
celebraconvivabroward.com,Humana Inc.
celebraconvivadaytona.com,Humana Inc.
celebraconvivaelpaso.com,Humana Inc.
celebraconvivatreasurecoast.com,Humana Inc.
celebratecenterwell.com,Humana Inc.
celebratecenterwellarizona.com,Humana Inc.
celebratecenterwellinthevillages.com,Humana Inc.
celebratecenterwellnevada.com,Humana Inc.
celebratecenterwelltennessee.com,Humana Inc.
celebratecenterwelltriad.com,Humana Inc.
celebrateconviva.com,Humana Inc.
celebrateconvivabroward.com,Humana Inc.
celebrateconvivadaytona.com,Humana Inc.
celebrateconvivaelpaso.com,Humana Inc.
celebrateconvivatampa.com,Humana Inc.
celebrateconvivatreasurecoast.com,Humana Inc.
centeredwell.com,Humana Inc.
centerwel.com,Humana Inc.
centerwell-delivers.com,Humana Inc.
centerwell-enroll.com,Humana Inc.
centerwell-meds.com,Humana Inc.
centerwell-pharmacy.com,Humana Inc.
centerwell-rx.com,Humana Inc.
centerwell-scripts.com,Humana Inc.
centerwell.com,Humana Inc.
centerwell.health,Humana Inc.
centerwell.info,Humana Inc.
centerwell.org,Humana Inc.
centerwellaccountablecare.com,Humana Inc.
centerwellagentportal.com,Humana Inc.
centerwellagenttraining.com,Humana Inc.
centerwellarizona.com,Humana Inc.
centerwellasulado.com,Humana Inc.
centerwellathome.com,Humana Inc.
centerwellatlanta.com,Humana Inc.
centerwellatthevillages.com,Humana Inc.
centerwellazevent.com,Humana Inc.
centerwellcare.com,Humana Inc.
centerwellcare.net,Humana Inc.
centerwellcareanywhere.com,Humana Inc.
centerwellcareers.com,Humana Inc.
centerwellcares.com,Humana Inc.
centerwellcaresolution.com,Humana Inc.
centerwellcaresolutions.com,Humana Inc.
centerwellcaretraining.com,Humana Inc.
centerwellcharleston.com,Humana Inc.
centerwellcharlotte.com,Humana Inc.
centerwellchoice.com,Humana Inc.
centerwellcoe.com,Humana Inc.
centerwellcolumbia.com,Humana Inc.
centerwellconsent.com,Humana Inc.
centerwellconsents.com,Humana Inc.
centerwelldallas.com,Humana Inc.
centerwelldelivers.com,Humana Inc.
centerwelldelivery.com,Humana Inc.
centerwelldfw.com,Humana Inc.
centerwelldoctors.com,Humana Inc.
centerwelldrugs.com,Humana Inc.
centerwelleasymail.com,Humana Inc.
centerwelleasyship.com,Humana Inc.
centerwellenroll.com,Humana Inc.
centerwellevents.com,Humana Inc.
centerwellfarmacia.com,Humana Inc.
centerwellfastrx.com,Humana Inc.
centerwellflorida.com,Humana Inc.
centerwellforagents.com,Humana Inc.
centerwellforme.com,Humana Inc.
centerwellforseniors.com,Humana Inc.
centerwellforyou.com,Humana Inc.
centerwellgastonia.com,Humana Inc.
centerwellgeorgia.com,Humana Inc.
centerwellgoldentriangle.com,Humana Inc.
centerwellhealth.com,Humana Inc.
centerwellhealth.org,Humana Inc.
centerwellhealthcare.com,Humana Inc.
centerwellhealthjourney.com,Humana Inc.
centerwellhealthy.com,Humana Inc.
centerwellheatlh.net,Humana Inc.
centerwellheatlhcare.net,Humana Inc.
centerwellhereforyou.com,Humana Inc.
centerwellholistic.com,Humana Inc.
centerwellholisticcare.com,Humana Inc.
centerwellholistichealth.com,Humana Inc.
centerwellhome.com,Humana Inc.
centerwellhome.health,Humana Inc.
centerwellhomedelivery.com,Humana Inc.
centerwellhomehealth.club,Humana Inc.
centerwellhomehealth.com,Humana Inc.
centerwellhomehealth.info,Humana Inc.
centerwellhomehealth.io,Humana Inc.
centerwellhomehealth.net,Humana Inc.
centerwellhomehealth.online,Humana Inc.
centerwellhomehealth.org,Humana Inc.
centerwellhomehealth.us,Humana Inc.
centerwellhomehealthdirect.com,Humana Inc.
centerwellhomesteadfarmacia.com,Humana Inc.
centerwellhomesteadpharmacy.com,Humana Inc.
centerwellhouston.com,Humana Inc.
centerwellindiana.com,Humana Inc.
centerwellindianapolis.com,Humana Inc.
centerwellinthevillages.com,Humana Inc.
centerwellipasolutions.com,Humana Inc.
centerwellkansascity.com,Humana Inc.
centerwellkentuckiana.com,Humana Inc.
centerwellksmo.com,Humana Inc.
centerwelllasvegas.com,Humana Inc.
centerwelllexington.com,Humana Inc.
centerwelllittlehavanafarmacia.com,Humana Inc.
centerwelllittlehavanapharmacy.com,Humana Inc.
centerwelllouisiana.com,Humana Inc.
centerwelllouisville.com,Humana Inc.
centerwellmailmeds.com,Humana Inc.
centerwellmailorder.com,Humana Inc.
centerwellmailrx.com,Humana Inc.
centerwellmeatiende.com,Humana Inc.
centerwellmedgroup.com,Humana Inc.
centerwellmedicalcare.com,Humana Inc.
centerwellmedicalgroup.com,Humana Inc.
centerwellmedicalservices.com,Humana Inc.
centerwellmeds.com,Humana Inc.
centerwellmedsnow.com,Humana Inc.
centerwellmedstoday.com,Humana Inc.
centerwellmississippi.com,Humana Inc.
centerwellmso.com,Humana Inc.
centerwellmyrtlebeach.com,Humana Inc.
centerwellmyrx.com,Humana Inc.
centerwellnc.com,Humana Inc.
centerwellnewrx.com,Humana Inc.
centerwellorlando.com,Humana Inc.
centerwellotc.com,Humana Inc.
centerwellparami.com,Humana Inc.
centerwellparati.com,Humana Inc.
centerwellparausted.com,Humana Inc.
centerwellpatientcare.com,Humana Inc.
centerwellpatientportal.com,Humana Inc.
centerwellpca.com,Humana Inc.
centerwellpcanywhere.com,Humana Inc.
centerwellpco.com,Humana Inc.
centerwellpersonalcare.com,Humana Inc.
centerwellpharmacy.com,Humana Inc.
centerwellpharmacy.pharmacy,Humana Inc.
centerwellpharmacycare.com,Humana Inc.
centerwellpharmacycares.com,Humana Inc.
centerwellpharmacydelivers.com,Humana Inc.
centerwellpharmacyenroll.com,Humana Inc.
centerwellpharmacygetstarted.com,Humana Inc.
centerwellpharmacyinfo.com,Humana Inc.
centerwellpharmacylearnmore.com,Humana Inc.
centerwellpharmacyrefill.com,Humana Inc.
centerwellpharmacyrewards.com,Humana Inc.
centerwellpharmacyrx.com,Humana Inc.
centerwellpharmacysignin.com,Humana Inc.
centerwellpharmacyspecialtymd.com,Humana Inc.
centerwellpharmacywelcome.com,Humana Inc.
centerwellphoenix.com,Humana Inc.
centerwellphx.com,Humana Inc.
centerwellphysicians.com,Humana Inc.
centerwellplazalindafarmacia.com,Humana Inc.
centerwellplazalindapharmacy.com,Humana Inc.
centerwellprimarycare.com,Humana Inc.
centerwellprimarycare.net,Humana Inc.
centerwellprimarycare.org,Humana Inc.
centerwellprimarycareaep.com,Humana Inc.
centerwellprimarycareanywhere.com,Humana Inc.
centerwellprimarycareathome.com,Humana Inc.
centerwellquickrx.com,Humana Inc.
centerwellraleigh.com,Humana Inc.
centerwellraleighdurham.com,Humana Inc.
centerwellrichmond.com,Humana Inc.
centerwellriogrande.com,Humana Inc.
centerwellrx.com,Humana Inc.
centerwellrxapp.com,Humana Inc.
centerwellrxdelivers.com,Humana Inc.
centerwellrxdelivery.com,Humana Inc.
centerwellrxenroll.com,Humana Inc.
centerwellrxexplore.com,Humana Inc.
centerwellrxgetstarted.com,Humana Inc.
centerwellrxinfo.com,Humana Inc.
centerwellrxlearnmore.com,Humana Inc.
centerwellrxmailorder.com,Humana Inc.
centerwellrxrefill.com,Humana Inc.
centerwellrxregister.com,Humana Inc.
centerwellrxrewards.com,Humana Inc.
centerwellrxtoday.com,Humana Inc.
centerwellrxtransfer.com,Humana Inc.
centerwells.com,Humana Inc.
centerwellsc.com,Humana Inc.
centerwellschedulenow.com,Humana Inc.
centerwellscheduling.com,Humana Inc.
centerwellscripts.com,Humana Inc.
centerwellscripttransfer.com,Humana Inc.
centerwellsenior.com,Humana Inc.
centerwellseniorcareatl.com,Humana Inc.
centerwellseniorprimarycare.com,Humana Inc.
centerwellseniorprimarycare.net,Humana Inc.
centerwellseniorprimarycare.org,Humana Inc.
centerwellseniors.com,Humana Inc.
centerwellservices.com,Humana Inc.
centerwellsimplerx.com,Humana Inc.
centerwellsolutions.com,Humana Inc.
centerwellsouthernindiana.com,Humana Inc.
centerwellspcares.com,Humana Inc.
centerwellspec.com,Humana Inc.
centerwellspecialists.com,Humana Inc.
centerwellspecialty.com,Humana Inc.
centerwellspecialtymeds.com,Humana Inc.
centerwellspecialtymedsnow.com,Humana Inc.
centerwellspecialtypharmacy.com,Humana Inc.
centerwellspecialtypharmacy.org,Humana Inc.
centerwellspecialtypharmacy.pharmacy,Humana Inc.
centerwellspecialtypharmacyrx.com,Humana Inc.
centerwellspecialtyrx.com,Humana Inc.
centerwellspecialtyrxinfo.com,Humana Inc.
centerwellspmailorder.com,Humana Inc.
centerwellstartnew.com,Humana Inc.
centerwellstartnow.com,Humana Inc.
centerwellsupport.com,Humana Inc.
centerwelltennessee.com,Humana Inc.
centerwelltime.com,Humana Inc.
centerwelltoday.com,Humana Inc.
centerwelltour.com,Humana Inc.
centerwelltours.com,Humana Inc.
centerwelltransfer.com,Humana Inc.
centerwelltransferrx.com,Humana Inc.
centerwellupstate.com,Humana Inc.
centerwellvaccineinterest.com,Humana Inc.
centerwellveterans.com,Humana Inc.
centerwellvets.com,Humana Inc.
centerwellvirginia.com,Humana Inc.
centerwellwesthillfarmacia.com,Humana Inc.
centerwellwesthillspharmacy.com,Humana Inc.
centerwellwestlandfarmacia.com,Humana Inc.
centerwellwestlandpharmacy.com,Humana Inc.
centerwellwinterhavenfarmacia.com,Humana Inc.
centerwellwinterhavenpharmacy.com,Humana Inc.
centherwellhealth.com,Humana Inc.
certifydatasystems.com,Humana Inc.
certifydatasystems.net,Humana Inc.
certifyds.com,Humana Inc.
cha-agents.com,Humana Inc.
cha-data.com,Humana Inc.
cha-data.net,Humana Inc.
cha-data.org,Humana Inc.
cha-health.com,Humana Inc.
cha-outcomes.com,Humana Inc.
cha-outcomes.net,Humana Inc.
cha-outcomes.org,Humana Inc.
chadata.com,Humana Inc.
chadata.net,Humana Inc.
chadata.org,Humana Inc.
champususa.com,Humana Inc.
changenow4health.com,Humana Inc.
changenow4healthcare.com,Humana Inc.
changenowforhealth.com,Humana Inc.
changenowforhealthcare.com,Humana Inc.
changetosafermedicine.com,Humana Inc.
chaoutcomes.com,Humana Inc.
chaoutcomes.net,Humana Inc.
chaoutcomes.org,Humana Inc.
charlestoncenterwell.com,Humana Inc.
charlottecenterwell.com,Humana Inc.
checkhumana.com,Humana Inc.
chicagobenefits.org,Humana Inc.
chicagoprimarycaregroup.com,Humana Inc.
choicecare.com,Humana Inc.
choicecare.info,Humana Inc.
choicecarehumana.com,Humana Inc.
choicecarenetwork.biz,Humana Inc.
choicecarenetwork.com,Humana Inc.
choicecarenetwork.info,Humana Inc.
choosecareplus.com,Humana Inc.
choosecenterwell.com,Humana Inc.
choosecenterwellarizona.com,Humana Inc.
choosecenterwellasheville.com,Humana Inc.
choosecenterwellatlanta.com,Humana Inc.
choosecenterwellcharleston.com,Humana Inc.
choosecenterwellcharlotte.com,Humana Inc.
choosecenterwellcolumbia.com,Humana Inc.
choosecenterwelldallas.com,Humana Inc.
choosecenterwelldfw.com,Humana Inc.
choosecenterwellgastonia.com,Humana Inc.
choosecenterwellgeorgia.com,Humana Inc.
choosecenterwellgoldentriangle.com,Humana Inc.
choosecenterwellhouston.com,Humana Inc.
choosecenterwellindiana.com,Humana Inc.
choosecenterwellkansascity.com,Humana Inc.
choosecenterwellkentuckiana.com,Humana Inc.
choosecenterwellksmo.com,Humana Inc.
choosecenterwelllasvegas.com,Humana Inc.
choosecenterwelllexington.com,Humana Inc.
choosecenterwelllouisiana.com,Humana Inc.
choosecenterwelllouisville.com,Humana Inc.
choosecenterwellmississippi.com,Humana Inc.
choosecenterwellmyrtlebeach.com,Humana Inc.
choosecenterwellnashville.com,Humana Inc.
choosecenterwellnc.com,Humana Inc.
choosecenterwellorlando.com,Humana Inc.
choosecenterwellphoenix.com,Humana Inc.
choosecenterwellraleighdurham.com,Humana Inc.
choosecenterwellrichmond.com,Humana Inc.
choosecenterwellriogrande.com,Humana Inc.
choosecenterwellsc.com,Humana Inc.
choosecenterwellsouthernindiana.com,Humana Inc.
choosecenterwelltennessee.com,Humana Inc.
choosecenterwellupstate.com,Humana Inc.
choosecenterwellvegas.com,Humana Inc.
choosecenterwellvirginia.com,Humana Inc.
chooseconviva.com,Humana Inc.
chooseconvivabroward.com,Humana Inc.
chooseconvivacorpuschristi.com,Humana Inc.
chooseconvivadaytona.com,Humana Inc.
chooseconvivaelpaso.com,Humana Inc.
chooseconvivajacksonville.com,Humana Inc.
chooseconvivamiamidade.com,Humana Inc.
chooseconvivapalmbeach.com,Humana Inc.
chooseconvivasanantonio.com,Humana Inc.
chooseconvivatampa.com,Humana Inc.
chooseconvivatreasurecoast.com,Humana Inc.
choosedentalnow.com,Humana Inc.
choosehumana.com,Humana Inc.
choosehumana1.com,Humana Inc.
choosehumanacoverage.com,Humana Inc.
choosehumanadental.com,Humana Inc.
choosehumanahealth.com,Humana Inc.
choosehumanamapd.com,Humana Inc.
choosehumanamapdcoverage.com,Humana Inc.
choosehumanamapdoptions.com,Humana Inc.
choosehumanamapdplan.com,Humana Inc.
choosehumanamapdplans.com,Humana Inc.
choosehumanamedicare.com,Humana Inc.
choosehumanamedicareadvantage.com,Humana Inc.
choosehumanamedicareadvantagecoverage.com,Humana Inc.
choosehumanamedicareadvantageoptions.com,Humana Inc.
choosehumanamedicareadvantageplan.com,Humana Inc.
choosehumanamedicareadvantageplans.com,Humana Inc.
choosehumanamedicarecoverage.com,Humana Inc.
choosehumanamedicareoptions.com,Humana Inc.
choosehumanamedicareplan.com,Humana Inc.
choosehumanamedicareplans.com,Humana Inc.
choosehumananow.com,Humana Inc.
choosehumanaone.com,Humana Inc.
choosehumanaonedental.com,Humana Inc.
choosehumanaoptions.com,Humana Inc.
choosehumanapartc.com,Humana Inc.
choosehumanapartccoverage.com,Humana Inc.
choosehumanapartcoptions.com,Humana Inc.
choosehumanapartcplan.com,Humana Inc.
choosehumanapartcplans.com,Humana Inc.
choosehumanapartd.com,Humana Inc.
choosehumanapartdcoverage.com,Humana Inc.
choosehumanapartdoptions.com,Humana Inc.
choosehumanapartdplan.com,Humana Inc.
choosehumanapartdplans.com,Humana Inc.
choosehumanaplans.com,Humana Inc.
choosehumanaprescriptiondrug.com,Humana Inc.
choosehumanaprescriptiondrugcoverage.com,Humana Inc.
choosehumanaprescriptiondrugoptions.com,Humana Inc.
choosehumanaprescriptiondrugplan.com,Humana Inc.
choosehumanaprescriptiondrugplans.com,Humana Inc.
choosehumanaveteranspackage.com,Humana Inc.
chosehumana.com,Humana Inc.
chosehumana.net,Humana Inc.
chsgeriatric.com,Humana Inc.
cimcare.com,Humana Inc.
cincyhealthcareinfo.com,Humana Inc.
clickbuildonline.com,Humana Inc.
clickenrollonline.com,Humana Inc.
clinicadeldoloryartritis.com,Humana Inc.
clinicalcarecenter.net,Humana Inc.
clinicalcaremc.com,Humana Inc.
clinicalcaremedicalcenter.com,Humana Inc.
clinicalcaremedicalcenters.com,Humana Inc.
clinicalcarenetwork.net,Humana Inc.
clinicalmedicalgroup.com,Humana Inc.
clinicalmg.com,Humana Inc.
columbiacenterwell.com,Humana Inc.
cometocenterwell.com,Humana Inc.
cometocenterwellarizona.com,Humana Inc.
cometocenterwellasheville.com,Humana Inc.
cometocenterwellatlanta.com,Humana Inc.
cometocenterwellbatonrouge.com,Humana Inc.
cometocenterwellcharlotte.com,Humana Inc.
cometocenterwellcolumbia.com,Humana Inc.
cometocenterwelldallas.com,Humana Inc.
cometocenterwellflorida.com,Humana Inc.
cometocenterwellgeorgia.com,Humana Inc.
cometocenterwellindiana.com,Humana Inc.
cometocenterwellkansascity.com,Humana Inc.
cometocenterwelllasvegas.com,Humana Inc.
cometocenterwelllexington.com,Humana Inc.
cometocenterwelllouisiana.com,Humana Inc.
cometocenterwelllouisville.com,Humana Inc.
cometocenterwellmississippi.com,Humana Inc.
cometocenterwellmissouri.com,Humana Inc.
cometocenterwellmyrtlebeach.com,Humana Inc.
cometocenterwellnc.com,Humana Inc.
cometocenterwellneworleans.com,Humana Inc.
cometocenterwellorlando.com,Humana Inc.
cometocenterwellphoenix.com,Humana Inc.
cometocenterwellraleighdurham.com,Humana Inc.
cometocenterwellrichmond.com,Humana Inc.
cometocenterwellsc.com,Humana Inc.
cometocenterwellshreveport.com,Humana Inc.
cometocenterwellsouthernindiana.com,Humana Inc.
cometocenterwelltennessee.com,Humana Inc.
cometocenterwelltexas.com,Humana Inc.
cometocenterwelltidewater.com,Humana Inc.
cometocenterwelltriad.com,Humana Inc.
cometoconviva.com,Humana Inc.
cometoconvivacorpuschristi.com,Humana Inc.
cometoconvivadaytona.com,Humana Inc.
commissioning-institute.com,Humana Inc.
commissioning-institute.org,Humana Inc.
commissioningacademy.com,Humana Inc.
commissioningacademy.net,Humana Inc.
commissioningacademy.org,Humana Inc.
communitycarecw.org,Humana Inc.
comparehumana.com,Humana Inc.
comparehumana.net,Humana Inc.
comparehumanacoverage.com,Humana Inc.
comparehumanamapd.com,Humana Inc.
comparehumanamapdcoverage.com,Humana Inc.
comparehumanamapdoptions.com,Humana Inc.
comparehumanamapdplan.com,Humana Inc.
comparehumanamapdplans.com,Humana Inc.
comparehumanamedicare.com,Humana Inc.
comparehumanamedicareadvantage.com,Humana Inc.
comparehumanamedicareadvantagecoverage.com,Humana Inc.
comparehumanamedicareadvantageoptions.com,Humana Inc.
comparehumanamedicareadvantageplan.com,Humana Inc.
comparehumanamedicareadvantageplans.com,Humana Inc.
comparehumanamedicarecoverage.com,Humana Inc.
comparehumanamedicareoptions.com,Humana Inc.
comparehumanamedicareplan.com,Humana Inc.
comparehumanamedicareplans.com,Humana Inc.
comparehumanaoptions.com,Humana Inc.
comparehumanapartc.com,Humana Inc.
comparehumanapartccoverage.com,Humana Inc.
comparehumanapartcoptions.com,Humana Inc.
comparehumanapartcplan.com,Humana Inc.
comparehumanapartcplans.com,Humana Inc.
comparehumanapartd.com,Humana Inc.
comparehumanapartdcoverage.com,Humana Inc.
comparehumanapartdoptions.com,Humana Inc.
comparehumanapartdplan.com,Humana Inc.
comparehumanapartdplans.com,Humana Inc.
comparehumanaplans.com,Humana Inc.
comparehumanaprescriptiondrug.com,Humana Inc.
comparehumanaprescriptiondrugcoverage.com,Humana Inc.
comparehumanaprescriptiondrugoptions.com,Humana Inc.
comparehumanaprescriptiondrugplan.com,Humana Inc.
comparehumanaprescriptiondrugplans.com,Humana Inc.
compbenefit.com,Humana Inc.
compbenefits.com,Humana Inc.
compbenefits.net,Humana Inc.
compbenefits.org,Humana Inc.
compbenefitsdirect.com,Humana Inc.
compdent.com,Humana Inc.
competitive-health-analytics.com,Humana Inc.
competitive-health-analytics.net,Humana Inc.
competitive-health-analytics.org,Humana Inc.
competitive-health-insights.com,Humana Inc.
competitivehealthanalytics.com,Humana Inc.
competitivehealthanalytics.net,Humana Inc.
competitivehealthanalytics.org,Humana Inc.
competive-health-analytics.com,Humana Inc.
comprehensive-health-insights.com,Humana Inc.
comprehensivehealthinsights.com,Humana Inc.
comprenhensivehealthinsights.com,Humana Inc.
compvision.net,Humana Inc.
concenterwell.com,Humana Inc.
concerningmyhealth.com,Humana Inc.
concerningmykids.com,Humana Inc.
conconviva.com,Humana Inc.
confieencareplus.com,Humana Inc.
confioenconviva.com,Humana Inc.
conozcacenterwell.com,Humana Inc.
conozcacenterwellatlanta.com,Humana Inc.
conozcacenterwelldallas.com,Humana Inc.
conozcacenterwellhouston.com,Humana Inc.
conozcacenterwellindiana.com,Humana Inc.
conozcacenterwellkansascity.com,Humana Inc.
conozcacenterwelllasvegas.com,Humana Inc.
conozcacenterwelllexington.com,Humana Inc.
conozcacenterwelllouisiana.com,Humana Inc.
conozcacenterwelllouisville.com,Humana Inc.
conozcacenterwellmississippi.com,Humana Inc.
conozcacenterwellorlando.com,Humana Inc.
conozcacenterwellphoenix.com,Humana Inc.
conozcacenterwellraleighdurham.com,Humana Inc.
conozcacenterwellrichmond.com,Humana Inc.
conozcacenterwellsouthernindiana.com,Humana Inc.
conozcacenterwelltennessee.com,Humana Inc.
conozcaconviva.com,Humana Inc.
conozcaconvivacorpuschristi.com,Humana Inc.
conozcaconvivajacksonville.com,Humana Inc.
conozcaconvivaproactive.com,Humana Inc.
conozcaconvivatampa.com,Humana Inc.
conozcanoscenterwell.com,Humana Inc.
conozcanosconviva.com,Humana Inc.
continucare.com,Humana Inc.
continuus.org,Humana Inc.
convertrxtocwp.com,Humana Inc.
converttocwp.com,Humana Inc.
convivaagentconnection.com,Humana Inc.
convivaagentportal.com,Humana Inc.
convivaagentsupport.com,Humana Inc.
convivaagenttraining.com,Humana Inc.
convivaasulado.com,Humana Inc.
convivaathome.com,Humana Inc.
convivabroward.com,Humana Inc.
convivabrowardcares.com,Humana Inc.
convivabrowardcuida.com,Humana Inc.
convivacare.com,Humana Inc.
convivacareanywhere.com,Humana Inc.
convivacarecenter.com,Humana Inc.
convivacarecenters.com,Humana Inc.
convivacareers.com,Humana Inc.
convivacares.com,Humana Inc.
convivacaresolutions.com,Humana Inc.
convivacaretraining.com,Humana Inc.
convivachoice.com,Humana Inc.
convivacorpuschristi.com,Humana Inc.
convivadadecares.com,Humana Inc.
convivadadecuida.com,Humana Inc.
convivadaytona.com,Humana Inc.
convivaelpaso.com,Humana Inc.
convivaevents.com,Humana Inc.
convivaforme.com,Humana Inc.
convivaforseniors.com,Humana Inc.
convivaforyou.com,Humana Inc.
convivagoesbeyond.com,Humana Inc.
convivahealth.com,Humana Inc.
convivahereforyou.com,Humana Inc.
convivahome.com,Humana Inc.
convivahomehealth.com,Humana Inc.
convivajacksonville.com,Humana Inc.
convivakitchen.com,Humana Inc.
convivameatiende.com,Humana Inc.
convivamecuida.com,Humana Inc.
convivamedical.com,Humana Inc.
convivamiamidade.com,Humana Inc.
convivapalmbeach.com,Humana Inc.
convivaparati.com,Humana Inc.
convivaparausted.com,Humana Inc.
convivapatientportal.com,Humana Inc.
convivapca.com,Humana Inc.
convivapcanywhere.com,Humana Inc.
convivapharmacy.com,Humana Inc.
convivapharmacysolutions.com,Humana Inc.
convivaphysiciangroup.com,Humana Inc.
convivaphysicians.com,Humana Inc.
convivaportalregistration.com,Humana Inc.
convivapracticesolutions.com,Humana Inc.
convivaprimarycare.com,Humana Inc.
convivaprimarycareaep.com,Humana Inc.
convivaprimarycareanywhere.com,Humana Inc.
convivaproactive.com,Humana Inc.
convivaproactivecare.com,Humana Inc.
convivaproactiveforyou.com,Humana Inc.
convivaproactiveparati.com,Humana Inc.
convivaproactivesenior.com,Humana Inc.
convivaproactiveseniorcare.com,Humana Inc.
convivaproseniorcare.com,Humana Inc.
convivaresourcecenter.com,Humana Inc.
convivasanantonio.com,Humana Inc.
convivasanantoniocares.com,Humana Inc.
convivasanantoniocuida.com,Humana Inc.
convivaschedulenow.com,Humana Inc.
convivascheduling.com,Humana Inc.
convivaseniorprimarycare.com,Humana Inc.
convivaseniors.com,Humana Inc.
convivasolution.com,Humana Inc.
convivasolutions.com,Humana Inc.
convivaspecialtypharmacy.com,Humana Inc.
convivatampa.com,Humana Inc.
convivatime.com,Humana Inc.
convivatours.com,Humana Inc.
convivatreasurecoast.com,Humana Inc.
convivavaccine.com,Humana Inc.
convivavacuna.com,Humana Inc.
convivaveterans.com,Humana Inc.
convivavets.com,Humana Inc.
corphealth.com,Humana Inc.
corphealtheap.com,Humana Inc.
corpuschristiconviva.com,Humana Inc.
corpuschristihomecare.com,Humana Inc.
countonconviva.com,Humana Inc.
cpcedge.com,Humana Inc.
cphealthplans.com,Humana Inc.
cphmo.com,Humana Inc.
createmyhealthstory.com,Humana Inc.
criticalcashbenefits.com,Humana Inc.
criticalcashplan.com,Humana Inc.
criticalplanbenefits.com,Humana Inc.
crumpleitup.com,Humana Inc.
crumpleitup.mobi,Humana Inc.
crumpleitup.net,Humana Inc.
crumpleitup.org,Humana Inc.
crumpleitup.tv,Humana Inc.
crumpleitup.us,Humana Inc.
curepcd.com,Humana Inc.
cureprimarycare.com,Humana Inc.
cwaventuravirtual.com,Humana Inc.
cwdeliversnow.com,Humana Inc.
cwdiversionvirtual.com,Humana Inc.
cwdrugs.com,Humana Inc.
cwdrugsdelivery.com,Humana Inc.
cweasymail.com,Humana Inc.
cweasymailrx.com,Humana Inc.
cweasyship.com,Humana Inc.
cwfastrx.com,Humana Inc.
cwhhtest.com,Humana Inc.
cwhomedelivery.com,Humana Inc.
cwmailmeds.com,Humana Inc.
cwmailorder.com,Humana Inc.
cwmailorderdrugs.com,Humana Inc.
cwmailrx.com,Humana Inc.
cwmailswitch.com,Humana Inc.
cwmedicamentos.com,Humana Inc.
cwmeds.com,Humana Inc.
cwmedsdelivery.com,Humana Inc.
cwmedsnow.com,Humana Inc.
cwmedstoday.com,Humana Inc.
cwnewrx.com,Humana Inc.
cwp-delivers.com,Humana Inc.
cwp-drugs.com,Humana Inc.
cwp-enroll.com,Humana Inc.
cwp-meds.com,Humana Inc.
cwp-scripts.com,Humana Inc.
cwpafterpay.com,Humana Inc.
cwpautorefill.com,Humana Inc.
cwpautorefills.com,Humana Inc.
cwpcare.com,Humana Inc.
cwpcaregivers.com,Humana Inc.
cwpcarerx.com,Humana Inc.
cwpcares.com,Humana Inc.
cwpdelivers.com,Humana Inc.
cwpdrugs.com,Humana Inc.
cwpdrugsnow.com,Humana Inc.
cwpdrugsorder.com,Humana Inc.
cwpdrugstoday.com,Humana Inc.
cwpenroll.com,Humana Inc.
cwpenrollment.com,Humana Inc.
cwpenrolltoday.com,Humana Inc.
cwpfarmacia.com,Humana Inc.
cwpfastrx.com,Humana Inc.
cwpforms.com,Humana Inc.
cwpglp1-spanish.com,Humana Inc.
cwpglp1.com,Humana Inc.
cwpharmacycares.com,Humana Inc.
cwpharmacyrx.com,Humana Inc.
cwphomedelivery.com,Humana Inc.
cwpinformacion.com,Humana Inc.
cwpmaildelivery.com,Humana Inc.
cwpmailmeds.com,Humana Inc.
cwpmailorder.com,Humana Inc.
cwpmailorderrx.com,Humana Inc.
cwpmailorderscripts.com,Humana Inc.
cwpmedicamentos.com,Humana Inc.
cwpmeds.com,Humana Inc.
cwpmedsdelivered.com,Humana Inc.
cwpmedsnow.com,Humana Inc.
cwpmedstoday.com,Humana Inc.
cwpmoverx.com,Humana Inc.
cwpmyrx.com,Humana Inc.
cwpnewrefill.com,Humana Inc.
cwpnewrx.com,Humana Inc.
cwpnextrefill.com,Humana Inc.
cwpnovocare-spanish.com,Humana Inc.
cwpnovocare.com,Humana Inc.
cwponlineotc.com,Humana Inc.
cwportalregistration.com,Humana Inc.
cwppharmacy.com,Humana Inc.
cwppreferred.com,Humana Inc.
cwpquickrx.com,Humana Inc.
cwprefill.com,Humana Inc.
cwprx.com,Humana Inc.
cwprxconvert.com,Humana Inc.
cwprxdelivered.com,Humana Inc.
cwprxdelivery.com,Humana Inc.
cwprxnow.com,Humana Inc.
cwprxready.com,Humana Inc.
cwprxrefill.com,Humana Inc.
cwprxtoday.com,Humana Inc.
cwprxtransfer.com,Humana Inc.
cwpscripts.com,Humana Inc.
cwpscripttransfer.com,Humana Inc.
cwpsimplerx.com,Humana Inc.
cwpspecialty.com,Humana Inc.
cwpspecialtydrugs.com,Humana Inc.
cwpspecialtynewrx.com,Humana Inc.
cwpspecialtyrx.com,Humana Inc.
cwpstartnew.com,Humana Inc.
cwpstartnow.com,Humana Inc.
cwpstoreotc.com,Humana Inc.
cwptransfer.com,Humana Inc.
cwptransferrx.com,Humana Inc.
cwptransferscripts.com,Humana Inc.
cwquickrx.com,Humana Inc.
cwrefill.com,Humana Inc.
cwrxdelivers.com,Humana Inc.
cwrxdelivery.com,Humana Inc.
cwrxscripts.com,Humana Inc.
cwrxtoday.com,Humana Inc.
cwscripts.com,Humana Inc.
cwscriptstoday.com,Humana Inc.
cwsimplerx.com,Humana Inc.
cwspbenefits.com,Humana Inc.
cwspcares.com,Humana Inc.
cwspconsent.com,Humana Inc.
cwspdrugstoday.com,Humana Inc.
cwspecialtydelivers.com,Humana Inc.
cwspecialtydrugs.com,Humana Inc.
cwspecialtymailmeds.com,Humana Inc.
cwspecialtymeds.com,Humana Inc.
cwspecialtypharmacy.com,Humana Inc.
cwspecialtypharmacyrx.com,Humana Inc.
cwspecialtyrx.com,Humana Inc.
cwspecialtytoday.com,Humana Inc.
cwspforms.com,Humana Inc.
cwspharmacyrx.com,Humana Inc.
cwspmailorder.com,Humana Inc.
cwspmailrx.com,Humana Inc.
cwspmeds.com,Humana Inc.
cwspmedsnow.com,Humana Inc.
cwspmedstoday.com,Humana Inc.
cwspmedstransfer.com,Humana Inc.
cwspnew.com,Humana Inc.
cwspnewrx.com,Humana Inc.
cwsppharmacyrx.com,Humana Inc.
cwsppreferred.com,Humana Inc.
cwsprx.com,Humana Inc.
cwsprxnew.com,Humana Inc.
cwsprxtoday.com,Humana Inc.
cwspscripts.com,Humana Inc.
cwspshipping.com,Humana Inc.
cwspstartnow.com,Humana Inc.
cwsptransfer.com,Humana Inc.
cwstartnow.com,Humana Inc.
cwstarttoday.com,Humana Inc.
cwvradventure.com,Humana Inc.
cwvrfun.com,Humana Inc.
dallasbenefits.org,Humana Inc.
dallascenterwell.com,Humana Inc.
daytonaconviva.com,Humana Inc.
decidehumana.com,Humana Inc.
decidehumana.net,Humana Inc.
defenseweb.biz,Humana Inc.
defenseweb.com,Humana Inc.
defenseweb.info,Humana Inc.
defenseweb.net,Humana Inc.
defenseweb.org,Humana Inc.
delawarevalleyaccountablecareorganization.com,Humana Inc.
delawarevalleyaccountablecareorganization.info,Humana Inc.
delawarevalleyaccountablecareorganization.net,Humana Inc.
delawarevalleyaccountablecareorganization.org,Humana Inc.
delawarevalleyaco.com,Humana Inc.
delawarevalleyaco.info,Humana Inc.
delawarevalleyaco.net,Humana Inc.
delawarevalleyaco.org,Humana Inc.
delomed.net,Humana Inc.
delraybeachmedicalcenters.com,Humana Inc.
deltacoaching-infonowweb.com,Humana Inc.
dementiacarephoenix.com,Humana Inc.
dementiacarescottsdale.com,Humana Inc.
dementiaphoenix.com,Humana Inc.
dementiascottsdale.com,Humana Inc.
dentalfromhumana.com,Humana Inc.
dentalhumana.com,Humana Inc.
dentalinsurancehumana.com,Humana Inc.
dentalontheweb.com,Humana Inc.
dentalplansforme.com,Humana Inc.
dentalwithhumana.com,Humana Inc.
descubracareplus.com,Humana Inc.
descubracareplusorlando.com,Humana Inc.
descubracareplussouthflorida.com,Humana Inc.
descubracareplustampa.com,Humana Inc.
descubracenterwell.com,Humana Inc.
descubracenterwellarizona.com,Humana Inc.
descubracenterwellatlanta.com,Humana Inc.
descubracenterwellcharleston.com,Humana Inc.
descubracenterwellcharlotte.com,Humana Inc.
descubracenterwellcolumbia.com,Humana Inc.
descubracenterwelldallas.com,Humana Inc.
descubracenterwelldfw.com,Humana Inc.
descubracenterwellgastonia.com,Humana Inc.
descubracenterwellgeorgia.com,Humana Inc.
descubracenterwellgoldentriangle.com,Humana Inc.
descubracenterwellhouston.com,Humana Inc.
descubracenterwellindiana.com,Humana Inc.
descubracenterwellkansascity.com,Humana Inc.
descubracenterwellkentuckiana.com,Humana Inc.
descubracenterwellksmo.com,Humana Inc.
descubracenterwelllexington.com,Humana Inc.
descubracenterwelllouisiana.com,Humana Inc.
descubracenterwelllouisville.com,Humana Inc.
descubracenterwellmississippi.com,Humana Inc.
descubracenterwellmyrtlebeach.com,Humana Inc.
descubracenterwellnashville.com,Humana Inc.
descubracenterwellnc.com,Humana Inc.
descubracenterwellorlando.com,Humana Inc.
descubracenterwellphoenix.com,Humana Inc.
descubracenterwellraleighdurham.com,Humana Inc.
descubracenterwellrichmond.com,Humana Inc.
descubracenterwellriogrande.com,Humana Inc.
descubracenterwellsc.com,Humana Inc.
descubracenterwellsouthernindiana.com,Humana Inc.
descubracenterwelltennessee.com,Humana Inc.
descubracenterwellupstate.com,Humana Inc.
descubracenterwellvegas.com,Humana Inc.
descubracenterwellvirginia.com,Humana Inc.
descubraconviva.com,Humana Inc.
descubraconvivabroward.com,Humana Inc.
descubraconvivacorpuschristi.com,Humana Inc.
descubraconvivadaytona.com,Humana Inc.
descubraconvivaelpaso.com,Humana Inc.
descubraconvivajacksonville.com,Humana Inc.
descubraconvivamiamidade.com,Humana Inc.
descubraconvivapalmbeach.com,Humana Inc.
descubraconvivasanantonio.com,Humana Inc.
descubraconvivatampa.com,Humana Inc.
descubraconvivatreasurecoast.com,Humana Inc.
descubrahumanamedicare.com,Humana Inc.
descubrircenterwellpharmacy.com,Humana Inc.
desidehumana.com,Humana Inc.
desidehumana.net,Humana Inc.
detroitbenefits.org,Humana Inc.
detroithealthcareinfo.com,Humana Inc.
dfwcenterwell.com,Humana Inc.
digitalexperiencecenter.com,Humana Inc.
discover2025humanamedicare.com,Humana Inc.
discovercenterwell.com,Humana Inc.
discovercenterwellarizona.com,Humana Inc.
discovercenterwellasheville.com,Humana Inc.
discovercenterwellatlanta.com,Humana Inc.
discovercenterwellcharleston.com,Humana Inc.
discovercenterwellcharlotte.com,Humana Inc.
discovercenterwellcolumbia.com,Humana Inc.
discovercenterwelldallas.com,Humana Inc.
discovercenterwelldfw.com,Humana Inc.
discovercenterwellgastonia.com,Humana Inc.
discovercenterwellgeorgia.com,Humana Inc.
discovercenterwellgoldentriangle.com,Humana Inc.
discovercenterwellhouston.com,Humana Inc.
discovercenterwellindiana.com,Humana Inc.
discovercenterwellkansascity.com,Humana Inc.
discovercenterwellkentuckiana.com,Humana Inc.
discovercenterwellksmo.com,Humana Inc.
discovercenterwelllexington.com,Humana Inc.
discovercenterwelllouisiana.com,Humana Inc.
discovercenterwelllouisville.com,Humana Inc.
discovercenterwellmississippi.com,Humana Inc.
discovercenterwellmyrtlebeach.com,Humana Inc.
discovercenterwellnashville.com,Humana Inc.
discovercenterwellnc.com,Humana Inc.
discovercenterwellorlando.com,Humana Inc.
discovercenterwellpharmacy.com,Humana Inc.
discovercenterwellpharmacyrewards.com,Humana Inc.
discovercenterwellphoenix.com,Humana Inc.
discovercenterwellraleighdurham.com,Humana Inc.
discovercenterwellrichmond.com,Humana Inc.
discovercenterwellriogrande.com,Humana Inc.
discovercenterwellsc.com,Humana Inc.
discovercenterwellsouthernindiana.com,Humana Inc.
discovercenterwellspecialtypharmacy.com,Humana Inc.
discovercenterwelltennessee.com,Humana Inc.
discovercenterwellupstate.com,Humana Inc.
discovercenterwellvegas.com,Humana Inc.
discovercenterwellvirginia.com,Humana Inc.
discoverconviva.com,Humana Inc.
discoverconvivabroward.com,Humana Inc.
discoverconvivacorpuschristi.com,Humana Inc.
discoverconvivadaytona.com,Humana Inc.
discoverconvivaelpaso.com,Humana Inc.
discoverconvivajacksonville.com,Humana Inc.
discoverconvivamiamidade.com,Humana Inc.
discoverconvivapalmbeach.com,Humana Inc.
discoverconvivasanantonio.com,Humana Inc.
discoverconvivatampa.com,Humana Inc.
discoverconvivatreasurecoast.com,Humana Inc.
discovercwp.com,Humana Inc.
discoverhumana.com,Humana Inc.
discoverhumana.net,Humana Inc.
discoverhumana1.com,Humana Inc.
discoverhumanacoverage.com,Humana Inc.
discoverhumanamapd.com,Humana Inc.
discoverhumanamapdcoverage.com,Humana Inc.
discoverhumanamapdoptions.com,Humana Inc.
discoverhumanamapdplan.com,Humana Inc.
discoverhumanamapdplans.com,Humana Inc.
discoverhumanamedicare.com,Humana Inc.
discoverhumanamedicareadvantage.com,Humana Inc.
discoverhumanamedicareadvantagecoverage.com,Humana Inc.
discoverhumanamedicareadvantageoptions.com,Humana Inc.
discoverhumanamedicareadvantageplan.com,Humana Inc.
discoverhumanamedicareadvantageplans.com,Humana Inc.
discoverhumanamedicarecoverage.com,Humana Inc.
discoverhumanamedicareoptions.com,Humana Inc.
discoverhumanamedicareplan.com,Humana Inc.
discoverhumanamedicareplans.com,Humana Inc.
discoverhumananow.com,Humana Inc.
discoverhumanaone.com,Humana Inc.
discoverhumanaoptions.com,Humana Inc.
discoverhumanapartc.com,Humana Inc.
discoverhumanapartccoverage.com,Humana Inc.
discoverhumanapartcoptions.com,Humana Inc.
discoverhumanapartcplan.com,Humana Inc.
discoverhumanapartcplans.com,Humana Inc.
discoverhumanapartd.com,Humana Inc.
discoverhumanapartdcoverage.com,Humana Inc.
discoverhumanapartdoptions.com,Humana Inc.
discoverhumanapartdplan.com,Humana Inc.
discoverhumanapartdplans.com,Humana Inc.
discoverhumanaplans.com,Humana Inc.
discoverhumanaprescriptiondrug.com,Humana Inc.
discoverhumanaprescriptiondrugcoverage.com,Humana Inc.
discoverhumanaprescriptiondrugoptions.com,Humana Inc.
discoverhumanaprescriptiondrugplan.com,Humana Inc.
discoverhumanaprescriptiondrugplans.com,Humana Inc.
doctorfelker.com,Humana Inc.
doctorsamshow.com,Humana Inc.
doctorsamshowsucks.com,Humana Inc.
doctorspersonell.com,Humana Inc.
dowellfeelgood.com,Humana Inc.
drrichardhays.com,Humana Inc.
drsamshow.com,Humana Inc.
drsamshowsucks.com,Humana Inc.
dv-aco.com,Humana Inc.
dv-aco.info,Humana Inc.
dv-aco.net,Humana Inc.
dv-aco.org,Humana Inc.
dvaco.org,Humana Inc.
dvacoanalytics.org,Humana Inc.
e-claimcenter.net,Humana Inc.
e-claimscenter.net,Humana Inc.
e-emphesys.biz,Humana Inc.
e-emphesys.info,Humana Inc.
e-humana.biz,Humana Inc.
e-humana.com,Humana Inc.
e-humana.info,Humana Inc.
e-humana.net,Humana Inc.
e-humana.org,Humana Inc.
e-nextcare.com,Humana Inc.
e-nextcare.net,Humana Inc.
e-nextcare.org,Humana Inc.
ea55p33w4l.com,Humana Inc.
eapwl.com,Humana Inc.
eapwl.info,Humana Inc.
eapwl.net,Humana Inc.
eapwl.org,Humana Inc.
eapwl4me.com,Humana Inc.
eapwl4me.info,Humana Inc.
eapwl4me.net,Humana Inc.
eapwlforme.com,Humana Inc.
eapwlforme.info,Humana Inc.
eapwlforme.net,Humana Inc.
eapwlforme.org,Humana Inc.
easymedscw.com,Humana Inc.
easymedshp.com,Humana Inc.
easyrxtransfer.com,Humana Inc.
easyshipmeds.com,Humana Inc.
easyshiprx.com,Humana Inc.
easyswitchrx.com,Humana Inc.
easytransfertocwp.com,Humana Inc.
ecarestat.com,Humana Inc.
ecarestat.net,Humana Inc.
ecarestat.org,Humana Inc.
educatormentor.com,Humana Inc.
ehumana.biz,Humana Inc.
ehumana.com,Humana Inc.
ehumana.info,Humana Inc.
ehumana.net,Humana Inc.
ehumana.org,Humana Inc.
eldercare-options.com,Humana Inc.
elijacareplus.com,Humana Inc.
elijacenterwell.com,Humana Inc.
elijacenterwellarizona.com,Humana Inc.
elijacenterwellatlanta.com,Humana Inc.
elijacenterwellcharleston.com,Humana Inc.
elijacenterwellcharlotte.com,Humana Inc.
elijacenterwellcolumbia.com,Humana Inc.
elijacenterwelldallas.com,Humana Inc.
elijacenterwelldfw.com,Humana Inc.
elijacenterwellgastonia.com,Humana Inc.
elijacenterwellgeorgia.com,Humana Inc.
elijacenterwellgoldentriangle.com,Humana Inc.
elijacenterwellhouston.com,Humana Inc.
elijacenterwellindiana.com,Humana Inc.
elijacenterwellkansascity.com,Humana Inc.
elijacenterwellkentuckiana.com,Humana Inc.
elijacenterwellksmo.com,Humana Inc.
elijacenterwelllasvegas.com,Humana Inc.
elijacenterwelllexington.com,Humana Inc.
elijacenterwelllouisiana.com,Humana Inc.
elijacenterwelllouisville.com,Humana Inc.
elijacenterwellmississippi.com,Humana Inc.
elijacenterwellmyrtlebeach.com,Humana Inc.
elijacenterwellnashville.com,Humana Inc.
elijacenterwellnc.com,Humana Inc.
elijacenterwellorlando.com,Humana Inc.
elijacenterwellphoenix.com,Humana Inc.
elijacenterwellraleighdurham.com,Humana Inc.
elijacenterwellrichmond.com,Humana Inc.
elijacenterwellriogrande.com,Humana Inc.
elijacenterwellsc.com,Humana Inc.
elijacenterwellsouthernindiana.com,Humana Inc.
elijacenterwelltennessee.com,Humana Inc.
elijacenterwellupstate.com,Humana Inc.
elijacenterwellvegas.com,Humana Inc.
elijacenterwellvirginia.com,Humana Inc.
elijaconviva.com,Humana Inc.
elijaconvivabroward.com,Humana Inc.
elijaconvivacorpuschristi.com,Humana Inc.
elijaconvivadaytona.com,Humana Inc.
elijaconvivaelpaso.com,Humana Inc.
elijaconvivajacksonville.com,Humana Inc.
elijaconvivamiamidade.com,Humana Inc.
elijaconvivapalmbeach.com,Humana Inc.
elijaconvivasanantonio.com,Humana Inc.
elijaconvivatampa.com,Humana Inc.
elijaconvivatreasurecoast.com,Humana Inc.
elijaraleighdurham.com,Humana Inc.
elitehealth.com,Humana Inc.
elitehealthmedical.com,Humana Inc.
elitehealthmso.com,Humana Inc.
eliteyouniversity.com,Humana Inc.
elpasoconviva.com,Humana Inc.
emapatiahealthservices.com,Humana Inc.
emorydentalplan.com,Humana Inc.
empathiahospice.com,Humana Inc.
empathuscare.com,Humana Inc.
empathuscareers.com,Humana Inc.
empathuscommunitycare.com,Humana Inc.
empathushealth.com,Humana Inc.
empathushealthcare.com,Humana Inc.
empathushealthcareservices.com,Humana Inc.
empathushealthservices.com,Humana Inc.
empathushomecare.com,Humana Inc.
empathushomehealth.com,Humana Inc.
empathushospice.com,Humana Inc.
empathushospicecare.com,Humana Inc.
empathusnursingservices.com,Humana Inc.
empathuspalliativecare.com,Humana Inc.
empathuspersonalcare.com,Humana Inc.
empathuspersonalcareservices.com,Humana Inc.
empathusstaffingservices.com,Humana Inc.
empatiacareers.com,Humana Inc.
empatiacommunitycare.com,Humana Inc.
empatiahealth.com,Humana Inc.
empatiahealthcareservices.com,Humana Inc.
empatiahomehealth.com,Humana Inc.
empatiahospicecare.com,Humana Inc.
empatiapersonalcare.com,Humana Inc.
empatiastaffingservices.com,Humana Inc.
empheses.com,Humana Inc.
empheses.net,Humana Inc.
emphesesinsurancecompany.com,Humana Inc.
emphesesinsurancecompany.net,Humana Inc.
emphesis.com,Humana Inc.
emphesis.net,Humana Inc.
emphesisinsurancecompany.com,Humana Inc.
emphesisinsurancecompany.net,Humana Inc.
emphesys.biz,Humana Inc.
emphesys.com,Humana Inc.
emphesys.info,Humana Inc.
emphesys.net,Humana Inc.
emphesys.org,Humana Inc.
emphesysinsurance.com,Humana Inc.
emphesysinsurance.net,Humana Inc.
emphesysinsurancecompany.com,Humana Inc.
emphesysinsurancecompany.net,Humana Inc.
emphesysquote.com,Humana Inc.
emphysis.net,Humana Inc.
emphysisinsurance.com,Humana Inc.
emphysisinsurance.net,Humana Inc.
emphysys.net,Humana Inc.
emphysysinsurance.com,Humana Inc.
emphysysinsurance.net,Humana Inc.
emphysysinsurancecompany.com,Humana Inc.
emphysysinsurancecompany.net,Humana Inc.
empiezeconcwp.com,Humana Inc.
employershealth.com,Humana Inc.
employershealth.net,Humana Inc.
employershealth.org,Humana Inc.
enclarahospice.us,Humana Inc.
enclarahospicepharmacy.us,Humana Inc.
enclarapharmacia.org,Humana Inc.
enclarapharmacy.us,Humana Inc.
encuentremedicoshumana.com,Humana Inc.
enfocadosenmayoresalabama.com,Humana Inc.
enfocadosenmayoresarizona.com,Humana Inc.
enfocadosenmayoresbroward.com,Humana Inc.
enfocadosenmayorescorpuschristi.com,Humana Inc.
enfocadosenmayoresdaytona.com,Humana Inc.
enfocadosenmayoreselpaso.com,Humana Inc.
enfocadosenmayoresflorida.com,Humana Inc.
enfocadosenmayoresgeorgia.com,Humana Inc.
enfocadosenmayoreshouston.com,Humana Inc.
enfocadosenmayoresindiana.com,Humana Inc.
enfocadosenmayoresjacksonville.com,Humana Inc.
enfocadosenmayoreskansas.com,Humana Inc.
enfocadosenmayoreskentucky.com,Humana Inc.
enfocadosenmayoreslouisiana.com,Humana Inc.
enfocadosenmayoresmiamidade.com,Humana Inc.
enfocadosenmayoresmississippi.com,Humana Inc.
enfocadosenmayoresmissouri.com,Humana Inc.
enfocadosenmayoresnc.com,Humana Inc.
enfocadosenmayoresnevada.com,Humana Inc.
enfocadosenmayorespalmbeach.com,Humana Inc.
enfocadosenmayoresrgv.com,Humana Inc.
enfocadosenmayoressanantonio.com,Humana Inc.
enfocadosenmayoressc.com,Humana Inc.
enfocadosenmayorestampa.com,Humana Inc.
enfocadosenmayorestennessee.com,Humana Inc.
enfocadosenmayorestexas.com,Humana Inc.
enfocadosenmayorestreasurecoast.com,Humana Inc.
enfocadosenmayoresvirginia.com,Humana Inc.
enhancedmedicationtherapy.com,Humana Inc.
enhancedmedprogram.com,Humana Inc.
enhancedmedtherapy.com,Humana Inc.
enhanzdce.com,Humana Inc.
enjoyhumana.com,Humana Inc.
enjoyhumana1.com,Humana Inc.
enjoyhumanaone.com,Humana Inc.
enrollatcwp.com,Humana Inc.
enrollautorefill.com,Humana Inc.
enrollcenterwell.com,Humana Inc.
enrollhumanadental.com,Humana Inc.
enrollindental.com,Humana Inc.
enrollwithcenterwell.com,Humana Inc.
enrollwithcwp.com,Humana Inc.
escojacenterwell.com,Humana Inc.
escojaconviva.com,Humana Inc.
eventocenterwellaz.com,Humana Inc.
everwellonline.com,Humana Inc.
executivehealthcoach.com,Humana Inc.
experiencecenterwellpharmacy.com,Humana Inc.
experienciacenterwellpharmacy.com,Humana Inc.
explore-humana.com,Humana Inc.
explore-medicare.com,Humana Inc.
explorecareplus.com,Humana Inc.
explorecareplusorlando.com,Humana Inc.
explorecareplussouthflorida.com,Humana Inc.
explorecareplustampa.com,Humana Inc.
explorecenterwell.com,Humana Inc.
explorecenterwellpharmacy.com,Humana Inc.
explorecenterwellpharmacyrewards.com,Humana Inc.
explorecenterwellrx.com,Humana Inc.
explorecenterwellspecialtypharmacy.com,Humana Inc.
explorecenterwellspecialtyrx.com,Humana Inc.
exploreconviva.com,Humana Inc.
explorecwp.com,Humana Inc.
exploredentalplans.com,Humana Inc.
explorehumana.com,Humana Inc.
explorehumana1.com,Humana Inc.
explorehumanadental.com,Humana Inc.
explorehumanamedicare.com,Humana Inc.
explorehumanaone.com,Humana Inc.
explorehumanaonedental.com,Humana Inc.
explorehumanaonedental.net,Humana Inc.
explorehumanarx.com,Humana Inc.
exploremedicare.com,Humana Inc.
explorewithcwp.com,Humana Inc.
extremecoach.com,Humana Inc.
ezcarestat.com,Humana Inc.
ezcarestat.net,Humana Inc.
ezcarestat.org,Humana Inc.
familybwell.com,Humana Inc.
familyhealthbudget.com,Humana Inc.
familyphysiciangroup.com,Humana Inc.
familyphysiciansgroup.info,Humana Inc.
familyphysiciansgroup.name,Humana Inc.
familyphysiciansgroup.us,Humana Inc.
farmaciacwp.com,Humana Inc.
feelingrightathome.net,Humana Inc.
feelingrightathome.org,Humana Inc.
finalexpenseplanningofamerica.org,Humana Inc.
financialprotectioncoverage.com,Humana Inc.
financialprotectioninsurance.com,Humana Inc.
findcenterwell.com,Humana Inc.
findconviva.com,Humana Inc.
finddentalcoverage.com,Humana Inc.
finddentalnow.com,Humana Inc.
findhumanaonedental.com,Humana Inc.
fitnessmouse.com,Humana Inc.
fitnessnag.com,Humana Inc.
fixmyprimarycare.com,Humana Inc.
flfpcc.com,Humana Inc.
flhealthcheck.com,Humana Inc.
flhealthcheck.org,Humana Inc.
floridaelderwatch.com,Humana Inc.
forhumana.com,Humana Inc.
fpg-florida.com,Humana Inc.
fpg-florida.info,Humana Inc.
fpgcenters.com,Humana Inc.
fpgcfl.com,Humana Inc.
fpgchennai.com,Humana Inc.
fpgflorida.com,Humana Inc.
free-wheelin.com,Humana Inc.
freeh1quote.com,Humana Inc.
freehumanaonequote.com,Humana Inc.
freewheelin2012.com,Humana Inc.
freewheelinbikeshare.com,Humana Inc.
freewheelinwaytogo.com,Humana Inc.
fromyourdoctorsoffice.com,Humana Inc.
frontlinegcm.com,Humana Inc.
fsa-pca.com,Humana Inc.
georgiacenterwell.com,Humana Inc.
getarta.com,Humana Inc.
getcwpapp-es.com,Humana Inc.
getcwpapp.com,Humana Inc.
getfpg.com,Humana Inc.
getfpgnow.com,Humana Inc.
getheal.com,Humana Inc.
gethealthcareinfo.com,Humana Inc.
gethum1.com,Humana Inc.
gethumana.com,Humana Inc.
gethumana1.com,Humana Inc.
gethumanachoiceppo.com,Humana Inc.
gethumanadental.com,Humana Inc.
gethumanadentalplan.com,Humana Inc.
gethumanagoldchoice.com,Humana Inc.
gethumanagoldchoice.net,Humana Inc.
gethumanagoldplus.com,Humana Inc.
gethumanagoldplus.net,Humana Inc.
gethumanahmo.com,Humana Inc.
gethumanahmo.net,Humana Inc.
gethumananow.com,Humana Inc.
gethumananow.net,Humana Inc.
gethumanaone.com,Humana Inc.
gethumanaonedental.com,Humana Inc.
gethumanaonedental.net,Humana Inc.
gethumanaonenow.com,Humana Inc.
gethumanaonevision.com,Humana Inc.
gethumanaplans.com,Humana Inc.
gethumanaveteransbrochure.com,Humana Inc.
gethumanaveteranspackage.com,Humana Inc.
getjuniorestatebuilder.com,Humana Inc.
getjuniorestatebuilder.net,Humana Inc.
getplaninfo.com,Humana Inc.
getrightsourcemeter.com,Humana Inc.
getrightsourcesupplies.com,Humana Inc.
getstartedcenterwellpharmacy.com,Humana Inc.
gettoknowcareplus.com,Humana Inc.
gettoknowcenterwell.com,Humana Inc.
gettoknowconviva.com,Humana Inc.
gettoknowhumana.com,Humana Inc.
gettoknowhumana.net,Humana Inc.
ghrfranchiseassoc.com,Humana Inc.
ghsnet.com,Humana Inc.
givejuniorestatebuild.com,Humana Inc.
givejuniorestatebuild.net,Humana Inc.
givejuniorestatebuilder.com,Humana Inc.
givejuniorestatebuilder.net,Humana Inc.
givethehumanagift.com,Humana Inc.
givethehumanagift.net,Humana Inc.
go365-wellbeing.com,Humana Inc.
go365.com,Humana Inc.
go365.tips,Humana Inc.
go365hub.com,Humana Inc.
go365preview.com,Humana Inc.
go365wellbeing.com,Humana Inc.
go90-go365.com,Humana Inc.
goal-guru.com,Humana Inc.
gobblegiveaway.com,Humana Inc.
gobblegobblegiveaway.com,Humana Inc.
gofreewheelin.org,Humana Inc.
goknowask.com,Humana Inc.
goldentrianglecenterwell.com,Humana Inc.
gomycareplus.com,Humana Inc.
gomycareplus.net,Humana Inc.
gotocwp.com,Humana Inc.
gotohumana1.com,Humana Inc.
gotohumanaone.com,Humana Inc.
gotolighthouse.com,Humana Inc.
gowellnessjourney.com,Humana Inc.
gowithcenterwell.com,Humana Inc.
gowithcwp.com,Humana Inc.
gpcommissioningacademy.com,Humana Inc.
gpcommissioningacademy.org,Humana Inc.
gphealth.com,Humana Inc.
gphealth.net,Humana Inc.
gratefulcare.com,Humana Inc.
greenribbonhealth.com,Humana Inc.
growwithhumana.com,Humana Inc.
growwithhumana.net,Humana Inc.
guidance4me.com,Humana Inc.
guidance4me.info,Humana Inc.
guidance4me.net,Humana Inc.
guidance4me.org,Humana Inc.
gulfcoastlocalagent.com,primary
h1-dental.com,Humana Inc.
h1dental.com,Humana Inc.
h1health.com,Humana Inc.
hallandalebeachdoctor.com,Humana Inc.
hallandalebeachphysician.com,Humana Inc.
happyapribirthdayl.com,Humana Inc.
happyaprilbirthday.com,Humana Inc.
happyaprilbirthday.net,Humana Inc.
happyaugustbirthday.com,Humana Inc.
happyaugustbirthday.net,Humana Inc.
happybirthdayapril.net,Humana Inc.
happybirthdayaugust.com,Humana Inc.
happybirthdayaugust.net,Humana Inc.
happybirthdaydecember.com,Humana Inc.
happybirthdaydecember.net,Humana Inc.
happybirthdayfebruary.com,Humana Inc.
happybirthdayfebruary.net,Humana Inc.
happybirthdayjanuary.com,Humana Inc.
happybirthdayjanuary.net,Humana Inc.
happybirthdayjuly.com,Humana Inc.
happybirthdayjuly.net,Humana Inc.
happybirthdayjune.com,Humana Inc.
happybirthdayjune.net,Humana Inc.
happybirthdaymarch.com,Humana Inc.
happybirthdaymarch.net,Humana Inc.
happybirthdaymay.com,Humana Inc.
happybirthdaymay.net,Humana Inc.
happybirthdaynovember.com,Humana Inc.
happybirthdaynovember.net,Humana Inc.
happybirthdayoctober.com,Humana Inc.
happybirthdayoctober.net,Humana Inc.
happybirthdayseptember.com,Humana Inc.
happybirthdayseptember.net,Humana Inc.
happydecemberbirthday.com,Humana Inc.
happydecemberbirthday.net,Humana Inc.
happyfebruarybirthday.com,Humana Inc.
happyfebruarybirthday.net,Humana Inc.
happyjanuarybirthday.com,Humana Inc.
happyjanuarybirthday.net,Humana Inc.
happyjulybirthday.com,Humana Inc.
happyjulybirthday.net,Humana Inc.
happyjunebirthday.com,Humana Inc.
happyjunebirthday.net,Humana Inc.
happymarchbirthday.com,Humana Inc.
happymarchbirthday.net,Humana Inc.
happymaybirthday.com,Humana Inc.
happymaybirthday.net,Humana Inc.
happynovemberbirthday.com,Humana Inc.
happynovemberbirthday.net,Humana Inc.
happyoctoberbirthday.com,Humana Inc.
happyoctoberbirthday.net,Humana Inc.
happyseptemberbirthday.com,Humana Inc.
happyseptemberbirthday.net,Humana Inc.
harpcs.com,Humana Inc.
harpcs.net,Humana Inc.
harrisrothenberg.com,Humana Inc.
harrisrothenberg.net,Humana Inc.
hatfieldmesaprimarycare.com,Humana Inc.
hcmgtx.com,Humana Inc.
hcsit.com,Humana Inc.
heal.com,Humana Inc.
healathome.com,Humana Inc.
healathomemedical.com,Humana Inc.
healelder.com,Humana Inc.
healeldercare.com,Humana Inc.
healelderly.com,Humana Inc.
healelderlycare.com,Humana Inc.
healforsenior.com,Humana Inc.
healforseniors.com,Humana Inc.
healqube.com,Humana Inc.
healsenior.com,Humana Inc.
healseniorcare.com,Humana Inc.
health-storied.com,Humana Inc.
healthandwell-being.biz,Humana Inc.
healthandwell-being.com,Humana Inc.
healthandwell-being.mobi,Humana Inc.
healthandwell-being.net,Humana Inc.
healthandwell-being.org,Humana Inc.
healthandwell-being.tv,Humana Inc.
healthandwellbeing.mobi,Humana Inc.
healthandwellbeing.tv,Humana Inc.
healthatcenterwell.com,Humana Inc.
healthcaredelivery.com,Humana Inc.
healthcaredelivery.net,Humana Inc.
healthcaredelivery.org,Humana Inc.
healthcareinfoaustin.com,Humana Inc.
healthcareinfocoloradosprings.com,Humana Inc.
healthcareinfodayton.com,Humana Inc.
healthcareinfodenver.com,Humana Inc.
healthcareinfograndrapids.com,Humana Inc.
healthcareinfojoplin.com,Humana Inc.
healthcareinfokansascity.com,Humana Inc.
healthcareinfolouisville.com,Humana Inc.
healthcareinfomiami.com,Humana Inc.
healthcareinfosaltlakecity.com,Humana Inc.
healthcareinfosanantonio.com,Humana Inc.
healthcareinfospringfieldmo.com,Humana Inc.
healthcareplanningamerica.com,Humana Inc.
healthcareplanningofamerica.com,Humana Inc.
healthcarewizard.com,Humana Inc.
healthcarewizard.net,Humana Inc.
healthcarewizard.org,Humana Inc.
healthchecknow.com,Humana Inc.
healthchecknow.net,Humana Inc.
healthchecknow.org,Humana Inc.
healthchoicetx.com,Humana Inc.
healthcoachmaster.com,Humana Inc.
healthdock.com,Humana Inc.
healthdock.net,Humana Inc.
healthdocks.com,Humana Inc.
healtheideas.com,Humana Inc.
healthentertainment.com,Humana Inc.
healtheschool.org,Humana Inc.
healtheschools.org,Humana Inc.
healthhq.mobi,Humana Inc.
healthhq.net,Humana Inc.
healthlogix-care.com,Humana Inc.
healthlogix-cares.com,Humana Inc.
healthlogix-population.com,Humana Inc.
healthlogix-populations.com,Humana Inc.
healthlogix.com,Humana Inc.
healthlogix.net,Humana Inc.
healthlogixcare.com,Humana Inc.
healthlogixcares.com,Humana Inc.
healthlogixpopulation.com,Humana Inc.
healthlogixpopulations.com,Humana Inc.
healthmilesplushq.com,Humana Inc.
healthmilesplushq.net,Humana Inc.
healthmilesplushq.org,Humana Inc.
healthplanguidance.com,Humana Inc.
healthpromoters.net,Humana Inc.
healthresourcesbyhumana.com,Humana Inc.
healthresourcesbyhumanakc.com,Humana Inc.
healthspane-coach.com,Humana Inc.
healthtechnologyforlife.com,Humana Inc.
healthtechnologyforlife.info,Humana Inc.
healthtechnologyforlife.net,Humana Inc.
healthtechnologyforlife.org,Humana Inc.
healthyatcenterwell.com,Humana Inc.
healthydividends.net,Humana Inc.
healthyfoodscard.com,Humana Inc.
healthyresourcesbyhumana.com,Humana Inc.
hellocenterwell.com,Humana Inc.
hellocenterwellarizona.com,Humana Inc.
hellocenterwellasheville.com,Humana Inc.
hellocenterwellatlanta.com,Humana Inc.
hellocenterwellbatonrouge.com,Humana Inc.
hellocenterwellcharlotte.com,Humana Inc.
hellocenterwellcolumbia.com,Humana Inc.
hellocenterwelldallas.com,Humana Inc.
hellocenterwellflorida.com,Humana Inc.
hellocenterwellgeorgia.com,Humana Inc.
hellocenterwellindiana.com,Humana Inc.
hellocenterwellkansascity.com,Humana Inc.
hellocenterwelllasvegas.com,Humana Inc.
hellocenterwelllexington.com,Humana Inc.
hellocenterwelllouisiana.com,Humana Inc.
hellocenterwelllouisville.com,Humana Inc.
hellocenterwellmississippi.com,Humana Inc.
hellocenterwellmissouri.com,Humana Inc.
hellocenterwellmyrtlebeach.com,Humana Inc.
hellocenterwellnc.com,Humana Inc.
hellocenterwellneworleans.com,Humana Inc.
hellocenterwellorlando.com,Humana Inc.
hellocenterwellphoenix.com,Humana Inc.
hellocenterwellraleighdurham.com,Humana Inc.
hellocenterwellrichmond.com,Humana Inc.
hellocenterwellsc.com,Humana Inc.
hellocenterwellshreveport.com,Humana Inc.
hellocenterwellsouthernindiana.com,Humana Inc.
hellocenterwelltennessee.com,Humana Inc.
hellocenterwelltexas.com,Humana Inc.
hellocenterwelltidewater.com,Humana Inc.
hellocenterwelltriad.com,Humana Inc.
helloconviva.com,Humana Inc.
helloconvivacorpuschristi.com,Humana Inc.
helloconvivadaytona.com,Humana Inc.
helpfromhumana.com,Humana Inc.
heritagehomehealth.com,Humana Inc.
heritageparkeast.com,Humana Inc.
heritageparkfla.com,Humana Inc.
heritageparkwest.com,Humana Inc.
hershmanmd.com,Humana Inc.
hfmdocs.com,Humana Inc.
hgbtestmail.com,Humana Inc.
hhumana.com,Humana Inc.
highriskmedications.com,Humana Inc.
highriskmedicines.com,Humana Inc.
hmctotalhealth.com,Humana Inc.
hmhs25.com,Humana Inc.
hmhs25.net,Humana Inc.
hmhs25.org,Humana Inc.
hmhsdental.com,Humana Inc.
holacenterwell.com,Humana Inc.
holacenterwellarizona.com,Humana Inc.
holacenterwellatlanta.com,Humana Inc.
holacenterwellcolumbia.com,Humana Inc.
holacenterwelldallas.com,Humana Inc.
holacenterwellflorida.com,Humana Inc.
holacenterwellisouthernindiana.com,Humana Inc.
holacenterwellkansascity.com,Humana Inc.
holacenterwelllasvegas.com,Humana Inc.
holacenterwelllexington.com,Humana Inc.
holacenterwelllouisiana.com,Humana Inc.
holacenterwelllouisville.com,Humana Inc.
holacenterwellmississippi.com,Humana Inc.
holacenterwellphoenix.com,Humana Inc.
holacenterwellraleighdurham.com,Humana Inc.
holacenterwellraleighdurman.com,Humana Inc.
holacenterwellrichmond.com,Humana Inc.
holacenterwellsouthernindiana.com,Humana Inc.
holacenterwelltennessee.com,Humana Inc.
holacenterwelltexas.com,Humana Inc.
holaconviva.com,Humana Inc.
holaconvivacorpuschristi.com,Humana Inc.
hollywoodmedicalcenters.com,Humana Inc.
homeadvantageinc.com,Humana Inc.
homecarecarefree.com,Humana Inc.
homedeliverycwp.com,Humana Inc.
horsepowerchallange.com,Humana Inc.
horsepowergame.com,Humana Inc.
horsepowerplay.com,Humana Inc.
hospice-erx.com,Humana Inc.
hospice-erx.net,Humana Inc.
hospice-erx.org,Humana Inc.
hospicepharmacysolutions.com,Humana Inc.
hospicepharmacysolutions.net,Humana Inc.
hospitalcashbenefits.com,Humana Inc.
hospitalcashplan.com,Humana Inc.
hospitalplanbenefits.com,Humana Inc.
houstonbenefits.org,Humana Inc.
houstoncenterwell.com,Humana Inc.
howtoautorefill.com,Humana Inc.
hpactivate.com,Humana Inc.
hpapp.download,Humana Inc.
hpassociate.com,Humana Inc.
hpaward.info,Humana Inc.
hpcalltosave.com,Humana Inc.
hpdeliver.com,Humana Inc.
hpdelivers.com,Humana Inc.
hpdeliversrx.com,Humana Inc.
hpdrugs.com,Humana Inc.
hpeasydeliver.com,Humana Inc.
hpeasymail.com,Humana Inc.
hpeasyrx.com,Humana Inc.
hpenroll.com,Humana Inc.
hphomedelivery.com,Humana Inc.
hphomerx.com,Humana Inc.
hplearnmore.com,Humana Inc.
hplouisville.com,Humana Inc.
hpmaildelivery.com,Humana Inc.
hpmailmeds.com,Humana Inc.
hpmailnow.com,Humana Inc.
hpmailorder.com,Humana Inc.
hpmailordermeds.com,Humana Inc.
hpmailorderrx.com,Humana Inc.
hpmailswitch.com,Humana Inc.
hpmedicines.com,Humana Inc.
hpmeds.com,Humana Inc.
hpmedsdelivery.com,Humana Inc.
hpmedsnow.com,Humana Inc.
hpmember.com,Humana Inc.
hpmembersave.info,Humana Inc.
hpmembersmaysave.info,Humana Inc.
hpmobileapp.com,Humana Inc.
hpnewmeds.com,Humana Inc.
hpnewrx.com,Humana Inc.
hppricequote.com,Humana Inc.
hpquickrx.com,Humana Inc.
hpreadyrx.com,Humana Inc.
hprefill.today,Humana Inc.
hpretail.info,Humana Inc.
hprx.info,Humana Inc.
hprx.rocks,Humana Inc.
hprxaward.info,Humana Inc.
hprxbenefits.com,Humana Inc.
hprxdelivers.com,Humana Inc.
hprxdelivery.com,Humana Inc.
hprxsolutions.com,Humana Inc.
hprxsupport.com,Humana Inc.
hprxtransfer.com,Humana Inc.
hprxweb.com,Humana Inc.
hpsavemoney.com,Humana Inc.
hpsavenow.com,Humana Inc.
hpsavetime.com,Humana Inc.
hpsavetoday.com,Humana Inc.
hpsavings.com,Humana Inc.
hpscripts.com,Humana Inc.
hpshipsrx.com,Humana Inc.
hpsimple.com,Humana Inc.
hpspbm.com,Humana Inc.
hpspeciality.com,Humana Inc.
hpspecialty.biz,Humana Inc.
hpspecialty.net,Humana Inc.
hpspecialty.us,Humana Inc.
hpspecialtymail.com,Humana Inc.
hpspecialtymeds.com,Humana Inc.
hpspecialtymedsforyou.com,Humana Inc.
hpspecialtynow.com,Humana Inc.
hpstartnew.com,Humana Inc.
hpstartnew.info,Humana Inc.
hpstartnow.com,Humana Inc.
hptransfer.com,Humana Inc.
hpwelcomesyou.com,Humana Inc.
hriglobal.com,Humana Inc.
hriworld.com,Humana Inc.
hrmhum.com,Humana Inc.
hspcares.com,Humana Inc.
hspcenterofexcellence.com,Humana Inc.
hspdelivers.com,Humana Inc.
hspdelivery.com,Humana Inc.
hspenroll.com,Humana Inc.
hspinfusion.com,Humana Inc.
hspmeds.com,Humana Inc.
hspmedsnow.com,Humana Inc.
hsponcology.com,Humana Inc.
hspscripts.com,Humana Inc.
hspswitch.com,Humana Inc.
humaaddap.com,Humana Inc.
humaaddapt.com,Humana Inc.
humaana.com,Humana Inc.
humad.com,Humana Inc.
humad.net,Humana Inc.
humama.com,Humana Inc.
humana-adherence.com,Humana Inc.
humana-care.com,Humana Inc.
humana-choice.com,Humana Inc.
humana-dental.com,Humana Inc.
humana-drugplans.com,Humana Inc.
humana-email.com,Humana Inc.
humana-email2.com,Humana Inc.
humana-email3.com,Humana Inc.
humana-espanol.com,Humana Inc.
humana-europe.com,Humana Inc.
humana-extra.com,Humana Inc.
humana-extras.com,Humana Inc.
humana-florida.com,Humana Inc.
humana-georgia-health-insurance.com,Humana Inc.
humana-government.com,Humana Inc.
humana-health-insurance.org,Humana Inc.
humana-health.com,Humana Inc.
humana-healthinsurance.com,Humana Inc.
humana-healthy.com,Humana Inc.
humana-host.com,Humana Inc.
humana-inc.com,Humana Inc.
humana-individual.com,Humana Inc.
humana-insurance.com,Humana Inc.
humana-medical.com,Humana Inc.
humana-medicare.biz,Humana Inc.
humana-medicare.com,Humana Inc.
humana-medicare.info,Humana Inc.
humana-medicare.net,Humana Inc.
humana-medicare.org,Humana Inc.
humana-medicare.us,Humana Inc.
humana-medicareanswers.com,Humana Inc.
humana-medicarebasics.com,Humana Inc.
humana-medicarebenefits.com,Humana Inc.
humana-medicarequestions.com,Humana Inc.
humana-medicarerv.com,Humana Inc.
humana-mil.com,Humana Inc.
humana-miliatry.com,Humana Inc.
humana-military.com,Humana Inc.
humana-movie.com,Humana Inc.
humana-newtomedicare.com,Humana Inc.
humana-no-worry.com,Humana Inc.
humana-noworry.com,Humana Inc.
humana-one-dental.com,Humana Inc.
humana-one-dental.net,Humana Inc.
humana-one.com,Humana Inc.
humana-one.net,Humana Inc.
humana-one.org,Humana Inc.
humana-online.com,Humana Inc.
humana-partd.com,Humana Inc.
humana-plans.com,Humana Inc.
humana-prescriptiondrugplans.com,Humana Inc.
humana-quote.com,Humana Inc.
humana-rx.com,Humana Inc.
humana-rxplans.com,Humana Inc.
humana-smallbusiness.com,Humana Inc.
humana-tricare.com,Humana Inc.
humana-veterans.com,Humana Inc.
humana-vision.com,Humana Inc.
humana-vitality.biz,Humana Inc.
humana-vitality.com,Humana Inc.
humana-vitality.info,Humana Inc.
humana-vitality.mobi,Humana Inc.
humana-vitality.net,Humana Inc.
humana-vitality.org,Humana Inc.
humana.ac,Humana Inc.
humana.ag,Humana Inc.
humana.am,Humana Inc.
humana.asia,Humana Inc.
humana.cn.com,Humana Inc.
humana.co.in,primary
humana.com,Humana Inc.
humana.com.pr,Humana Inc.
humana.dev,Humana Inc.
humana.email,Humana Inc.
humana.firm.in,Humana Inc.
humana.gen.in,Humana Inc.
humana.ind.in,Humana Inc.
humana.info,Humana Inc.
humana.io,Humana Inc.
humana.jobs,Humana Inc.
humana.jpn.com,Humana Inc.
humana.lc,Humana Inc.
humana.mobi,Humana Inc.
humana.net,Humana Inc.
humana.net.in,Humana Inc.
humana.org.in,Humana Inc.
humana.pr,Humana Inc.
humana.sc,Humana Inc.
humana.sh,Humana Inc.
humana.tc,Humana Inc.
humana.us,Humana Inc.
humana.zone,Humana Inc.
humana0ne.com,Humana Inc.
humana1.biz,Humana Inc.
humana1.com,Humana Inc.
humana1.info,Humana Inc.
humana1.net,Humana Inc.
humana1.org,Humana Inc.
humana1benefits.com,Humana Inc.
humana1coverage.com,Humana Inc.
humana1direct.com,Humana Inc.
humana1forme.com,Humana Inc.
humana1health.com,Humana Inc.
humana1insurance.com,Humana Inc.
humana1insurancequotes.com,Humana Inc.
humana1protection.com,Humana Inc.
humana1quote.com,Humana Inc.
humana2014.com,Humana Inc.
humana2pointgo.com,Humana Inc.
humana4me.com,Humana Inc.
humana4me.net,Humana Inc.
humana4u.com,Humana Inc.
humana4u.net,Humana Inc.
humana4you.com,Humana Inc.
humana4you.net,Humana Inc.
humana5star.com,Humana Inc.
humana5ways.com,Humana Inc.
humana5ways.net,Humana Inc.
humana65.com,Humana Inc.
humanaa.com,Humana Inc.
humanaaccess.com,Humana Inc.
humanaactiveoutlook.biz,Humana Inc.
humanaactiveoutlook.com,Humana Inc.
humanaactiveoutlook.info,Humana Inc.
humanaadherence.com,Humana Inc.
humanaadherenceicario.com,Humana Inc.
humanaadvance.com,Humana Inc.
humanaadvance.net,Humana Inc.
humanaadvance.org,Humana Inc.
humanaadvantage.com,Humana Inc.
humanaadvantage.net,Humana Inc.
humanaadvantages.com,Humana Inc.
humanaadvantages.net,Humana Inc.
humanaaffordable.com,Humana Inc.
humanaaffordable.net,Humana Inc.
humanaagents.com,Humana Inc.
humanaanalytics.com,Humana Inc.
humanaanswers.com,Humana Inc.
humanaanswers.net,Humana Inc.
humanaappointment.com,Humana Inc.
humanaathome.com,Humana Inc.
humanaathometraining.com,Humana Inc.
humanaauthor.com,Humana Inc.
humanaayuda.com,Humana Inc.
humanabeginnings.biz,Humana Inc.
humanabeginnings.com,Humana Inc.
humanabeginnings.info,Humana Inc.
humanabehavioralhealth.com,Humana Inc.
humanabenefit.com,Humana Inc.
humanabenefit.net,Humana Inc.
humanabenefitplanil.com,Humana Inc.
humanabenefits.com,Humana Inc.
humanabenefits.net,Humana Inc.
humanabigbook.com,Humana Inc.
humanabigbook.net,Humana Inc.
humanabonehealth.com,Humana Inc.
humanabonus.com,Humana Inc.
humanabook.com,Humana Inc.
humanabooklet.com,Humana Inc.
humanabooklet.net,Humana Inc.
humanabrand.com,Humana Inc.
humanabrand.net,Humana Inc.
humanabrand.org,Humana Inc.
humanabroker.com,Humana Inc.
humanacancercoe.com,Humana Inc.
humanacareadvisors.com,Humana Inc.
humanacaregiver.com,Humana Inc.
humanacaregiver.net,Humana Inc.
humanacaregiver.org,Humana Inc.
humanacarehub.com,Humana Inc.
humanacaremanagement.com,Humana Inc.
humanacareservices.com,Humana Inc.
humanacashcancer.com,Humana Inc.
humanacc.com,Humana Inc.
humanachallenge.com,Humana Inc.
humanachallenge.net,Humana Inc.
humanachangeplan.com,Humana Inc.
humanachangeplan.net,Humana Inc.
humanachangeplan.us,Humana Inc.
humanachangeplans.com,Humana Inc.
humanachangeplans.net,Humana Inc.
humanachangeplans.us,Humana Inc.
humanachanges.com,Humana Inc.
humanachildgift.com,Humana Inc.
humanachildgift.net,Humana Inc.
humanachildlife.com,Humana Inc.
humanachildlife.net,Humana Inc.
humanachoice.com,Humana Inc.
humanachoice.net,Humana Inc.
humanachoicecare.com,Humana Inc.
humanachoiceppo.biz,Humana Inc.
humanachoiceppo.com,Humana Inc.
humanachoiceppo.net,Humana Inc.
humanachoices.com,Humana Inc.
humanachoices.net,Humana Inc.
humanaclinic.com,Humana Inc.
humanaclinicalresources.com,Humana Inc.
humanacobra.com,Humana Inc.
humanacoe.com,Humana Inc.
humanacomfortchoice.com,Humana Inc.
humanacompletedental.com,Humana Inc.
humanaconnection.com,Humana Inc.
humanaconnections.com,Humana Inc.
humanacoverage.com,Humana Inc.
humanacreative.com,Humana Inc.
humanacsrreport.com,Humana Inc.
humanadaytonabeachfl.com,Humana Inc.
humanadecision.com,Humana Inc.
humanadecisionguide.com,Humana Inc.
humanadecisionguide.net,Humana Inc.
humanadecisionguide2025.com,Humana Inc.
humanadecisionsguide.com,Humana Inc.
humanadelivers.com,Humana Inc.
humanadental.com,Humana Inc.
humanadental.net,Humana Inc.
humanadentalaccess.com,Humana Inc.
humanadentalcoverage.com,Humana Inc.
humanadentalnetwork.com,Humana Inc.
humanadentalonline.com,Humana Inc.
humanadentalplan.com,Humana Inc.
humanadha.com,Humana Inc.
humanadigitalanalytics.com,Humana Inc.
humanadigitalhealthanalytics.com,Humana Inc.
humanadigitalhealthandanalytics.com,Humana Inc.
humanadigitalmedia.com,Humana Inc.
humanadigitalstyleguide.com,Humana Inc.
humanadirect.com,Humana Inc.
humanadisability.com,Humana Inc.
humanadiscountrx.com,Humana Inc.
humanadrug.com,Humana Inc.
humanadrugplan.com,Humana Inc.
humanadrugplans.com,Humana Inc.
humanaduals.com,Humana Inc.
humanaeac.com,Humana Inc.
humanaeasy.com,Humana Inc.
humanaeasy.net,Humana Inc.
humanaedge.cloud,Humana Inc.
humanaedge.com,Humana Inc.
humanaedge.dev,Humana Inc.
humanaedge.io,Humana Inc.
humanaespanol.com,Humana Inc.
humanaeurope.com,Humana Inc.
humanaexchange.com,Humana Inc.
humanaexchangeinsurance.com,Humana Inc.
humanaexchangeinsurance.net,Humana Inc.
humanaexchangenavigator.com,Humana Inc.
humanaexchangenavigator.net,Humana Inc.
humanaextend.com,Humana Inc.
humanaextra.com,Humana Inc.
humanaextrabenefits.com,Humana Inc.
humanaextras.com,Humana Inc.
humanafacts.com,Humana Inc.
humanafamily.biz,Humana Inc.
humanafamily.info,Humana Inc.
humanafamscape.com,Humana Inc.
humanafinancialprotection.com,Humana Inc.
humanafirst.biz,Humana Inc.
humanafirst.info,Humana Inc.
humanafit.com,Humana Inc.
humanafitness.com,Humana Inc.
humanafits.com,Humana Inc.
humanafits.net,Humana Inc.
humanafl.com,Humana Inc.
humanaflicknfloat.com,Humana Inc.
humanaflorida.com,Humana Inc.
humanaforme.com,Humana Inc.
humanaforme.net,Humana Inc.
humanaforu.com,Humana Inc.
humanaforu.net,Humana Inc.
humanaforyou.com,Humana Inc.
humanaforyou.net,Humana Inc.
humanaforyourbenefit.biz,Humana Inc.
humanaforyourbenefit.info,Humana Inc.
humanafoundation.com,Humana Inc.
humanafoundation.org,Humana Inc.
humanafourme.com,Humana Inc.
humanafourme.net,Humana Inc.
humanafreebook.com,Humana Inc.
humanafreebook.net,Humana Inc.
humanafreedom.com,Humana Inc.
humanafreedom.net,Humana Inc.
humanafreeguide.com,Humana Inc.
humanafreequote.com,Humana Inc.
humanafuture.com,Humana Inc.
humanafyb.com,Humana Inc.
humanagames.com,Humana Inc.
humanagear.com,Humana Inc.
humanagears.com,Humana Inc.
humanago365.com,Humana Inc.
humanago365.net,Humana Inc.
humanagold.com,Humana Inc.
humanagold.net,Humana Inc.
humanagoldchoice.com,Humana Inc.
humanagoldchoice.org,Humana Inc.
humanagoldclassic.com,Humana Inc.
humanagoldplus.biz,Humana Inc.
humanagoldplus.com,Humana Inc.
humanagoldplus.info,Humana Inc.
humanagov.com,Humana Inc.
humanagovernment.com,Humana Inc.
humanaguidance.com,Humana Inc.
humanaguidance.net,Humana Inc.
humanaguidancecenter.com,Humana Inc.
humanaguidancecenter.net,Humana Inc.
humanaguide.com,Humana Inc.
humanaguidebook.com,Humana Inc.
humanaguides.com,Humana Inc.
humanahealth.biz,Humana Inc.
humanahealth.com,Humana Inc.
humanahealth.info,Humana Inc.
humanahealth.net,Humana Inc.
humanahealthassessment.com,Humana Inc.
humanahealthcare.com,Humana Inc.
humanahealthcareexchange.com,Humana Inc.
humanahealthcareexchange.net,Humana Inc.
humanahealthchallenge.com,Humana Inc.
humanahealthins.com,Humana Inc.
humanahealthinsurance.com,Humana Inc.
humanahealthinsuranceflorida.com,Humana Inc.
humanahealthinsuranceinformation.info,Humana Inc.
humanahealthinsuranceofillinois.com,Humana Inc.
humanahealthinsuranceprovider.com,Humana Inc.
humanahealthinsuranceproviders.com,Humana Inc.
humanahealthinsurancequoteinformation.info,Humana Inc.
humanahealthinsurancetexas.com,Humana Inc.
humanahealthplan.com,Humana Inc.
humanahealthquote.com,Humana Inc.
humanahealthy.com,Humana Inc.
humanahealthyhorizons.com,Humana Inc.
humanahearthealth.com,Humana Inc.
humanahelps.com,Humana Inc.
humanahelpsatlanta.com,Humana Inc.
humanahelpsaustin.com,Humana Inc.
humanahelpsboulder.com,Humana Inc.
humanahelpsbroward.com,Humana Inc.
humanahelpscareforyou.com,Humana Inc.
humanahelpscincinnati.com,Humana Inc.
humanahelpscolorado.com,Humana Inc.
humanahelpscoloradosprings.com,Humana Inc.
humanahelpsdayton.com,Humana Inc.
humanahelpsdenver.com,Humana Inc.
humanahelpsdetroit.com,Humana Inc.
humanahelpsflorida.com,Humana Inc.
humanahelpsgeorgia.com,Humana Inc.
humanahelpsgrandrapids.com,Humana Inc.
humanahelpshealthyliving.com,Humana Inc.
humanahelpsjoplin.com,Humana Inc.
humanahelpsjoplinspringfield.com,Humana Inc.
humanahelpskansascity.com,Humana Inc.
humanahelpskentucky.com,Humana Inc.
humanahelpslouisville.com,Humana Inc.
humanahelpsmiami.com,Humana Inc.
humanahelpsmiamidade.com,Humana Inc.
humanahelpsmichigan.com,Humana Inc.
humanahelpsmissouri.com,Humana Inc.
humanahelpsohio.com,Humana Inc.
humanahelpspalmbeach.com,Humana Inc.
humanahelpssaltlakecity.com,Humana Inc.
humanahelpssanantonio.com,Humana Inc.
humanahelpssouthflorida.com,Humana Inc.
humanahelpsspringfield.com,Humana Inc.
humanahelpstexas.com,Humana Inc.
humanahelpsutah.com,Humana Inc.
humanahelpsyou.com,Humana Inc.
humanahmo.com,Humana Inc.
humanahonor.com,Humana Inc.
humanahope.com,Humana Inc.
humanahq.com,Humana Inc.
humanaicm.com,Humana Inc.
humanaillinois.com,Humana Inc.
humanaindividual.com,Humana Inc.
humanainnovation.com,Humana Inc.
humanains.com,Humana Inc.
humanainsights.com,Humana Inc.
humanainsurance.com,Humana Inc.
humanainsurance.net,primary
humanainsuranceco.com,Humana Inc.
humanainsurancecompany.com,Humana Inc.
humanaishere.com,Humana Inc.
humanajacksonvillefl.com,Humana Inc.
humanakids.com,Humana Inc.
humanaleadersclub.com,Humana Inc.
humanalife.com,Humana Inc.
humanalifelongwell-being.com,Humana Inc.
humanalifelongwell-being.info,Humana Inc.
humanalifelongwell-being.net,Humana Inc.
humanalifelongwell-being.org,Humana Inc.
humanalifelongwellbeing.com,Humana Inc.
humanalifelongwellbeing.info,Humana Inc.
humanalifelongwellbeing.net,Humana Inc.
humanalifelongwellbeing.org,Humana Inc.
humanalifetimeinsurance.com,Humana Inc.
humanalifetimeinsurance.net,Humana Inc.
humanaliving.com,Humana Inc.
humanaliving.net,Humana Inc.
humanaliving.org,primary
humanalocal.com,Humana Inc.
humanalogic.com,Humana Inc.
humanaloyaltyplus.com,Humana Inc.
humanamaguide.com,Humana Inc.
humanamailorder.com,Humana Inc.
humanamailorderpharmacy.com,Humana Inc.
humanamapdcoverage.com,Humana Inc.
humanamapdoptions.com,Humana Inc.
humanamapdplan.com,Humana Inc.
humanamapdplans.com,Humana Inc.
humanamarathon.com,Humana Inc.
humanamarketingresourcecenter.com,Humana Inc.
humanamarketpoint.com,Humana Inc.
humanamarketsupport.com,Humana Inc.
humanamedadherence.com,Humana Inc.
humanamedadherenceicario.com,Humana Inc.
humanamedadhicario.com,Humana Inc.
humanamedical.com,Humana Inc.
humanamedicalclinic.com,Humana Inc.
humanamedicalvitality.com,Humana Inc.
humanamedicalvitality.net,Humana Inc.
humanamedicalvitality.org,Humana Inc.
humanamedicare.biz,Humana Inc.
humanamedicare.com,Humana Inc.
humanamedicare.info,Humana Inc.
humanamedicare.net,Humana Inc.
humanamedicare.org,Humana Inc.
humanamedicare.us,Humana Inc.
humanamedicareadvantagecoverage.com,Humana Inc.
humanamedicareadvantageoptions.com,Humana Inc.
humanamedicareagent.com,Humana Inc.
humanamedicareanswers.com,Humana Inc.
humanamedicarebasics.com,Humana Inc.
humanamedicarebenefits.com,Humana Inc.
humanamedicarecoverage.com,Humana Inc.
humanamedicaredental.com,Humana Inc.
humanamedicareespanol.com,Humana Inc.
humanamedicareinfo.com,Humana Inc.
humanamedicarequestions.com,Humana Inc.
humanamedicareshow.com,Humana Inc.
humanamedicareshow.net,Humana Inc.
humanamedsicario.com,Humana Inc.
humanamember.com,Humana Inc.
humanamember.net,Humana Inc.
humanamemberassistanceprogram.com,Humana Inc.
humanamemberfreeguide.com,Humana Inc.
humanamembermaguide.com,Humana Inc.
humanamessages.com,Humana Inc.
humanamilitary.com,Humana Inc.
humanamilitaryhealthcare.com,Humana Inc.
humanamovie.com,Humana Inc.
humanamppp.com,Humana Inc.
humanamscoe.com,Humana Inc.
humanamsmedia.com,Humana Inc.
humanamsstatic.com,Humana Inc.
humanan.com,Humana Inc.
humananeighborhood.com,Humana Inc.
humananeighborhoodcenter.com,Humana Inc.
humananeighborhoodconnection.com,Humana Inc.
humananeighborhoodconnections.com,Humana Inc.
humananetwork.com,Humana Inc.
humananews.com,Humana Inc.
humananewtomedicare.com,Humana Inc.
humananoworry.com,Humana Inc.
humananoworry.net,Humana Inc.
humanaoffer.com,Humana Inc.
humanaoffer.net,Humana Inc.
humanaoffers.com,Humana Inc.
humanaoffers.net,Humana Inc.
humanaofillinois.com,Humana Inc.
humanaone-dental.com,Humana Inc.
humanaone-dental.net,Humana Inc.
humanaone.com,Humana Inc.
humanaone.net,Humana Inc.
humanaone.org,Humana Inc.
humanaone.pr,Humana Inc.
humanaone.tv,Humana Inc.
humanaoneagentquote.com,Humana Inc.
humanaoneagents.com,Humana Inc.
humanaoneapplication.com,Humana Inc.
humanaonebenefits.com,Humana Inc.
humanaonebrokers.com,Humana Inc.
humanaonecarolina.com,Humana Inc.
humanaonecoverage.com,Humana Inc.
humanaonedental.com,Humana Inc.
humanaonedental.net,Humana Inc.
humanaonedental.org,Humana Inc.
humanaonedentalinsurance.com,Humana Inc.
humanaonedentalnow.com,Humana Inc.
humanaonedentalplan.com,Humana Inc.
humanaonedentalplan.net,Humana Inc.
humanaonedentalproviders.com,Humana Inc.
humanaonedentalsavings.com,Humana Inc.
humanaonedirect.com,Humana Inc.
humanaonefocus.com,Humana Inc.
humanaoneforme.com,Humana Inc.
humanaonefreequote.com,Humana Inc.
humanaonehealth.com,Humana Inc.
humanaonehealthinsurance.com,Humana Inc.
humanaonehealthinsurance.org,Humana Inc.
humanaonehealthinsuranceofillinois.com,Humana Inc.
humanaonehealthplans.com,Humana Inc.
humanaonehq.com,Humana Inc.
humanaonehq.net,Humana Inc.
humanaonehq.org,Humana Inc.
humanaoneillinois.com,Humana Inc.
humanaoneinsurance.com,Humana Inc.
humanaoneinsurance.net,Humana Inc.
humanaoneinsurancequotes.com,Humana Inc.
humanaonemembers.com,Humana Inc.
humanaonenavigator.com,Humana Inc.
humanaonenavigator.net,Humana Inc.
humanaonenc.com,Humana Inc.
humanaonenetwork.com,Humana Inc.
humanaonenow.com,Humana Inc.
humanaoneofillinois.com,Humana Inc.
humanaoneplan.com,Humana Inc.
humanaoneplan.tv,Humana Inc.
humanaoneplanexchange.com,Humana Inc.
humanaoneplanexchange.net,Humana Inc.
humanaoneplans.com,Humana Inc.
humanaoneprotection.com,Humana Inc.
humanaonequote.com,Humana Inc.
humanaonesc.com,Humana Inc.
humanaonetv.com,Humana Inc.
humanaonevision.com,Humana Inc.
humanaonevisioncare.com,Humana Inc.
humanaonevisioninsurance.com,Humana Inc.
humanaonevisionplan.com,Humana Inc.
humanaonevisionplan.net,Humana Inc.
humanaonevisionplans.com,Humana Inc.
humanaonline.com,Humana Inc.
humanaonline.net,Humana Inc.
humanaonthenet.com,Humana Inc.
humanaonthenet.net,Humana Inc.
humanaontheweb.com,Humana Inc.
humanaontheweb.net,Humana Inc.
humanaoption.com,Humana Inc.
humanaoption.net,Humana Inc.
humanaoptions.com,Humana Inc.
humanaoptions.net,Humana Inc.
humanapac.com,Humana Inc.
humanapac.net,Humana Inc.
humanapac.org,Humana Inc.
humanapain.com,Humana Inc.
humanapartc.com,Humana Inc.
humanapartccoverage.com,Humana Inc.
humanapartcoptions.com,Humana Inc.
humanapartcplan.com,Humana Inc.
humanapartcplans.com,Humana Inc.
humanapartd.com,Humana Inc.
humanapartdcoverage.com,Humana Inc.
humanapartdoptions.com,Humana Inc.
humanapartdplan.com,Humana Inc.
humanapartdplans.com,Humana Inc.
humanapartnerdirect.com,Humana Inc.
humanapartners.com,Humana Inc.
humanapatientinsights.com,Humana Inc.
humanapatientsafety.com,Humana Inc.
humanapbm.com,Humana Inc.
humanapdp.com,Humana Inc.
humanapdpcomplete.com,Humana Inc.
humanapdpenhanced.com,Humana Inc.
humanapensacolafl.com,Humana Inc.
humanapersonal.com,Humana Inc.
humanapersonal.net,Humana Inc.
humanapersonalconnect.com,Humana Inc.
humanapharmacy.com,Humana Inc.
humanapharmacydelivers.com,Humana Inc.
humanapharmacydeliversrx.com,Humana Inc.
humanapharmacydelivery.com,Humana Inc.
humanapharmacyeasyrx.com,Humana Inc.
humanapharmacyeasyship.com,Humana Inc.
humanapharmacyinc.com,Humana Inc.
humanapharmacylocations.com,Humana Inc.
humanapharmacylouisvilleky.com,Humana Inc.
humanapharmacymaildelivery.com,Humana Inc.
humanapharmacymailmeds.com,Humana Inc.
humanapharmacymailorder.com,Humana Inc.
humanapharmacymailrx.com,Humana Inc.
humanapharmacyonline.com,Humana Inc.
humanapharmacyquickrx.com,Humana Inc.
humanapharmacyrxdelivers.com,Humana Inc.
humanapharmacyrxdelivery.com,Humana Inc.
humanapharmacyscripts.com,Humana Inc.
humanapharmacyshipsrx.com,Humana Inc.
humanapharmacysimplerx.com,Humana Inc.
humanapharmacysolutions.com,Humana Inc.
humanapharmacywelcome.com,Humana Inc.
humanaphysiciansgroup.com,Humana Inc.
humanaplan.com,Humana Inc.
humanaplanchange.com,Humana Inc.
humanaplanchange.net,Humana Inc.
humanaplanchange.us,Humana Inc.
humanaplanchanges.com,Humana Inc.
humanaplanchanges.net,Humana Inc.
humanaplanchanges.us,Humana Inc.
humanaplanes.com,Humana Inc.
humanaplanexchange.com,Humana Inc.
humanaplanexchange.net,Humana Inc.
humanaplannow.com,Humana Inc.
humanaplans.com,Humana Inc.
humanaplanschange.com,Humana Inc.
humanaplanschange.net,Humana Inc.
humanaplanschange.us,Humana Inc.
humanaplansonline.com,Humana Inc.
humanaplansonline.net,Humana Inc.
humanapointofcare.com,Humana Inc.
humanapointsofcare.com,Humana Inc.
humanapopulationinsights.com,Humana Inc.
humanapos.com,Humana Inc.
humanapower.com,Humana Inc.
humanapowered.com,Humana Inc.
humanappo.com,Humana Inc.
humanaprescriptiondrug.com,Humana Inc.
humanaprescriptiondrugcoverage.com,Humana Inc.
humanaprescriptiondrugoptions.com,Humana Inc.
humanaprescriptiondrugplan.com,Humana Inc.
humanaprescriptiondrugplans.com,Humana Inc.
humanaprescriptiondrugs.com,Humana Inc.
humanapresidentsclub.com,Humana Inc.
humanaprotection.com,Humana Inc.
humanaprotection.net,Humana Inc.
humanaproviderservices.com,Humana Inc.
humanaquote.com,Humana Inc.
humanareachrewards.com,Humana Inc.
humanareadersdigest.com,Humana Inc.
humanarefill.com,Humana Inc.
humanarehab.com,Humana Inc.
humanarenderings.com,Humana Inc.
humanaresearch.com,Humana Inc.
humanaresponses.com,Humana Inc.
humanarewards.com,Humana Inc.
humanarewardsshop.com,Humana Inc.
humanarewardsshop.mobi,Humana Inc.
humanarewardsshopping.com,Humana Inc.
humanarewardsshopping.mobi,Humana Inc.
humanarewardsstore.com,Humana Inc.
humanarewardsstore.mobi,Humana Inc.
humanariskfree.com,Humana Inc.
humanariskfree.net,Humana Inc.
humanarsvp.com,Humana Inc.
humanarx.com,Humana Inc.
humanarxapp.com,Humana Inc.
humanarxbenefit.com,Humana Inc.
humanarxchanges.com,Humana Inc.
humanarxdelivers.com,Humana Inc.
humanarxdelivery.com,Humana Inc.
humanarxeducation.com,Humana Inc.
humanarxenroll.com,Humana Inc.
humanarxmailorder.com,Humana Inc.
humanarxmeds.com,Humana Inc.
humanarxplans.com,Humana Inc.
humanarxplans.net,Humana Inc.
humanarxsavings.com,Humana Inc.
humanarxsavings.net,Humana Inc.
humanarxsolutions.com,Humana Inc.
humanas.net,Humana Inc.
humanasales.com,Humana Inc.
humanasalescareer.com,Humana Inc.
humanasandbox.com,Humana Inc.
humanasave.com,Humana Inc.
humanasaves.com,Humana Inc.
humanasaving.com,Humana Inc.
humanasavings.com,Humana Inc.
humanaschangeplan.com,Humana Inc.
humanaschangeplan.net,Humana Inc.
humanaschangeplan.us,Humana Inc.
humanaschangeplans.com,Humana Inc.
humanaschangeplans.net,Humana Inc.
humanaschangeplans.us,Humana Inc.
humanascripts.com,Humana Inc.
humanasecuremail.com,Humana Inc.
humanasecuremail.net,Humana Inc.
humanasecurity.com,Humana Inc.
humanasecurity.net,Humana Inc.
humanaselect.biz,Humana Inc.
humanaselect.info,Humana Inc.
humanaseniors.com,Humana Inc.
humanaseniors.net,Humana Inc.
humanaseniorshealth.com,Humana Inc.
humanaseniorskipday.com,Humana Inc.
humanashow.com,Humana Inc.
humanashow.net,Humana Inc.
humanasignupsaturday.com,Humana Inc.
humanasimplesteps.com,Humana Inc.
humanasimplesteps.net,Humana Inc.
humanasociety.com,Humana Inc.
humanaspec.com,Humana Inc.
humanaspecialty.com,Humana Inc.
humanaspecialty.net,Humana Inc.
humanaspecialtybenefits.com,Humana Inc.
humanaspecialtybenefits.net,Humana Inc.
humanaspecialtymail.com,Humana Inc.
humanaspecialtymeds.com,Humana Inc.
humanaspectra.com,Humana Inc.
humanasplanchange.com,Humana Inc.
humanasplanchange.net,Humana Inc.
humanasplanchange.us,Humana Inc.
humanasplanchanges.com,Humana Inc.
humanasplanchanges.net,Humana Inc.
humanasplanchanges.us,Humana Inc.
humanasplanschange.com,Humana Inc.
humanasplanschange.net,Humana Inc.
humanasplanschange.us,Humana Inc.
humanasponsorship.com,Humana Inc.
humanastarlightaward.com,Humana Inc.
humanastarlightaward.net,Humana Inc.
humanastarlightaward.org,Humana Inc.
humanastatic.com,Humana Inc.
humanastatins.com,Humana Inc.
humanastore.net,Humana Inc.
humanastore.org,Humana Inc.
humanastudio-h.com,Humana Inc.
humanastudioh.com,Humana Inc.
humanasupplement.com,Humana Inc.
humanasurvey.com,Humana Inc.
humanateatre.com,primary
humanateayuda.com,Humana Inc.
humanatrio.com,Humana Inc.
humanatvshow.com,Humana Inc.
humanatvshow.net,Humana Inc.
humanausa.com,Humana Inc.
humanauthor.com,Humana Inc.
humanavalue.com,Humana Inc.
humanavalues.biz,Humana Inc.
humanavalues.com,Humana Inc.
humanavalues.info,Humana Inc.
humanaventures.com,Humana Inc.
humanaveterans.com,Humana Inc.
humanavets.com,Humana Inc.
humanavideo.com,Humana Inc.
humanaville.com,Humana Inc.
humanaville.net,Humana Inc.
humanavisioncare.com,Humana Inc.
humanavitality.biz,Humana Inc.
humanavitality.com,Humana Inc.
humanavitality.info,Humana Inc.
humanavitality.mobi,Humana Inc.
humanavitality.net,Humana Inc.
humanavitality.org,Humana Inc.
humanavitalitycheersquad.com,Humana Inc.
humanavitalitycontest.com,Humana Inc.
humanavitalityfacts.com,Humana Inc.
humanavitalityfacts.net,Humana Inc.
humanavitalityfacts.org,Humana Inc.
humanavitalitytour.com,Humana Inc.
humanavoice.com,Humana Inc.
humanavoluntary.com,Humana Inc.
humanavoluntarybenefits.com,Humana Inc.
humanavolunteers.com,Humana Inc.
humanavotes.com,Humana Inc.
humanavotes.net,Humana Inc.
humanavotes.org,Humana Inc.
humanawalmart.com,Humana Inc.
humanawalmart.net,Humana Inc.
humanawalmart.org,Humana Inc.
humanawalmartpdp.com,Humana Inc.
humanawalmartpdp.net,Humana Inc.
humanawalmartpdp.org,Humana Inc.
humanawalmartplan.com,Humana Inc.
humanawalmartplan.net,Humana Inc.
humanawalmartplan.org,Humana Inc.
humanawalmartplansucks.com,Humana Inc.
humanawalmartplansucks.net,Humana Inc.
humanawalmartplansucks.org,Humana Inc.
humanawalmartsucks.com,Humana Inc.
humanawalmartsucks.net,Humana Inc.
humanawalmartsucks.org,Humana Inc.
humanawcs.com,Humana Inc.
humanawellbeing.com,Humana Inc.
humanawellbeing.net,Humana Inc.
humanawellbeing.org,Humana Inc.
humanawellness.com,Humana Inc.
humanawholehealthmd.com,Humana Inc.
humanawithcareadvisors.com,Humana Inc.
humanawithpersonalconnect.com,Humana Inc.
humanaworkplacevoluntary.com,Humana Inc.
humanaz.com,Humana Inc.
humanna.com,Humana Inc.
humdr.com,Humana Inc.
humdtest.com,Humana Inc.
humgov.com,Humana Inc.
hummailtest2.com,Humana Inc.
humman.com,Humana Inc.
hummana-medicare.com,Humana Inc.
hummana.com,Humana Inc.
hummiltest.com,Humana Inc.
hummiltestmail.com,Humana Inc.
hummingbirdcoaching.com,Humana Inc.
humone.com,Humana Inc.
humpharmacydelivers.com,Humana Inc.
humpharmacyenroll.com,Humana Inc.
humpharmacysupport.com,Humana Inc.
humrxdelivers.com,Humana Inc.
humrxtransfer.com,Humana Inc.
humspecialtycare.com,Humana Inc.
humspecialtydelivers.com,Humana Inc.
humspecialtydelivery.com,Humana Inc.
humspecialtyenroll.com,Humana Inc.
humspecialtypharmacy.com,Humana Inc.
humspecialtysupport.com,Humana Inc.
humtestlab.com,Humana Inc.
humtestmail.com,Humana Inc.
huumana.com,Humana Inc.
i-hedis.com,Humana Inc.
icare-2b.org,Humana Inc.
icare-wi.com,Humana Inc.
icare-wi.org,Humana Inc.
icarehealthplan.biz,Humana Inc.
icarehealthplan.com,Humana Inc.
icarehealthplan.info,Humana Inc.
icarehealthplan.me,Humana Inc.
icarehealthplan.mobi,Humana Inc.
icarehealthplan.net,Humana Inc.
icarehealthplan.org,Humana Inc.
icarehealthplan.us,Humana Inc.
ifamscape.com,Humana Inc.
ifgagenttools.com,Humana Inc.
ifgbrokers.com,Humana Inc.
ifgmedicare.com,Humana Inc.
ifgtelesales.com,Humana Inc.
ifguniversity.com,Humana Inc.
ignitewithhumana.com,Humana Inc.
iibrokersinc.com,Humana Inc.
ilhealthcheck.com,Humana Inc.
ilsproviders-humana.com,Humana Inc.
imagine-humana.com,Humana Inc.
imaginehumana.com,Humana Inc.
imfreewheelin.com,Humana Inc.
imfreewheelin.org,Humana Inc.
immhsa.com,Humana Inc.
inclusa.com,Humana Inc.
inclusa.jobs,Humana Inc.
inclusa.net,Humana Inc.
inclusa.org,Humana Inc.
inclusa.us,Humana Inc.
indianacenterwell.com,Humana Inc.
infonowweb.com,Humana Inc.
ingresarcenterwellpharmacy.com,Humana Inc.
ingresarcwpharmacy.com,Humana Inc.
inscontracting.com,Humana Inc.
inscribaseconcenterwell.com,Humana Inc.
inscribaseconcwp.com,Humana Inc.
inscripcioncwp.com,Humana Inc.
insurancehumanahealth.com,Humana Inc.
insurancesecureservices.com,Humana Inc.
intelihomehealth.com,Humana Inc.
ioncis.com,Humana Inc.
iwantrelaince.com,Humana Inc.
jacksonvilleconviva.com,Humana Inc.
jewishparentcoaching.com,Humana Inc.
jgarnermdpc.com,Humana Inc.
jmsmd.com,Humana Inc.
joincenterwell.com,Humana Inc.
joincenterwellpharmacy.com,Humana Inc.
joincenterwellpharmacyrewards.com,Humana Inc.
joinconviva.com,Humana Inc.
joincwp.com,Humana Inc.
joinhumana.com,Humana Inc.
joinmycwprx.com,Humana Inc.
joplinspringfieldhealthcareinfo.com,Humana Inc.
juniorestatebuilder.net,Humana Inc.
jupitermedicalgroup.com,Humana Inc.
kahtest.com,Humana Inc.
kansascitybenefits.org,Humana Inc.
kansascitycenterwell.com,Humana Inc.
kehpwellonline.com,Humana Inc.
kentuckianacenterwell.com,Humana Inc.
keystonehealthcare.org,Humana Inc.
kindredathome.com,Humana Inc.
kindredathome.net,Humana Inc.
kindredathome.org,Humana Inc.
ksmocenterwell.com,Humana Inc.
kyhealthcheck.com,Humana Inc.
lahealthcheck.com,Humana Inc.
lakelandmedicalcenters.com,Humana Inc.
lasvegascenterwell.com,Humana Inc.
leadstoremarketing.com,Humana Inc.
learnaboutdental.com,Humana Inc.
learnabouthsp.com,Humana Inc.
learnabouthumana.com,Humana Inc.
learnaboutstatins.com,Humana Inc.
learnhumana.com,Humana Inc.
learnmorehp.com,Humana Inc.
learnmorehumana.com,Humana Inc.
letcenterwellhelp.com,Humana Inc.
letconvivahelp.com,Humana Inc.
lethumanahelp.com,Humana Inc.
leticiaporetmd.com,Humana Inc.
lexingtoncenterwell.com,Humana Inc.
lifelongpharmacy.com,Humana Inc.
lifelongwell-being.com,Humana Inc.
lifelongwell-being.info,Humana Inc.
lifelongwell-being.net,Humana Inc.
lifelongwell-being.org,Humana Inc.
lifelongwellbeing.com,Humana Inc.
lifelongwellbeing.info,Humana Inc.
lifelongwellbeing.net,Humana Inc.
lifelongwellbeing.org,Humana Inc.
lifesolution4u.com,Humana Inc.
lifesolution4u.info,Humana Inc.
lifesolution4u.net,Humana Inc.
lifesolution4u.org,Humana Inc.
lifestreamsonline.com,Humana Inc.
lifesynch-eap.com,Humana Inc.
lifesynch-eap.net,Humana Inc.
lifesynch-eap.org,Humana Inc.
lifesynch.com,Humana Inc.
lifesynch.net,Humana Inc.
lifesynch.org,Humana Inc.
lifesyncheap.com,Humana Inc.
lifesyncheap.net,Humana Inc.
lifesyncheap.org,Humana Inc.
lifesynchwellness.com,Humana Inc.
lifesynchwellness.net,Humana Inc.
lifesynchwellness.org,Humana Inc.
livingbetterwithhumana.com,Humana Inc.
livingbetterwithhumana.net,Humana Inc.
livingbetterwithmedicare.com,Humana Inc.
livingbetterwithmedicare.net,Humana Inc.
localhumana.com,Humana Inc.
localhumanafl.com,Humana Inc.
localhumanavet.com,Humana Inc.
lockincoverage.com,Humana Inc.
lockincoverage.net,Humana Inc.
look2humana.com,Humana Inc.
looktohumana.com,Humana Inc.
louisianabenefits.org,Humana Inc.
louisianacenterwell.com,Humana Inc.
louisvillecenterwell.com,Humana Inc.
louisvillefreewheelin.com,Humana Inc.
louisvillefreewheelin.org,Humana Inc.
loupickleyall.com,Humana Inc.
loupickleyallfest.com,Humana Inc.
loupickleyallfestival.com,Humana Inc.
magellanfitnessconsult.com,Humana Inc.
mailordercw.com,Humana Inc.
mailordercwp.com,Humana Inc.
mailorderhp.com,Humana Inc.
makeithumana.com,Humana Inc.
marketpoint-brokerage.com,Humana Inc.
marketpoint.info,Humana Inc.
marketpointagency.com,Humana Inc.
marketpointltc.com,Humana Inc.
marketpointuniversity.com,Humana Inc.
mastiempoconcenterwell.com,Humana Inc.
mastiempoconconviva.com,Humana Inc.
matureoptions.com,Humana Inc.
mbhealthanalytics.com,Humana Inc.
mbmedicalcenters.com,Humana Inc.
mbmedicalgroup.biz,Humana Inc.
mbmedicalgroup.com,Humana Inc.
mbmgdoctors.com,Humana Inc.
mbmgflorida.com,Humana Inc.
mbmggroup.com,Humana Inc.
mbmggroup.net,Humana Inc.
mbmgmedical.com,Humana Inc.
mccigroup.com,Humana Inc.
mdcarehealthplan.com,Humana Inc.
mdcareinc.com,Humana Inc.
medicalgroupatsuncity.com,Humana Inc.
medicare-humana.com,Humana Inc.
medicaredoublecheck.com,Humana Inc.
medicarehumana.com,Humana Inc.
medicarehumana.us,Humana Inc.
medicarenewby.com,Humana Inc.
medicareplanningamerica.com,Humana Inc.
medicareplanningga.com,Humana Inc.
medicareplanningnc.com,Humana Inc.
medicareplanningofnc.com,Humana Inc.
medicareplanningpa.com,Humana Inc.
medicareplanningsc.com,Humana Inc.
medicareplanningtx.com,Humana Inc.
medicareplanningusa.com,Humana Inc.
medicareshow.com,Humana Inc.
medicareshow.net,Humana Inc.
medicaretriplecheck.com,Humana Inc.
medicaretvshow.com,Humana Inc.
medicaretvshow.net,Humana Inc.
medsfromcenterwell.com,Humana Inc.
medsfromcw.com,Humana Inc.
medsfromcwp.com,Humana Inc.
medsfromcwsp.com,Humana Inc.
medsfromhp.com,Humana Inc.
meetcenterwell.com,Humana Inc.
meetcenterwellasheville.com,Humana Inc.
meetcenterwellatlanta.com,Humana Inc.
meetcenterwellbatonrouge.com,Humana Inc.
meetcenterwellcharleston.com,Humana Inc.
meetcenterwellcharlotte.com,Humana Inc.
meetcenterwellcolumbia.com,Humana Inc.
meetcenterwelldallas.com,Humana Inc.
meetcenterwellgastonia.com,Humana Inc.
meetcenterwellhouston.com,Humana Inc.
meetcenterwellindiana.com,Humana Inc.
meetcenterwellkansascity.com,Humana Inc.
meetcenterwelllasvegas.com,Humana Inc.
meetcenterwelllexington.com,Humana Inc.
meetcenterwelllouisiana.com,Humana Inc.
meetcenterwelllouisville.com,Humana Inc.
meetcenterwellmississippi.com,Humana Inc.
meetcenterwellmyrtlebeach.com,Humana Inc.
meetcenterwellneworleans.com,Humana Inc.
meetcenterwellorlando.com,Humana Inc.
meetcenterwellphoenix.com,Humana Inc.
meetcenterwellraleighdurham.com,Humana Inc.
meetcenterwellrichmond.com,Humana Inc.
meetcenterwellshreveport.com,Humana Inc.
meetcenterwellsouthernindiana.com,Humana Inc.
meetcenterwelltennessee.com,Humana Inc.
meetcenterwelltidewater.com,Humana Inc.
meetcenterwellupstate.com,Humana Inc.
meetconviva.com,Humana Inc.
meetconvivacorpuschristi.com,Humana Inc.
meetconvivadaytona.com,Humana Inc.
meetconvivajacksonville.com,Humana Inc.
meetconvivatampa.com,Humana Inc.
meetcwp.com,Humana Inc.
memorycarephoenix.com,Humana Inc.
memorycarescottsdale.com,Humana Inc.
mesafamily.com,Humana Inc.
metcare.com,Humana Inc.
metcareflorida.com,Humana Inc.
metcareofflorida.com,Humana Inc.
metropolitanhealthnetworks.com,Humana Inc.
metropolitanhealthnetworksinc.com,Humana Inc.
miamedwellness.com,Humana Inc.
miami-mso.com,Humana Inc.
miamibeachhealthanalytics.com,Humana Inc.
miamibeachhealthnews.com,Humana Inc.
miamibeachhealthnews.org,Humana Inc.
miamibeachmedicalgroup.com,Humana Inc.
miamibeachmedicalgroup.net,Humana Inc.
miamidadeconviva.com,Humana Inc.
miamidadehealthcareinfo.com,Humana Inc.
micaminoalbienestar.com,Humana Inc.
micenterwellarizona.com,Humana Inc.
micenterwellatlanta.com,Humana Inc.
micenterwellcharleston.com,Humana Inc.
micenterwellcharlotte.com,Humana Inc.
micenterwellcolumbia.com,Humana Inc.
micenterwelldallas.com,Humana Inc.
micenterwelldfw.com,Humana Inc.
micenterwellgastonia.com,Humana Inc.
micenterwellgeorgia.com,Humana Inc.
micenterwellgoldentriangle.com,Humana Inc.
micenterwellhouston.com,Humana Inc.
micenterwellindiana.com,Humana Inc.
micenterwellkansascity.com,Humana Inc.
micenterwellkentuckiana.com,Humana Inc.
micenterwellksmo.com,Humana Inc.
micenterwelllexington.com,Humana Inc.
micenterwelllouisiana.com,Humana Inc.
micenterwelllouisville.com,Humana Inc.
micenterwellmedicare.com,Humana Inc.
micenterwellmississippi.com,Humana Inc.
micenterwellmyrtlebeach.com,Humana Inc.
micenterwellnashville.com,Humana Inc.
micenterwellnc.com,Humana Inc.
micenterwellorlando.com,Humana Inc.
micenterwellphoenix.com,Humana Inc.
micenterwellraleighdurham.com,Humana Inc.
micenterwellrichmond.com,Humana Inc.
micenterwellriogrande.com,Humana Inc.
micenterwellsc.com,Humana Inc.
micenterwellsouthernindiana.com,Humana Inc.
micenterwellupstate.com,Humana Inc.
micenterwellvegas.com,Humana Inc.
micenterwellvirginia.com,Humana Inc.
miconvivabroward.com,Humana Inc.
miconvivacorpuschristi.com,Humana Inc.
miconvivadaytona.com,Humana Inc.
miconvivaelpaso.com,Humana Inc.
miconvivajacksonville.com,Humana Inc.
miconvivamedicare.com,Humana Inc.
miconvivamiamidade.com,Humana Inc.
miconvivapalmbeach.com,Humana Inc.
miconvivasanantonio.com,Humana Inc.
miconvivatampa.com,Humana Inc.
miconvivatreasurecoast.com,Humana Inc.
minutestomedicare.com,Humana Inc.
miportalcenterwell.com,Humana Inc.
miportalconviva.com,Humana Inc.
mississippicenterwell.com,Humana Inc.
mmc-md.com,Humana Inc.
mmrhealthcare.com,Humana Inc.
morewaystocare.com,Humana Inc.
morewithhumana.com,Humana Inc.
morewithhumana.net,Humana Inc.
mortgageprotectionofamerica.org,Humana Inc.
move2cwp.com,Humana Inc.
moverxnow.com,Humana Inc.
movetocenterwell.com,Humana Inc.
movetocwp.com,Humana Inc.
mrktptagenteducation-training.com,Humana Inc.
my-healthlogix.com,Humana Inc.
my-humana.com,Humana Inc.
myadvantagecare.com,Humana Inc.
myauther.com,Humana Inc.
myauthur.com,Humana Inc.
myautorefill.com,Humana Inc.
myautorefills.com,Humana Inc.
mybenefit.cc,Humana Inc.
mybodymyplanet.org,Humana Inc.
mycareadvisor.biz,Humana Inc.
mycareadvisor.com,Humana Inc.
mycareadvisor.net,Humana Inc.
mycareadvisor.org,Humana Inc.
mycareplus.healthcare,Humana Inc.
mycareplusmemberportal.com,Humana Inc.
mycareplusmemberportal.org,Humana Inc.
mycbfed.com,Humana Inc.
mycenterwell.com,Humana Inc.
mycenterwellarizona.com,Humana Inc.
mycenterwellasheville.com,Humana Inc.
mycenterwellatlanta.com,Humana Inc.
mycenterwellcharleston.com,Humana Inc.
mycenterwellcharlotte.com,Humana Inc.
mycenterwellcolumbia.com,Humana Inc.
mycenterwelldallas.com,Humana Inc.
mycenterwelldfw.com,Humana Inc.
mycenterwellgastonia.com,Humana Inc.
mycenterwellgeorgia.com,Humana Inc.
mycenterwellgoldentriangle.com,Humana Inc.
mycenterwellhouston.com,Humana Inc.
mycenterwellindiana.com,Humana Inc.
mycenterwellinthevillages.com,Humana Inc.
mycenterwellkansascity.com,Humana Inc.
mycenterwellkentuckiana.com,Humana Inc.
mycenterwellksmo.com,Humana Inc.
mycenterwelllexington.com,Humana Inc.
mycenterwelllouisiana.com,Humana Inc.
mycenterwelllouisville.com,Humana Inc.
mycenterwellmedicare.com,Humana Inc.
mycenterwellmississippi.com,Humana Inc.
mycenterwellmyrtlebeach.com,Humana Inc.
mycenterwellnashville.com,Humana Inc.
mycenterwellnc.com,Humana Inc.
mycenterwellorlando.com,Humana Inc.
mycenterwellphoenix.com,Humana Inc.
mycenterwellraleighdurham.com,Humana Inc.
mycenterwellrichmond.com,Humana Inc.
mycenterwellriogrande.com,Humana Inc.
mycenterwellsc.com,Humana Inc.
mycenterwellsouthernindiana.com,Humana Inc.
mycenterwellsp.com,Humana Inc.
mycenterwellspecialtymeds.com,Humana Inc.
mycenterwellspecialtyrx.com,Humana Inc.
mycenterwellspmedsnow.com,Humana Inc.
mycenterwelltennessee.com,Humana Inc.
mycenterwellupstate.com,Humana Inc.
mycenterwellvegas.com,Humana Inc.
mycenterwellvirginia.com,Humana Inc.
mychaagentcenter.com,Humana Inc.
myclinicalresources.com,Humana Inc.
mycompbenefits.com,Humana Inc.
myconvivabroward.com,Humana Inc.
myconvivacorpuschristi.com,Humana Inc.
myconvivadaytona.com,Humana Inc.
myconvivaelpaso.com,Humana Inc.
myconvivajacksonville.com,Humana Inc.
myconvivamedicare.com,Humana Inc.
myconvivamiamidade.com,Humana Inc.
myconvivapalmbeach.com,Humana Inc.
myconvivasanantonio.com,Humana Inc.
myconvivatampa.com,Humana Inc.
myconvivatreasurecoast.com,Humana Inc.
mycwdelivery.com,Humana Inc.
mycwhomedelivery.com,Humana Inc.
mycwmedsnow.com,Humana Inc.
mycwpaccount-es.com,Humana Inc.
mycwpaccount.com,Humana Inc.
mycwpapp.com,Humana Inc.
mycwpmeds.com,Humana Inc.
mycwscripts.com,Humana Inc.
mycwspdrugs.com,Humana Inc.
mycwspecialtymailorder.com,Humana Inc.
mycwspmeddelivery.com,Humana Inc.
mycwspmeds.com,Humana Inc.
mycwspmedstransfer.com,Humana Inc.
mycwspnewrx.com,Humana Inc.
mydentaliq.com,Humana Inc.
mydiabetespath.com,Humana Inc.
myfamscape.com,Humana Inc.
myfpgdoctor.com,Humana Inc.
myfreehumanaonequote.com,Humana Inc.
myfreewheelin.com,Humana Inc.
myfreewheelin.org,Humana Inc.
myh1quote.com,Humana Inc.
myhealthcarereform.com,Humana Inc.
myhealthcarereform.net,Humana Inc.
myhealthcarereform.org,Humana Inc.
myhealthcoach.com,Humana Inc.
myhealthcoach.net,Humana Inc.
myhealthcoach.org,Humana Inc.
myhealthcoach2.com,Humana Inc.
myhealthreform.com,Humana Inc.
myhealthreform.net,Humana Inc.
myhealthreform.org,Humana Inc.
myhealthsolution.com,Humana Inc.
myhumaccount.com,Humana Inc.
myhumail.com,Humana Inc.
myhumana.com,Humana Inc.
myhumana.net,Humana Inc.
myhumana1dental.com,Humana Inc.
myhumanachoice.com,Humana Inc.
myhumanahealth.com,Humana Inc.
myhumanahealthinsurance.com,Humana Inc.
myhumanamedicare.com,Humana Inc.
myhumanaonedental.com,Humana Inc.
myhumanaoneplan.com,Humana Inc.
myhumanaonevision.com,Humana Inc.
myhumanapharmacy.com,Humana Inc.
myhumanaplan.com,Humana Inc.
myhumanarewards.com,Humana Inc.
myhumanarewards.mobi,Humana Inc.
myhumanavcp.com,Humana Inc.
myhumanavcp.net,Humana Inc.
myhumanavcp.org,Humana Inc.
myhumanavitality.com,Humana Inc.
myhumanavitality.net,Humana Inc.
myhumanavitality.org,Humana Inc.
mylifeecoach.com,Humana Inc.
mymailhumana.com,Humana Inc.
mymedicareanswers.com,Humana Inc.
mymedicarecommunity.com,Humana Inc.
mymedsfromcwsp.com,Humana Inc.
myparentcare.com,Humana Inc.
myparentcoaching.com,Humana Inc.
mypersonalhealthcoaching.com,Humana Inc.
mypersonalhealthcoaching.net,Humana Inc.
mypersonalhealthcoaching.org,Humana Inc.
mypharmacypreferences-es.com,Humana Inc.
mypharmacypreferences.com,Humana Inc.
myrighttest.com,Humana Inc.
myroadahead.com,Humana Inc.
myrxwithcwp.com,Humana Inc.
myseniorbridge.com,Humana Inc.
mystatinhealth.com,Humana Inc.
mystorybyhumana.com,Humana Inc.
mystorymyterms.com,Humana Inc.
mytpharm.com,Humana Inc.
mytpsreport.com,Humana Inc.
mytranscendhealth.com,Humana Inc.
mytranscendhealth.info,Humana Inc.
mytranscendhealth.net,Humana Inc.
mytranscendhealth.org,Humana Inc.
mytricarepharmacy.com,Humana Inc.
myveteranlifecare.com,Humana Inc.
mywell-being.biz,Humana Inc.
mywell-being.com,Humana Inc.
mywell-being.mobi,Humana Inc.
mywell-being.org,Humana Inc.
mywell-being.tv,Humana Inc.
mywellnesshealthcoach.com,Humana Inc.
myworklife.net,Humana Inc.
nationaldentalplan.com,Humana Inc.
nationaldentalplan.net,Humana Inc.
nationaldentalplan.org,Humana Inc.
nationaldentalplans.com,Humana Inc.
nationaldentalplans.net,Humana Inc.
nationaldentalplans.org,Humana Inc.
natureengagementlevel.com,Humana Inc.
nccenterwell.com,Humana Inc.
nevadafamilycare.com,Humana Inc.
nevadafamilycare.net,Humana Inc.
nevadafamilycare.org,Humana Inc.
newbornresources.com,Humana Inc.
newcwprefill.com,Humana Inc.
newhealth.biz,Humana Inc.
newhealth.info,Humana Inc.
newhomenewplans.com,Humana Inc.
newlightprimarycare.com,Humana Inc.
neworleansbenefits.org,Humana Inc.
newrx-cwp.com,Humana Inc.
newrxcwp.com,Humana Inc.
ninecommonquestions.com,Humana Inc.
nliven.com,Humana Inc.
nliven.net,Humana Inc.
nlivensystems.com,Humana Inc.
nlivensystems.net,Humana Inc.
nlivensystems.org,Humana Inc.
nof1healthcoach.com,primary
nswell.com,Humana Inc.
nuevocenterwellrx.com,Humana Inc.
nuevocwprx.com,Humana Inc.
nursingresourcesfl.com,Humana Inc.
nviphealth.com,Humana Inc.
ochsner-hmo.com,Humana Inc.
ohhealthcheck.com,Humana Inc.
ohpnow.com,Humana Inc.
oneathome.net,Humana Inc.
onecare-system.com,Humana Inc.
oneepedia.com,Humana Inc.
onegroupholdings.com,Humana Inc.
onehealthcareservices.com,Humana Inc.
onehome.health,Humana Inc.
onehomecare.com,Humana Inc.
onehomecareinvestmentgroup.com,Humana Inc.
onehomecaresolutions.com,Humana Inc.
onehomecaresolutions.net,Humana Inc.
onehomecaresystems.com,Humana Inc.
onehomehealth.health,Humana Inc.
onehomehealthholdings.com,Humana Inc.
onehomemedicalequipment.com,Humana Inc.
onehumana.com,Humana Inc.
oneinfusionpharmacy.com,Humana Inc.
onelifestyle.com,Humana Inc.
onenursingcarecom.com,Humana Inc.
onlineauth.com,Humana Inc.
onlineauth.net,Humana Inc.
onlineauth.org,Humana Inc.
onlinesecuremail.com,Humana Inc.
onthewayhomecare.com,Humana Inc.
onthewayhomecare.net,Humana Inc.
openwithcwp.com,Humana Inc.
operationplanetsavers.com,Humana Inc.
opt2care.com,Humana Inc.
optumhospicepharmacy.com,Humana Inc.
optumhospicepharmacy.net,Humana Inc.
optumhospicepharmacy.org,Humana Inc.
optumhospicepharmacyservices.com,Humana Inc.
optumhospicepharmacyservices.net,Humana Inc.
optumhospicepharmacyservices.org,Humana Inc.
orlandocenterwell.com,Humana Inc.
oscarjcerdamd.com,Humana Inc.
osfcarepreferred.com,Humana Inc.
osfhealthplans.com,Humana Inc.
otc20cwp.com,Humana Inc.
otccenterwell.com,Humana Inc.
otcstorecwp.com,Humana Inc.
ourcommunitiesbenefits.org,Humana Inc.
ourcommunitybenefits.org,Humana Inc.
outcomeresources.com,Humana Inc.
outofthebin.com,Humana Inc.
ownyour-story.com,Humana Inc.
palmasclinic.com,Humana Inc.
palmbeachconviva.com,Humana Inc.
palmbeachhealthcareinfo.com,Humana Inc.
parentingcoachmaster.com,Humana Inc.
partnersincare-nc.com,Humana Inc.
partnersincareofthecarolinas.com,Humana Inc.
partnersinintegratedcare.com,Humana Inc.
partnersinprimarycare.com,Humana Inc.
patientfocusedcareers.com,Humana Inc.
patientsafetypartner.com,Humana Inc.
pcahealthplans.com,Humana Inc.
pcamedicalcenter.com,Humana Inc.
pcdcure.com,Humana Inc.
pcpanywhere.com,Humana Inc.
personalhealthcoaching.com,Humana Inc.
personalhealthcoaching.net,Humana Inc.
personalhealthcoaching.org,Humana Inc.
personalhealthdirect.com,Humana Inc.
personallygreat.com,Humana Inc.
personalnurse.cc,Humana Inc.
pharmacytricare.com,Humana Inc.
phoenixcenterwell.com,Humana Inc.
php-florida.com,Humana Inc.
php-florida.net,Humana Inc.
phptenncare.com,Humana Inc.
phxcenterwell.com,Humana Inc.
pickhumanaonedental.com,Humana Inc.
picofthecarolinas.com,Humana Inc.
pictureofwell-being.com,Humana Inc.
pictureofwellbeing.com,Humana Inc.
pipcdocs.com,Humana Inc.
planprofessor.com,Humana Inc.
playnatomy.com,Humana Inc.
pointsofcaregiving.com,Humana Inc.
polkseniorhealth.org,Humana Inc.
polkseniorhealthcare.com,Humana Inc.
polkseniorhealthcare.org,Humana Inc.
polkseniorresource.com,Humana Inc.
polkseniorresource.org,Humana Inc.
polkseniorresources.com,Humana Inc.
polkseniorresources.org,Humana Inc.
populationhealthsystems.com,Humana Inc.
populationinsights.com,Humana Inc.
populationinsightscompass.com,Humana Inc.
predicarerx.care,Humana Inc.
predicarerx.com,Humana Inc.
predicarerx.info,Humana Inc.
predicarerx.net,Humana Inc.
predicarerx.org,Humana Inc.
prescribecwp.com,Humana Inc.
prescribeitrx.com,Humana Inc.
prescribitrx.com,Humana Inc.
prhumana.com,Humana Inc.
primarycarecure.com,Humana Inc.
primarycaredysfunction.com,Humana Inc.
primarycareorganization.com,Humana Inc.
primaryplusbenefits.com,Humana Inc.
primeacowest.com,Humana Inc.
primewesthealth.com,Humana Inc.
providersvc.com,Humana Inc.
quickrxcwp.com,Humana Inc.
rajanimed.com,Humana Inc.
rajanimedicalgroup.com,Humana Inc.
raleighcenterwell.com,Humana Inc.
raleighdurhamcenterwell.com,Humana Inc.
rbacare.com,Humana Inc.
rbacaremanagement.com,Humana Inc.
reachouthomecare.com,Humana Inc.
readyforhumana.com,Humana Inc.
realforme.com,Humana Inc.
realforme.net,Humana Inc.
realforme.org,Humana Inc.
recorracenterwell.com,Humana Inc.
recorracenterwellarizona.com,Humana Inc.
recorracenterwellatlanta.com,Humana Inc.
recorracenterwellcharleston.com,Humana Inc.
recorracenterwellcharlotte.com,Humana Inc.
recorracenterwellcolumbia.com,Humana Inc.
recorracenterwelldallas.com,Humana Inc.
recorracenterwelldfw.com,Humana Inc.
recorracenterwellgastonia.com,Humana Inc.
recorracenterwellgeorgia.com,Humana Inc.
recorracenterwellgoldentriangle.com,Humana Inc.
recorracenterwellhouston.com,Humana Inc.
recorracenterwellindiana.com,Humana Inc.
recorracenterwellkansascity.com,Humana Inc.
recorracenterwellkentuckiana.com,Humana Inc.
recorracenterwellksmo.com,Humana Inc.
recorracenterwelllexington.com,Humana Inc.
recorracenterwelllouisiana.com,Humana Inc.
recorracenterwelllouisville.com,Humana Inc.
recorracenterwellmississippi.com,Humana Inc.
recorracenterwellmyrtlebeach.com,Humana Inc.
recorracenterwellnashville.com,Humana Inc.
recorracenterwellnc.com,Humana Inc.
recorracenterwellorlando.com,Humana Inc.
recorracenterwellphoenix.com,Humana Inc.
recorracenterwellraleighdurham.com,Humana Inc.
recorracenterwellrichmond.com,Humana Inc.
recorracenterwellriogrande.com,Humana Inc.
recorracenterwellsc.com,Humana Inc.
recorracenterwellsouthernindiana.com,Humana Inc.
recorracenterwelltennessee.com,Humana Inc.
recorracenterwellupstate.com,Humana Inc.
recorracenterwellvegas.com,Humana Inc.
recorracenterwellvirginia.com,Humana Inc.
recorraconviva.com,Humana Inc.
recorraconvivabroward.com,Humana Inc.
recorraconvivacorpuschristi.com,Humana Inc.
recorraconvivadaytona.com,Humana Inc.
recorraconvivaelpaso.com,Humana Inc.
recorraconvivajacksonville.com,Humana Inc.
recorraconvivamiamidade.com,Humana Inc.
recorraconvivapalmbeach.com,Humana Inc.
recorraconvivasanantonio.com,Humana Inc.
recorraconvivatampa.com,Humana Inc.
recorraconvivatreasurecoast.com,Humana Inc.
redhumana.net,primary
reesfinancialinc.com,Humana Inc.
referral4medicare.com,Humana Inc.
refillcw.com,Humana Inc.
refillcwp.com,Humana Inc.
refillwithcw.com,Humana Inc.
refillwithcwp.com,Humana Inc.
registercwp.com,Humana Inc.
reliance10.com,Humana Inc.
reliance4me.com,Humana Inc.
reliance4veterans.com,Humana Inc.
reliance65.com,Humana Inc.
reliancedevoted.com,Humana Inc.
reliancedoctor.com,Humana Inc.
relianceexperts.com,Humana Inc.
relianceforme.com,Humana Inc.
reliancehealthcarenetwork.com,Humana Inc.
reliancehealthcarenetwork.info,Humana Inc.
reliancehealthcarenetwork.org,Humana Inc.
reliancehealthline.com,Humana Inc.
reliancehealthnetwork.info,Humana Inc.
reliancehealthnetwork.net,Humana Inc.
relianceinsiders.com,Humana Inc.
reliancelovesagents.com,Humana Inc.
reliancelovesbrokers.com,Humana Inc.
reliancemedcenter.com,Humana Inc.
reliancemedicareadvisors.com,Humana Inc.
reliancemedicareadvocates.com,Humana Inc.
reliancemedicarebrokers.com,Humana Inc.
reliancemedicareexperts.com,Humana Inc.
reliancemedicarehelpline.com,Humana Inc.
reliancemedicareinsiders.com,Humana Inc.
reliancemedicarepartners.com,Humana Inc.
reliancemedicarepros.com,Humana Inc.
reliancemedicarespecialists.com,Humana Inc.
relianceoneinsiders.com,Humana Inc.
reliancepcp.com,Humana Inc.
reliancepharm.com,Humana Inc.
reliancetampa.com,Humana Inc.
reliancevip.com,Humana Inc.
reliancewellclub.com,Humana Inc.
reliancewellnessclub.com,Humana Inc.
reliancewellnessclub.net,Humana Inc.
richmondcenterwell.com,Humana Inc.
rightsourcebook.com,Humana Inc.
rightsourceguide.com,Humana Inc.
rightsourcemail.com,Humana Inc.
rightsourcerx.com,Humana Inc.
rightsourcerxspecialty.com,Humana Inc.
rightsourcespecialty.com,Humana Inc.
rightsourcetvoffer.com,Humana Inc.
riograndecenterwell.com,Humana Inc.
rmc4me.com,Humana Inc.
rmcforme.com,Humana Inc.
rmcshot.com,Humana Inc.
rsobusinesssupport.org,primary
rsvpdinner.org,Humana Inc.
rsvpme.org,Humana Inc.
rxautorefill.com,Humana Inc.
rxcenterwell.com,Humana Inc.
rxfromhp.com,Humana Inc.
rxtocenterwell.com,Humana Inc.
rxtocwp.com,Humana Inc.
rxtricare.com,Humana Inc.
safe-med.com,Humana Inc.
salesenablementlibrary.com,Humana Inc.
sanantonioconviva.com,Humana Inc.
savewithcenterwell.com,Humana Inc.
savewithcenterwellsp.com,Humana Inc.
savewithcw.com,Humana Inc.
savewithcwmeds.com,Humana Inc.
savewithcwp.com,Humana Inc.
savewithcwsp.com,Humana Inc.
savewithcwspdrugs.com,Humana Inc.
savewithcwsprx.com,Humana Inc.
savewithdental.com,Humana Inc.
savewithhp.com,Humana Inc.
savewithhsp.com,Humana Inc.
savewithhumana.com,Humana Inc.
savewithhumana.net,Humana Inc.
savewithhumana1.com,Humana Inc.
savewithhumanaone.com,Humana Inc.
savewithhumanaveteranspackage.com,Humana Inc.
savewithumana.com,Humana Inc.
savewithumana.net,Humana Inc.
sccenterwell.com,Humana Inc.
scriptstocwp.com,Humana Inc.
searchhumana1.com,Humana Inc.
searchhumanaone.com,Humana Inc.
securetriad.com,Humana Inc.
seedentalplans.com,Humana Inc.
selecthumana.com,Humana Inc.
selecthumana1.com,Humana Inc.
selecthumanaone.com,Humana Inc.
self-fundedsolutions.biz,Humana Inc.
self-fundedsolutions.info,Humana Inc.
sellhumanamedsupp.com,Humana Inc.
sellhumanaone.com,Humana Inc.
sellhumanaplans.com,Humana Inc.
seniorbridge.biz,Humana Inc.
seniorbridge.com,Humana Inc.
seniorbridge.info,Humana Inc.
seniorbridge.net,Humana Inc.
seniorbridge.org,Humana Inc.
seniorbridge.us,Humana Inc.
seniorbridgefamily.biz,Humana Inc.
seniorbridgefamily.com,Humana Inc.
seniorbridgefamily.net,Humana Inc.
seniorbridgefamily.org,Humana Inc.
seniorbridgefamily.us,Humana Inc.
seniorbridgeinternal.com,Humana Inc.
seniorbridgeinternal.net,Humana Inc.
seniorbridgeinternal.org,Humana Inc.
seniorbridgeservices.com,Humana Inc.
seniorcareforyou.com,Humana Inc.
seniorfocusedarizona.com,Humana Inc.
seniorfocusedatlanta.com,Humana Inc.
seniorfocusedbroward.com,Humana Inc.
seniorfocusedcharleston.com,Humana Inc.
seniorfocusedcharlotte.com,Humana Inc.
seniorfocusedcorpuschristi.com,Humana Inc.
seniorfocuseddallasfortworth.com,Humana Inc.
seniorfocuseddaytona.com,Humana Inc.
seniorfocuseddenhamsprings.com,Humana Inc.
seniorfocuseddfw.com,Humana Inc.
seniorfocusedelpaso.com,Humana Inc.
seniorfocusedflorida.com,Humana Inc.
seniorfocusedgastonia.com,Humana Inc.
seniorfocusedgeorgia.com,Humana Inc.
seniorfocusedhouston.com,Humana Inc.
seniorfocusedindiana.com,Humana Inc.
seniorfocusedindy.com,Humana Inc.
seniorfocusedjacksonville.com,Humana Inc.
seniorfocusedkansas.com,Humana Inc.
seniorfocusedkansascity.com,Humana Inc.
seniorfocusedkentucky.com,Humana Inc.
seniorfocusedlafayette.com,Humana Inc.
seniorfocusedlasvegas.com,Humana Inc.
seniorfocusedlexington.com,Humana Inc.
seniorfocusedlouisiana.com,Humana Inc.
seniorfocusedlouisville.com,Humana Inc.
seniorfocusedmiamidade.com,Humana Inc.
seniorfocusedmississippi.com,Humana Inc.
seniorfocusedmissouri.com,Humana Inc.
seniorfocusedmyrtlebeach.com,Humana Inc.
seniorfocusednashville.com,Humana Inc.
seniorfocusednc.com,Humana Inc.
seniorfocusednevada.com,Humana Inc.
seniorfocusednorthcarolina.com,Humana Inc.
seniorfocusednorthshore.com,Humana Inc.
seniorfocusedorlando.com,Humana Inc.
seniorfocusedpalmbeach.com,Humana Inc.
seniorfocusedphoenix.com,Humana Inc.
seniorfocusedrgv.com,Humana Inc.
seniorfocusedsanantonio.com,Humana Inc.
seniorfocusedsc.com,Humana Inc.
seniorfocusedtampa.com,Humana Inc.
seniorfocusedtennessee.com,Humana Inc.
seniorfocusedtexas.com,Humana Inc.
seniorfocusedtidewater.com,Humana Inc.
seniorfocusedtreasurecoast.com,Humana Inc.
seniorfocusedupstate.com,Humana Inc.
seniorfocusedvegas.com,Humana Inc.
seniorfocusedvirginia.com,Humana Inc.
seniorfoucusedhammond.com,Humana Inc.
seniorpcanywhere.com,Humana Inc.
seniorprimarycareanywhere.com,Humana Inc.
seniorwellnesscoach.com,Humana Inc.
setupwithcenterwell.com,Humana Inc.
setupwithcwp.com,Humana Inc.
sfcdom.com,Humana Inc.
shapemyhealthstory.com,Humana Inc.
sharemyhealthstory.com,Humana Inc.
sheerinspirationcoaching.com,Humana Inc.
shopcenterwellathome.com,Humana Inc.
shopcenterwellhomehealth.biz,Humana Inc.
shopcenterwellhomehealth.com,Humana Inc.
shopcenterwellhomehealth.net,Humana Inc.
shopcenterwellhomehealth.org,Humana Inc.
shophumana.com,Humana Inc.
shophumana.net,Humana Inc.
shophumana.org,Humana Inc.
shophumanacoverage.com,Humana Inc.
shophumanadental.com,Humana Inc.
shophumanamapd.com,Humana Inc.
shophumanamapdcoverage.com,Humana Inc.
shophumanamapdoptions.com,Humana Inc.
shophumanamapdplan.com,Humana Inc.
shophumanamapdplans.com,Humana Inc.
shophumanamedicare.com,Humana Inc.
shophumanamedicareadvantage.com,Humana Inc.
shophumanamedicareadvantagecoverage.com,Humana Inc.
shophumanamedicareadvantageoptions.com,Humana Inc.
shophumanamedicareadvantageplan.com,Humana Inc.
shophumanamedicareadvantageplans.com,Humana Inc.
shophumanamedicarecoverage.com,Humana Inc.
shophumanamedicareoptions.com,Humana Inc.
shophumanamedicareplan.com,Humana Inc.
shophumanamedicareplans.com,Humana Inc.
shophumanaoptions.com,Humana Inc.
shophumanapartc.com,Humana Inc.
shophumanapartccoverage.com,Humana Inc.
shophumanapartcoptions.com,Humana Inc.
shophumanapartcplan.com,Humana Inc.
shophumanapartcplans.com,Humana Inc.
shophumanapartd.com,Humana Inc.
shophumanapartdcoverage.com,Humana Inc.
shophumanapartdoptions.com,Humana Inc.
shophumanapartdplan.com,Humana Inc.
shophumanapartdplans.com,Humana Inc.
shophumanaplans.com,Humana Inc.
shophumanaprescriptiondrug.com,Humana Inc.
shophumanaprescriptiondrugcoverage.com,Humana Inc.
shophumanaprescriptiondrugoptions.com,Humana Inc.
shophumanaprescriptiondrugplan.com,Humana Inc.
shophumanaprescriptiondrugplans.com,Humana Inc.
shophumanatoday.com,Humana Inc.
shophumanavillages.com,Humana Inc.
shophumanavision.com,Humana Inc.
shopreliance.com,Humana Inc.
shopreliancemedicare.com,Humana Inc.
signincenterwellpharmacy.com,Humana Inc.
signincwpharmacy.com,Humana Inc.
signupfordental.com,Humana Inc.
signupforhumanadental.com,Humana Inc.
signupwithcenterwell.com,Humana Inc.
signupwithcwp.com,Humana Inc.
simplerxtransfer.com,Humana Inc.
simplifycomplex.care,Humana Inc.
simplifycomplexcare.com,Humana Inc.
simplifyingcomplex.care,Humana Inc.
simplifyingcomplexcare.com,Humana Inc.
simplifypopulationhealth.com,Humana Inc.
simplifypopulationhealth.info,Humana Inc.
simplifypopulationhealth.net,Humana Inc.
simplifypopulationhealth.org,Humana Inc.
sjhshealthcoaching.com,Humana Inc.
smallgrouphealth.net,Humana Inc.
smarthha.com,Humana Inc.
so-easi.com,Humana Inc.
soflmed.com,Humana Inc.
sofloridamedicalassoc.com,Humana Inc.
solicare.com,Humana Inc.
somoscenterwell.com,Humana Inc.
somoscenterwellatlanta.com,Humana Inc.
somoscenterwelldallas.com,Humana Inc.
somoscenterwellindiana.com,Humana Inc.
somoscenterwellkansascity.com,Humana Inc.
somoscenterwelllasvegas.com,Humana Inc.
somoscenterwelllexington.com,Humana Inc.
somoscenterwelllouisiana.com,Humana Inc.
somoscenterwelllouisville.com,Humana Inc.
somoscenterwellmississippi.com,Humana Inc.
somoscenterwellphoenix.com,Humana Inc.
somoscenterwellraleighdurham.com,Humana Inc.
somoscenterwellrichmond.com,Humana Inc.
somoscenterwellsouthernindiana.com,Humana Inc.
somoscenterwelltennessee.com,Humana Inc.
somosconviva.com,Humana Inc.
somosconvivacorpuschristi.com,Humana Inc.
soontobe65.com,Humana Inc.
southcoastfammed.com,Humana Inc.
southcoastfammed.net,Humana Inc.
southernindianacenterwell.com,Humana Inc.
southlakecityhealthcareinfo.com,Humana Inc.
specialtyforyou.com,Humana Inc.
specialtymedsfromcw.com,Humana Inc.
sradvocates.com,Humana Inc.
sradvocates.net,Humana Inc.
sradvocates.org,Humana Inc.
srcaremanagement.com,Humana Inc.
srsolutionsinc.com,Humana Inc.
staging-emphesysquote.com,Humana Inc.
stalaracare.com,Humana Inc.
stalarahealth.com,Humana Inc.
stalarahealthcare.com,Humana Inc.
startcenterwell.com,Humana Inc.
starthsp.com,Humana Inc.
startnowwithcwp.com,Humana Inc.
startwithcenterwell.com,Humana Inc.
startwithcw.com,Humana Inc.
startwithcwp.com,Humana Inc.
startwithcwprx.com,Humana Inc.
startwithhealthy.com,Humana Inc.
startwithhealthy.info,Humana Inc.
startwithhealthy.net,Humana Inc.
startwithhealthy.org,Humana Inc.
staysmartstayhealthy.com,Humana Inc.
stelizabethhealthcoaching.com,Humana Inc.
stickwithhumana.com,Humana Inc.
storiedbyhumana.com,Humana Inc.
storiedfromhumana.com,Humana Inc.
stroll4urgoal.com,Humana Inc.
stroll4urgoal.net,Humana Inc.
stroll4urgoal.org,Humana Inc.
stroll4yourgoal.com,Humana Inc.
strollforurgoal.com,Humana Inc.
strollforyourgoal.com,Humana Inc.
sucenterwell.com,Humana Inc.
suconviva.com,Humana Inc.
supportwithtrust.com,Humana Inc.
supportwithtrust.net,Humana Inc.
switchmedsnow.com,Humana Inc.
switchrxtocwp.com,Humana Inc.
switchtocareplus.com,Humana Inc.
switchtocenterwell.com,Humana Inc.
switchtocwp.com,Humana Inc.
switchtocwsp.com,Humana Inc.
switchtohumana.com,Humana Inc.
switchtohumana.net,Humana Inc.
switchtosafermedicine.com,Humana Inc.
symphony-physician-services.com,Humana Inc.
symphonyhealthpartners.com,Humana Inc.
symphonyhp.com,Humana Inc.
symphonyphysicianservices.com,Humana Inc.
synchwell.biz,Humana Inc.
synchwell.com,Humana Inc.
synchwell.info,Humana Inc.
synchwell.net,Humana Inc.
synchwell.org,Humana Inc.
t8i7.net,Humana Inc.
tamayoimpc.com,Humana Inc.
tampabaybenefits.com,Humana Inc.
tampabaybenefits.net,Humana Inc.
tampabaybenefits.org,Humana Inc.
tampaconviva.com,Humana Inc.
teachersupportline.info,Humana Inc.
teamifg.com,Humana Inc.
teamifghealth.com,Humana Inc.
teamreliancerma.com,Humana Inc.
tellmyhealthstory.com,Humana Inc.
tennesseecenterwell.com,Humana Inc.
texasdentalplan.com,Humana Inc.
texasdentalplan.org,Humana Inc.
texasdentalplans.com,Humana Inc.
texasdentalplans.net,Humana Inc.
texashumanainsurance.com,Humana Inc.
thanksfromhumana.com,Humana Inc.
thedentalconcern.biz,Humana Inc.
thedentalconcern.info,Humana Inc.
thefamscape.com,Humana Inc.
thefinancegame.info,Humana Inc.
thefinancegame.org,Humana Inc.
thehousedoctor.com,Humana Inc.
thehumanapharmacy.com,Humana Inc.
thhc.xyz,Humana Inc.
think-pop-health.com,Humana Inc.
think-population-health.com,Humana Inc.
thinkpophealth.com,Humana Inc.
thinkpopulationhealth.com,Humana Inc.
threesmartquestions.com,Humana Inc.
tiempoparacenterwell.com,Humana Inc.
tiempoparaconviva.com,Humana Inc.
tikube1.net,Humana Inc.
tikube2.net,Humana Inc.
tikube3.net,Humana Inc.
tikube4.net,Humana Inc.
tikube5.net,Humana Inc.
timeforcenterwell.com,Humana Inc.
timeforconviva.com,Humana Inc.
togetherforbetteroutcomes.com,Humana Inc.
togetherforbetteroutcomes.info,Humana Inc.
togetherforbetteroutcomes.net,Humana Inc.
togetherforbetteroutcomes.org,Humana Inc.
tourcenterwell.com,Humana Inc.
tourcenterwellarizona.com,Humana Inc.
tourcenterwellasheville.com,Humana Inc.
tourcenterwellatlanta.com,Humana Inc.
tourcenterwellcharleston.com,Humana Inc.
tourcenterwellcharlotte.com,Humana Inc.
tourcenterwellcolumbia.com,Humana Inc.
tourcenterwelldallas.com,Humana Inc.
tourcenterwelldfw.com,Humana Inc.
tourcenterwellgastonia.com,Humana Inc.
tourcenterwellgeorgia.com,Humana Inc.
tourcenterwellgoldentriangle.com,Humana Inc.
tourcenterwellhouston.com,Humana Inc.
tourcenterwellindiana.com,Humana Inc.
tourcenterwellinthevillages.com,Humana Inc.
tourcenterwellkansascity.com,Humana Inc.
tourcenterwellkentuckiana.com,Humana Inc.
tourcenterwellksmo.com,Humana Inc.
tourcenterwelllexington.com,Humana Inc.
tourcenterwelllouisiana.com,Humana Inc.
tourcenterwelllouisville.com,Humana Inc.
tourcenterwellmississippi.com,Humana Inc.
tourcenterwellmyrtlebeach.com,Humana Inc.
tourcenterwellnashville.com,Humana Inc.
tourcenterwellnc.com,Humana Inc.
tourcenterwellorlando.com,Humana Inc.
tourcenterwellphoenix.com,Humana Inc.
tourcenterwellraleighdurham.com,Humana Inc.
tourcenterwellrichmond.com,Humana Inc.
tourcenterwellriogrande.com,Humana Inc.
tourcenterwellsc.com,Humana Inc.
tourcenterwellsouthernindiana.com,Humana Inc.
tourcenterwelltennessee.com,Humana Inc.
tourcenterwellupstate.com,Humana Inc.
tourcenterwellvegas.com,Humana Inc.
tourcenterwellvirginia.com,Humana Inc.
tourconviva.com,Humana Inc.
tourconvivabroward.com,Humana Inc.
tourconvivacare.com,Humana Inc.
tourconvivacorpuschristi.com,Humana Inc.
tourconvivadaytona.com,Humana Inc.
tourconvivaelpaso.com,Humana Inc.
tourconvivajacksonville.com,Humana Inc.
tourconvivamiamidade.com,Humana Inc.
tourconvivapalmbeach.com,Humana Inc.
tourconvivasanantonio.com,Humana Inc.
tourconvivatampa.com,Humana Inc.
tourconvivatreasurecoast.com,Humana Inc.
tourreliance.com,Humana Inc.
train-emphesysquote.com,Humana Inc.
trans-health.net,Humana Inc.
transcend-health.com,Humana Inc.
transcend-population-health.com,Humana Inc.
transcendcare.biz,Humana Inc.
transcendcare.net,Humana Inc.
transcendcare.org,Humana Inc.
transcendhealthcare.com,Humana Inc.
transcendhealthcare.net,Humana Inc.
transcendhealthinsights.com,Humana Inc.
transcendhealthinsights.info,Humana Inc.
transcendhealthinsights.net,Humana Inc.
transcendhealthinsights.org,Humana Inc.
transcendhi.com,Humana Inc.
transcendinsights.com,Humana Inc.
transcendinsights.info,Humana Inc.
transcendinsights.net,Humana Inc.
transcendinsights.org,Humana Inc.
transcendphm.com,Humana Inc.
transcendphm.net,Humana Inc.
transcendpopulationhealth.com,Humana Inc.
transendhealth.com,Humana Inc.
transendhealth.info,Humana Inc.
transendhealth.net,Humana Inc.
transendhealth.org,Humana Inc.
transendinsight.com,Humana Inc.
transendinsights.com,Humana Inc.
transfermedsfast.com,Humana Inc.
transfermedsnow.com,Humana Inc.
transfermedstocwp.com,Humana Inc.
transfermedstoday.com,Humana Inc.
transferrxtocenterwell.com,Humana Inc.
transferrxtoday.com,Humana Inc.
transfertocenterwell.com,Humana Inc.
transfertocw.com,Humana Inc.
transfertocwp.com,Humana Inc.
transfertocwsp.com,Humana Inc.
transitionhomecare.com,Humana Inc.
treasurecoastconviva.com,Humana Inc.
triad2000.com,Humana Inc.
tricare-dentalprogram.com,Humana Inc.
tricare-pharmacy.com,Humana Inc.
tricarenow.com,Humana Inc.
tricareusa.com,Humana Inc.
trilogyhhc.com,Humana Inc.
trilogyhomehealthcare.com,Humana Inc.
trscaremedicareadvantage.com,Humana Inc.
trueshore.com,Humana Inc.
trustauthorbyhumana.com,Humana Inc.
trustauthorbyhumana.health,Humana Inc.
trustauthorbyhumana.healthcare,Humana Inc.
trustauthorbyhumana.net,Humana Inc.
trustauthorbyhumana.org,Humana Inc.
trustauthorbyhumana.us,Humana Inc.
trustcareplus.com,Humana Inc.
trustwayshealthline.com,Humana Inc.
trustwaysmedicarehelpline.com,Humana Inc.
truthabouthumanavitality.com,Humana Inc.
truthabouthumanavitality.net,Humana Inc.
truthabouthumanavitality.org,Humana Inc.
trycenterwell.com,Humana Inc.
tryconviva.com,Humana Inc.
tryhumana1.com,Humana Inc.
tryhumanaone.com,Humana Inc.
tunein2health.com,Humana Inc.
tuprimero.org,Humana Inc.
turn2humana.com,Humana Inc.
turn65.com,Humana Inc.
turntohumana.com,Humana Inc.
tweetpositioningsystem.com,Humana Inc.
tweetsat.com,Humana Inc.
txhealthcheck.com,Humana Inc.
tyofcaregivercoach.com,Humana Inc.
uhuruvillage.com,primary
unaseacenterwell.com,Humana Inc.
unaseaconviva.com,Humana Inc.
updatecwppreferences.com,Humana Inc.
upstatecenterwell.com,Humana Inc.
ushealthchecknow.com,Humana Inc.
vbc-training.com,Humana Inc.
vbctrainingonline.com,Humana Inc.
vengaacenterwell.com,Humana Inc.
vengaacenterwellatlanta.com,Humana Inc.
vengaacenterwelldallas.com,Humana Inc.
vengaacenterwellindiana.com,Humana Inc.
vengaacenterwellkansascity.com,Humana Inc.
vengaacenterwelllasvegas.com,Humana Inc.
vengaacenterwelllexington.com,Humana Inc.
vengaacenterwelllouisiana.com,Humana Inc.
vengaacenterwelllouisville.com,Humana Inc.
vengaacenterwellmississippi.com,Humana Inc.
vengaacenterwellphoenix.com,Humana Inc.
vengaacenterwellraleighdurham.com,Humana Inc.
vengaacenterwellrichmond.com,Humana Inc.
vengaacenterwellsouthernindiana.com,Humana Inc.
vengaacenterwelltennessee.com,Humana Inc.
vengaaconviva.com,Humana Inc.
vengaaconvivacorpuschristi.com,Humana Inc.
versainsure.com,Humana Inc.
veteranlifecare.com,Humana Inc.
veteransheroproject.com,Humana Inc.
veteranslifecare.com,Humana Inc.
veteransprojecthero.com,Humana Inc.
via-hc.care,Humana Inc.
via-hc.com,Humana Inc.
via-hc.healthcare,Humana Inc.
via-healthc.care,Humana Inc.
via-healthcare.care,Humana Inc.
via-hhc.care,Humana Inc.
via-hhc.com,Humana Inc.
via-hhc.healthcare,Humana Inc.
via-homeplus.healthcare,Humana Inc.
viahc.care,Humana Inc.
viahc.com,Humana Inc.
viahc.healthcare,Humana Inc.
viahealthc.care,Humana Inc.
viahealthc.com,Humana Inc.
viahealthc.healthcare,Humana Inc.
viahealthcare.care,Humana Inc.
viahealthcare.healthcare,Humana Inc.
viahealthrx.care,Humana Inc.
viahealthrx.com,Humana Inc.
viahealthrx.healthcare,Humana Inc.
viahhc.care,Humana Inc.
viahhc.com,Humana Inc.
viahhc.healthcare,Humana Inc.
virginiacenterwell.com,Humana Inc.
visioncare.com,Humana Inc.
visionfromhumana.com,Humana Inc.
visionhealthcare.com,Humana Inc.
visitacwp.com,Humana Inc.
visitcenterwell.com,Humana Inc.
visitcenterwellarizona.com,Humana Inc.
visitcenterwellasheville.com,Humana Inc.
visitcenterwellatlanta.com,Humana Inc.
visitcenterwellcharleston.com,Humana Inc.
visitcenterwellcharlotte.com,Humana Inc.
visitcenterwellcolumbia.com,Humana Inc.
visitcenterwelldallas.com,Humana Inc.
visitcenterwelldfw.com,Humana Inc.
visitcenterwellgastonia.com,Humana Inc.
visitcenterwellgeorgia.com,Humana Inc.
visitcenterwellgoldentriangle.com,Humana Inc.
visitcenterwellhouston.com,Humana Inc.
visitcenterwellindiana.com,Humana Inc.
visitcenterwellinthevillages.com,Humana Inc.
visitcenterwellkansascity.com,Humana Inc.
visitcenterwellkentuckiana.com,Humana Inc.
visitcenterwellksmo.com,Humana Inc.
visitcenterwelllexington.com,Humana Inc.
visitcenterwelllouisiana.com,Humana Inc.
visitcenterwelllouisville.com,Humana Inc.
visitcenterwellmississippi.com,Humana Inc.
visitcenterwellmyrtlebeach.com,Humana Inc.
visitcenterwellnashville.com,Humana Inc.
visitcenterwellnc.com,Humana Inc.
visitcenterwellorlando.com,Humana Inc.
visitcenterwellphoenix.com,Humana Inc.
visitcenterwellraleighdurham.com,Humana Inc.
visitcenterwellrichmond.com,Humana Inc.
visitcenterwellriogrande.com,Humana Inc.
visitcenterwellsc.com,Humana Inc.
visitcenterwellsouthernindiana.com,Humana Inc.
visitcenterwelltennessee.com,Humana Inc.
visitcenterwellupstate.com,Humana Inc.
visitcenterwellvegas.com,Humana Inc.
visitcenterwellvirginia.com,Humana Inc.
visitconviva.com,Humana Inc.
visitconvivabroward.com,Humana Inc.
visitconvivacorpuschristi.com,Humana Inc.
visitconvivadaytona.com,Humana Inc.
visitconvivaelpaso.com,Humana Inc.
visitconvivajacksonville.com,Humana Inc.
visitconvivamiamidade.com,Humana Inc.
visitconvivapalmbeach.com,Humana Inc.
visitconvivasanantonio.com,Humana Inc.
visitconvivatampa.com,Humana Inc.
visitconvivatreasurecoast.com,Humana Inc.
visitcwp.com,Humana Inc.
visitdrrankin.com,Humana Inc.
visitecenterwell.com,Humana Inc.
visitecenterwellarizona.com,Humana Inc.
visitecenterwellatlanta.com,Humana Inc.
visitecenterwellcharleston.com,Humana Inc.
visitecenterwellcharlotte.com,Humana Inc.
visitecenterwellcolumbia.com,Humana Inc.
visitecenterwelldallas.com,Humana Inc.
visitecenterwelldfw.com,Humana Inc.
visitecenterwellgastonia.com,Humana Inc.
visitecenterwellgeorgia.com,Humana Inc.
visitecenterwellgoldentriangle.com,Humana Inc.
visitecenterwellhouston.com,Humana Inc.
visitecenterwellindiana.com,Humana Inc.
visitecenterwellkansascity.com,Humana Inc.
visitecenterwellkentuckiana.com,Humana Inc.
visitecenterwellksmo.com,Humana Inc.
visitecenterwelllexington.com,Humana Inc.
visitecenterwelllouisiana.com,Humana Inc.
visitecenterwelllouisville.com,Humana Inc.
visitecenterwellmississippi.com,Humana Inc.
visitecenterwellmyrtlebeach.com,Humana Inc.
visitecenterwellnashville.com,Humana Inc.
visitecenterwellnc.com,Humana Inc.
visitecenterwellorlando.com,Humana Inc.
visitecenterwellphoenix.com,Humana Inc.
visitecenterwellraleighdurham.com,Humana Inc.
visitecenterwellrichmond.com,Humana Inc.
visitecenterwellriogrande.com,Humana Inc.
visitecenterwellsc.com,Humana Inc.
visitecenterwellsouthernindiana.com,Humana Inc.
visitecenterwelltennessee.com,Humana Inc.
visitecenterwellupstate.com,Humana Inc.
visitecenterwellvegas.com,Humana Inc.
visitecenterwellvirginia.com,Humana Inc.
visiteconviva.com,Humana Inc.
visiteconvivabroward.com,Humana Inc.
visiteconvivacorpuschristi.com,Humana Inc.
visiteconvivadaytona.com,Humana Inc.
visiteconvivaelpaso.com,Humana Inc.
visiteconvivajacksonville.com,Humana Inc.
visiteconvivamiamidade.com,Humana Inc.
visiteconvivapalmbeach.com,Humana Inc.
visiteconvivasanantonio.com,Humana Inc.
visiteconvivatampa.com,Humana Inc.
visiteconvivatreasurecoast.com,Humana Inc.
visitreliance.com,Humana Inc.
vistecenterwellarizona.com,Humana Inc.
vistecenterwellflorida.com,Humana Inc.
vistecenterwelltexas.com,Humana Inc.
vitality-humana.biz,Humana Inc.
vitality-humana.com,Humana Inc.
vitality-humana.info,Humana Inc.
vitality-humana.mobi,Humana Inc.
vitality-humana.net,Humana Inc.
vitality-humana.org,Humana Inc.
vitalityhealthyfood.com,Humana Inc.
vitalityhealthyfoods.com,Humana Inc.
vitalityhomecare.net,Humana Inc.
vitalityhumana.biz,Humana Inc.
vitalityhumana.com,Humana Inc.
vitalityhumana.info,Humana Inc.
vitalityhumana.mobi,Humana Inc.
vitalityhumana.net,Humana Inc.
vitalityhumana.org,Humana Inc.
vivations.com,Humana Inc.
vocaricare.com,Humana Inc.
vshumana.cloud,Humana Inc.
walmarthumana.com,Humana Inc.
walmarthumana.net,Humana Inc.
walmarthumana.org,Humana Inc.
wearecenterwell.com,Humana Inc.
wearecenterwellasheville.com,Humana Inc.
wearecenterwellatlanta.com,Humana Inc.
wearecenterwellbatonrouge.com,Humana Inc.
wearecenterwellcharlotte.com,Humana Inc.
wearecenterwellcolumbia.com,Humana Inc.
wearecenterwelldallas.com,Humana Inc.
wearecenterwellindiana.com,Humana Inc.
wearecenterwellkansascity.com,Humana Inc.
wearecenterwelllasvegas.com,Humana Inc.
wearecenterwelllexington.com,Humana Inc.
wearecenterwelllouisiana.com,Humana Inc.
wearecenterwelllouisville.com,Humana Inc.
wearecenterwellmississippi.com,Humana Inc.
wearecenterwellmyrtlebeach.com,Humana Inc.
wearecenterwellneworleans.com,Humana Inc.
wearecenterwellorlando.com,Humana Inc.
wearecenterwellphoenix.com,Humana Inc.
wearecenterwellraleighdurham.com,Humana Inc.
wearecenterwellrichmond.com,Humana Inc.
wearecenterwellshreveport.com,Humana Inc.
wearecenterwellsouthernindiana.com,Humana Inc.
wearecenterwelltennessee.com,Humana Inc.
wearecenterwelltidewater.com,Humana Inc.
weareconviva.com,Humana Inc.
weareconvivacorpuschristi.com,Humana Inc.
weareconvivadaytona.com,Humana Inc.
webmailhumana.com,Humana Inc.
webpharmd.us,Humana Inc.
welathumana.com,Humana Inc.
welcomecenterwell.com,Humana Inc.
welcometocenterwell.com,Humana Inc.
welcometocenterwellpca.com,Humana Inc.
welcometocenterwellpharmacy.com,Humana Inc.
welcometoconviva.com,Humana Inc.
welcometohp.com,Humana Inc.
welcometohumana.com,Humana Inc.
welcometohumanapharmacy.com,Humana Inc.
wellcenterhomehealth.com,Humana Inc.
wellcitysim.com,Humana Inc.
wellcitysimulator.com,Humana Inc.
wellfiniti.com,Humana Inc.
wellhomehealthcenter.com,Humana Inc.
wellingtonfamilypractice.com,Humana Inc.
wellnessinformationzone.com,Humana Inc.
wellnessinformationzone.net,Humana Inc.
wewantreliance.com,Humana Inc.
whathealthcareshouldbe.net,Humana Inc.
whatismedadherence.com,Humana Inc.
whoisrachelvansciver.tech,primary
whyusestatins.com,Humana Inc.
winterhavenmedicalcenters.com,Humana Inc.
work4balance.com,Humana Inc.
work4balance.net,Humana Inc.
worklife-university.com,Humana Inc.
worksiteengagement.com,Humana Inc.
writemyhealthstory.com,Humana Inc.
www-humana.com,Humana Inc.
wwwbetterwithhumana.com,Humana Inc.
wwwhumana-miltary.com,Humana Inc.
wwwhumana.com,Humana Inc.
wwwhumanadental.com,Humana Inc.
wwwtricareonline.com,Humana Inc.
xtendable.com,Humana Inc.
xtendable.info,Humana Inc.
xtendable.net,Humana Inc.
xtendable.org,Humana Inc.
youarethecenterofourcare.com,Humana Inc.
youdeservehumana.com,Humana Inc.
youdeservehumana.net,Humana Inc.
your-eap-work-life.com,Humana Inc.
your-eap-work-life.net,Humana Inc.
your-eap-work-life.org,Humana Inc.
your-eap-work-life.us,Humana Inc.
your-eap.com,Humana Inc.
your-eap.net,Humana Inc.
your-eap.org,Humana Inc.
your-eap.us,Humana Inc.
your-sap.com,Humana Inc.
your-work-life.com,Humana Inc.
your-work-life.net,Humana Inc.
your-work-life.org,Humana Inc.
your-work-life.us,Humana Inc.
youreapworklife.com,Humana Inc.
youreapworklife.info,Humana Inc.
youreapworklife.net,Humana Inc.
youreapworklife.org,Humana Inc.
yourfamscape.com,Humana Inc.
yourhomeadvantageinc.com,Humana Inc.
yourhomeadvantageinc.net,Humana Inc.
yourpersonalhealthcoaching.com,Humana Inc.
yourpersonalhealthcoaching.net,Humana Inc.
yourpersonalhealthcoaching.org,Humana Inc.
yourpersonalnurse.com,Humana Inc.
yourpersonalnurse.net,Humana Inc.
yourpersonalnurse.org,Humana Inc.
youwantbetter.com,Humana Inc.
zixhumanasmail.com,Humana Inc.
zixhumanasmail.net,Humana Inc.
