domain,sources
100millonespg.com,Procter & Gamble; The Procter & Gamble Company
11gf.com,Procter & Gamble; The Procter & Gamble Company
11globalfootball.com,Procter & Gamble; The Procter & Gamble Company
12hdereve.com,Procter & Gamble; The Procter & Gamble Company
12hdereves.com,Procter & Gamble; The Procter & Gamble Company
12heuredereve.com,Procter & Gamble; The Procter & Gamble Company
12heuredereves.com,Procter & Gamble; The Procter & Gamble Company
12heuresdereve.com,Procter & Gamble; The Procter & Gamble Company
12heuresdereves.com,Procter & Gamble; The Procter & Gamble Company
1800gillette.com,Procter & Gamble; The Procter & Gamble Company
1click1donation.com,Procter & Gamble; The Procter & Gamble Company
1click1donation.org,Procter & Gamble; The Procter & Gamble Company
1klikkaus1rokote.fi,Procter & Gamble
1staidbeauty.com,Procter & Gamble
1washmiracle.com,Procter & Gamble; The Procter & Gamble Company
202.165.130.0-202.165.130,Procter & Gamble
216.182.214.0-216.182.214,Procter & Gamble
24-smile.com,Procter & Gamble; The Procter & Gamble Company
24smile.com,Procter & Gamble; The Procter & Gamble Company
24xsmile.com,Procter & Gamble; The Procter & Gamble Company
2fluoride.com,Procter & Gamble; The Procter & Gamble Company
2motion.info,Procter & Gamble; The Procter & Gamble Company
2sonrisassanas.com,Procter & Gamble; The Procter & Gamble Company
2xultracheer.com,Procter & Gamble; The Procter & Gamble Company
2xultradreft.com,Procter & Gamble; The Procter & Gamble Company
2xultraera.com,Procter & Gamble; The Procter & Gamble Company
2xultragain.com,Procter & Gamble; The Procter & Gamble Company
365diasconpampers.com,Procter & Gamble
3dwhite.com,Procter & Gamble; The Procter & Gamble Company
3dwhitesmile.com,Procter & Gamble; The Procter & Gamble Company
3dwhitesmiles.com,Procter & Gamble; The Procter & Gamble Company
3vecesmasrapido.com,Procter & Gamble; The Procter & Gamble Company
4mrclean.com,Procter & Gamble; The Procter & Gamble Company
5-versus-1.com,Procter & Gamble; The Procter & Gamble Company
5-vs-1.com,Procter & Gamble; The Procter & Gamble Company
50beautifulwashes.com,Procter & Gamble; The Procter & Gamble Company
50lhome.com,Procter & Gamble; The Procter & Gamble Company
50lwaterchallenge.com,Procter & Gamble; The Procter & Gamble Company
50percentmore.com,Procter & Gamble; The Procter & Gamble Company
50washes.com,Procter & Gamble; The Procter & Gamble Company
50washesbeautiful.com,Procter & Gamble; The Procter & Gamble Company
5minutewhitening.com,Procter & Gamble; The Procter & Gamble Company
5tofantastico.com,Procter & Gamble; The Procter & Gamble Company
5versus1.com,Procter & Gamble; The Procter & Gamble Company
5vs1.fr,Procter & Gamble
777gkg.vip,Procter & Gamble
87hundred.com,Procter & Gamble; The Procter & Gamble Company
aapithequestion.com,Procter & Gamble; The Procter & Gamble Company
abeautyallyourown.com,Procter & Gamble; The Procter & Gamble Company
abettercompany.us,Procter & Gamble; The Procter & Gamble Company
abetterpandg.com,Procter & Gamble; The Procter & Gamble Company
abetterpandg.org,Procter & Gamble; The Procter & Gamble Company
abetterpandg.us,Procter & Gamble; The Procter & Gamble Company
abetterpg.com,Procter & Gamble; The Procter & Gamble Company
abetterpg.org,Procter & Gamble; The Procter & Gamble Company
abetterpg.us,Procter & Gamble; The Procter & Gamble Company
about-me-and-more.com,Procter & Gamble; The Procter & Gamble Company
about-me.com,Procter & Gamble; The Procter & Gamble Company
abrushwithromance.com,Procter & Gamble; The Procter & Gamble Company
academiafragua.com,Procter & Gamble; The Procter & Gamble Company
accuclear.com,Procter & Gamble; The Procter & Gamble Company
ace-argentina.com,Procter & Gamble; The Procter & Gamble Company
ace-brasil.com,Procter & Gamble; The Procter & Gamble Company
ace-chile.com,Procter & Gamble; The Procter & Gamble Company
ace-colombia.com,Procter & Gamble; The Procter & Gamble Company
ace-la.com,Procter & Gamble; The Procter & Gamble Company
ace-paraguay.com,Procter & Gamble; The Procter & Gamble Company
ace-tv.com,Procter & Gamble; The Procter & Gamble Company
ace-uruguay.com,Procter & Gamble; The Procter & Gamble Company
ace-venezuela.com,Procter & Gamble; The Procter & Gamble Company
acedetergent.com,Procter & Gamble; The Procter & Gamble Company
acedetergente.com,Procter & Gamble; The Procter & Gamble Company
acedetergentetv.com,Procter & Gamble; The Procter & Gamble Company
aceinf.com,Procter & Gamble; The Procter & Gamble Company
aceliquido.com,Procter & Gamble; The Procter & Gamble Company
aceloace.com,Procter & Gamble; The Procter & Gamble Company
acentpourcentdevotreforme.com,Procter & Gamble; The Procter & Gamble Company
aceropasion.com,Procter & Gamble; The Procter & Gamble Company
aceteam.tech,Procter & Gamble; The Procter & Gamble Company
acetehaceganar.com,Procter & Gamble; The Procter & Gamble Company
achetercrest.com,Procter & Gamble; The Procter & Gamble Company
acnecareforyou.com,Procter & Gamble; The Procter & Gamble Company
actifafroid.com,Procter & Gamble; The Procter & Gamble Company
actifafroid.fr,Procter & Gamble
actionpacs.com,Procter & Gamble; The Procter & Gamble Company
actionpacscoupon.com,Procter & Gamble; The Procter & Gamble Company
activeburst.com,Procter & Gamble; The Procter & Gamble Company
activebursts.com,Procter & Gamble; The Procter & Gamble Company
actividadoralbcolombia.com,Procter & Gamble; The Procter & Gamble Company
actuemosunidos.com,Procter & Gamble; The Procter & Gamble Company
acygil.com,Procter & Gamble; The Procter & Gamble Company
acyprost.com,Procter & Gamble; The Procter & Gamble Company
addtonextshop.com,Procter & Gamble; The Procter & Gamble Company
addtonextshop.info,Procter & Gamble; The Procter & Gamble Company
addtonextshop.net,Procter & Gamble; The Procter & Gamble Company
adimadimkazan.com,Procter & Gamble; The Procter & Gamble Company
adiosacidez.com,Procter & Gamble; The Procter & Gamble Company
adioscaspamenoscaida.com,Procter & Gamble; The Procter & Gamble Company
adm-pg.com,Procter & Gamble; The Procter & Gamble Company
adolescenciaetu.com,Procter & Gamble; The Procter & Gamble Company
advabion.com,Procter & Gamble; The Procter & Gamble Company
aeon-pg-cp-pampers.com,Procter & Gamble; The Procter & Gamble Company
aeon-pg-pampers-56cp.com,Procter & Gamble; The Procter & Gamble Company
aeon-pg-pampers-cp.com,Procter & Gamble; The Procter & Gamble Company
agilepursuits.com,Procter & Gamble; The Procter & Gamble Company
agilepursuits.net,Procter & Gamble; The Procter & Gamble Company
agizbakimuzmani.com,Procter & Gamble; The Procter & Gamble Company
aglafley.info,Procter & Gamble; The Procter & Gamble Company
aglafley.mobi,Procter & Gamble; The Procter & Gamble Company
aglafley.net,Procter & Gamble; The Procter & Gamble Company
aglafley.org,Procter & Gamble; The Procter & Gamble Company
aglafley.us,Procter & Gamble; The Procter & Gamble Company
ahoygram.com,Procter & Gamble; The Procter & Gamble Company
ahoygrams.com,Procter & Gamble; The Procter & Gamble Company
ai-shu.in,Procter & Gamble; The Procter & Gamble Company
aioskin.com,Procter & Gamble; The Procter & Gamble Company
aireffects.com,Procter & Gamble; The Procter & Gamble Company
aireffectsnocoverup.com,Procter & Gamble; The Procter & Gamble Company
airfresheners.asia,Procter & Gamble; The Procter & Gamble Company
airia.info,Procter & Gamble; The Procter & Gamble Company
airiahome.com,Procter & Gamble; The Procter & Gamble Company
airiahomescenting.com,Procter & Gamble; The Procter & Gamble Company
airiasmartscent.com,Procter & Gamble; The Procter & Gamble Company
airtouch.asia,Procter & Gamble; The Procter & Gamble Company
aiutoconcretopg.it,Procter & Gamble
alcoholethoxylate.org,Procter & Gamble; The Procter & Gamble Company
alcoholethoxylates.org,Procter & Gamble; The Procter & Gamble Company
aldays.ru,Procter & Gamble
align-la.com,Procter & Gamble; The Procter & Gamble Company
alignadvisor.com,Procter & Gamble; The Procter & Gamble Company
alignconnect.com,Procter & Gamble; The Procter & Gamble Company
aligndigestivehealth.com,Procter & Gamble; The Procter & Gamble Company
alignforkids.com,Procter & Gamble; The Procter & Gamble Company
aligngi.com,Procter & Gamble; The Procter & Gamble Company
aligngummies.com,Procter & Gamble; The Procter & Gamble Company
alignimmunity.com,Procter & Gamble; The Procter & Gamble Company
alignpro.at,Procter & Gamble; The Procter & Gamble Company
alignpro.com,Procter & Gamble; The Procter & Gamble Company
alignprobiotic.com,Procter & Gamble; The Procter & Gamble Company
alignprobiotics.com,Procter & Gamble; The Procter & Gamble Company
alignprobiotics.net,Procter & Gamble; The Procter & Gamble Company
alignprobiotics.org,Procter & Gamble; The Procter & Gamble Company
alignpvs.com,Procter & Gamble; The Procter & Gamble Company
alignrewards.com,Procter & Gamble; The Procter & Gamble Company
alignyourhealth.org,Procter & Gamble; The Procter & Gamble Company
alldays.com,Procter & Gamble; The Procter & Gamble Company
alldays.fi,Procter & Gamble
alldays.fr,Procter & Gamble
alldays.info,Procter & Gamble; The Procter & Gamble Company
alldays.mobi,Procter & Gamble; The Procter & Gamble Company
alldays.org,Procter & Gamble; The Procter & Gamble Company
alldays.ru,Procter & Gamble
alldays.tm.fr,Procter & Gamble
alleatidelbagno.it,Procter & Gamble
allergenreducer.com,Procter & Gamble; The Procter & Gamble Company
allergentoolkit.com,Procter & Gamble; The Procter & Gamble Company
allgooddiapers.com,Procter & Gamble; The Procter & Gamble Company
allgooddiapersample.com,Procter & Gamble; The Procter & Gamble Company
allways-envive.com,Procter & Gamble; The Procter & Gamble Company
allwaysenviv.com,Procter & Gamble; The Procter & Gamble Company
allwaysenvive.com,Procter & Gamble; The Procter & Gamble Company
alternative-brush-heads.com,Procter & Gamble; The Procter & Gamble Company
alternative-brush-heads.info,Procter & Gamble; The Procter & Gamble Company
alternative-brush-heads.net,Procter & Gamble; The Procter & Gamble Company
alternative-brush-heads.org,Procter & Gamble; The Procter & Gamble Company
alternative-brushheads.com,Procter & Gamble; The Procter & Gamble Company
alternative-brushheads.info,Procter & Gamble; The Procter & Gamble Company
alternative-brushheads.net,Procter & Gamble; The Procter & Gamble Company
alternative-brushheads.org,Procter & Gamble; The Procter & Gamble Company
alternativebrushheads.com,Procter & Gamble; The Procter & Gamble Company
alternativebrushheads.info,Procter & Gamble; The Procter & Gamble Company
alternativebrushheads.net,Procter & Gamble; The Procter & Gamble Company
alternativebrushheads.org,Procter & Gamble; The Procter & Gamble Company
always-africa.com,Procter & Gamble; The Procter & Gamble Company
always-discreet-carrefour.com,Procter & Gamble; The Procter & Gamble Company
always-discreet.com.au,Procter & Gamble
always-envive.at,Procter & Gamble; primary
always-envive.com,Procter & Gamble; The Procter & Gamble Company
always-feminine-products-sa.com,Procter & Gamble; The Procter & Gamble Company
always-feminine-products.ae,Procter & Gamble; The Procter & Gamble Company
always-odnoklassniki.ru,Procter & Gamble; The Procter & Gamble Company
always-tampax-sport.com,Procter & Gamble; The Procter & Gamble Company
always-tampax.com,Procter & Gamble; The Procter & Gamble Company
always-unesco.fr,Procter & Gamble
always.at,Procter & Gamble; The Procter & Gamble Company
always.com,Procter & Gamble; The Procter & Gamble Company
always.cz,Procter & Gamble; The Procter & Gamble Company
always.fi,Procter & Gamble
always.info,Procter & Gamble; The Procter & Gamble Company
always.me,Procter & Gamble; The Procter & Gamble Company
always.pl,Procter & Gamble; The Procter & Gamble Company
always.ru,Procter & Gamble
always.tm.fr,Procter & Gamble
always.us,Procter & Gamble; The Procter & Gamble Company
alwaysarabia.com,Procter & Gamble; The Procter & Gamble Company
alwaysateen.com,Procter & Gamble; The Procter & Gamble Company
alwaysawoman.com,Procter & Gamble; The Procter & Gamble Company
alwaysbrasil.com,Procter & Gamble; The Procter & Gamble Company
alwaysbrigidandbella.com,Procter & Gamble; The Procter & Gamble Company
alwayscanada.com,Procter & Gamble; The Procter & Gamble Company
alwaysdiarios.com,Procter & Gamble; The Procter & Gamble Company
alwaysdigitalcoupons.com,Procter & Gamble; The Procter & Gamble Company
alwaysdiscreet-me.com,Procter & Gamble; The Procter & Gamble Company
alwaysdiscreet-professional.at,Procter & Gamble; The Procter & Gamble Company
alwaysdiscreet.at,Procter & Gamble; The Procter & Gamble Company
alwaysdiscreet.au,Procter & Gamble
alwaysdiscreet.com,Procter & Gamble; The Procter & Gamble Company
alwaysdiscreet.com.au,Procter & Gamble
alwaysdiscreet.cz,Procter & Gamble; The Procter & Gamble Company
alwaysdiscreet.kz,Procter & Gamble; The Procter & Gamble Company
alwaysdiscreet.ru,Procter & Gamble; The Procter & Gamble Company
alwaysdiscreetgratuit.com,Procter & Gamble; The Procter & Gamble Company
alwaysdiscreetprofessional.at,Procter & Gamble; The Procter & Gamble Company
alwaysdiscreetrembourse.fr,Procter & Gamble
alwaysdiscreetrewards.com,Procter & Gamble; The Procter & Gamble Company
alwaysdiscreetsamples.com,Procter & Gamble; The Procter & Gamble Company
alwaysdiscreetsweepstakes.com,Procter & Gamble; The Procter & Gamble Company
alwaysenviv.com,Procter & Gamble; The Procter & Gamble Company
alwaysenvive.at,Procter & Gamble; The Procter & Gamble Company
alwaysenvive.fr,Procter & Gamble
alwaysescuelas.com,Procter & Gamble; The Procter & Gamble Company
alwaysfbapp.com,Procter & Gamble; The Procter & Gamble Company
alwaysflexfoampads.com,Procter & Gamble; The Procter & Gamble Company
alwayslady.kz,Procter & Gamble; The Procter & Gamble Company
alwayslady.ru,Procter & Gamble; The Procter & Gamble Company
alwayslatam.com,Procter & Gamble; The Procter & Gamble Company
alwaysmastoallitas.com,Procter & Gamble; The Procter & Gamble Company
alwaysmomsclub.com,Procter & Gamble; The Procter & Gamble Company
alwaysnenechsitoujit.cz,Procter & Gamble; The Procter & Gamble Company
alwaysnight.ru,Procter & Gamble
alwaysnordic.com,Procter & Gamble; The Procter & Gamble Company
alwaysperiodsaregreat.com,Procter & Gamble; The Procter & Gamble Company
alwaysstore.com,Procter & Gamble; The Procter & Gamble Company
alwaystampaxcam.com,Procter & Gamble; The Procter & Gamble Company
alwaystampaxcaribbean.com,Procter & Gamble; The Procter & Gamble Company
alwaystampaxrunning.com,Procter & Gamble; The Procter & Gamble Company
alwaysteen.com,Procter & Gamble; The Procter & Gamble Company
alwaysteens.com,Procter & Gamble; The Procter & Gamble Company
alwaysultra.ru,Procter & Gamble
alwayswithsilk.com,Procter & Gamble; The Procter & Gamble Company
alwaysyouapp.com,Procter & Gamble; The Procter & Gamble Company
alwayszzz.com,Procter & Gamble; The Procter & Gamble Company
alwayszzzs.com,Procter & Gamble; The Procter & Gamble Company
amaiorpromocao.com,Procter & Gamble; The Procter & Gamble Company
amaiorpromocaopg.com,Procter & Gamble; The Procter & Gamble Company
amarcasecreta.com,Procter & Gamble; The Procter & Gamble Company
amatucabello.com,Procter & Gamble; The Procter & Gamble Company
amatupiel.com,Procter & Gamble; The Procter & Gamble Company
amazingbabydays.com,Procter & Gamble; The Procter & Gamble Company
amazingroadtrip.com,Procter & Gamble; The Procter & Gamble Company
amazingroadtrips.com,Procter & Gamble; The Procter & Gamble Company
amazingwomenoftheyear.com,Procter & Gamble; The Procter & Gamble Company
ambassadeurpampers.fr,Procter & Gamble
ambi-pur.asia,Procter & Gamble; The Procter & Gamble Company
ambi-pur.at,Procter & Gamble; The Procter & Gamble Company
ambi-pur.com,Procter & Gamble; The Procter & Gamble Company
ambi-pur.cz,Procter & Gamble; The Procter & Gamble Company
ambi-pur.fr,Procter & Gamble
ambipur.asia,Procter & Gamble; The Procter & Gamble Company
ambipur.at,Procter & Gamble; The Procter & Gamble Company
ambipur.co.in,Procter & Gamble; The Procter & Gamble Company
ambipur.com,Procter & Gamble; The Procter & Gamble Company
ambipur.com.au,Procter & Gamble
ambipur.cz,Procter & Gamble; The Procter & Gamble Company
ambipur.fr,Procter & Gamble
ambipur.info,Procter & Gamble; The Procter & Gamble Company
ambipur.it,Procter & Gamble
ambipur.mobi,Procter & Gamble; The Procter & Gamble Company
ambipur.net,Procter & Gamble; The Procter & Gamble Company
ambipur.org,Procter & Gamble; The Procter & Gamble Company
ambipurcar2motion.info,Procter & Gamble; The Procter & Gamble Company
amino-peptide.com,Procter & Gamble; The Procter & Gamble Company
amino-peptides.com,Procter & Gamble; The Procter & Gamble Company
aminopeptide.com,Procter & Gamble; The Procter & Gamble Company
aminopeptides.com,Procter & Gamble; The Procter & Gamble Company
amnezique.org,Procter & Gamble; The Procter & Gamble Company
amnezsique.com,Procter & Gamble; The Procter & Gamble Company
amnezsique.net,Procter & Gamble; The Procter & Gamble Company
amnezsique.org,Procter & Gamble; The Procter & Gamble Company
amogain.com,Procter & Gamble; The Procter & Gamble Company
anaconariel.com,Procter & Gamble; The Procter & Gamble Company
andsocanyou.com,Procter & Gamble; The Procter & Gamble Company
aneyeonbeauty.com,Procter & Gamble; The Procter & Gamble Company
antikal-promo.com,Procter & Gamble; The Procter & Gamble Company
antikal.at,Procter & Gamble; The Procter & Gamble Company
antikal.com,Procter & Gamble; The Procter & Gamble Company
antikal.fr,Procter & Gamble
antikal.net,Procter & Gamble; The Procter & Gamble Company
antikal.pro,Procter & Gamble; The Procter & Gamble Company
antikalgratuit.com,Procter & Gamble; The Procter & Gamble Company
antikalpromo.com,Procter & Gamble; The Procter & Gamble Company
antiperspirant.com,Procter & Gamble; The Procter & Gamble Company
antitranspirante.com,Procter & Gamble; The Procter & Gamble Company
apaisyl.com,Procter & Gamble; The Procter & Gamble Company
apaisylantipoux.com,Procter & Gamble; The Procter & Gamble Company
apaisylgel.com,Procter & Gamble; The Procter & Gamble Company
apaisylpoux.com,Procter & Gamble; The Procter & Gamble Company
apesil.com,Procter & Gamble; The Procter & Gamble Company
apfbapp.com,Procter & Gamble; The Procter & Gamble Company
apidw.com,Procter & Gamble; The Procter & Gamble Company
apnefbapp.com,Procter & Gamble; The Procter & Gamble Company
apovoice.com,Procter & Gamble; The Procter & Gamble Company
apovoice.it,Procter & Gamble
applemangotango.com,Procter & Gamble; The Procter & Gamble Company
applicatortampons.com,Procter & Gamble; The Procter & Gamble Company
applyif.com,Procter & Gamble; The Procter & Gamble Company
apps-aussiehair.com,Procter & Gamble; The Procter & Gamble Company
aquacurrentscience.com,Procter & Gamble; The Procter & Gamble Company
aquilesalisto.com,Procter & Gamble; The Procter & Gamble Company
arbora-ausonia.net,Procter & Gamble; The Procter & Gamble Company
arbora-ausonia.org,Procter & Gamble; The Procter & Gamble Company
arbora.com,Procter & Gamble; The Procter & Gamble Company
arboraausonia.com,Procter & Gamble; The Procter & Gamble Company
arboraausonia.net,Procter & Gamble; The Procter & Gamble Company
arboraausonia.org,Procter & Gamble; The Procter & Gamble Company
archers-ready.com,Procter & Gamble; The Procter & Gamble Company
arcsmile.com,Procter & Gamble; The Procter & Gamble Company
arcteeth.com,Procter & Gamble; The Procter & Gamble Company
ardorandgrey.com,Procter & Gamble; The Procter & Gamble Company
areyourshoestide.com,Procter & Gamble; The Procter & Gamble Company
ariel-algeria.com,Procter & Gamble; The Procter & Gamble Company
ariel-algerie.com,Procter & Gamble; The Procter & Gamble Company
ariel-club.com,Procter & Gamble; The Procter & Gamble Company
ariel-club.fr,Procter & Gamble
ariel-club.it,Procter & Gamble
ariel-club.ru,Procter & Gamble; The Procter & Gamble Company
ariel-egypt.com,Procter & Gamble; The Procter & Gamble Company
ariel-gel.ru,Procter & Gamble
ariel-hk.com,Procter & Gamble; The Procter & Gamble Company
ariel-info.com,Procter & Gamble; The Procter & Gamble Company
ariel-info.com.fr,Procter & Gamble
ariel-info.it,Procter & Gamble
ariel-info.net,Procter & Gamble; The Procter & Gamble Company
ariel-info.org,Procter & Gamble; The Procter & Gamble Company
ariel-info.ru,Procter & Gamble
ariel-kenya.com,Procter & Gamble; The Procter & Gamble Company
ariel-la.com,Procter & Gamble; The Procter & Gamble Company
ariel-lenor-testwochen.com,Procter & Gamble; The Procter & Gamble Company
ariel-lenor.com,Procter & Gamble; The Procter & Gamble Company
ariel-liftoff.com,Procter & Gamble; The Procter & Gamble Company
ariel-maroc.com,Procter & Gamble; The Procter & Gamble Company
ariel-morocco.com,Procter & Gamble; The Procter & Gamble Company
ariel-pakistan.com,Procter & Gamble; The Procter & Gamble Company
ariel-russia.ru,Procter & Gamble; The Procter & Gamble Company
ariel-stirka.ru,Procter & Gamble; The Procter & Gamble Company
ariel-testen.com,Procter & Gamble; The Procter & Gamble Company
ariel.asia,Procter & Gamble; The Procter & Gamble Company
ariel.at,Procter & Gamble; The Procter & Gamble Company
ariel.co.in,Procter & Gamble; primary
ariel.fi,Procter & Gamble
ariel.it,Procter & Gamble
ariel.me,Procter & Gamble; The Procter & Gamble Company
ariel.mobi,Procter & Gamble; The Procter & Gamble Company
ariel.pro,Procter & Gamble; The Procter & Gamble Company
ariel.tm.fr,Procter & Gamble; The Procter & Gamble Company
ariel.us,Procter & Gamble; primary
arielactifafroid.com,Procter & Gamble; The Procter & Gamble Company
arielactifafroid.fr,Procter & Gamble
arielafrica.com,Procter & Gamble; The Procter & Gamble Company
arielarabia.com,Procter & Gamble; The Procter & Gamble Company
arielargentina.com,Procter & Gamble; The Procter & Gamble Company
arielbajaespuma.com,Procter & Gamble; The Procter & Gamble Company
arielbg.com,Procter & Gamble; The Procter & Gamble Company
arielbrasil.com,Procter & Gamble; The Procter & Gamble Company
arielchile.com,Procter & Gamble; The Procter & Gamble Company
arielclean.com,Procter & Gamble; The Procter & Gamble Company
arielclean.it,Procter & Gamble
arielclean.org,Procter & Gamble; The Procter & Gamble Company
arielclub.fr,Procter & Gamble
arielcolour.com,Procter & Gamble; The Procter & Gamble Company
arielcolourandstyle.com,Procter & Gamble; The Procter & Gamble Company
arielconblanqueador.com,Procter & Gamble; The Procter & Gamble Company
arielconnect.com,Procter & Gamble; The Procter & Gamble Company
arieldetergent.com,Procter & Gamble; The Procter & Gamble Company
arieldetergente.com,Procter & Gamble; The Procter & Gamble Company
arieldigitalcoupons.com,Procter & Gamble; The Procter & Gamble Company
arielecodose.com,Procter & Gamble; The Procter & Gamble Company
arielecodose.fr,Procter & Gamble
arielecodoses.com,Procter & Gamble; The Procter & Gamble Company
arielecodoses.fr,Procter & Gamble
arielecodoses.pro,Procter & Gamble; The Procter & Gamble Company
arieleconomiesenergie.com,Procter & Gamble; The Procter & Gamble Company
arieleconomiesenergie.fr,Procter & Gamble
arielegypt.com,Procter & Gamble; The Procter & Gamble Company
arielespana.com,Procter & Gamble; The Procter & Gamble Company
arielgarantisi.com,Procter & Gamble; The Procter & Gamble Company
arielgel.ru,Procter & Gamble
arielgo.com,Procter & Gamble; The Procter & Gamble Company
arielhelp.com,Procter & Gamble; The Procter & Gamble Company
arielhelp.net,Procter & Gamble; The Procter & Gamble Company
arielhelp.org,Procter & Gamble; The Procter & Gamble Company
arielhome.com,Procter & Gamble; The Procter & Gamble Company
arielhome.net,Procter & Gamble; The Procter & Gamble Company
arielhome.org,Procter & Gamble; The Procter & Gamble Company
arielinfo.com.fr,Procter & Gamble
arielinfo.it,Procter & Gamble
arielinfo.ru,Procter & Gamble
arielkapsle.cz,Procter & Gamble; The Procter & Gamble Company
arielkenya.com,Procter & Gamble; The Procter & Gamble Company
arielmaghreb.com,Procter & Gamble; The Procter & Gamble Company
arielmaroc.com,Procter & Gamble; The Procter & Gamble Company
arielmultiusos.com,Procter & Gamble; The Procter & Gamble Company
arielproductos.com,Procter & Gamble; The Procter & Gamble Company
arielquitamanchas.com,Procter & Gamble; The Procter & Gamble Company
arielrenuevatuguardarropa.com,Procter & Gamble; The Procter & Gamble Company
arielrewards.com,Procter & Gamble; The Procter & Gamble Company
arielsensitive.com,Procter & Gamble; The Procter & Gamble Company
arielshine.com,Procter & Gamble; The Procter & Gamble Company
arielstainpen.com,Procter & Gamble; The Procter & Gamble Company
arielstainremover.com,Procter & Gamble; The Procter & Gamble Company
arielstanremover.com,Procter & Gamble; The Procter & Gamble Company
arielstirka.ru,Procter & Gamble; The Procter & Gamble Company
arielstyle.com,Procter & Gamble; The Procter & Gamble Company
arieltennis.com,Procter & Gamble; The Procter & Gamble Company
arielvietnam.com,Procter & Gamble; The Procter & Gamble Company
arielyoucompetition.com,Procter & Gamble; The Procter & Gamble Company
artofshaving.com,Procter & Gamble; The Procter & Gamble Company
artofshaving.org,Procter & Gamble; The Procter & Gamble Company
as11003.net,Procter & Gamble; The Procter & Gamble Company
asdashaveandsaveclub.com,Procter & Gamble; The Procter & Gamble Company
asesoramiento-olay.com,Procter & Gamble; The Procter & Gamble Company
asesoramientolay.com,Procter & Gamble; The Procter & Gamble Company
asesoramientoolay.com,Procter & Gamble; The Procter & Gamble Company
asesoravirtualpg.com,Procter & Gamble; The Procter & Gamble Company
askalways.com,Procter & Gamble; The Procter & Gamble Company
askdoctorvicks.au,Procter & Gamble
askdoctorvicks.com,Procter & Gamble; The Procter & Gamble Company
askdoctorvicks.com.au,Procter & Gamble
askdrvicks.com,Procter & Gamble; The Procter & Gamble Company
askdrvicks.com.au,Procter & Gamble
askiris.com,Procter & Gamble; The Procter & Gamble Company
atelierbeautepg.com,Procter & Gamble; The Procter & Gamble Company
ateliersbeautepg.com,Procter & Gamble; The Procter & Gamble Company
atrevasecomtampax.com,Procter & Gamble; The Procter & Gamble Company
atreveteacambiar-ar.com,Procter & Gamble; The Procter & Gamble Company
atreveteacambiar-cl.com,Procter & Gamble; The Procter & Gamble Company
atreveteacambiar-co.com,Procter & Gamble; The Procter & Gamble Company
atreveteacambiar-pe.com,Procter & Gamble; The Procter & Gamble Company
atrevetecontampax.com,Procter & Gamble; The Procter & Gamble Company
au-rythme-de-la-feminite.com,Procter & Gamble; The Procter & Gamble Company
audiobraun.com,Procter & Gamble; The Procter & Gamble Company
aurythmedelafeminite.com,Procter & Gamble; The Procter & Gamble Company
ausonia.info,Procter & Gamble; The Procter & Gamble Company
ausonia.tel,Procter & Gamble; The Procter & Gamble Company
aussie-for-men.com,Procter & Gamble; The Procter & Gamble Company
aussie.com,Procter & Gamble; The Procter & Gamble Company
aussiecanada.com,Procter & Gamble; The Procter & Gamble Company
aussiehair.at,Procter & Gamble; The Procter & Gamble Company
aussiehair.com,Procter & Gamble; The Procter & Gamble Company
aussiehair.fr,Procter & Gamble
aussiehair.it,Procter & Gamble
aussiehair.ru,Procter & Gamble; The Procter & Gamble Company
aussieland.com,Procter & Gamble; The Procter & Gamble Company
aussiemerchshop.com,Procter & Gamble; The Procter & Gamble Company
aussieselfiefb.com,Procter & Gamble; The Procter & Gamble Company
aussieshop.com,Procter & Gamble; The Procter & Gamble Company
aussieskin.at,Procter & Gamble; The Procter & Gamble Company
aussieskin.fr,Procter & Gamble
aussieskin.it,Procter & Gamble
aussiespotifygreece.com,Procter & Gamble; The Procter & Gamble Company
autodry.com,Procter & Gamble; The Procter & Gamble Company
autodrytalk.com,Procter & Gamble; The Procter & Gamble Company
autonomousinjectionmolding.com,Procter & Gamble; The Procter & Gamble Company
autonomousprocessing.com,Procter & Gamble; The Procter & Gamble Company
avionpg.com,Procter & Gamble; The Procter & Gamble Company
awakenyourwardrobe.com,Procter & Gamble; The Procter & Gamble Company
awardwinninghair.com,Procter & Gamble; The Procter & Gamble Company
awesomeflakelesshair.com,Procter & Gamble; The Procter & Gamble Company
ayudaalhombrelija.com,Procter & Gamble; The Procter & Gamble Company
az-oralb.it,Procter & Gamble
az-oralbpertelethon.it,Procter & Gamble
azapipg.com,Procter & Gamble; The Procter & Gamble Company
azbuonispesa.it,Procter & Gamble
azfbapps.com,Procter & Gamble; The Procter & Gamble Company
azricerca.it,Procter & Gamble
azrimborsobipacco.it,Procter & Gamble
babycareassistant.com,Procter & Gamble; The Procter & Gamble Company
babydiaper.com,Procter & Gamble; The Procter & Gamble Company
babydiapers.com,Procter & Gamble; The Procter & Gamble Company
babydryflex.fi,Procter & Gamble
babykini.com,Procter & Gamble; The Procter & Gamble Company
babypremiumcare.com,Procter & Gamble; The Procter & Gamble Company
babyrub.com,Procter & Gamble; The Procter & Gamble Company
babyshowerpampers.com,Procter & Gamble; The Procter & Gamble Company
babyshowerpampers.com.hn,Procter & Gamble; The Procter & Gamble Company
backtobasics.com,Procter & Gamble; The Procter & Gamble Company
bacteria.com,Procter & Gamble; The Procter & Gamble Company
badbreathanonymous.com,Procter & Gamble; The Procter & Gamble Company
baevel.com,Procter & Gamble; The Procter & Gamble Company
baldcue.com,Procter & Gamble; The Procter & Gamble Company
baldwinheadshaver.com,Procter & Gamble; The Procter & Gamble Company
baldwinheadshavers.com,Procter & Gamble; The Procter & Gamble Company
banabak.com,Procter & Gamble; The Procter & Gamble Company
banabakuyelik.com,Procter & Gamble; The Procter & Gamble Company
barberwise.com,Procter & Gamble; The Procter & Gamble Company
bathroomwipes.com,Procter & Gamble; The Procter & Gamble Company
baume-saint-bernard.com,Procter & Gamble; The Procter & Gamble Company
baumesaintbernard.com,Procter & Gamble; The Procter & Gamble Company
beardvoter.com,Procter & Gamble; The Procter & Gamble Company
bearfruits.fr,Procter & Gamble
bearfruits.it,Procter & Gamble
bearfruits.pl,Procter & Gamble; The Procter & Gamble Company
bearfruits.ru,Procter & Gamble; The Procter & Gamble Company
bearfruitsmasks.com,Procter & Gamble; The Procter & Gamble Company
beashadebraver.com,Procter & Gamble; The Procter & Gamble Company
beatyourslump.com,Procter & Gamble; The Procter & Gamble Company
beautiffullengths.com,Procter & Gamble; The Procter & Gamble Company
beautiful.com,Procter & Gamble; The Procter & Gamble Company
beautifulengths.info,Procter & Gamble; The Procter & Gamble Company
beautifulengths.mobi,Procter & Gamble; The Procter & Gamble Company
beautifulengths.net,Procter & Gamble; The Procter & Gamble Company
beautifulengths.org,Procter & Gamble; The Procter & Gamble Company
beautifulhands.com,Procter & Gamble; The Procter & Gamble Company
beautifullength.info,Procter & Gamble; The Procter & Gamble Company
beautifullength.mobi,Procter & Gamble; The Procter & Gamble Company
beautifullength.net,Procter & Gamble; The Procter & Gamble Company
beautifullength.org,Procter & Gamble; The Procter & Gamble Company
beautifullengths.com,Procter & Gamble; The Procter & Gamble Company
beautifullengths.com.au,Procter & Gamble
beautifullengths.info,Procter & Gamble; The Procter & Gamble Company
beautifullengths.mobi,Procter & Gamble; The Procter & Gamble Company
beautifullengths.net,Procter & Gamble; The Procter & Gamble Company
beautifullengths.org,Procter & Gamble; The Procter & Gamble Company
beautifullengths.us,Procter & Gamble; The Procter & Gamble Company
beautifullengthscampaign.com,Procter & Gamble; The Procter & Gamble Company
beautifullengthscampaign.info,Procter & Gamble; The Procter & Gamble Company
beautifullengthscampaign.mobi,Procter & Gamble; The Procter & Gamble Company
beautifullengthscampaign.net,Procter & Gamble; The Procter & Gamble Company
beautifullengthscampaign.org,Procter & Gamble; The Procter & Gamble Company
beautifullengthshair.com,Procter & Gamble; The Procter & Gamble Company
beautifullengthshair.info,Procter & Gamble; The Procter & Gamble Company
beautifullengthshair.mobi,Procter & Gamble; The Procter & Gamble Company
beautifullengthshair.net,Procter & Gamble; The Procter & Gamble Company
beautifullengthshair.org,Procter & Gamble; The Procter & Gamble Company
beautifullengthshairdonation.com,Procter & Gamble; The Procter & Gamble Company
beautifullengthshairdonation.info,Procter & Gamble; The Procter & Gamble Company
beautifullengthshairdonation.mobi,Procter & Gamble; The Procter & Gamble Company
beautifullengthshairdonation.net,Procter & Gamble; The Procter & Gamble Company
beautifullengthshairdonation.org,Procter & Gamble; The Procter & Gamble Company
beautifullengthsjourney.com,Procter & Gamble; The Procter & Gamble Company
beautifulreflectionstour.com,Procter & Gamble; The Procter & Gamble Company
beautifyyourheart.com,Procter & Gamble; The Procter & Gamble Company
beautifyyourinside.com,Procter & Gamble; The Procter & Gamble Company
beautifyyourinsides.com,Procter & Gamble; The Procter & Gamble Company
beauty-care.com,Procter & Gamble; The Procter & Gamble Company
beauty-counseling.com,Procter & Gamble; The Procter & Gamble Company
beautyaio.com,Procter & Gamble; The Procter & Gamble Company
beautyallyourown.com,Procter & Gamble; The Procter & Gamble Company
beautybrands.com.au,Procter & Gamble
beautybright.com,Procter & Gamble; The Procter & Gamble Company
beautydreamlab.com,Procter & Gamble; The Procter & Gamble Company
beautyfitforaqueen.com,Procter & Gamble; The Procter & Gamble Company
beautyhub.cloud,Procter & Gamble; The Procter & Gamble Company
beautyofexperience.com,Procter & Gamble; The Procter & Gamble Company
beautyreccommended.com,Procter & Gamble; The Procter & Gamble Company
beautyrecomended.com,Procter & Gamble; The Procter & Gamble Company
beautyrecommended.com,Procter & Gamble; The Procter & Gamble Company
beautysphere.com,Procter & Gamble; The Procter & Gamble Company
beautythatneverstops.com,Procter & Gamble; The Procter & Gamble Company
becauseyourehot.com,Procter & Gamble; The Procter & Gamble Company
becombion.com,Procter & Gamble; The Procter & Gamble Company
been-woman.com,Procter & Gamble; The Procter & Gamble Company
been-women.com,Procter & Gamble; The Procter & Gamble Company
beenwoman.com,Procter & Gamble; The Procter & Gamble Company
beenwomen.com,Procter & Gamble; The Procter & Gamble Company
being-me.com,Procter & Gamble; The Procter & Gamble Company
being-woman.com,Procter & Gamble; The Procter & Gamble Company
being-women.com,Procter & Gamble; The Procter & Gamble Company
beingagirl.co.in,Procter & Gamble; primary
beingahero.com,Procter & Gamble; The Procter & Gamble Company
beinggirl-kalambanat.com,Procter & Gamble; The Procter & Gamble Company
beinggirl.ae,Procter & Gamble; primary
beinggirl.asia,Procter & Gamble; The Procter & Gamble Company
beinggirl.at,Procter & Gamble; The Procter & Gamble Company
beinggirl.cc,Procter & Gamble; The Procter & Gamble Company
beinggirl.co.in,Procter & Gamble; primary
beinggirl.com,Procter & Gamble; The Procter & Gamble Company
beinggirl.cz,Procter & Gamble; The Procter & Gamble Company
beinggirl.fr,Procter & Gamble
beinggirl.in,Procter & Gamble; primary
beinggirl.info,Procter & Gamble; The Procter & Gamble Company
beinggirl.mobi,Procter & Gamble; The Procter & Gamble Company
beinggirl.net,Procter & Gamble; The Procter & Gamble Company
beinggirl.ru,Procter & Gamble
beinggirl.tm.fr,Procter & Gamble
beinggirl.us,Procter & Gamble; The Procter & Gamble Company
beinggirlbest.com,Procter & Gamble; The Procter & Gamble Company
beingirl-nigeria.com,Procter & Gamble; The Procter & Gamble Company
beingirl.co.in,Procter & Gamble; primary
beingirl.com,Procter & Gamble; The Procter & Gamble Company
beingirl.net,Procter & Gamble; The Procter & Gamble Company
beingwoman.at,Procter & Gamble; The Procter & Gamble Company
bellaentodaspartes.com,Procter & Gamble; The Procter & Gamble Company
bellezaasualcance.com,Procter & Gamble; The Procter & Gamble Company
bellezadeunpelosano.com,Procter & Gamble; The Procter & Gamble Company
bellomorderelavita.it,Procter & Gamble
benfobion.com,Procter & Gamble; The Procter & Gamble Company
benimbakkalim.com,Procter & Gamble; The Procter & Gamble Company
beradiant.com,Procter & Gamble; The Procter & Gamble Company
best-brush-heads-for-oralb.com,Procter & Gamble; The Procter & Gamble Company
best-brush-heads-for-oralb.info,Procter & Gamble; The Procter & Gamble Company
best-brush-heads-for-oralb.net,Procter & Gamble; The Procter & Gamble Company
best-brush-heads-for-oralb.org,Procter & Gamble; The Procter & Gamble Company
best-brushheads-fororalb.com,Procter & Gamble; The Procter & Gamble Company
best-brushheads-fororalb.info,Procter & Gamble; The Procter & Gamble Company
best-brushheads-fororalb.net,Procter & Gamble; The Procter & Gamble Company
best-brushheads-fororalb.org,Procter & Gamble; The Procter & Gamble Company
bestamancanbe.com,Procter & Gamble; The Procter & Gamble Company
bestamancanbe.org,Procter & Gamble; The Procter & Gamble Company
bestamocanget.com,Procter & Gamble; The Procter & Gamble Company
bestbrushheadsfororalb.com,Procter & Gamble; The Procter & Gamble Company
bestbrushheadsfororalb.info,Procter & Gamble; The Procter & Gamble Company
bestbrushheadsfororalb.net,Procter & Gamble; The Procter & Gamble Company
bestbrushheadsfororalb.org,Procter & Gamble; The Procter & Gamble Company
bestdamnelectricrazor.com,Procter & Gamble; The Procter & Gamble Company
bestdamnelectricrazors.com,Procter & Gamble; The Procter & Gamble Company
bestdamnelectricshaver.com,Procter & Gamble; The Procter & Gamble Company
bestdamnelectricshavers.com,Procter & Gamble; The Procter & Gamble Company
bestdamnrazor.com,Procter & Gamble; The Procter & Gamble Company
bestdamnrazors.com,Procter & Gamble; The Procter & Gamble Company
bestdamnshaver.com,Procter & Gamble; The Procter & Gamble Company
bestdamnshavers.com,Procter & Gamble; The Procter & Gamble Company
bestmencanbe.com,Procter & Gamble; The Procter & Gamble Company
bestshave.com,Procter & Gamble; The Procter & Gamble Company
bethefirsttotry.com,Procter & Gamble; The Procter & Gamble Company
bevel.club,Procter & Gamble; The Procter & Gamble Company
bevel.in,Procter & Gamble; The Procter & Gamble Company
bevel.tv,Procter & Gamble; The Procter & Gamble Company
bevelblade.com,Procter & Gamble; The Procter & Gamble Company
bevelcode.com,Procter & Gamble; The Procter & Gamble Company
bevelcode.in,Procter & Gamble; The Procter & Gamble Company
beveletiquette.com,Procter & Gamble; The Procter & Gamble Company
bevelhater.com,Procter & Gamble; The Procter & Gamble Company
bevelhaters.com,Procter & Gamble; The Procter & Gamble Company
bevelislame.com,Procter & Gamble; The Procter & Gamble Company
bevelisracist.com,Procter & Gamble; The Procter & Gamble Company
bevelisstupid.com,Procter & Gamble; The Procter & Gamble Company
bevelreviews.com,Procter & Gamble; The Procter & Gamble Company
bevelstandard.com,Procter & Gamble; The Procter & Gamble Company
bevelsuck.com,Procter & Gamble; The Procter & Gamble Company
beveltrimmers.com,Procter & Gamble; The Procter & Gamble Company
bevelution.com,Procter & Gamble; The Procter & Gamble Company
bevelwoman.com,Procter & Gamble; The Procter & Gamble Company
bevelwomen.com,Procter & Gamble; The Procter & Gamble Company
bevle.com,Procter & Gamble; The Procter & Gamble Company
bifantis.at,Procter & Gamble; The Procter & Gamble Company
bifantis.com,Procter & Gamble; The Procter & Gamble Company
bingirls.com,Procter & Gamble; The Procter & Gamble Company
bio-fyt.com,Procter & Gamble; The Procter & Gamble Company
bio-sugar.com,Procter & Gamble; The Procter & Gamble Company
bioaktivbeauty.com,Procter & Gamble; The Procter & Gamble Company
biofyt.com,Procter & Gamble; The Procter & Gamble Company
bion-3.com,Procter & Gamble; The Procter & Gamble Company
bion-avance.com,Procter & Gamble; The Procter & Gamble Company
bion3-testen.com,Procter & Gamble; The Procter & Gamble Company
bion3.com,Procter & Gamble; The Procter & Gamble Company
bion3.it,Procter & Gamble
bion3colombia.com,Procter & Gamble; The Procter & Gamble Company
bion3indonesia.com,Procter & Gamble; The Procter & Gamble Company
bion3mangerbouger.fr,Procter & Gamble
biondia.com,Procter & Gamble; The Procter & Gamble Company
bionhcp.com,Procter & Gamble; The Procter & Gamble Company
bionicmom.com,Procter & Gamble; The Procter & Gamble Company
bionprobiotics.com,Procter & Gamble; The Procter & Gamble Company
bionta-vit.com,Procter & Gamble; The Procter & Gamble Company
biontal.com,Procter & Gamble; The Procter & Gamble Company
bis-pg.com,Procter & Gamble; The Procter & Gamble Company
bis-test-pg.com,Procter & Gamble; The Procter & Gamble Company
bis.com,Procter & Gamble; The Procter & Gamble Company
biscopctp.com,Procter & Gamble; The Procter & Gamble Company
bits4beauty.com,Procter & Gamble; The Procter & Gamble Company
bizbleach.com,Procter & Gamble; The Procter & Gamble Company
bizcaj.com,Procter & Gamble; The Procter & Gamble Company
bjsbuy100get25.com,Procter & Gamble; The Procter & Gamble Company
bjsspend100get25.com,Procter & Gamble; The Procter & Gamble Company
bjsspend50get15.com,Procter & Gamble; The Procter & Gamble Company
blancosdeace.com,Procter & Gamble; The Procter & Gamble Company
blend-a-dent.at,Procter & Gamble; The Procter & Gamble Company
blend-a-dent.com,Procter & Gamble; The Procter & Gamble Company
blend-a-med.at,Procter & Gamble; The Procter & Gamble Company
blend-a-med.com,Procter & Gamble; The Procter & Gamble Company
blend-a-med.ru,Procter & Gamble
blendadent.at,Procter & Gamble; The Procter & Gamble Company
blendamed.ru,Procter & Gamble
blendedlives.com,Procter & Gamble; The Procter & Gamble Company
blog-pampers.ru,Procter & Gamble; The Procter & Gamble Company
blondeexpressions.com,Procter & Gamble; The Procter & Gamble Company
bloomplanter.com,Procter & Gamble; The Procter & Gamble Company
blueii.com,Procter & Gamble; The Procter & Gamble Company
bnbk.in,Procter & Gamble; The Procter & Gamble Company
bodewellacne.com,Procter & Gamble; The Procter & Gamble Company
bodewellcare.com,Procter & Gamble; The Procter & Gamble Company
bodewellhealth.com,Procter & Gamble; The Procter & Gamble Company
bodewellskin.com,Procter & Gamble; The Procter & Gamble Company
bodewellskincare.com,Procter & Gamble; The Procter & Gamble Company
bodycruzade.com,Procter & Gamble; The Procter & Gamble Company
bodycruzer.fr,Procter & Gamble
bodyfacts.com,Procter & Gamble; The Procter & Gamble Company
bodyfits.com,Procter & Gamble; The Procter & Gamble Company
bodymates.com,Procter & Gamble; The Procter & Gamble Company
bodymatters.com,Procter & Gamble; The Procter & Gamble Company
bodyspray.com,Procter & Gamble; The Procter & Gamble Company
bodywash.com,Procter & Gamble; The Procter & Gamble Company
bold-detergent.com,Procter & Gamble; The Procter & Gamble Company
bold2in1.com,Procter & Gamble; The Procter & Gamble Company
bold2in1.it,Procter & Gamble
bold2in1.mobi,Procter & Gamble; The Procter & Gamble Company
bold2in1.net,Procter & Gamble; The Procter & Gamble Company
bold2in1.org,Procter & Gamble; The Procter & Gamble Company
boldactionforracialequality.com,Procter & Gamble; The Procter & Gamble Company
boldcaring.com,Procter & Gamble; The Procter & Gamble Company
boldconnect.com,Procter & Gamble; The Procter & Gamble Company
boldfamily.com,Procter & Gamble; The Procter & Gamble Company
boldhugs.com,Procter & Gamble; The Procter & Gamble Company
boldtakesyouhome.com,Procter & Gamble; The Procter & Gamble Company
boldtwoinone.com,Procter & Gamble; The Procter & Gamble Company
bolduplift.com,Procter & Gamble; The Procter & Gamble Company
boldwithlenor.com,Procter & Gamble; The Procter & Gamble Company
bolt2in1.com,Procter & Gamble; The Procter & Gamble Company
bolt2in1.it,Procter & Gamble
bolt2in1.mobi,Procter & Gamble; The Procter & Gamble Company
bolt2in1.net,Procter & Gamble; The Procter & Gamble Company
bolt2in1.org,Procter & Gamble; The Procter & Gamble Company
boltdetersivo.it,Procter & Gamble
bonux.pro,Procter & Gamble; The Procter & Gamble Company
bonuxconnect.com,Procter & Gamble; The Procter & Gamble Company
bookwormfarm.com,Procter & Gamble; The Procter & Gamble Company
bootiq.fr,Procter & Gamble
bootiq.it,Procter & Gamble
bootsaveandshaveclub.com,Procter & Gamble; The Procter & Gamble Company
bootshaveandsaveclub.com,Procter & Gamble; The Procter & Gamble Company
boreoutofthechore.com,Procter & Gamble; The Procter & Gamble Company
boreoutofthechore.us,Procter & Gamble; The Procter & Gamble Company
botanicalssweeps.com,Procter & Gamble; The Procter & Gamble Company
bounce-sheets.com,Procter & Gamble; The Procter & Gamble Company
bounce.asia,Procter & Gamble; The Procter & Gamble Company
bounce.us,Procter & Gamble; The Procter & Gamble Company
bouncebar.com,Procter & Gamble; The Procter & Gamble Company
bouncebrand.com,Procter & Gamble; The Procter & Gamble Company
bounceclothingtouchup.com,Procter & Gamble; The Procter & Gamble Company
bouncecoupon.com,Procter & Gamble; The Procter & Gamble Company
bouncedigitalcoupons.com,Procter & Gamble; The Procter & Gamble Company
bouncedryerbar.com,Procter & Gamble; The Procter & Gamble Company
bounceeverywhere.com,Procter & Gamble; The Procter & Gamble Company
bouncefresh.com,Procter & Gamble; The Procter & Gamble Company
bouncefreshness.com,Procter & Gamble; The Procter & Gamble Company
bouncefreshscents.com,Procter & Gamble; The Procter & Gamble Company
bouncefreshspin.com,Procter & Gamble; The Procter & Gamble Company
bouncelaundry.com,Procter & Gamble; The Procter & Gamble Company
bouncerapidtouchup.com,Procter & Gamble; The Procter & Gamble Company
bouncereadytowear.com,Procter & Gamble; The Procter & Gamble Company
bounceroller.com,Procter & Gamble; The Procter & Gamble Company
bouncesheets.com,Procter & Gamble; The Procter & Gamble Company
bouncespray.com,Procter & Gamble; The Procter & Gamble Company
bouncetouchup.com,Procter & Gamble; The Procter & Gamble Company
bounceverywhere.com,Procter & Gamble; The Procter & Gamble Company
bouncewithfebreeze.com,Procter & Gamble; The Procter & Gamble Company
bouncewithfebreze.com,Procter & Gamble; The Procter & Gamble Company
bouncewrinkleguard.com,Procter & Gamble; The Procter & Gamble Company
bounty-la.com,Procter & Gamble; The Procter & Gamble Company
bounty-towels.com,Procter & Gamble; The Procter & Gamble Company
bounty.mobi,Procter & Gamble; The Procter & Gamble Company
bounty.tel,Procter & Gamble; The Procter & Gamble Company
bountybasic.com,Procter & Gamble; The Procter & Gamble Company
bountybox.com,Procter & Gamble; The Procter & Gamble Company
bountyconnect.com,Procter & Gamble; The Procter & Gamble Company
bountyessentials.com,Procter & Gamble; The Procter & Gamble Company
bountyestampados.com,Procter & Gamble; The Procter & Gamble Company
bountyextra.com,Procter & Gamble; The Procter & Gamble Company
bountyfamilies.com,Procter & Gamble; The Procter & Gamble Company
bountyfamily.com,Procter & Gamble; The Procter & Gamble Company
bountyheavyduty.com,Procter & Gamble; The Procter & Gamble Company
bountyinabox.com,Procter & Gamble; The Procter & Gamble Company
bountyinbox.com,Procter & Gamble; The Procter & Gamble Company
bountykitchenrolls.com,Procter & Gamble; The Procter & Gamble Company
bountymakeamessterpiece.com,Procter & Gamble; The Procter & Gamble Company
bountynapkin.com,Procter & Gamble; The Procter & Gamble Company
bountynapkins.com,Procter & Gamble; The Procter & Gamble Company
bountypapertowel.net,Procter & Gamble; The Procter & Gamble Company
bountypapertowels.com,Procter & Gamble; The Procter & Gamble Company
bountypapertowels.net,Procter & Gamble; The Procter & Gamble Company
bountyprints.com,Procter & Gamble; The Procter & Gamble Company
bountyproducts.com,Procter & Gamble; The Procter & Gamble Company
bountyquilted.com,Procter & Gamble; The Procter & Gamble Company
bountyshoptowels.com,Procter & Gamble; The Procter & Gamble Company
bountyspromise.com,Procter & Gamble; The Procter & Gamble Company
bountysuperduty.com,Procter & Gamble; The Procter & Gamble Company
bountysuperswipes.com,Procter & Gamble
bountyswipes.com,Procter & Gamble
bountytowels.com,Procter & Gamble; The Procter & Gamble Company
bountywet.com,Procter & Gamble; The Procter & Gamble Company
bountywipes.com,Procter & Gamble
bountyworkshop.com,Procter & Gamble; The Procter & Gamble Company
boutiquedevitaminas.com,Procter & Gamble; The Procter & Gamble Company
boycottlumibypampers.com,Procter & Gamble; The Procter & Gamble Company
brandrewards.com,Procter & Gamble; The Procter & Gamble Company
brandsampler.com,Procter & Gamble; The Procter & Gamble Company
brandsamplerformen.com,Procter & Gamble; The Procter & Gamble Company
brandsaver.com,Procter & Gamble; The Procter & Gamble Company
brandsaver500.com,Procter & Gamble; The Procter & Gamble Company
brandsavers.com,Procter & Gamble; The Procter & Gamble Company
braun-audio.com,Procter & Gamble; The Procter & Gamble Company
braun-calculators.com,Procter & Gamble; The Procter & Gamble Company
braun-cashback.com,Procter & Gamble; The Procter & Gamble Company
braun-clocks.com,Procter & Gamble; The Procter & Gamble Company
braun-gillette-jp.com,Procter & Gamble; The Procter & Gamble Company
braun-health.com,Procter & Gamble; The Procter & Gamble Company
braun-healthcare.com,Procter & Gamble; The Procter & Gamble Company
braun-household.com,Procter & Gamble; The Procter & Gamble Company
braun-household.info,Procter & Gamble; The Procter & Gamble Company
braun-household.net,Procter & Gamble; The Procter & Gamble Company
braun-household.org,Procter & Gamble; The Procter & Gamble Company
braun-moneyback.com,Procter & Gamble; The Procter & Gamble Company
braun-oralb-lottery.com,Procter & Gamble; The Procter & Gamble Company
braun-sammlung.info,Procter & Gamble; The Procter & Gamble Company
braun-satisfaitourembourse.fr,Procter & Gamble
braun-satisfaitrembourse.fr,Procter & Gamble
braun-shop.net,Procter & Gamble; The Procter & Gamble Company
braun-soddisfattiorimborsati.it,Procter & Gamble
braun-timepieces.com,Procter & Gamble; The Procter & Gamble Company
braun-tr.com,Procter & Gamble; The Procter & Gamble Company
braun-turkiye.com,Procter & Gamble; The Procter & Gamble Company
braun-watches.com,Procter & Gamble; The Procter & Gamble Company
braun.com,Procter & Gamble; The Procter & Gamble Company
braun.cz,Procter & Gamble; The Procter & Gamble Company
braun.info,Procter & Gamble; The Procter & Gamble Company
braun.ru,Procter & Gamble
braun100.it,Procter & Gamble
braun100ans.fr,Procter & Gamble
braunbuys.com,Procter & Gamble; The Procter & Gamble Company
brauncanada.ca,Procter & Gamble
braunclub.ru,Procter & Gamble
brauncollection.info,Procter & Gamble; The Procter & Gamble Company
brauncontest.com,Procter & Gamble; The Procter & Gamble Company
braunepilasyon.club,Procter & Gamble; The Procter & Gamble Company
braunepilasyon.com,Procter & Gamble; The Procter & Gamble Company
braunepilasyon.online,Procter & Gamble; The Procter & Gamble Company
braunepilateursedp.fr,Procter & Gamble
braunepilator.online,Procter & Gamble; The Procter & Gamble Company
braunfeedback.com,Procter & Gamble; The Procter & Gamble Company
braunfootball.com,Procter & Gamble; The Procter & Gamble Company
braunhaircare.com,Procter & Gamble; The Procter & Gamble Company
braunhaus.it,Procter & Gamble
braunhaushalt.com,Procter & Gamble; The Procter & Gamble Company
braunhealthcare.com,Procter & Gamble; The Procter & Gamble Company
braunhkwarranty.com,Procter & Gamble; The Procter & Gamble Company
braunhousehold.au,Procter & Gamble
braunhousehold.com.au,Procter & Gamble
braunipl.fr,Procter & Gamble
braunitalianfusion.it,Procter & Gamble
braunjuegosgratis.com,Procter & Gamble; The Procter & Gamble Company
braunlife.com,Procter & Gamble; The Procter & Gamble Company
braunminipimer.com,Procter & Gamble; The Procter & Gamble Company
braunnordic.com,Procter & Gamble; The Procter & Gamble Company
braunnordics.com,Procter & Gamble; The Procter & Gamble Company
braunobchod.cz,Procter & Gamble; The Procter & Gamble Company
braunoffreipl.fr,Procter & Gamble
braunoffrerasoir.fr,Procter & Gamble
braunows.com,Procter & Gamble; The Procter & Gamble Company
braunprize.com,Procter & Gamble; The Procter & Gamble Company
braunprize.org,Procter & Gamble; The Procter & Gamble Company
braunrasoirs.fr,Procter & Gamble
braunrewards.com,Procter & Gamble; The Procter & Gamble Company
braunsale.com,Procter & Gamble; The Procter & Gamble Company
braunsammlung.info,Procter & Gamble; The Procter & Gamble Company
braunserialgirl.com,Procter & Gamble; The Procter & Gamble Company
braunserialgirl.net,Procter & Gamble; The Procter & Gamble Company
braunserialgirl.org,Procter & Gamble; The Procter & Gamble Company
braunserialgirls.com,Procter & Gamble; The Procter & Gamble Company
braunserialgirls.net,Procter & Gamble; The Procter & Gamble Company
braunserialgirls.org,Procter & Gamble; The Procter & Gamble Company
braunserialoffice.com,Procter & Gamble; The Procter & Gamble Company
braunserialoffice.net,Procter & Gamble; The Procter & Gamble Company
braunserialoffice.org,Procter & Gamble; The Procter & Gamble Company
braunserialsgirls.com,Procter & Gamble; The Procter & Gamble Company
braunserialsgirls.net,Procter & Gamble; The Procter & Gamble Company
braunserialsgirls.org,Procter & Gamble; The Procter & Gamble Company
braunshop.com,Procter & Gamble; The Procter & Gamble Company
braunsilk-expertipl.com,Procter & Gamble; The Procter & Gamble Company
braunsilkepil.com,Procter & Gamble; The Procter & Gamble Company
braunsilkexpert.com,Procter & Gamble; The Procter & Gamble Company
braunsilkexpertadmin.com,Procter & Gamble; The Procter & Gamble Company
braunsl.com,Procter & Gamble; The Procter & Gamble Company
braunsound.com,Procter & Gamble; The Procter & Gamble Company
braunspeaker.com,Procter & Gamble; The Procter & Gamble Company
brauntestlabs.com,Procter & Gamble; The Procter & Gamble Company
brauntherm.com,Procter & Gamble; The Procter & Gamble Company
brauntherms.com,Procter & Gamble; The Procter & Gamble Company
brauntopgolfsweeps.com,Procter & Gamble; The Procter & Gamble Company
brauntrademarketing.com,Procter & Gamble; The Procter & Gamble Company
brauntrimmer.com,Procter & Gamble; The Procter & Gamble Company
braunturkey.com,Procter & Gamble; The Procter & Gamble Company
braunturkey.site,Procter & Gamble; The Procter & Gamble Company
braunturkiye.com,Procter & Gamble; The Procter & Gamble Company
braunvietnam.net,Procter & Gamble; The Procter & Gamble Company
braunvincibraun.it,Procter & Gamble
breaking-global-news.com,Procter & Gamble; The Procter & Gamble Company
breakthecycleofgingivitis.com,Procter & Gamble; The Procter & Gamble Company
breatheforlifevicks.com,Procter & Gamble; The Procter & Gamble Company
breathehappy.com,Procter & Gamble; The Procter & Gamble Company
breathforlifevicks.com,Procter & Gamble; The Procter & Gamble Company
breathoffreshair.com,Procter & Gamble; The Procter & Gamble Company
bri-pghealth.fr,Procter & Gamble
brighten.com,Procter & Gamble; The Procter & Gamble Company
brightens.com,Procter & Gamble; The Procter & Gamble Company
brighter5.com,Procter & Gamble; The Procter & Gamble Company
brightestmom.com,Procter & Gamble; The Procter & Gamble Company
brilliantwashing.com,Procter & Gamble; The Procter & Gamble Company
bring-on-the-weather.com,Procter & Gamble; The Procter & Gamble Company
bringontheweather.com,Procter & Gamble; The Procter & Gamble Company
britainscleaner.com,Procter & Gamble; The Procter & Gamble Company
brontex.com,Procter & Gamble; The Procter & Gamble Company
brosse-a-dent.com,Procter & Gamble; The Procter & Gamble Company
brosse-a-dent.net,Procter & Gamble; The Procter & Gamble Company
brosse-a-dent.org,Procter & Gamble; The Procter & Gamble Company
brosseadent.com,Procter & Gamble; The Procter & Gamble Company
brosseadent.net,Procter & Gamble; The Procter & Gamble Company
brosseadent.org,Procter & Gamble; The Procter & Gamble Company
brothahoodofshaving.com,Procter & Gamble; The Procter & Gamble Company
brotherhoodofshaving.com,Procter & Gamble; The Procter & Gamble Company
brunetteexpressions.com,Procter & Gamble; The Procter & Gamble Company
brunettexpressions.com,Procter & Gamble; The Procter & Gamble Company
brunneteexpressions.com,Procter & Gamble; The Procter & Gamble Company
brunnetexpressions.com,Procter & Gamble; The Procter & Gamble Company
brunnetteexpressions.com,Procter & Gamble; The Procter & Gamble Company
brunnettexpressions.com,Procter & Gamble; The Procter & Gamble Company
brush-heads.com,Procter & Gamble; The Procter & Gamble Company
brush-heads.info,Procter & Gamble; The Procter & Gamble Company
brush-heads.net,Procter & Gamble; The Procter & Gamble Company
brush-heads.org,Procter & Gamble; The Procter & Gamble Company
brush-refills.com,Procter & Gamble; The Procter & Gamble Company
brush-refills.info,Procter & Gamble; The Procter & Gamble Company
brush-refills.net,Procter & Gamble; The Procter & Gamble Company
brush-refills.org,Procter & Gamble; The Procter & Gamble Company
brush2bewild.com,Procter & Gamble; The Procter & Gamble Company
brush2bwild.com,Procter & Gamble; The Procter & Gamble Company
brushheads.info,Procter & Gamble; The Procter & Gamble Company
brushheads.net,Procter & Gamble; The Procter & Gamble Company
brushingisbelieving.com,Procter & Gamble; The Procter & Gamble Company
brushlyapp.com,Procter & Gamble; The Procter & Gamble Company
brushrefills.com,Procter & Gamble; The Procter & Gamble Company
brushrefills.info,Procter & Gamble; The Procter & Gamble Company
brushrefills.net,Procter & Gamble; The Procter & Gamble Company
brushrefills.org,Procter & Gamble; The Procter & Gamble Company
brushtobewild.com,Procter & Gamble; The Procter & Gamble Company
brushtobwild.com,Procter & Gamble; The Procter & Gamble Company
brushwithromance.com,Procter & Gamble; The Procter & Gamble Company
brushwithromance.mobi,Procter & Gamble; The Procter & Gamble Company
buildingabettercompany.com,Procter & Gamble; The Procter & Gamble Company
buildingabettercompany.org,Procter & Gamble; The Procter & Gamble Company
buildingabettercompany.us,Procter & Gamble; The Procter & Gamble Company
buildingabetterpg.com,Procter & Gamble; The Procter & Gamble Company
buildingabetterpg.org,Procter & Gamble; The Procter & Gamble Company
buildingabetterpg.us,Procter & Gamble; The Procter & Gamble Company
bulle-actu.fr,Procter & Gamble
bundlesoflaundryjoy.com,Procter & Gamble; The Procter & Gamble Company
buy-razors.com,Procter & Gamble; The Procter & Gamble Company
buyalign.com,Procter & Gamble; The Procter & Gamble Company
buyaligngi.com,Procter & Gamble; The Procter & Gamble Company
buybevel.com,Procter & Gamble; The Procter & Gamble Company
buycharmin.com,Procter & Gamble; The Procter & Gamble Company
buycrestemulsions.com,Procter & Gamble; The Procter & Gamble Company
buyembrace.com,Procter & Gamble; The Procter & Gamble Company
buyembracedisposables.com,Procter & Gamble; The Procter & Gamble Company
buyfit.com,Procter & Gamble; The Procter & Gamble Company
buyolayprox.com,Procter & Gamble; The Procter & Gamble Company
buyoralbpower.com,Procter & Gamble; The Procter & Gamble Company
buypgbrands.com,Procter & Gamble; The Procter & Gamble Company
buyzevotrap.com,Procter & Gamble; The Procter & Gamble Company
bybraun.com,Procter & Gamble; The Procter & Gamble Company
bybraun.xyz,Procter & Gamble; The Procter & Gamble Company
cabelloinvencible.com,Procter & Gamble; The Procter & Gamble Company
cabelomisterio.com,Procter & Gamble; The Procter & Gamble Company
cabelopantene.com,Procter & Gamble; The Procter & Gamble Company
cabelopantene.net,Procter & Gamble; The Procter & Gamble Company
cabezaenalto.com,Procter & Gamble; The Procter & Gamble Company
cabezafria.com,Procter & Gamble; The Procter & Gamble Company
cachangelavie.org,Procter & Gamble; The Procter & Gamble Company
cadagotacuenta.com,Procter & Gamble; The Procter & Gamble Company
cadeaupg.com,Procter & Gamble; The Procter & Gamble Company
cadeaupg.fr,Procter & Gamble
cadeauxpg.com,Procter & Gamble; The Procter & Gamble Company
cadeauxpg.fr,Procter & Gamble
calendrierdesregles.fr,Procter & Gamble
camasdowny.com,Procter & Gamble; The Procter & Gamble Company
camay.ru,Procter & Gamble
cambiamarcia.it,Procter & Gamble
cambiateamach3.com,Procter & Gamble; The Procter & Gamble Company
campus-24.info,Procter & Gamble; The Procter & Gamble Company
canary-crest-ca.com,Procter & Gamble; The Procter & Gamble Company
cantcancelmypride.com,Procter & Gamble; The Procter & Gamble Company
capellipantene.com,Procter & Gamble; The Procter & Gamble Company
capellipantene.it,Procter & Gamble
capellipantene.net,Procter & Gamble; The Procter & Gamble Company
capellisorprendenti.it,Procter & Gamble
capessa.com,Procter & Gamble; The Procter & Gamble Company
capessa.net,Procter & Gamble; The Procter & Gamble Company
capessa.org,Procter & Gamble; The Procter & Gamble Company
capessatv.com,Procter & Gamble; The Procter & Gamble Company
capitanescudo.com,Procter & Gamble; The Procter & Gamble Company
capitanesdelfuturo.org,Procter & Gamble; The Procter & Gamble Company
capriphyl.com,Procter & Gamble; The Procter & Gamble Company
carcaremadesimple.com,Procter & Gamble; The Procter & Gamble Company
carcaremadesimple.net,Procter & Gamble; The Procter & Gamble Company
carcaremadesimple.org,Procter & Gamble; The Procter & Gamble Company
carcaremadesimple.us,Procter & Gamble; The Procter & Gamble Company
careerdoor.net,Procter & Gamble; The Procter & Gamble Company
careforscalp.com,Procter & Gamble; The Procter & Gamble Company
careyournerve.com,Procter & Gamble; The Procter & Gamble Company
careyournerves.com,Procter & Gamble; The Procter & Gamble Company
carnavalpantene.com,Procter & Gamble; The Procter & Gamble Company
carnet-rabais.com,Procter & Gamble; The Procter & Gamble Company
carnetrabais.com,Procter & Gamble; The Procter & Gamble Company
casapg.com,Procter & Gamble; The Procter & Gamble Company
casapyg.com,Procter & Gamble; The Procter & Gamble Company
cascade-dish.com,Procter & Gamble; The Procter & Gamble Company
cascadeactionpacks.com,Procter & Gamble; The Procter & Gamble Company
cascadeactionpacs.com,Procter & Gamble; The Procter & Gamble Company
cascadeclean.com,Procter & Gamble; The Procter & Gamble Company
cascadecleans.com,Procter & Gamble; The Procter & Gamble Company
cascadecomplete.com,Procter & Gamble; The Procter & Gamble Company
cascadecrystalclear.com,Procter & Gamble; The Procter & Gamble Company
cascadedigitalcoupons.com,Procter & Gamble; The Procter & Gamble Company
cascadedish.com,Procter & Gamble; The Procter & Gamble Company
cascadedishwashergiveaway.com,Procter & Gamble; The Procter & Gamble Company
cascadedishwashersweeps.com,Procter & Gamble; The Procter & Gamble Company
cascadedoiteverynight.com,Procter & Gamble; The Procter & Gamble Company
cascadefeedsamerica.com,Procter & Gamble; The Procter & Gamble Company
cascademaytagpowerpair.com,Procter & Gamble; The Procter & Gamble Company
cascademoneyback.com,Procter & Gamble; The Procter & Gamble Company
cascaderewards.com,Procter & Gamble; The Procter & Gamble Company
cascadeshine.com,Procter & Gamble; The Procter & Gamble Company
cascadeshines.com,Procter & Gamble; The Procter & Gamble Company
cascadeshineshield.com,Procter & Gamble; The Procter & Gamble Company
cascadesweepstakes.com,Procter & Gamble; The Procter & Gamble Company
cascadetorturetest.com,Procter & Gamble
cascadewithdawn.com,Procter & Gamble; The Procter & Gamble Company
cascaseshineshield.com,Procter & Gamble; The Procter & Gamble Company
cashbackbraun2021.it,Procter & Gamble
cashbackoralbgillette.it,Procter & Gamble
catalogopgp.it,Procter & Gamble
catchkisses.com,Procter & Gamble; The Procter & Gamble Company
catturallergeni.it,Procter & Gamble
cavalcadeofsports.com,Procter & Gamble; The Procter & Gamble Company
cavities.com,Procter & Gamble; The Procter & Gamble Company
cavityfree.com.au,Procter & Gamble
cavityfree.org.au,Procter & Gamble
cdnpg.com,Procter & Gamble; The Procter & Gamble Company
cebion.com,Procter & Gamble; The Procter & Gamble Company
cebion.it,Procter & Gamble
cebionargentina.com,Procter & Gamble; The Procter & Gamble Company
cebionecuador.com,Procter & Gamble; The Procter & Gamble Company
ceemeacv.com,Procter & Gamble; The Procter & Gamble Company
cendigitalreporting.com,Procter & Gamble; The Procter & Gamble Company
cenipres.com,Procter & Gamble; The Procter & Gamble Company
cenitens.com,Procter & Gamble; The Procter & Gamble Company
centpourcentdevotreforme.com,Procter & Gamble; The Procter & Gamble Company
centpourcentforme.com,Procter & Gamble; The Procter & Gamble Company
centraldefansgillette-cl.com,Procter & Gamble; The Procter & Gamble Company
centraldefansgillette.com,Procter & Gamble; The Procter & Gamble Company
centrodelavado.com,Procter & Gamble; The Procter & Gamble Company
ceroacidez.com,Procter & Gamble; The Procter & Gamble Company
certinabladder.com,Procter & Gamble; The Procter & Gamble Company
certinabladdercontrol.com,Procter & Gamble; The Procter & Gamble Company
certinarx.com,Procter & Gamble; The Procter & Gamble Company
certinawomen.com,Procter & Gamble; The Procter & Gamble Company
cespostrack.com,Procter & Gamble; The Procter & Gamble Company
cgvibes.org,Procter & Gamble; The Procter & Gamble Company
chadebebepampers.com,Procter & Gamble; The Procter & Gamble Company
chadefraldascompampers.com,Procter & Gamble; The Procter & Gamble Company
chadefraldaspampers.com,Procter & Gamble; The Procter & Gamble Company
challenge-a-froid.com,Procter & Gamble; The Procter & Gamble Company
challenge-a-froid.fr,Procter & Gamble
challengepgeveryday.com,Procter & Gamble; The Procter & Gamble Company
championscongillette.it,Procter & Gamble
championshipwhites.com,Procter & Gamble; The Procter & Gamble Company
chaque-degre-compte-faites-un-don.com,Procter & Gamble; The Procter & Gamble Company
chaque-degre-compte-faites-un-don.fr,Procter & Gamble
chaque-degre-compte.com,Procter & Gamble; The Procter & Gamble Company
chaque-degre-compte.fr,Procter & Gamble
chaquedegrecompe.com,Procter & Gamble; The Procter & Gamble Company
chaquedegrecompte.com,Procter & Gamble; The Procter & Gamble Company
chaquedegrecompte.fr,Procter & Gamble
charlesepierce.info,Procter & Gamble; The Procter & Gamble Company
charlesepierce.mobi,Procter & Gamble; The Procter & Gamble Company
charlesepierce.net,Procter & Gamble; The Procter & Gamble Company
charlesepierce.org,Procter & Gamble; The Procter & Gamble Company
charlesepierce.us,Procter & Gamble; The Procter & Gamble Company
charlie-banana.com,Procter & Gamble; The Procter & Gamble Company
charlie-banana.net,Procter & Gamble; The Procter & Gamble Company
charlie-banana.org,Procter & Gamble; The Procter & Gamble Company
charlie-banana.us,Procter & Gamble; The Procter & Gamble Company
charliebanana.com.au,Procter & Gamble
charliebanana.fr,Procter & Gamble
charliebanana.in,Procter & Gamble; The Procter & Gamble Company
charliebanana.net,Procter & Gamble; The Procter & Gamble Company
charliebanana.ru,Procter & Gamble; The Procter & Gamble Company
charmin-mexico.com,Procter & Gamble; The Procter & Gamble Company
charmin.asia,Procter & Gamble; The Procter & Gamble Company
charmin.com,Procter & Gamble; The Procter & Gamble Company
charmin.it,Procter & Gamble
charmin.mobi,Procter & Gamble; The Procter & Gamble Company
charmin.tel,Procter & Gamble; The Procter & Gamble Company
charmin.us,Procter & Gamble; The Procter & Gamble Company
charminbaisc.com,Procter & Gamble; The Procter & Gamble Company
charminbasic.com,Procter & Gamble; The Procter & Gamble Company
charminbathrooms.com,Procter & Gamble; The Procter & Gamble Company
charminbestrooms.com,Procter & Gamble; The Procter & Gamble Company
charminconnect.com,Procter & Gamble; The Procter & Gamble Company
charminenespanol.com,Procter & Gamble; The Procter & Gamble Company
charminenjoythego.com,Procter & Gamble; The Procter & Gamble Company
charminfresh.com,Procter & Gamble; The Procter & Gamble Company
charminfreshmates.com,Procter & Gamble; The Procter & Gamble Company
charminlabs.com,Procter & Gamble; The Procter & Gamble Company
charminplus.com,Procter & Gamble; The Procter & Gamble Company
charminpootique.com,Procter & Gamble; The Procter & Gamble Company
charminpoppables.com,Procter & Gamble; The Procter & Gamble Company
charminrelief.com,Procter & Gamble; The Procter & Gamble Company
charminreliefproject.com,Procter & Gamble; The Procter & Gamble Company
charminrestrooms.com,Procter & Gamble; The Procter & Gamble Company
charminrewards.com,Procter & Gamble; The Procter & Gamble Company
charminsensitive.com,Procter & Gamble; The Procter & Gamble Company
charminsenstive.com,Procter & Gamble; The Procter & Gamble Company
charminshop.com,Procter & Gamble; The Procter & Gamble Company
charminshowerfresh.com,Procter & Gamble; The Procter & Gamble Company
charminsolutions.com,Procter & Gamble; The Procter & Gamble Company
charminultra.com,Procter & Gamble; The Procter & Gamble Company
charminultrasoft.com,Procter & Gamble; The Procter & Gamble Company
charminultrastrong.com,Procter & Gamble; The Procter & Gamble Company
cheap-refills.com,Procter & Gamble; The Procter & Gamble Company
cheap-refills.info,Procter & Gamble; The Procter & Gamble Company
cheap-refills.net,Procter & Gamble; The Procter & Gamble Company
cheap-refills.org,Procter & Gamble; The Procter & Gamble Company
cheaprefills.org,Procter & Gamble; The Procter & Gamble Company
cheer.com,Procter & Gamble; The Procter & Gamble Company
cheer.us,Procter & Gamble; The Procter & Gamble Company
cheerdigitalcoupons.com,Procter & Gamble; The Procter & Gamble Company
cheerlaundry.com,Procter & Gamble; The Procter & Gamble Company
cheerrewards.com,Procter & Gamble; The Procter & Gamble Company
cherrypepto.com,Procter & Gamble; The Procter & Gamble Company
chicasdecuidado.com,Procter & Gamble; The Procter & Gamble Company
chicasevax.com,Procter & Gamble; The Procter & Gamble Company
chicatampax.com,Procter & Gamble; The Procter & Gamble Company
childrensafedrinkingwater.com,Procter & Gamble; The Procter & Gamble Company
childrensafedrinkingwater.org,Procter & Gamble; The Procter & Gamble Company
childrensnyquil.com,Procter & Gamble; The Procter & Gamble Company
childrenspepto.com,Procter & Gamble; The Procter & Gamble Company
childrenssafedrinkingwater.com,Procter & Gamble; The Procter & Gamble Company
childrenssafedrinkingwater.org,Procter & Gamble; The Procter & Gamble Company
chilegillette.com,Procter & Gamble; The Procter & Gamble Company
chindialocalapps.com,Procter & Gamble; The Procter & Gamble Company
chistotanamillion.ru,Procter & Gamble; The Procter & Gamble Company
choice-of-refills.com,Procter & Gamble; The Procter & Gamble Company
choice-of-refills.info,Procter & Gamble; The Procter & Gamble Company
choice-of-refills.net,Procter & Gamble; The Procter & Gamble Company
choice-of-refills.org,Procter & Gamble; The Procter & Gamble Company
choiceofrefills.com,Procter & Gamble; The Procter & Gamble Company
choiceofrefills.info,Procter & Gamble; The Procter & Gamble Company
choiceofrefills.net,Procter & Gamble; The Procter & Gamble Company
choiceofrefills.org,Procter & Gamble; The Procter & Gamble Company
chooseyourbounty.com,Procter & Gamble; The Procter & Gamble Company
chwytajdzien.com,Procter & Gamble; The Procter & Gamble Company
cienciaeinnovacionpg.com,Procter & Gamble; The Procter & Gamble Company
cienmillones.com,Procter & Gamble; The Procter & Gamble Company
circmen.com,Procter & Gamble; The Procter & Gamble Company
circulolay.com,Procter & Gamble; The Procter & Gamble Company
circuloolay.com,Procter & Gamble; The Procter & Gamble Company
clairol.co.th,Procter & Gamble
clean.com,Procter & Gamble; The Procter & Gamble Company
cleanbook.com,Procter & Gamble; The Procter & Gamble Company
cleancarwash.com,Procter & Gamble; The Procter & Gamble Company
cleanerclose.com,Procter & Gamble; The Procter & Gamble Company
cleaninghelp.com,Procter & Gamble; The Procter & Gamble Company
cleaningpods.com,Procter & Gamble; The Procter & Gamble Company
cleans.com,Procter & Gamble; The Procter & Gamble Company
cleanseprotectresolve.com,Procter & Gamble; The Procter & Gamble Company
cleansingduos.com,Procter & Gamble; The Procter & Gamble Company
cleansupholdsup.com,Procter & Gamble; The Procter & Gamble Company
cleanvillage.com,Procter & Gamble; The Procter & Gamble Company
cleanwithoutplastic.com,Procter & Gamble; The Procter & Gamble Company
clenzaire.com,Procter & Gamble; The Procter & Gamble Company
clicbrush.com,Procter & Gamble; The Procter & Gamble Company
clicbrush.com.au,Procter & Gamble
clicbrush.com.ru,Procter & Gamble; The Procter & Gamble Company
clicbrush.cz,Procter & Gamble; The Procter & Gamble Company
clicbrush.fr,Procter & Gamble
clicbrush.in,Procter & Gamble; The Procter & Gamble Company
clicbrush.info,Procter & Gamble; The Procter & Gamble Company
clicbrush.it,Procter & Gamble
clicbrush.net,Procter & Gamble; The Procter & Gamble Company
clicbrush.org,Procter & Gamble; The Procter & Gamble Company
clicbrush.ru,Procter & Gamble; The Procter & Gamble Company
clicbrush.us,Procter & Gamble; The Procter & Gamble Company
clicbrushing.us,Procter & Gamble; The Procter & Gamble Company
clictoothbrush.co.in,Procter & Gamble; The Procter & Gamble Company
clictoothbrush.com,Procter & Gamble; The Procter & Gamble Company
clictoothbrush.com.au,Procter & Gamble
clictoothbrush.com.ru,Procter & Gamble; The Procter & Gamble Company
clictoothbrush.cz,Procter & Gamble; The Procter & Gamble Company
clictoothbrush.fi,Procter & Gamble; The Procter & Gamble Company
clictoothbrush.fr,Procter & Gamble
clictoothbrush.in,Procter & Gamble; The Procter & Gamble Company
clictoothbrush.info,Procter & Gamble; The Procter & Gamble Company
clictoothbrush.it,Procter & Gamble
clictoothbrush.org,Procter & Gamble; The Procter & Gamble Company
clictoothbrush.ru,Procter & Gamble; The Procter & Gamble Company
clictoothbrush.us,Procter & Gamble; The Procter & Gamble Company
clinical-pro-health.com,Procter & Gamble; The Procter & Gamble Company
clinical-prohealth.com,Procter & Gamble; The Procter & Gamble Company
clinicalprohealth.com,Procter & Gamble; The Procter & Gamble Company
clinicalstrengthprotection.com,Procter & Gamble; The Procter & Gamble Company
clinicalsystemsamples.com,Procter & Gamble; The Procter & Gamble Company
clnrdish.com,Procter & Gamble; The Procter & Gamble Company
closethechoregap.com,Procter & Gamble; The Procter & Gamble Company
clothdiaperdetergent.com,Procter & Gamble; The Procter & Gamble Company
clothdiapertide.com,Procter & Gamble; The Procter & Gamble Company
clothdiaperwash.com,Procter & Gamble; The Procter & Gamble Company
clotheslinefresh.com,Procter & Gamble; The Procter & Gamble Company
cloud-pg.com,Procter & Gamble; The Procter & Gamble Company
clubdeprobadoras.com,Procter & Gamble; The Procter & Gamble Company
clubdesideri.it,Procter & Gamble
clubmamansalways.com,Procter & Gamble; The Procter & Gamble Company
clubolay-th.com,Procter & Gamble; The Procter & Gamble Company
clubpampers.com,Procter & Gamble; The Procter & Gamble Company
clubprobadoras.com,Procter & Gamble; The Procter & Gamble Company
clubsupertienda.com,Procter & Gamble; The Procter & Gamble Company
clubtutienda.com,Procter & Gamble; The Procter & Gamble Company
cn-cloud-pg.com,Procter & Gamble; The Procter & Gamble Company
cn-ext-cloud-pg.com,Procter & Gamble; The Procter & Gamble Company
cn-ext-nonprod-cloud-pg.com,Procter & Gamble; The Procter & Gamble Company
cn-nonprod-cloud-pg.com,Procter & Gamble; The Procter & Gamble Company
cn-np-cloud-pg.com,Procter & Gamble; The Procter & Gamble Company
cn-x-cloud-pg.com,Procter & Gamble; The Procter & Gamble Company
cn-xnp-cloud-pg.com,Procter & Gamble; The Procter & Gamble Company
cocokara-pg-pampers-56cp.com,Procter & Gamble; The Procter & Gamble Company
codigomaniagillette.com,Procter & Gamble; The Procter & Gamble Company
codigosdeljuegodegillette.com,Procter & Gamble; The Procter & Gamble Company
coffeechatlive.com,Procter & Gamble; The Procter & Gamble Company
cold-wash-challenge.com,Procter & Gamble; The Procter & Gamble Company
cold-wash-challenge.fr,Procter & Gamble
coldcanclean.com,Procter & Gamble; The Procter & Gamble Company
coldcare.com,Procter & Gamble; The Procter & Gamble Company
coldisthenewhot.com,Procter & Gamble; The Procter & Gamble Company
coldwaterchallenge.com,Procter & Gamble; The Procter & Gamble Company
coldwaterclean.com,Procter & Gamble; The Procter & Gamble Company
coldwatersavings.com,Procter & Gamble; The Procter & Gamble Company
coleccion-braun.info,Procter & Gamble; The Procter & Gamble Company
colombianasdehierro.com,Procter & Gamble; The Procter & Gamble Company
colombianosdehierro.com,Procter & Gamble; The Procter & Gamble Company
coloresvivos.com,Procter & Gamble; The Procter & Gamble Company
colorsource.com,Procter & Gamble; The Procter & Gamble Company
colorsourceonline.com,Procter & Gamble; The Procter & Gamble Company
comfrelieve.com,Procter & Gamble; The Procter & Gamble Company
comfrielieve.com,Procter & Gamble; The Procter & Gamble Company
comolavar.com,Procter & Gamble; The Procter & Gamble Company
compakfraich.com,Procter & Gamble; The Procter & Gamble Company
compakfresh.com,Procter & Gamble; The Procter & Gamble Company
compartirhogar.com,Procter & Gamble; The Procter & Gamble Company
compartirhogartedavida.com,Procter & Gamble; The Procter & Gamble Company
complete-women.com,Procter & Gamble; The Procter & Gamble Company
complexion.com,Procter & Gamble; The Procter & Gamble Company
complimentsguaranteed.com,Procter & Gamble; The Procter & Gamble Company
comprailtuodash.it,Procter & Gamble
compravip.info,Procter & Gamble; The Procter & Gamble Company
compravips.com,Procter & Gamble; The Procter & Gamble Company
comprayllevate.com,Procter & Gamble; The Procter & Gamble Company
comprayllevatemax.com,Procter & Gamble; The Procter & Gamble Company
comprayrecibe.com,Procter & Gamble; The Procter & Gamble Company
comunidadpampers.com,Procter & Gamble; The Procter & Gamble Company
conceptfoods.us,Procter & Gamble; primary
concorsobraun100.it,Procter & Gamble
concorsolestelledelpulito.it,Procter & Gamble
condition.com,Procter & Gamble; The Procter & Gamble Company
conditioner.com,Procter & Gamble; The Procter & Gamble Company
conectafarmapg.com,Procter & Gamble; The Procter & Gamble Company
confiaentuseleccion.com,Procter & Gamble; The Procter & Gamble Company
confiancecrest.com,Procter & Gamble; The Procter & Gamble Company
connectedbabycare.com,Procter & Gamble; The Procter & Gamble Company
connectedcare.ae,Procter & Gamble; The Procter & Gamble Company
connectedcare.fr,Procter & Gamble
connectedcare.ru,Procter & Gamble; The Procter & Gamble Company
connectedlaundry.com,Procter & Gamble; The Procter & Gamble Company
connectwithpg.com,Procter & Gamble; The Procter & Gamble Company
conoceadiego.com,Procter & Gamble; The Procter & Gamble Company
conquercavities.net,Procter & Gamble
conquercavities2gether.com,Procter & Gamble
conquercavitiestogether.com,Procter & Gamble; The Procter & Gamble Company
conqueringcavities.com,Procter & Gamble
consejerasdelhogar.com,Procter & Gamble; The Procter & Gamble Company
consideryourelfselfwarned.com,Procter & Gamble; The Procter & Gamble Company
consideryourelfwarned.com,Procter & Gamble; The Procter & Gamble Company
consideryourselfelfwarned.com,Procter & Gamble; The Procter & Gamble Company
consideryourselfwarned.com,Procter & Gamble; The Procter & Gamble Company
consumeraisle.com,Procter & Gamble; The Procter & Gamble Company
consumeraisles.com,Procter & Gamble; The Procter & Gamble Company
consumerhealthdata.com,Procter & Gamble; The Procter & Gamble Company
consumersampling.com,Procter & Gamble; The Procter & Gamble Company
consumershare.com,Procter & Gamble; The Procter & Gamble Company
convierteteenleyenda.com,Procter & Gamble; The Procter & Gamble Company
cool-explosion.com,Procter & Gamble; The Procter & Gamble Company
cool-explosions.com,Procter & Gamble; The Procter & Gamble Company
coolexplosions.com,Procter & Gamble; The Procter & Gamble Company
coolexplotions.com,Procter & Gamble; The Procter & Gamble Company
coolhouse.com,Procter & Gamble; The Procter & Gamble Company
coolwash.at,Procter & Gamble; primary
coolwash.com,Procter & Gamble; The Procter & Gamble Company
coolwash.it,Procter & Gamble
coolwaterchallenge.com,Procter & Gamble; The Procter & Gamble Company
coquitoblog.com,Procter & Gamble; The Procter & Gamble Company
couchepampers.com,Procter & Gamble; The Procter & Gamble Company
couches-pampers-activefit.com,Procter & Gamble; The Procter & Gamble Company
couchespampers.com,Procter & Gamble; The Procter & Gamble Company
couchespamperspascheres.com,Procter & Gamble; The Procter & Gamble Company
cough.com,Procter & Gamble; The Procter & Gamble Company
coughbreaker.com,Procter & Gamble; The Procter & Gamble Company
coughcold.com,Procter & Gamble; The Procter & Gamble Company
couponsdereduction.com,Procter & Gamble; The Procter & Gamble Company
covergirlvibes.org,Procter & Gamble; The Procter & Gamble Company
createheroes.com,Procter & Gamble; The Procter & Gamble Company
createmomstory.com,Procter & Gamble; The Procter & Gamble Company
creditcrunchbrands.com,Procter & Gamble; The Procter & Gamble Company
creditcrunchbustingbrands.com,Procter & Gamble; The Procter & Gamble Company
creditcrunchingbrands.com,Procter & Gamble; The Procter & Gamble Company
crest-3d-white.com,Procter & Gamble; The Procter & Gamble Company
crest-3dwhite.com,Procter & Gamble; The Procter & Gamble Company
crest-bg.com,Procter & Gamble; The Procter & Gamble Company
crest-glide.com,Procter & Gamble; The Procter & Gamble Company
crest-iq.com,Procter & Gamble; The Procter & Gamble Company
crest-la.com,Procter & Gamble; The Procter & Gamble Company
crest-oralb-institute-farsi.com,Procter & Gamble; The Procter & Gamble Company
crest-oralb-institute-fr.com,Procter & Gamble; The Procter & Gamble Company
crest-oralb.ae,Procter & Gamble; The Procter & Gamble Company
crest-re.com,Procter & Gamble; The Procter & Gamble Company
crest-rebate.com,Procter & Gamble; The Procter & Gamble Company
crest-smile.com,Procter & Gamble; The Procter & Gamble Company
crest-whitestrips.net,Procter & Gamble; The Procter & Gamble Company
crest-wow.com,Procter & Gamble; The Procter & Gamble Company
crest.asia,Procter & Gamble; The Procter & Gamble Company
crest.com,Procter & Gamble; The Procter & Gamble Company
crest.mobi,Procter & Gamble; The Procter & Gamble Company
crest.ru,Procter & Gamble
crest.us,Procter & Gamble; The Procter & Gamble Company
crest3d-white.com,Procter & Gamble; The Procter & Gamble Company
crest3dbest.com,Procter & Gamble; The Procter & Gamble Company
crest3dwhite.com,Procter & Gamble; The Procter & Gamble Company
crest3dwhitestrips-au.com,Procter & Gamble; The Procter & Gamble Company
crestaliento.com,Procter & Gamble; The Procter & Gamble Company
crestalignercare.com,Procter & Gamble; The Procter & Gamble Company
crestaligners.com,Procter & Gamble; The Procter & Gamble Company
crestandoralb.com,Procter & Gamble; The Procter & Gamble Company
crestbg.com,Procter & Gamble; The Procter & Gamble Company
crestbraces.com,Procter & Gamble; The Procter & Gamble Company
crestbracescare.com,Procter & Gamble; The Procter & Gamble Company
crestcanada.com,Procter & Gamble; The Procter & Gamble Company
crestce.com,Procter & Gamble; The Procter & Gamble Company
crestcomplete.com,Procter & Gamble; The Procter & Gamble Company
crestconfidence.com,Procter & Gamble; The Procter & Gamble Company
crestcoupon.com,Procter & Gamble; The Procter & Gamble Company
crestdailymulticare.mobi,Procter & Gamble; The Procter & Gamble Company
crestdentalcare.com,Procter & Gamble; The Procter & Gamble Company
crestdentalplan.com,Procter & Gamble; The Procter & Gamble Company
crestdirect.com,Procter & Gamble; The Procter & Gamble Company
crestextreme.com,Procter & Gamble; The Procter & Gamble Company
crestextremeiq.com,Procter & Gamble; The Procter & Gamble Company
crestextremeiqtest.com,Procter & Gamble; The Procter & Gamble Company
crestfiveminutewhitening.com,Procter & Gamble; The Procter & Gamble Company
crestfreshexpression.com,Procter & Gamble; The Procter & Gamble Company
crestglide.com,Procter & Gamble; The Procter & Gamble Company
cresthealthysmile.com,Procter & Gamble; The Procter & Gamble Company
cresthealthysmile.net,Procter & Gamble; The Procter & Gamble Company
cresthealthysmile.org,Procter & Gamble; The Procter & Gamble Company
cresthealthysmile2010.org,Procter & Gamble; The Procter & Gamble Company
cresthealthysmiles.com,Procter & Gamble; The Procter & Gamble Company
cresthealthysmiles.net,Procter & Gamble; The Procter & Gamble Company
cresthealthysmiles2010.org,Procter & Gamble; The Procter & Gamble Company
cresthrvatska.com,Procter & Gamble; The Procter & Gamble Company
crestiq.com,Procter & Gamble; The Procter & Gamble Company
crestiqtest.com,Procter & Gamble; The Procter & Gamble Company
crestirresistible.com,Procter & Gamble; The Procter & Gamble Company
crestirresistibleiq.com,Procter & Gamble; The Procter & Gamble Company
crestkids.com,Procter & Gamble; The Procter & Gamble Company
crestkidscavityprotection.com,Procter & Gamble; The Procter & Gamble Company
crestkidsstrawberry.com,Procter & Gamble; The Procter & Gamble Company
crestla.com,Procter & Gamble; The Procter & Gamble Company
crestlearningcenter.com,Procter & Gamble; The Procter & Gamble Company
crestmulticare.com,Procter & Gamble; The Procter & Gamble Company
crestnighteffects.com,Procter & Gamble; The Procter & Gamble Company
crestoralbarabia.com,Procter & Gamble; The Procter & Gamble Company
crestoralbclinical.com,Procter & Gamble; The Procter & Gamble Company
crestoralbexperience.com,Procter & Gamble; The Procter & Gamble Company
crestoralbinstantwin.com,Procter & Gamble; The Procter & Gamble Company
crestoralbpro.com,Procter & Gamble; The Procter & Gamble Company
crestoralbprofessional.com,Procter & Gamble; The Procter & Gamble Company
crestoralbproprize.com,Procter & Gamble; The Procter & Gamble Company
crestoralbproshop.com,Procter & Gamble; The Procter & Gamble Company
crestoralbrebate.com,Procter & Gamble; The Procter & Gamble Company
crestoralbrebate20.com,Procter & Gamble; The Procter & Gamble Company
crestoralbshop.com,Procter & Gamble; The Procter & Gamble Company
crestoralbvirtualbooth.com,Procter & Gamble; The Procter & Gamble Company
crestplusscope.com,Procter & Gamble; The Procter & Gamble Company
crestplusscopeextreme.com,Procter & Gamble; The Procter & Gamble Company
crestpro-health.com,Procter & Gamble; The Procter & Gamble Company
crestprohealth.com,Procter & Gamble; The Procter & Gamble Company
crestprohealth.mobi,Procter & Gamble; The Procter & Gamble Company
crestprohealthbreathmist.com,Procter & Gamble; The Procter & Gamble Company
crestprohealthfeedback.com,Procter & Gamble; The Procter & Gamble Company
crestprohealthstories.com,Procter & Gamble; The Procter & Gamble Company
crestprosante.com,Procter & Gamble; The Procter & Gamble Company
crestre.com,Procter & Gamble; The Procter & Gamble Company
crestrealstories.com,Procter & Gamble; The Procter & Gamble Company
crestrebate.com,Procter & Gamble; The Procter & Gamble Company
crestrejuvenatingeffects.com,Procter & Gamble; The Procter & Gamble Company
crestreunion.mobi,Procter & Gamble; The Procter & Gamble Company
crestscopeconcentrate.com,Procter & Gamble; The Procter & Gamble Company
crestscopeextreme.com,Procter & Gamble; The Procter & Gamble Company
crestscopemouthwashconcentrate.com,Procter & Gamble; The Procter & Gamble Company
crestscopeportablebreath.com,Procter & Gamble; The Procter & Gamble Company
crestsensistop.com,Procter & Gamble; The Procter & Gamble Company
crestsmile.com,Procter & Gamble; The Procter & Gamble Company
crestsmiles.com,Procter & Gamble; The Procter & Gamble Company
crestspinbrush.com,Procter & Gamble; The Procter & Gamble Company
crestspinbrush.net,Procter & Gamble; The Procter & Gamble Company
crestspinbrush.org,Procter & Gamble; The Procter & Gamble Company
crestspinbrush.us,Procter & Gamble; The Procter & Gamble Company
cresttoothfairy.com,Procter & Gamble; The Procter & Gamble Company
cresttoothpaste.com,Procter & Gamble; The Procter & Gamble Company
crestwhitehotsmile.com,Procter & Gamble; The Procter & Gamble Company
crestwhitehotsummer.com,Procter & Gamble; The Procter & Gamble Company
crestwhiteningrinse.com,Procter & Gamble; The Procter & Gamble Company
crestwhiteningstripsdublin.com,Procter & Gamble; The Procter & Gamble Company
crestwhitesmile.com,Procter & Gamble; The Procter & Gamble Company
crestwhitestrip.com,Procter & Gamble; The Procter & Gamble Company
crestwhitestriprebate.com,Procter & Gamble; The Procter & Gamble Company
crestwhitestrips.com,Procter & Gamble; The Procter & Gamble Company
crestwhitestrips.fr,Procter & Gamble
crestwhitestrips.it,Procter & Gamble
crestwhitestrips.us,Procter & Gamble; The Procter & Gamble Company
crestwhitestripsaustralia.com,Procter & Gamble; The Procter & Gamble Company
crestwhitestripseurope.com,Procter & Gamble; The Procter & Gamble Company
crestwhitestripsnorge.com,Procter & Gamble; The Procter & Gamble Company
crestwhitestripsrebate.com,Procter & Gamble; The Procter & Gamble Company
crestwhitestripssuomi.com,Procter & Gamble; The Procter & Gamble Company
crestwhitestripssverige.com,Procter & Gamble; The Procter & Gamble Company
crestwow.com,Procter & Gamble; The Procter & Gamble Company
crossaction.com,Procter & Gamble; The Procter & Gamble Company
crossactionpower.com,Procter & Gamble; The Procter & Gamble Company
crownheadshaver.com,Procter & Gamble; The Procter & Gamble Company
crownsofheritage.com,Procter & Gamble; The Procter & Gamble Company
cruisers360sample.com,Procter & Gamble; The Procter & Gamble Company
cs-external.com,Procter & Gamble; The Procter & Gamble Company
csdw.com,Procter & Gamble; The Procter & Gamble Company
csdw.org,Procter & Gamble; The Procter & Gamble Company
csdwretiredofficers.com,Procter & Gamble; The Procter & Gamble Company
csdwretiredofficers.net,Procter & Gamble; The Procter & Gamble Company
csdwretiredofficers.org,Procter & Gamble; The Procter & Gamble Company
cueheadshaver.com,Procter & Gamble; The Procter & Gamble Company
cuidadodelhierro.com,Procter & Gamble; The Procter & Gamble Company
cuidatusnervios.com,Procter & Gamble; The Procter & Gamble Company
culexplosion.com,Procter & Gamble; The Procter & Gamble Company
culinarysol.com,Procter & Gamble; The Procter & Gamble Company
cupep.com,Procter & Gamble; The Procter & Gamble Company
curabion.com,Procter & Gamble; The Procter & Gamble Company
curacasatirimborsa.it,Procter & Gamble
customized4u.com,Procter & Gamble; The Procter & Gamble Company
customtide.com,Procter & Gamble; The Procter & Gamble Company
cyclelogical.com,Procter & Gamble; The Procter & Gamble Company
dadsunited.com,Procter & Gamble; The Procter & Gamble Company
dailyfacials.com,Procter & Gamble; The Procter & Gamble Company
dailymulticare.com,Procter & Gamble; The Procter & Gamble Company
dalegraciasamama.com,Procter & Gamble; The Procter & Gamble Company
damage-rescue.com,Procter & Gamble; The Procter & Gamble Company
damagerescue.com,Procter & Gamble; The Procter & Gamble Company
dandruff-anonymous.com,Procter & Gamble; The Procter & Gamble Company
dandruff-free.com,Procter & Gamble; The Procter & Gamble Company
dandruff.com,Procter & Gamble; The Procter & Gamble Company
dandruffanonymous.com,Procter & Gamble; The Procter & Gamble Company
danke-mama.at,Procter & Gamble; The Procter & Gamble Company
danke-mama.com,Procter & Gamble; The Procter & Gamble Company
dankemama.at,Procter & Gamble; The Procter & Gamble Company
dankemama.com,Procter & Gamble; The Procter & Gamble Company
darrendives.org,Procter & Gamble
dash-wash.com,Procter & Gamble; The Procter & Gamble Company
dash-wash.net,Procter & Gamble; The Procter & Gamble Company
dash.com,Procter & Gamble; The Procter & Gamble Company
dash.fr,Procter & Gamble
dash.it,Procter & Gamble
dash.pro,Procter & Gamble; The Procter & Gamble Company
dash.tm.fr,Procter & Gamble; The Procter & Gamble Company
dash2en1.com,Procter & Gamble; The Procter & Gamble Company
dash2in1.com,Procter & Gamble; The Procter & Gamble Company
dash2in1.net,Procter & Gamble; The Procter & Gamble Company
dashlanaedelicati.it,Procter & Gamble
dashlenorperiltuobambino.it,Procter & Gamble
dashnonsicambia.it,Procter & Gamble
dasholympics.com,Procter & Gamble; The Procter & Gamble Company
dashprofessionalregalalenor.it,Procter & Gamble
dashpromo.it,Procter & Gamble
dashregaladash.it,Procter & Gamble
dashsitcom.it,Procter & Gamble
dashsmacchiatore.it,Procter & Gamble
dashtouten1.com,Procter & Gamble; The Procter & Gamble Company
dashvincilaspesa.it,Procter & Gamble
dashwash.com,Procter & Gamble; The Procter & Gamble Company
dashwash.net,Procter & Gamble; The Procter & Gamble Company
dashwash.org,Procter & Gamble; The Procter & Gamble Company
davidstaylor.info,Procter & Gamble; The Procter & Gamble Company
davidstaylor.mobi,Procter & Gamble; The Procter & Gamble Company
davidstaylor.net,Procter & Gamble; The Procter & Gamble Company
davidstaylor.org,Procter & Gamble; The Procter & Gamble Company
davidstaylor.us,Procter & Gamble; The Procter & Gamble Company
dawn-dish.com,Procter & Gamble; The Procter & Gamble Company
dawn-gets-grease.com,Procter & Gamble; The Procter & Gamble Company
dawn-gets-liquid.com,Procter & Gamble; The Procter & Gamble Company
dawn-liquid.com,Procter & Gamble; The Procter & Gamble Company
dawn-mexico.com,Procter & Gamble; The Procter & Gamble Company
dawn.us,Procter & Gamble; The Procter & Gamble Company
dawn10x.com,Procter & Gamble; The Procter & Gamble Company
dawnbleachalternative.com,Procter & Gamble; The Procter & Gamble Company
dawncelebrations.com,Procter & Gamble; The Procter & Gamble Company
dawncomplete.com,Procter & Gamble; The Procter & Gamble Company
dawnconnect.com,Procter & Gamble; The Procter & Gamble Company
dawncouponoffer.com,Procter & Gamble; The Procter & Gamble Company
dawndifferences.com,Procter & Gamble; The Procter & Gamble Company
dawndirectfoam.com,Procter & Gamble; The Procter & Gamble Company
dawndish.com,Procter & Gamble; The Procter & Gamble Company
dawndishbrush.com,Procter & Gamble; The Procter & Gamble Company
dawnduckpromo.com,Procter & Gamble; The Procter & Gamble Company
dawnducks.com,Procter & Gamble; The Procter & Gamble Company
dawnenespanol.com,Procter & Gamble; The Procter & Gamble Company
dawnguarantee.com,Procter & Gamble; The Procter & Gamble Company
dawnhandoff.com,Procter & Gamble; The Procter & Gamble Company
dawnhandrenewal.com,Procter & Gamble; The Procter & Gamble Company
dawnliftaction.com,Procter & Gamble; The Procter & Gamble Company
dawnodoreraser.com,Procter & Gamble; The Procter & Gamble Company
dawnoxi.com,Procter & Gamble; The Procter & Gamble Company
dawnoxy.com,Procter & Gamble; The Procter & Gamble Company
dawnplastic.com,Procter & Gamble; The Procter & Gamble Company
dawnplus.com,Procter & Gamble; The Procter & Gamble Company
dawnpowerbrush.com,Procter & Gamble; The Procter & Gamble Company
dawnpowerdishbrush.com,Procter & Gamble; The Procter & Gamble Company
dawnpowerdissolver.com,Procter & Gamble; The Procter & Gamble Company
dawnpowerscrubbers.com,Procter & Gamble; The Procter & Gamble Company
dawnprof.com,Procter & Gamble; The Procter & Gamble Company
dawnprofessional.com,Procter & Gamble; The Procter & Gamble Company
dawnpromise.com,Procter & Gamble; The Procter & Gamble Company
dawnpromises.com,Procter & Gamble; The Procter & Gamble Company
dawnrecetas.com,Procter & Gamble; The Procter & Gamble Company
dawnreleased.com,Procter & Gamble; The Procter & Gamble Company
dawnreleases.com,Procter & Gamble; The Procter & Gamble Company
dawnrewards.com,Procter & Gamble; The Procter & Gamble Company
dawnsalvafauna.com,Procter & Gamble; The Procter & Gamble Company
dawnsauvelafaune.com,Procter & Gamble; The Procter & Gamble Company
dawnsavedwildlife.com,Procter & Gamble; The Procter & Gamble Company
dawnsaves.com,Procter & Gamble; The Procter & Gamble Company
dawnsaveswildflife.org,Procter & Gamble; The Procter & Gamble Company
dawnsaveswildlife.com,Procter & Gamble; The Procter & Gamble Company
dawnsavewilife.com,Procter & Gamble; The Procter & Gamble Company
dawnsavings.com,Procter & Gamble; The Procter & Gamble Company
dawnsavingwildlife.com,Procter & Gamble; The Procter & Gamble Company
dawnsavwildlife.com,Procter & Gamble; The Procter & Gamble Company
dawnsimplepleasure.com,Procter & Gamble; The Procter & Gamble Company
dawnsimplepleasures.com,Procter & Gamble; The Procter & Gamble Company
dawntophands.com,Procter & Gamble; The Procter & Gamble Company
dawnultravalue.com,Procter & Gamble; The Procter & Gamble Company
dawnwashandtoss.com,Procter & Gamble; The Procter & Gamble Company
dawnwashntoss.com,Procter & Gamble; The Procter & Gamble Company
dawnwashtoss.com,Procter & Gamble; The Procter & Gamble Company
dawnwithcascade.com,Procter & Gamble; The Procter & Gamble Company
dayburn.com,Procter & Gamble; The Procter & Gamble Company
dayquil.com,Procter & Gamble; The Procter & Gamble Company
dayquil.net,Procter & Gamble; The Procter & Gamble Company
dayquil.us,Procter & Gamble; The Procter & Gamble Company
dazdogs.com,Procter & Gamble; The Procter & Gamble Company
dazsoapclub.com,Procter & Gamble; The Procter & Gamble Company
decisioncockpits.com,Procter & Gamble; The Procter & Gamble Company
decouvrezlasplendeur.com,Procter & Gamble; The Procter & Gamble Company
deepliketroy.com,Procter & Gamble; The Procter & Gamble Company
deepliketroy.net,Procter & Gamble; The Procter & Gamble Company
deepliketroy.org,Procter & Gamble; The Procter & Gamble Company
defi30joursoralb.fr,Procter & Gamble
defipetitefeuille.com,Procter & Gamble; The Procter & Gamble Company
dehatersalovers.com,Procter & Gamble; The Procter & Gamble Company
delhaize-win.com,Procter & Gamble; The Procter & Gamble Company
demiform.com,Procter & Gamble; The Procter & Gamble Company
denedimbiliyorum.com,Procter & Gamble; The Procter & Gamble Company
denedimbiliyorum.net,Procter & Gamble; The Procter & Gamble Company
denedimgordum.com,Procter & Gamble; The Procter & Gamble Company
dental-whitening-smile.com,Procter & Gamble; The Procter & Gamble Company
dentalcare-aus.com.au,Procter & Gamble
dentalcare.at,Procter & Gamble; The Procter & Gamble Company
dentalcare.com,Procter & Gamble; The Procter & Gamble Company
dentalcare.fi,Procter & Gamble
dentalcare.fr,Procter & Gamble
dentalcare.mobi,Procter & Gamble; The Procter & Gamble Company
dentalcare.ru,Procter & Gamble
dentalcareargentina.com,Procter & Gamble; The Procter & Gamble Company
dentalcarebrasil.com,Procter & Gamble; The Procter & Gamble Company
dentalcarechile.com,Procter & Gamble; The Procter & Gamble Company
dentalcarecolombia.com,Procter & Gamble; The Procter & Gamble Company
dentalcareemail.com,Procter & Gamble; The Procter & Gamble Company
dentalcarela.com,Procter & Gamble; The Procter & Gamble Company
dentalcarelatam.com,Procter & Gamble; The Procter & Gamble Company
dentalcarelatinoamerica.com,Procter & Gamble; The Procter & Gamble Company
dentalcaresweepstakes.com,Procter & Gamble; The Procter & Gamble Company
dentalcaretraining.com,Procter & Gamble; The Procter & Gamble Company
dentalcarevenezuela.com,Procter & Gamble; The Procter & Gamble Company
dentaldays.fi,Procter & Gamble
dentaldays.it,Procter & Gamble
dentaldots.com,Procter & Gamble; The Procter & Gamble Company
dentaleducationprogram.com,Procter & Gamble; The Procter & Gamble Company
dentalhygienenewsonline.com,Procter & Gamble; The Procter & Gamble Company
dentalhygienistnews.com,Procter & Gamble; The Procter & Gamble Company
dentalhygienistnewsonline.com,Procter & Gamble; The Procter & Gamble Company
dentalresourcenet.ru,Procter & Gamble
dentureliving.com,Procter & Gamble; The Procter & Gamble Company
dentures.com,Procter & Gamble; The Procter & Gamble Company
denturetalk.com,Procter & Gamble; The Procter & Gamble Company
denturetalk.mobi,Procter & Gamble; The Procter & Gamble Company
deportesporfuturo.com,Procter & Gamble; The Procter & Gamble Company
derma-geek.com,Procter & Gamble; The Procter & Gamble Company
dermatologiapg.com,Procter & Gamble; The Procter & Gamble Company
dermaxpro-lottery.com,Procter & Gamble; The Procter & Gamble Company
dermaxpro-remboursement.com,Procter & Gamble; The Procter & Gamble Company
dermaxpro-sor.com,Procter & Gamble; The Procter & Gamble Company
desafiocrestbocaporboca.com,Procter & Gamble; The Procter & Gamble Company
desarrolladoporexpertosoralb.com,Procter & Gamble; The Procter & Gamble Company
desatatuladosalvaje.com,Procter & Gamble; The Procter & Gamble Company
descongestion.com,Procter & Gamble; The Procter & Gamble Company
descubraariel.com,Procter & Gamble; The Procter & Gamble Company
descubredawn.com,Procter & Gamble; The Procter & Gamble Company
desidericlub.it,Procter & Gamble
desidericollection.it,Procter & Gamble
desiderimag.it,Procter & Gamble
desiderimagazine.com,Procter & Gamble; The Procter & Gamble Company
desiderimagazine.it,Procter & Gamble
desiderimagazine.mobi,Procter & Gamble; The Procter & Gamble Company
desiderimagazine.net,Procter & Gamble; The Procter & Gamble Company
desiderimagazine.org,Procter & Gamble; The Procter & Gamble Company
desiderionline.it,Procter & Gamble
desiderishop.com,Procter & Gamble; The Procter & Gamble Company
desiderishop.it,Procter & Gamble
desiderishop.net,Procter & Gamble; The Procter & Gamble Company
desideriweb.it,Procter & Gamble
designyourdowny.com,Procter & Gamble; The Procter & Gamble Company
designyourscent.com,Procter & Gamble; The Procter & Gamble Company
desupersdents.fr,Procter & Gamble
detergenteace.com,Procter & Gamble; The Procter & Gamble Company
detergentefab.com,Procter & Gamble; The Procter & Gamble Company
detergentforcolors.com,Procter & Gamble; The Procter & Gamble Company
detergentpods.com,Procter & Gamble; The Procter & Gamble Company
deterjanalo.com,Procter & Gamble; The Procter & Gamble Company
devchat.ru,Procter & Gamble; The Procter & Gamble Company
devworks.ru,Procter & Gamble
dexa-neurobion.com,Procter & Gamble; The Procter & Gamble Company
dexabion-online.com,Procter & Gamble; The Procter & Gamble Company
dexabion.com,Procter & Gamble; The Procter & Gamble Company
dhmclinic.com,Procter & Gamble; The Procter & Gamble Company
dhnonline.com,Procter & Gamble; The Procter & Gamble Company
diabion.com,Procter & Gamble; The Procter & Gamble Company
diadelamadrenaturella.com,Procter & Gamble; The Procter & Gamble Company
diadelbrother.com,Procter & Gamble; The Procter & Gamble Company
dianelanebeautifullengths.com,Procter & Gamble; The Procter & Gamble Company
dianelanebeautifullengths.net,Procter & Gamble; The Procter & Gamble Company
diaperdetergent.com,Procter & Gamble; The Procter & Gamble Company
diaperfectoalways.com,Procter & Gamble; The Procter & Gamble Company
diaperrecyclingmission.com,Procter & Gamble; The Procter & Gamble Company
diaperregistry.com,Procter & Gamble; The Procter & Gamble Company
diapers-ondemand.com,Procter & Gamble; The Procter & Gamble Company
diapersanddonations.com,Procter & Gamble; The Procter & Gamble Company
diaperstashpampers.com,Procter & Gamble; The Procter & Gamble Company
diaperwash.com,Procter & Gamble; The Procter & Gamble Company
diarrhea.com,Procter & Gamble; The Procter & Gamble Company
digestivewellnessdeal.com,Procter & Gamble; The Procter & Gamble Company
digitaltampons.com,Procter & Gamble; The Procter & Gamble Company
discoverariel.com,Procter & Gamble; The Procter & Gamble Company
discoverbeautytoday.com,Procter & Gamble; The Procter & Gamble Company
discoverboldgel.com,Procter & Gamble; The Procter & Gamble Company
discoverswisssh.com,Procter & Gamble; The Procter & Gamble Company
discovertotalcare.com,Procter & Gamble; The Procter & Gamble Company
discreet-promo.ru,Procter & Gamble
discreet-travel.com,Procter & Gamble; The Procter & Gamble Company
discreet.com.ru,Procter & Gamble
discreetbeadmired.ru,Procter & Gamble; The Procter & Gamble Company
discreetfresh.com,Procter & Gamble; The Procter & Gamble Company
discreetsweeps.com,Procter & Gamble; The Procter & Gamble Company
disenovenus.com,Procter & Gamble; The Procter & Gamble Company
dish-dawn.com,Procter & Gamble; The Procter & Gamble Company
dishcare.com,Procter & Gamble; The Procter & Gamble Company
dishes.com,Procter & Gamble; The Procter & Gamble Company
dishes4wishes.com,Procter & Gamble; The Procter & Gamble Company
dishesforwishes.com,Procter & Gamble; The Procter & Gamble Company
dishgain.com,Procter & Gamble; The Procter & Gamble Company
dishinc.info,Procter & Gamble; The Procter & Gamble Company
disinfect.com,Procter & Gamble; The Procter & Gamble Company
dnsummit2020.com,Procter & Gamble; The Procter & Gamble Company
doagoodturn.com,Procter & Gamble; The Procter & Gamble Company
dodot.com,Procter & Gamble; The Procter & Gamble Company
dodot.info,Procter & Gamble; The Procter & Gamble Company
dodot.tel,Procter & Gamble; The Procter & Gamble Company
dodotconnect.com,Procter & Gamble; The Procter & Gamble Company
dodotis.cat,Procter & Gamble; The Procter & Gamble Company
dodotis.com,Procter & Gamble; The Procter & Gamble Company
dodotkandoo.com,Procter & Gamble; The Procter & Gamble Company
dollanddash.com,Procter & Gamble; The Procter & Gamble Company
dolo-neurobion.com,Procter & Gamble; The Procter & Gamble Company
don-pour-le-froid.com,Procter & Gamble; The Procter & Gamble Company
don-pour-le-froid.fr,Procter & Gamble
donate-your-degree.com,Procter & Gamble; The Procter & Gamble Company
donateyourdegree.com,Procter & Gamble; The Procter & Gamble Company
dongfangjidao.asia,Procter & Gamble; The Procter & Gamble Company
dongfangjidao.com,Procter & Gamble; The Procter & Gamble Company
donlimpio.com,Procter & Gamble; The Procter & Gamble Company
donlimpiorollococina.com,Procter & Gamble; The Procter & Gamble Company
donnez-vos-degrees.com,Procter & Gamble; The Procter & Gamble Company
donnez-vos-degrees.fr,Procter & Gamble
dossonrisassanas.com,Procter & Gamble; The Procter & Gamble Company
douzeheuresdereves.com,Procter & Gamble; The Procter & Gamble Company
downy-la.com,Procter & Gamble; The Procter & Gamble Company
downy.asia,Procter & Gamble; The Procter & Gamble Company
downy.co.in,Procter & Gamble; primary
downy.co.th,Procter & Gamble
downy.com,Procter & Gamble; The Procter & Gamble Company
downy.in,Procter & Gamble; primary
downy.us,Procter & Gamble; The Procter & Gamble Company
downybookclub.com,Procter & Gamble; The Procter & Gamble Company
downyconnect.com,Procter & Gamble; The Procter & Gamble Company
downydeluxe.com,Procter & Gamble; The Procter & Gamble Company
downydesigntags.com,Procter & Gamble; The Procter & Gamble Company
downydrop.com,Procter & Gamble; The Procter & Gamble Company
downymashup.com,Procter & Gamble; The Procter & Gamble Company
downymashuplab.com,Procter & Gamble; The Procter & Gamble Company
downypluswhitening.com,Procter & Gamble; The Procter & Gamble Company
downyrewards.com,Procter & Gamble; The Procter & Gamble Company
downysbookclub.com,Procter & Gamble; The Procter & Gamble Company
downytotalcare.com,Procter & Gamble; The Procter & Gamble Company
downytouchofcomfort.com,Procter & Gamble; The Procter & Gamble Company
downyultra.com,Procter & Gamble; The Procter & Gamble Company
downywithfebreeze.com,Procter & Gamble; The Procter & Gamble Company
downywithfebreze.com,Procter & Gamble; The Procter & Gamble Company
downywrinkleguard.com,Procter & Gamble; The Procter & Gamble Company
downywrinklereleaser.com,Procter & Gamble; The Procter & Gamble Company
downywrinklereleaserplus.com,Procter & Gamble; The Procter & Gamble Company
dralign.com,Procter & Gamble; The Procter & Gamble Company
draligngi.com,Procter & Gamble; The Procter & Gamble Company
dreft-aatwas.com,Procter & Gamble; The Procter & Gamble Company
dreft-afwas.com,Procter & Gamble; The Procter & Gamble Company
dreft-refund.com,Procter & Gamble; The Procter & Gamble Company
dreft-vaatwas.com,Procter & Gamble; The Procter & Gamble Company
dreft-zalando.com,Procter & Gamble; The Procter & Gamble Company
dreft.com,Procter & Gamble; The Procter & Gamble Company
dreft.cz,Procter & Gamble; The Procter & Gamble Company
dreft.ru,Procter & Gamble
dreft.us,Procter & Gamble; The Procter & Gamble Company
dreft2x.com,Procter & Gamble; The Procter & Gamble Company
dreft2xultra.com,Procter & Gamble; The Procter & Gamble Company
dreftafwas.com,Procter & Gamble; The Procter & Gamble Company
dreftbabies.com,Procter & Gamble; The Procter & Gamble Company
dreftbaby.com,Procter & Gamble; The Procter & Gamble Company
dreftbabycare.com,Procter & Gamble; The Procter & Gamble Company
dreftbyyou.com,Procter & Gamble; The Procter & Gamble Company
dreftconnect.com,Procter & Gamble; The Procter & Gamble Company
dreftdark.com,Procter & Gamble; The Procter & Gamble Company
dreftdelhaize-lottery.com,Procter & Gamble; The Procter & Gamble Company
dreftdigitalcoupons.com,Procter & Gamble; The Procter & Gamble Company
dreftdiner.com,Procter & Gamble; The Procter & Gamble Company
drefthome.com,Procter & Gamble; The Procter & Gamble Company
dreftpurebytide.com,Procter & Gamble; The Procter & Gamble Company
dreftrewards.com,Procter & Gamble; The Procter & Gamble Company
dreftsample-promo.com,Procter & Gamble; The Procter & Gamble Company
dreftsaveswildlife.com,Procter & Gamble; The Procter & Gamble Company
dreftultra.com,Procter & Gamble; The Procter & Gamble Company
dreftultra2x.com,Procter & Gamble; The Procter & Gamble Company
dreftvaatwas.com,Procter & Gamble; The Procter & Gamble Company
dresstoyourshape.com,Procter & Gamble; The Procter & Gamble Company
drink-bwell.com,Procter & Gamble; The Procter & Gamble Company
drmetamucil.com,Procter & Gamble; The Procter & Gamble Company
dropanex.com,Procter & Gamble; The Procter & Gamble Company
dropyourmop.com,Procter & Gamble; The Procter & Gamble Company
drug-pg-pampers-56cp.com,Procter & Gamble; The Procter & Gamble Company
dry.com,Procter & Gamble; The Procter & Gamble Company
drycleanbytide.com,Procter & Gamble; The Procter & Gamble Company
drycleanerbytide.com,Procter & Gamble; The Procter & Gamble Company
drycleanersbytide.com,Procter & Gamble; The Procter & Gamble Company
drycleanerstide.com,Procter & Gamble; The Procter & Gamble Company
drycleanertide.com,Procter & Gamble; The Procter & Gamble Company
drycleaningbytide.com,Procter & Gamble; The Procter & Gamble Company
drycleaningtide.com,Procter & Gamble; The Procter & Gamble Company
drycleantide.com,Procter & Gamble; The Procter & Gamble Company
dryerbar.com,Procter & Gamble; The Procter & Gamble Company
drypaint.com,Procter & Gamble; The Procter & Gamble Company
dryrinsepolymer.com,Procter & Gamble; The Procter & Gamble Company
ds3clean.com,Procter & Gamble; The Procter & Gamble Company
dumpcupid.com,Procter & Gamble; The Procter & Gamble Company
duolaundry.com,Procter & Gamble; The Procter & Gamble Company
duplaperfectaoralb.com,Procter & Gamble; The Procter & Gamble Company
durodesudar.com,Procter & Gamble; The Procter & Gamble Company
e-detailing-russia.ru,Procter & Gamble; The Procter & Gamble Company
e-pampers.com,Procter & Gamble; The Procter & Gamble Company
eachandevery.com,Procter & Gamble; The Procter & Gamble Company
earsintune.com,Procter & Gamble; The Procter & Gamble Company
eartemp.com,Procter & Gamble; The Procter & Gamble Company
earthunited.com,Procter & Gamble; The Procter & Gamble Company
easeathome.com,Procter & Gamble; The Procter & Gamble Company
easy-ups.com,Procter & Gamble; The Procter & Gamble Company
easypeasyjoy.com,Procter & Gamble; The Procter & Gamble Company
easyups.com,Procter & Gamble; The Procter & Gamble Company
easyupspjmasksgift.com,Procter & Gamble; The Procter & Gamble Company
eaudetoilette.com,Procter & Gamble; The Procter & Gamble Company
ebpmail.com,Procter & Gamble; The Procter & Gamble Company
ebrandsaver.com,Procter & Gamble; The Procter & Gamble Company
ebusinessdashboards.com,Procter & Gamble; The Procter & Gamble Company
ec30clean.com,Procter & Gamble; The Procter & Gamble Company
ec30products.com,Procter & Gamble; The Procter & Gamble Company
ec3clean.com,Procter & Gamble; The Procter & Gamble Company
echantillonspg.com,Procter & Gamble; The Procter & Gamble Company
ecodose.fr,Procter & Gamble
ecodoses.com,Procter & Gamble; The Procter & Gamble Company
ecodoses.pro,Procter & Gamble; The Procter & Gamble Company
economiesenergie.com,Procter & Gamble; The Procter & Gamble Company
ecotabs.fr,Procter & Gamble
ecuatorianasdehierro.com,Procter & Gamble; The Procter & Gamble Company
eczeane.com,Procter & Gamble; The Procter & Gamble Company
edentora.com,Procter & Gamble; The Procter & Gamble Company
edentora.net,Procter & Gamble; The Procter & Gamble Company
edp-fb-page.com,Procter & Gamble; The Procter & Gamble Company
efabricare.com,Procter & Gamble; The Procter & Gamble Company
efabriccare.com,Procter & Gamble; The Procter & Gamble Company
eisprung.com,Procter & Gamble; The Procter & Gamble Company
elas-creme.com,Procter & Gamble; The Procter & Gamble Company
elascreme.com,Procter & Gamble; The Procter & Gamble Company
elcamionazopg.com,Procter & Gamble; The Procter & Gamble Company
elcanjepampers.com,Procter & Gamble; The Procter & Gamble Company
electrobion-chooski.com,Procter & Gamble; The Procter & Gamble Company
electrobionchooski.com,Procter & Gamble; The Procter & Gamble Company
elixrbodywash.com,Procter & Gamble; The Procter & Gamble Company
ellestylistkit.com,Procter & Gamble; The Procter & Gamble Company
elmisterioace.com,Procter & Gamble; The Procter & Gamble Company
elpoderdetusdefensas.com,Procter & Gamble; The Procter & Gamble Company
eltoquedelaunionvick.com,Procter & Gamble; The Procter & Gamble Company
eltrigilete.com,Procter & Gamble; The Procter & Gamble Company
eltrigilette.com,Procter & Gamble; The Procter & Gamble Company
eltrigillete.com,Procter & Gamble; The Procter & Gamble Company
eltrigillette.com,Procter & Gamble; The Procter & Gamble Company
email-skii.com,Procter & Gamble; The Procter & Gamble Company
emaildentalcare.com,Procter & Gamble; The Procter & Gamble Company
embody.com,Procter & Gamble; The Procter & Gamble Company
embracediy.com,Procter & Gamble; The Procter & Gamble Company
embraceit.com,Procter & Gamble; The Procter & Gamble Company
embracetradiciones.com,Procter & Gamble; The Procter & Gamble Company
emplatre-saint-bernard.com,Procter & Gamble; The Procter & Gamble Company
emplatresaintbernard.com,Procter & Gamble; The Procter & Gamble Company
empoweryourbeauty.com,Procter & Gamble; The Procter & Gamble Company
emptynest-fulllife.com,Procter & Gamble; The Procter & Gamble Company
emptynestcoupons.com,Procter & Gamble; The Procter & Gamble Company
encaratupasionla.com,Procter & Gamble; The Procter & Gamble Company
enclean30.com,Procter & Gamble; The Procter & Gamble Company
encuestapamperspr.com,Procter & Gamble; The Procter & Gamble Company
endperiodpovertysweeps.com,Procter & Gamble; The Procter & Gamble Company
endthemeanstreak.com,Procter & Gamble; The Procter & Gamble Company
eneas.net,Procter & Gamble
eneregysavings.com,Procter & Gamble; The Procter & Gamble Company
enformepourdebon.com,Procter & Gamble; The Procter & Gamble Company
enfuser.com,Procter & Gamble; The Procter & Gamble Company
enlightclean.com,Procter & Gamble; The Procter & Gamble Company
enlightenclean.com,Procter & Gamble; The Procter & Gamble Company
enlightenclean30.com,Procter & Gamble; The Procter & Gamble Company
enlightenedclean.com,Procter & Gamble; The Procter & Gamble Company
enlightenedclean30.com,Procter & Gamble; The Procter & Gamble Company
enlightenedcleanning.com,Procter & Gamble; The Procter & Gamble Company
entrainit.com,Procter & Gamble; The Procter & Gamble Company
entrecomadres.com,Procter & Gamble; The Procter & Gamble Company
enviedeplus.biz,Procter & Gamble; The Procter & Gamble Company
enviedeplus.com,Procter & Gamble; The Procter & Gamble Company
enviedeplus.pro,Procter & Gamble; The Procter & Gamble Company
enviedeplus.us,Procter & Gamble; The Procter & Gamble Company
envive-woman.com,Procter & Gamble; The Procter & Gamble Company
envive.fr,Procter & Gamble
envivebyalways.com,Procter & Gamble; The Procter & Gamble Company
envivewoman.com,Procter & Gamble; The Procter & Gamble Company
epharmacyacademy.com,Procter & Gamble; The Procter & Gamble Company
eprolex.com,Procter & Gamble; The Procter & Gamble Company
era-detergent.com,Procter & Gamble; The Procter & Gamble Company
era.us,Procter & Gamble; The Procter & Gamble Company
era2x.com,Procter & Gamble; The Procter & Gamble Company
era2xultra.com,Procter & Gamble; The Procter & Gamble Company
eraactive.com,Procter & Gamble; The Procter & Gamble Company
eradetergent.com,Procter & Gamble; The Procter & Gamble Company
eralaundry.com,Procter & Gamble; The Procter & Gamble Company
eraultra.com,Procter & Gamble; The Procter & Gamble Company
eraultra2x.com,Procter & Gamble; The Procter & Gamble Company
erbalesencesla.com,Procter & Gamble; The Procter & Gamble Company
erpngpace.com,Procter & Gamble; The Procter & Gamble Company
esagerarenonserve.it,Procter & Gamble
escuadrondelmalcolombia.com,Procter & Gamble; The Procter & Gamble Company
escuadrondelpoder.com,Procter & Gamble; The Procter & Gamble Company
escuchatusnervios.com,Procter & Gamble; The Procter & Gamble Company
escute-o-seu-corpo.com,Procter & Gamble; The Procter & Gamble Company
escuteoseucorpo.com,Procter & Gamble; The Procter & Gamble Company
eserviceambassador.com,Procter & Gamble; The Procter & Gamble Company
eshoradecuidarc.com,Procter & Gamble; The Procter & Gamble Company
esnuestrohogar.com,Procter & Gamble; The Procter & Gamble Company
ess-erlaubt.com,Procter & Gamble; The Procter & Gamble Company
essentialscornerstore.com,Procter & Gamble; The Procter & Gamble Company
esserlaubt.com,Procter & Gamble; The Procter & Gamble Company
essuietoutrapidopresto.com,Procter & Gamble; The Procter & Gamble Company
estrategiasdecalidad.com,Procter & Gamble; The Procter & Gamble Company
eunicepapas.com,Procter & Gamble; The Procter & Gamble Company
evax.net,Procter & Gamble; The Procter & Gamble Company
evax.org,Procter & Gamble; The Procter & Gamble Company
evax.tel,Procter & Gamble; The Procter & Gamble Company
evaxandgo.com,Procter & Gamble; The Procter & Gamble Company
evaxhoje.com,Procter & Gamble; The Procter & Gamble Company
evaxhoy.com,Procter & Gamble; The Procter & Gamble Company
evaxtampax.com,Procter & Gamble; The Procter & Gamble Company
evaxytampax.com,Procter & Gamble; The Procter & Gamble Company
eventooralbio.com,Procter & Gamble; The Procter & Gamble Company
every-degree-makes-a-difference.com,Procter & Gamble; The Procter & Gamble Company
everydaycleaning.com,Procter & Gamble; The Procter & Gamble Company
everydayhealthsolutions.com,Procter & Gamble; The Procter & Gamble Company
everydayme-thailand.com,Procter & Gamble; The Procter & Gamble Company
everydayme.ae,Procter & Gamble; The Procter & Gamble Company
everydayme.at,Procter & Gamble; The Procter & Gamble Company
everydayme.co.in,Procter & Gamble; The Procter & Gamble Company
everydayme.co.jp,Procter & Gamble
everydayme.com,Procter & Gamble; The Procter & Gamble Company
everydayme.com.au,Procter & Gamble
everydayme.cz,Procter & Gamble; The Procter & Gamble Company
everydayme.fi,Procter & Gamble
everydayme.fr,Procter & Gamble
everydayme.in,Procter & Gamble; The Procter & Gamble Company
everydayme.it,Procter & Gamble
everydayme.kz,Procter & Gamble; The Procter & Gamble Company
everydayme.net,Procter & Gamble; The Procter & Gamble Company
everydayme.org,Procter & Gamble; The Procter & Gamble Company
everydayme.ru,Procter & Gamble
everydaymearabia.com,Procter & Gamble; The Procter & Gamble Company
everydaymethailand.com,Procter & Gamble; The Procter & Gamble Company
everydegreemakesadifference.com,Procter & Gamble; The Procter & Gamble Company
everylastbit.com,Procter & Gamble; The Procter & Gamble Company
everythinghe.com,Procter & Gamble; The Procter & Gamble Company
evewomen.com,Procter & Gamble; The Procter & Gamble Company
evion.co.in,Procter & Gamble; The Procter & Gamble Company
evoluciongillette.com,Procter & Gamble; The Procter & Gamble Company
expectingparentkit.com,Procter & Gamble; The Procter & Gamble Company
experiencebounty.com,Procter & Gamble; The Procter & Gamble Company
experienceoldspice.com,Procter & Gamble; The Procter & Gamble Company
experiencepg.com,Procter & Gamble; The Procter & Gamble Company
experiencepginnovation.com,Procter & Gamble; The Procter & Gamble Company
experienciagillette.com,Procter & Gamble; The Procter & Gamble Company
experiencias-gillette.com,Procter & Gamble; The Procter & Gamble Company
experiencias-oralb.com,Procter & Gamble; The Procter & Gamble Company
experimentealways.com,Procter & Gamble; The Procter & Gamble Company
experimentemaispantene.com,Procter & Gamble; The Procter & Gamble Company
experimenteoralb.com,Procter & Gamble; The Procter & Gamble Company
experimentepg.com,Procter & Gamble; The Procter & Gamble Company
expertaspantene.com,Procter & Gamble; The Procter & Gamble Company
expertclean.com,Procter & Gamble; The Procter & Gamble Company
expertesprotection.com,Procter & Gamble; The Procter & Gamble Company
expertoenestilo.com,Procter & Gamble; The Procter & Gamble Company
expertosenestilo.com,Procter & Gamble; The Procter & Gamble Company
explosiondeperfume.com,Procter & Gamble; The Procter & Gamble Company
ext-cloud-pg.com,Procter & Gamble; The Procter & Gamble Company
ext-nonprod-cloud-pg.com,Procter & Gamble; The Procter & Gamble Company
external-pg.com,Procter & Gamble; The Procter & Gamble Company
extraliso.com,Procter & Gamble; The Procter & Gamble Company
extremebatlechalenge.fr,Procter & Gamble
extremebattlechalenge.fr,Procter & Gamble
extremeiqtest.com,Procter & Gamble; The Procter & Gamble Company
eyeduty.com,Procter & Gamble
eyeofconsumer.com,Procter & Gamble; The Procter & Gamble Company
fab-aid.com,Procter & Gamble
fab-aid.me,Procter & Gamble
fab-aid.net,Procter & Gamble
fab-aid.us,Procter & Gamble
fabaid.com,Procter & Gamble
fabaid.info,Procter & Gamble
fabaid.net,Procter & Gamble
fabaid.org,Procter & Gamble
fabaid.us,Procter & Gamble
fabreeze.com,Procter & Gamble; The Procter & Gamble Company
fabreezecoupon.com,Procter & Gamble; The Procter & Gamble Company
fabreezefresh.com,Procter & Gamble; The Procter & Gamble Company
fabreze.com,Procter & Gamble; The Procter & Gamble Company
fabreze.net,Procter & Gamble; The Procter & Gamble Company
fabreze.org,Procter & Gamble; The Procter & Gamble Company
fabrezecoupon.com,Procter & Gamble; The Procter & Gamble Company
fabrezefresh.com,Procter & Gamble; The Procter & Gamble Company
fabrezekills.com,Procter & Gamble; The Procter & Gamble Company
fabrezekills.net,Procter & Gamble; The Procter & Gamble Company
fabrezekills.org,Procter & Gamble; The Procter & Gamble Company
fabrezetrade-up.com,Procter & Gamble; The Procter & Gamble Company
fabrezetradeup.com,Procter & Gamble; The Procter & Gamble Company
fabrezzetrade-up.com,Procter & Gamble; The Procter & Gamble Company
fabrezzetradeup.com,Procter & Gamble; The Procter & Gamble Company
fabriccarecouponportal.com,Procter & Gamble; The Procter & Gamble Company
fabriccarenetwork.com,Procter & Gamble; The Procter & Gamble Company
fabriccaresolutions.asia,Procter & Gamble; The Procter & Gamble Company
fabriccaresolutions.com,Procter & Gamble; The Procter & Gamble Company
fabriccaresolutions.info,Procter & Gamble; The Procter & Gamble Company
fabriccaresolutions.mobi,Procter & Gamble; The Procter & Gamble Company
fabriccaresolutions.net,Procter & Gamble; The Procter & Gamble Company
fabriccaresolutions.org,Procter & Gamble; The Procter & Gamble Company
fabulancerx.com,Procter & Gamble
facegreatness.com,Procter & Gamble; The Procter & Gamble Company
faceoffusion.com,Procter & Gamble; The Procter & Gamble Company
fact-plus.com,Procter & Gamble; The Procter & Gamble Company
factplus.com,Procter & Gamble; The Procter & Gamble Company
fairy-dish.com,Procter & Gamble; The Procter & Gamble Company
fairy-dish.info,Procter & Gamble; The Procter & Gamble Company
fairy-dish.net,Procter & Gamble; The Procter & Gamble Company
fairy-loterie.com,Procter & Gamble; The Procter & Gamble Company
fairy-sustainability.com,Procter & Gamble; The Procter & Gamble Company
fairy.ru,Procter & Gamble
fairyactive.it,Procter & Gamble
fairyactiveburst.com,Procter & Gamble; The Procter & Gamble Company
fairyactivebursts.com,Procter & Gamble; The Procter & Gamble Company
fairyactivecaps.it,Procter & Gamble
fairyactivefoam.com,Procter & Gamble; The Procter & Gamble Company
fairyarabia.com,Procter & Gamble; The Procter & Gamble Company
fairybakeawish.com,Procter & Gamble; The Procter & Gamble Company
fairybakeawish.info,Procter & Gamble; The Procter & Gamble Company
fairybakeawish.net,Procter & Gamble; The Procter & Gamble Company
fairybakeawish.org,Procter & Gamble; The Procter & Gamble Company
fairycleanandcare.com,Procter & Gamble; The Procter & Gamble Company
fairyconnect.com,Procter & Gamble; The Procter & Gamble Company
fairycoupon.com,Procter & Gamble; The Procter & Gamble Company
fairydish.au,Procter & Gamble
fairydish.com,Procter & Gamble; The Procter & Gamble Company
fairydish.com.au,Procter & Gamble
fairydish.info,Procter & Gamble; The Procter & Gamble Company
fairydish.net,Procter & Gamble; The Procter & Gamble Company
fairydishcare.com.au,Procter & Gamble
fairydishwashing.com,Procter & Gamble; The Procter & Gamble Company
fairydishwashing.com.au,Procter & Gamble
fairyfabricsoftener.com,Procter & Gamble; The Procter & Gamble Company
fairyfabricsoftner.com,Procter & Gamble; The Procter & Gamble Company
fairygratuit.com,Procter & Gamble; The Procter & Gamble Company
fairylaundryaids.com,Procter & Gamble; The Procter & Gamble Company
fairymoneyback.com,Procter & Gamble; The Procter & Gamble Company
fairynaturals.com,Procter & Gamble; The Procter & Gamble Company
fairynonbio.com,Procter & Gamble; The Procter & Gamble Company
fairynonbio.net,Procter & Gamble; The Procter & Gamble Company
fairynonbio.org,Procter & Gamble; The Procter & Gamble Company
fairypeps-satisfaitourembourse.fr,Procter & Gamble
fairypeps.fr,Procter & Gamble
fairyperunanno.it,Procter & Gamble
fairypiatti.it,Procter & Gamble
fairyplatinum.com,Procter & Gamble; The Procter & Gamble Company
fairyrewards.com,Procter & Gamble; The Procter & Gamble Company
fairyschoolschallenge.com,Procter & Gamble; The Procter & Gamble Company
fairysoftener.com,Procter & Gamble; The Procter & Gamble Company
fairysoftner.com,Procter & Gamble; The Procter & Gamble Company
fairysoftness.com,Procter & Gamble; The Procter & Gamble Company
fairyultracaps.com,Procter & Gamble; The Procter & Gamble Company
fairyultracaps.net,Procter & Gamble; The Procter & Gamble Company
fairyvintage.com,Procter & Gamble; The Procter & Gamble Company
fairyweekendgourmet.it,Procter & Gamble
faites-un-don-de-vos-degres.com,Procter & Gamble; The Procter & Gamble Company
faites-un-don-de-vos-degres.fr,Procter & Gamble
family-helper.com,Procter & Gamble; The Procter & Gamble Company
familyfunsweepstakes.com,Procter & Gamble; The Procter & Gamble Company
familymovienight.com,Procter & Gamble; The Procter & Gamble Company
familyunitpg.com,Procter & Gamble; The Procter & Gamble Company
fanprestobarba3.com,Procter & Gamble; The Procter & Gamble Company
fantasticsavings.com,Procter & Gamble; The Procter & Gamble Company
fantrenador.com,Procter & Gamble; The Procter & Gamble Company
farmapg.com,Procter & Gamble; The Procter & Gamble Company
fattyalcohol.org,Procter & Gamble; The Procter & Gamble Company
fattyalcohols.org,Procter & Gamble; The Procter & Gamble Company
fbpampersmothersday.com,Procter & Gamble; The Procter & Gamble Company
fcgillette.com,Procter & Gamble; The Procter & Gamble Company
fcmobileapppg.com,Procter & Gamble; The Procter & Gamble Company
fearlessinnovation.ai,Procter & Gamble; The Procter & Gamble Company
fearlessinnovation.io,Procter & Gamble; The Procter & Gamble Company
fearlessinnovation.net,Procter & Gamble; The Procter & Gamble Company
fearlessinnovation.org,Procter & Gamble; The Procter & Gamble Company
fearlessinnovation.tech,Procter & Gamble; The Procter & Gamble Company
fearlesswitholay.com,Procter & Gamble; The Procter & Gamble Company
febreese.com,Procter & Gamble; The Procter & Gamble Company
febreeze.com,Procter & Gamble; The Procter & Gamble Company
febreeze.it,Procter & Gamble
febreeze.ru,Procter & Gamble
febreezecoupon.com,Procter & Gamble; The Procter & Gamble Company
febreezefresh.com,Procter & Gamble; The Procter & Gamble Company
febreezelaundry.com,Procter & Gamble; The Procter & Gamble Company
febreezetrade-up.com,Procter & Gamble; The Procter & Gamble Company
febreezetradeup.com,Procter & Gamble; The Procter & Gamble Company
febreze-breathehappy.com,Procter & Gamble; The Procter & Gamble Company
febreze-destinations.com,Procter & Gamble; The Procter & Gamble Company
febreze-insoles.com,Procter & Gamble; The Procter & Gamble Company
febreze.asia,Procter & Gamble; The Procter & Gamble Company
febreze.at,Procter & Gamble; The Procter & Gamble Company
febreze.com,Procter & Gamble; The Procter & Gamble Company
febreze.fr,Procter & Gamble
febreze.it,Procter & Gamble
febreze.name,Procter & Gamble; The Procter & Gamble Company
febreze.net,Procter & Gamble; The Procter & Gamble Company
febreze.org,Procter & Gamble; The Procter & Gamble Company
febreze.pro,Procter & Gamble; The Procter & Gamble Company
febreze.ru,Procter & Gamble
febreze.us,Procter & Gamble; The Procter & Gamble Company
febrezeair.com,Procter & Gamble; The Procter & Gamble Company
febrezeaireffect.com,Procter & Gamble; The Procter & Gamble Company
febrezeaireffects.com,Procter & Gamble; The Procter & Gamble Company
febrezeambcoupon.com,Procter & Gamble; The Procter & Gamble Company
febrezeantimicrobial.com,Procter & Gamble; The Procter & Gamble Company
febrezebagsandfilters.com,Procter & Gamble; The Procter & Gamble Company
febrezebathroomtryforfree.ca,Procter & Gamble
febrezebreathoffreshair.com,Procter & Gamble; The Procter & Gamble Company
febrezecandle.com,Procter & Gamble; The Procter & Gamble Company
febrezecandles.com,Procter & Gamble; The Procter & Gamble Company
febrezecar.com,Procter & Gamble; The Procter & Gamble Company
febrezecarstrology.com,Procter & Gamble; The Procter & Gamble Company
febrezeclub.com,Procter & Gamble; The Procter & Gamble Company
febrezeconfessions.com,Procter & Gamble; The Procter & Gamble Company
febrezeconnect.com,Procter & Gamble; The Procter & Gamble Company
febrezecoupon.com,Procter & Gamble; The Procter & Gamble Company
febrezedestinations.com,Procter & Gamble; The Procter & Gamble Company
febrezeflamelessluminaries.com,Procter & Gamble; The Procter & Gamble Company
febrezeflamelessluminary.com,Procter & Gamble; The Procter & Gamble Company
febrezefresh.com,Procter & Gamble; The Procter & Gamble Company
febrezefreshtake.com,Procter & Gamble; The Procter & Gamble Company
febrezefreshtakes.com,Procter & Gamble; The Procter & Gamble Company
febrezegameday.com,Procter & Gamble; The Procter & Gamble Company
febrezegassweepstakes.com,Procter & Gamble; The Procter & Gamble Company
febrezehk.com,Procter & Gamble; The Procter & Gamble Company
febrezehome.com,Procter & Gamble; The Procter & Gamble Company
febrezehomecollection.com,Procter & Gamble; The Procter & Gamble Company
febrezehomecollections.com,Procter & Gamble; The Procter & Gamble Company
febrezehomesystem.com,Procter & Gamble; The Procter & Gamble Company
febrezehomesystems.com,Procter & Gamble; The Procter & Gamble Company
febrezeimaginair.com,Procter & Gamble; The Procter & Gamble Company
febrezeinsoles.com,Procter & Gamble; The Procter & Gamble Company
febrezeinwash.com,Procter & Gamble; The Procter & Gamble Company
febrezekills.com,Procter & Gamble; The Procter & Gamble Company
febrezekills.net,Procter & Gamble; The Procter & Gamble Company
febrezekills.org,Procter & Gamble; The Procter & Gamble Company
febrezekillsbirds.com,Procter & Gamble; The Procter & Gamble Company
febrezekillsbirds.net,Procter & Gamble; The Procter & Gamble Company
febrezekillsbirds.org,Procter & Gamble; The Procter & Gamble Company
febrezekillspets.com,Procter & Gamble; The Procter & Gamble Company
febrezekillspets.net,Procter & Gamble; The Procter & Gamble Company
febrezekillspets.org,Procter & Gamble; The Procter & Gamble Company
febrezelaundry.com,Procter & Gamble; The Procter & Gamble Company
febrezemoneybackguarantee.com,Procter & Gamble; The Procter & Gamble Company
febrezenoticable.com,Procter & Gamble; The Procter & Gamble Company
febrezenoticables.com,Procter & Gamble; The Procter & Gamble Company
febrezenoticeable.com,Procter & Gamble; The Procter & Gamble Company
febrezenoticeables.com,Procter & Gamble; The Procter & Gamble Company
febrezeoffer.com,Procter & Gamble; The Procter & Gamble Company
febrezeoffers.com,Procter & Gamble; The Procter & Gamble Company
febrezeone.com,Procter & Gamble; The Procter & Gamble Company
febrezerewards.com,Procter & Gamble; The Procter & Gamble Company
febrezescentscape.com,Procter & Gamble; The Procter & Gamble Company
febrezescentscape.net,Procter & Gamble; The Procter & Gamble Company
febrezescentscenes.com,Procter & Gamble; The Procter & Gamble Company
febrezescentstories.com,Procter & Gamble; The Procter & Gamble Company
febrezescentwaves.com,Procter & Gamble; The Procter & Gamble Company
febrezesentoffer.com,Procter & Gamble; The Procter & Gamble Company
febrezesentstories.com,Procter & Gamble; The Procter & Gamble Company
febrezesport.com,Procter & Gamble; The Procter & Gamble Company
febrezestore.com,Procter & Gamble; The Procter & Gamble Company
febrezesucks.com,Procter & Gamble; The Procter & Gamble Company
febrezesucks.net,Procter & Gamble; The Procter & Gamble Company
febrezesucks.org,Procter & Gamble; The Procter & Gamble Company
febrezesweepstakes.com,Procter & Gamble; The Procter & Gamble Company
febrezetestdrive.com,Procter & Gamble; The Procter & Gamble Company
febrezetouchpillows.com,Procter & Gamble; The Procter & Gamble Company
febrezetrade-up.com,Procter & Gamble; The Procter & Gamble Company
febrezetradeup.com,Procter & Gamble; The Procter & Gamble Company
febrezeventclips.com,Procter & Gamble; The Procter & Gamble Company
febrezzetrade-up.com,Procter & Gamble; The Procter & Gamble Company
febrezzetradeup.com,Procter & Gamble; The Procter & Gamble Company
feelingfab.club,Procter & Gamble; The Procter & Gamble Company
feelsoftwithbold.com,Procter & Gamble; The Procter & Gamble Company
felibion.com,Procter & Gamble; The Procter & Gamble Company
felicitaamama.com,Procter & Gamble; The Procter & Gamble Company
fembabe.com,Procter & Gamble; The Procter & Gamble Company
fembabie.com,Procter & Gamble; The Procter & Gamble Company
fembabys.com,Procter & Gamble; The Procter & Gamble Company
femcafe.com,Procter & Gamble; The Procter & Gamble Company
femcareapp.com,Procter & Gamble; The Procter & Gamble Company
femfactor.com,Procter & Gamble; The Procter & Gamble Company
femfun.com,Procter & Gamble; The Procter & Gamble Company
femhealthcenter.com,Procter & Gamble; The Procter & Gamble Company
femibabie.com,Procter & Gamble; The Procter & Gamble Company
femibabies.com,Procter & Gamble; The Procter & Gamble Company
femibabys.com,Procter & Gamble; The Procter & Gamble Company
femibion.com,Procter & Gamble; The Procter & Gamble Company
femibionbrl.com,Procter & Gamble; The Procter & Gamble Company
feminine-solutions.com,Procter & Gamble; The Procter & Gamble Company
feminit.com,Procter & Gamble; The Procter & Gamble Company
femmedemb.com,Procter & Gamble; The Procter & Gamble Company
ff2fb.com,Procter & Gamble; The Procter & Gamble Company
fiber-sure.com,Procter & Gamble; The Procter & Gamble Company
fiber-sure.it,Procter & Gamble
fibersure.it,Procter & Gamble
fibre-sure.it,Procter & Gamble
fibresure.com,Procter & Gamble; The Procter & Gamble Company
fibresure.it,Procter & Gamble
fibresure.mobi,Procter & Gamble; The Procter & Gamble Company
fiftyliterhome.com,Procter & Gamble; The Procter & Gamble Company
fightforbright.com,Procter & Gamble; The Procter & Gamble Company
fightforthebright.com,Procter & Gamble; The Procter & Gamble Company
fightgerms.com,Procter & Gamble; The Procter & Gamble Company
fightrazorbumps.com,Procter & Gamble; The Procter & Gamble Company
filipopasserini.info,Procter & Gamble; The Procter & Gamble Company
filipopasserini.net,Procter & Gamble; The Procter & Gamble Company
filipopasserini.org,Procter & Gamble; The Procter & Gamble Company
filipopasserini.us,Procter & Gamble; The Procter & Gamble Company
filippopasserini.com,Procter & Gamble; The Procter & Gamble Company
findtheroo.com,Procter & Gamble; The Procter & Gamble Company
firsatyaninda.com,Procter & Gamble; The Procter & Gamble Company
firstaidbaby.com,Procter & Gamble
firstaidbeauty.at,Procter & Gamble; The Procter & Gamble Company
firstaidbeauty.club,Procter & Gamble; The Procter & Gamble Company
firstaidbeauty.co.in,Procter & Gamble
firstaidbeauty.com,Procter & Gamble; The Procter & Gamble Company
firstaidbeauty.in,Procter & Gamble
firstaidbeauty.it,Procter & Gamble
firstaidbeauty.net,Procter & Gamble
firstaidbeauty.org,Procter & Gamble
firsts.com.au,Procter & Gamble
fitting-oralb.com,Procter & Gamble; The Procter & Gamble Company
fitting-oralb.info,Procter & Gamble; The Procter & Gamble Company
fitting-oralb.net,Procter & Gamble; The Procter & Gamble Company
fittingoral-b.com,Procter & Gamble; The Procter & Gamble Company
fittingoral-b.net,Procter & Gamble; The Procter & Gamble Company
fittingoralb.com,Procter & Gamble; The Procter & Gamble Company
fittingoralb.info,Procter & Gamble; The Procter & Gamble Company
fittingoralb.net,Procter & Gamble; The Procter & Gamble Company
five-versus-one.com,Procter & Gamble; The Procter & Gamble Company
five-vs-one.com,Procter & Gamble; The Procter & Gamble Company
fiveversusone.com,Procter & Gamble; The Procter & Gamble Company
fivevsone.com,Procter & Gamble; The Procter & Gamble Company
fixodent-cream.ru,Procter & Gamble; The Procter & Gamble Company
fixodent-offres.com,Procter & Gamble; The Procter & Gamble Company
fixodent.com,Procter & Gamble; The Procter & Gamble Company
fixodent.fr,Procter & Gamble
fixodent.mobi,Procter & Gamble; The Procter & Gamble Company
fixodent.net,Procter & Gamble; The Procter & Gamble Company
fixodent.org,Procter & Gamble; The Procter & Gamble Company
fixodent.us,Procter & Gamble; primary
fixodentconnect.com,Procter & Gamble; The Procter & Gamble Company
fixodentdentureadhesive.com,Procter & Gamble; The Procter & Gamble Company
fixodentpro.fr,Procter & Gamble
fixodentreview.com,Procter & Gamble; The Procter & Gamble Company
fixodentrewards.com,Procter & Gamble; The Procter & Gamble Company
flackipedia.com,Procter & Gamble; The Procter & Gamble Company
flashbritainscleaner.com,Procter & Gamble; The Procter & Gamble Company
flashcarwash.com,Procter & Gamble; The Procter & Gamble Company
flashcleaner.com,Procter & Gamble; The Procter & Gamble Company
flashcleanerpromotions.com,Procter & Gamble; The Procter & Gamble Company
flashcleanhomes.com,Procter & Gamble; The Procter & Gamble Company
flashcleaning.com,Procter & Gamble; The Procter & Gamble Company
flashdoesthehardwork.com,Procter & Gamble; The Procter & Gamble Company
flashdusters.com,Procter & Gamble; The Procter & Gamble Company
flashdusting.com,Procter & Gamble; The Procter & Gamble Company
flashdustmaster.com,Procter & Gamble; The Procter & Gamble Company
flasheasycleaning.com,Procter & Gamble; The Procter & Gamble Company
flasheraser.com,Procter & Gamble; The Procter & Gamble Company
flashfebrezegame.com,Procter & Gamble; The Procter & Gamble Company
flashhunk.com,Procter & Gamble; The Procter & Gamble Company
flashkitchenroll.com,Procter & Gamble; The Procter & Gamble Company
flashrevelution.com,Procter & Gamble; The Procter & Gamble Company
flashrevoultion.com,Procter & Gamble; The Procter & Gamble Company
flashtimesaver.com,Procter & Gamble; The Procter & Gamble Company
flashunk.com,Procter & Gamble; The Procter & Gamble Company
flauntyourheritage.com,Procter & Gamble; The Procter & Gamble Company
flekkipedia.com,Procter & Gamble; The Procter & Gamble Company
flexabion.com,Procter & Gamble; The Procter & Gamble Company
flexagil.com,Procter & Gamble; The Procter & Gamble Company
flexijoints.com,Procter & Gamble; The Procter & Gamble Company
flexivechile.com,Procter & Gamble; The Procter & Gamble Company
floralite.com,Procter & Gamble; The Procter & Gamble Company
floratitude.com,Procter & Gamble; The Procter & Gamble Company
flowertampon.com,Procter & Gamble; The Procter & Gamble Company
fluorvigantoletten.com,Procter & Gamble; The Procter & Gamble Company
flush.info,Procter & Gamble; The Procter & Gamble Company
foamvaccuum.com,Procter & Gamble; The Procter & Gamble Company
foodingredient.net,Procter & Gamble; The Procter & Gamble Company
foodsafetyhq.org,Procter & Gamble; The Procter & Gamble Company
footballfun.it,Procter & Gamble
for-me-online.at,Procter & Gamble; The Procter & Gamble Company
for-me-online.com,Procter & Gamble; The Procter & Gamble Company
for-me-online.info,Procter & Gamble; The Procter & Gamble Company
for-me-online.net,Procter & Gamble; The Procter & Gamble Company
for-me-online.org,Procter & Gamble; The Procter & Gamble Company
for-me.at,Procter & Gamble; The Procter & Gamble Company
forgetdamage.com,Procter & Gamble; The Procter & Gamble Company
forgetinstitute.com,Procter & Gamble; The Procter & Gamble Company
formbeauty.com,Procter & Gamble; The Procter & Gamble Company
forme.at,Procter & Gamble; The Procter & Gamble Company
formhaircare.com,Procter & Gamble; The Procter & Gamble Company
formula44.asia,Procter & Gamble; The Procter & Gamble Company
fororalb.com,Procter & Gamble; The Procter & Gamble Company
founditall.com,Procter & Gamble; The Procter & Gamble Company
fraldas.net,Procter & Gamble; The Procter & Gamble Company
fraldas.org,Procter & Gamble; The Procter & Gamble Company
frebreezefresh.com,Procter & Gamble; The Procter & Gamble Company
frebrezecoupon.com,Procter & Gamble; The Procter & Gamble Company
frebrezefresh.com,Procter & Gamble; The Procter & Gamble Company
frebrezescentstories.com,Procter & Gamble; The Procter & Gamble Company
freedforeveryone.com,Procter & Gamble; The Procter & Gamble Company
freefit.com,Procter & Gamble; The Procter & Gamble Company
freepamper.com,Procter & Gamble; The Procter & Gamble Company
freepampers.com,Procter & Gamble; The Procter & Gamble Company
freepampers.it,Procter & Gamble
freesamplehssupreme.com,Procter & Gamble; The Procter & Gamble Company
freetampax.com,Procter & Gamble; The Procter & Gamble Company
freetide.com,Procter & Gamble; The Procter & Gamble Company
freetidekick.com,Procter & Gamble; The Procter & Gamble Company
freshandcleanchallenge.com,Procter & Gamble; The Procter & Gamble Company
freshapproach.com,Procter & Gamble; The Procter & Gamble Company
freshasfebreze.com,Procter & Gamble; The Procter & Gamble Company
freshbreathwithcrest.com,Procter & Gamble; The Procter & Gamble Company
fresheffects.com,Procter & Gamble; The Procter & Gamble Company
fresheffectsforyou.com,Procter & Gamble; The Procter & Gamble Company
fresheffectslatina.com,Procter & Gamble; The Procter & Gamble Company
freshliving.com,Procter & Gamble; The Procter & Gamble Company
freshmates.info,Procter & Gamble; The Procter & Gamble Company
freshmates.us,Procter & Gamble; The Procter & Gamble Company
freshmoviefun.com,Procter & Gamble; The Procter & Gamble Company
freshness.com,Procter & Gamble; The Procter & Gamble Company
freshprotects.com,Procter & Gamble; The Procter & Gamble Company
freshroll.com,Procter & Gamble; The Procter & Gamble Company
friendeal.it,Procter & Gamble
fruchtbarkeit.com,Procter & Gamble; The Procter & Gamble Company
fuck-bevel-shave.com,Procter & Gamble; The Procter & Gamble Company
fuck-bevel.com,Procter & Gamble; The Procter & Gamble Company
fuckbevel.com,Procter & Gamble; The Procter & Gamble Company
fuckbevel.me,Procter & Gamble; The Procter & Gamble Company
fuckbevelshave.com,Procter & Gamble; The Procter & Gamble Company
fukbevel.com,Procter & Gamble; The Procter & Gamble Company
funprints.com,Procter & Gamble; The Procter & Gamble Company
furbreze.com,Procter & Gamble; The Procter & Gamble Company
furbreze.info,Procter & Gamble; The Procter & Gamble Company
fursatyaninda.com,Procter & Gamble; The Procter & Gamble Company
fursetyaninda.com,Procter & Gamble; The Procter & Gamble Company
fusion.name,Procter & Gamble; The Procter & Gamble Company
fusionchallenge.net,Procter & Gamble; The Procter & Gamble Company
fusionchallenge.org,Procter & Gamble; The Procter & Gamble Company
fusionchrome.com,Procter & Gamble; The Procter & Gamble Company
fusionchromecollection.com,Procter & Gamble; The Procter & Gamble Company
fusiongifting.com,Procter & Gamble; The Procter & Gamble Company
fusionglide.com,Procter & Gamble; The Procter & Gamble Company
fusionglide.net,Procter & Gamble; The Procter & Gamble Company
fusionglide.org,Procter & Gamble; The Procter & Gamble Company
fusionglidechallenge.com,Procter & Gamble; The Procter & Gamble Company
fusionglidechallenge.net,Procter & Gamble; The Procter & Gamble Company
fusionglidechallenge.org,Procter & Gamble; The Procter & Gamble Company
fusionkitsport.it,Procter & Gamble
fusionphenom.com,Procter & Gamble; The Procter & Gamble Company
fusionpro-glide.com,Procter & Gamble; The Procter & Gamble Company
fusionpro-glide.net,Procter & Gamble; The Procter & Gamble Company
fusionpro-glide.org,Procter & Gamble; The Procter & Gamble Company
fusionproglide.com,Procter & Gamble; The Procter & Gamble Company
fusionproglide.net,Procter & Gamble; The Procter & Gamble Company
fusionproglide.org,Procter & Gamble; The Procter & Gamble Company
fusionproglidechallenge.com,Procter & Gamble; The Procter & Gamble Company
fusionproglidechallenge.net,Procter & Gamble; The Procter & Gamble Company
fusionproglidechallenge.org,Procter & Gamble; The Procter & Gamble Company
futur-ensemble.com,Procter & Gamble; The Procter & Gamble Company
futur-ensemble.fr,Procter & Gamble
future-friendly.com,Procter & Gamble; The Procter & Gamble Company
future-friendly.fr,Procter & Gamble
future-friendly.it,Procter & Gamble
future-friendly.net,Procter & Gamble; The Procter & Gamble Company
future-friendly.us,Procter & Gamble; The Procter & Gamble Company
future-steps.fr,Procter & Gamble
future-steps.it,Procter & Gamble
future-steps.us,Procter & Gamble; The Procter & Gamble Company
future-unfriendly.com,Procter & Gamble; The Procter & Gamble Company
future-unfriendly.fr,Procter & Gamble
future-unfriendly.it,Procter & Gamble
future-unfriendly.net,Procter & Gamble; The Procter & Gamble Company
future-unfriendly.us,Procter & Gamble; The Procter & Gamble Company
futurechampions.it,Procter & Gamble
futurefriendly.com,Procter & Gamble; The Procter & Gamble Company
futurefriendly.it,Procter & Gamble
futurefriendly.net,Procter & Gamble; The Procter & Gamble Company
futurefriendly.us,Procter & Gamble; The Procter & Gamble Company
futurefriendlybrands.com,Procter & Gamble; The Procter & Gamble Company
futurensemble.com,Procter & Gamble; The Procter & Gamble Company
futurensemble.fr,Procter & Gamble
futureofclean.com,Procter & Gamble; The Procter & Gamble Company
futureunfriendly.com,Procter & Gamble; The Procter & Gamble Company
futureunfriendly.fr,Procter & Gamble
futureunfriendly.it,Procter & Gamble
futureunfriendly.net,Procter & Gamble; The Procter & Gamble Company
futureunfriendly.us,Procter & Gamble; The Procter & Gamble Company
futuro-sostenible.com,Procter & Gamble; The Procter & Gamble Company
futurosostenible.info,Procter & Gamble; The Procter & Gamble Company
futurosostenible.net,Procter & Gamble; The Procter & Gamble Company
g-bion.com,Procter & Gamble; The Procter & Gamble Company
gababion.com,Procter & Gamble; The Procter & Gamble Company
gagnezunvoyageavecprocterandgamble.fr,Procter & Gamble
gagnezvosplaces.com,Procter & Gamble; The Procter & Gamble Company
gain-detergent.com,Procter & Gamble; The Procter & Gamble Company
gain-dish.com,Procter & Gamble; The Procter & Gamble Company
gain-dishliquid.com,Procter & Gamble; The Procter & Gamble Company
gain-dishwashing.com,Procter & Gamble; The Procter & Gamble Company
gain.us,Procter & Gamble; The Procter & Gamble Company
gaindetergenteparaplatos.com,Procter & Gamble; The Procter & Gamble Company
gaindish.com,Procter & Gamble; The Procter & Gamble Company
gaindishliquid.com,Procter & Gamble; The Procter & Gamble Company
gaindishsoap.com,Procter & Gamble; The Procter & Gamble Company
gaindishwashing.com,Procter & Gamble; The Procter & Gamble Company
gainenespanol.com,Procter & Gamble; The Procter & Gamble Company
gainflings.com,Procter & Gamble; The Procter & Gamble Company
gainiac.org,Procter & Gamble; The Procter & Gamble Company
gainiacs.com,Procter & Gamble; The Procter & Gamble Company
gainjabonliquidoparaplatos.com,Procter & Gamble; The Procter & Gamble Company
gainjoyfulexpressions.com,Procter & Gamble; The Procter & Gamble Company
gainlaundry.com,Procter & Gamble; The Procter & Gamble Company
gainlavaplatos.com,Procter & Gamble; The Procter & Gamble Company
gainparaplatos.com,Procter & Gamble; The Procter & Gamble Company
gainracing.com,Procter & Gamble; The Procter & Gamble Company
gainscent.com,Procter & Gamble; The Procter & Gamble Company
gainspringscents.com,Procter & Gamble; The Procter & Gamble Company
gainsummerscents.com,Procter & Gamble; The Procter & Gamble Company
gainultra.com,Procter & Gamble; The Procter & Gamble Company
gainultra2x.com,Procter & Gamble; The Procter & Gamble Company
gama-lessive.com,Procter & Gamble; The Procter & Gamble Company
gama-lessive.fr,Procter & Gamble
gamaonline.net,Procter & Gamble; The Procter & Gamble Company
gamechanger-pg.com,Procter & Gamble; The Procter & Gamble Company
gamme-saint-bernard.com,Procter & Gamble; The Procter & Gamble Company
gamme-vicks.fr,Procter & Gamble
gammeapaisyl.com,Procter & Gamble; The Procter & Gamble Company
gammefemibion.com,Procter & Gamble; The Procter & Gamble Company
gammesaintbernard.com,Procter & Gamble; The Procter & Gamble Company
ganaconariel.com,Procter & Gamble; The Procter & Gamble Company
ganacongillette.com,Procter & Gamble; The Procter & Gamble Company
ganaconoldspice.com,Procter & Gamble; The Procter & Gamble Company
ganaconoldspiceyalways.com,Procter & Gamble; The Procter & Gamble Company
ganaconoldspiceygillette.com,Procter & Gamble; The Procter & Gamble Company
ganaconpantene.com,Procter & Gamble; The Procter & Gamble Company
ganaconpanteneequilibrio.com,Procter & Gamble; The Procter & Gamble Company
ganaconpgynestle.com,Procter & Gamble; The Procter & Gamble Company
ganacontucompra.com,Procter & Gamble; The Procter & Gamble Company
ganagilletteplatino.com,Procter & Gamble; The Procter & Gamble Company
ganamasrapido.com,Procter & Gamble; The Procter & Gamble Company
ganaproductosoralbcolombia.com,Procter & Gamble; The Procter & Gamble Company
ganasemanalconpg.com,Procter & Gamble; The Procter & Gamble Company
ganaunminutodelocura.com,Procter & Gamble; The Procter & Gamble Company
gardezlesourire.com,Procter & Gamble; The Procter & Gamble Company
gavindo-online.com,Procter & Gamble; The Procter & Gamble Company
gavindol.com,Procter & Gamble; The Procter & Gamble Company
gbs-village.com,Procter & Gamble; The Procter & Gamble Company
gbscat.com,Procter & Gamble; The Procter & Gamble Company
gdmfbapps.com,Procter & Gamble; The Procter & Gamble Company
gelapaisyl.com,Procter & Gamble; The Procter & Gamble Company
gelcoupon.com,Procter & Gamble; The Procter & Gamble Company
generationactifafroid.com,Procter & Gamble; The Procter & Gamble Company
generationactifafroid.fr,Procter & Gamble
generationlavageafroid.fr,Procter & Gamble
gengive-smalto-oralb.it,Procter & Gamble
genieathome.com,Procter & Gamble; The Procter & Gamble Company
gentepg.com,Procter & Gamble; The Procter & Gamble Company
gentlecycle.com,Procter & Gamble; The Procter & Gamble Company
gentletreatment.com,Procter & Gamble; The Procter & Gamble Company
germs.com,Procter & Gamble; The Procter & Gamble Company
get-uplift.com,Procter & Gamble; The Procter & Gamble Company
getaromia.com,Procter & Gamble; The Procter & Gamble Company
getbaevel.com,Procter & Gamble; The Procter & Gamble Company
getbevel.com,Procter & Gamble; The Procter & Gamble Company
getbevel.in,Procter & Gamble; The Procter & Gamble Company
getbeveltrimmers.com,Procter & Gamble; The Procter & Gamble Company
getbevl.com,Procter & Gamble; The Procter & Gamble Company
getbodewell.com,Procter & Gamble; The Procter & Gamble Company
getbrushly.com,Procter & Gamble; The Procter & Gamble Company
getclnr.com,Procter & Gamble; The Procter & Gamble Company
getclose.com,Procter & Gamble; The Procter & Gamble Company
getdawnandgetdone.com,Procter & Gamble; The Procter & Gamble Company
getdawngetdone.com,Procter & Gamble; The Procter & Gamble Company
getdearlyears.com,Procter & Gamble; The Procter & Gamble Company
getfreedowny.com,Procter & Gamble; The Procter & Gamble Company
getgilletteupdates.com,Procter & Gamble; The Procter & Gamble Company
getgivesave.com,Procter & Gamble; The Procter & Gamble Company
getgoodskinmd.com,Procter & Gamble; The Procter & Gamble Company
getgrooving.com,Procter & Gamble; The Procter & Gamble Company
getinfin.com,Procter & Gamble; The Procter & Gamble Company
getinskin.com,Procter & Gamble; The Procter & Gamble Company
getintohockey.com,Procter & Gamble; The Procter & Gamble Company
getmorewithbold.com,Procter & Gamble; The Procter & Gamble Company
getmyhaircode.com,Procter & Gamble; The Procter & Gamble Company
getneowound.com,Procter & Gamble; The Procter & Gamble Company
getneurogum.com,Procter & Gamble; The Procter & Gamble Company
getnewitems.com,Procter & Gamble; The Procter & Gamble Company
getnewtide.com,Procter & Gamble; The Procter & Gamble Company
getomsleep.com,Procter & Gamble; The Procter & Gamble Company
getpgoffer.com,Procter & Gamble; The Procter & Gamble Company
getplaquefree.com,Procter & Gamble; The Procter & Gamble Company
getsensitivityrelief.com,Procter & Gamble; The Procter & Gamble Company
getsummitmind.com,Procter & Gamble; The Procter & Gamble Company
gettechtalk.com,Procter & Gamble; The Procter & Gamble Company
getthync.com,Procter & Gamble; The Procter & Gamble Company
getuplift.io,Procter & Gamble; The Procter & Gamble Company
getzevo.com,Procter & Gamble; The Procter & Gamble Company
getzevotrap.com,Procter & Gamble; The Procter & Gamble Company
getzumxr.com,Procter & Gamble; The Procter & Gamble Company
gflclub.com,Procter & Gamble; The Procter & Gamble Company
gicoutplant.com,Procter & Gamble; The Procter & Gamble Company
giftforthegirls.com,Procter & Gamble; The Procter & Gamble Company
gifts2grow.com,Procter & Gamble; The Procter & Gamble Company
gifts2grow.net,Procter & Gamble; The Procter & Gamble Company
gifts2grow.org,Procter & Gamble; The Procter & Gamble Company
giftstogrow.com,Procter & Gamble; The Procter & Gamble Company
gifttogrow.com,Procter & Gamble; The Procter & Gamble Company
gilete.com,Procter & Gamble; The Procter & Gamble Company
giletechallenge.com,Procter & Gamble; The Procter & Gamble Company
giletechallenge.net,Procter & Gamble; The Procter & Gamble Company
giletechallenge.org,Procter & Gamble; The Procter & Gamble Company
gileteeltri.com,Procter & Gamble; The Procter & Gamble Company
giletefusionglide.com,Procter & Gamble; The Procter & Gamble Company
giletefusionglide.net,Procter & Gamble; The Procter & Gamble Company
giletefusionglide.org,Procter & Gamble; The Procter & Gamble Company
giletefusionproglide.com,Procter & Gamble; The Procter & Gamble Company
giletefusionproglide.net,Procter & Gamble; The Procter & Gamble Company
giletefusionproglide.org,Procter & Gamble; The Procter & Gamble Company
giletegel.com,Procter & Gamble; The Procter & Gamble Company
gileteglidechallenge.com,Procter & Gamble; The Procter & Gamble Company
gileteglidechallenge.net,Procter & Gamble; The Procter & Gamble Company
gileteglidechallenge.org,Procter & Gamble; The Procter & Gamble Company
giletehair.com,Procter & Gamble; The Procter & Gamble Company
giletepaste.com,Procter & Gamble; The Procter & Gamble Company
gileteproglide.com,Procter & Gamble; The Procter & Gamble Company
gileteproglide.net,Procter & Gamble; The Procter & Gamble Company
gileteproglide.org,Procter & Gamble; The Procter & Gamble Company
gileteproglidechallenge.com,Procter & Gamble; The Procter & Gamble Company
gileteproglidechallenge.net,Procter & Gamble; The Procter & Gamble Company
gileteproglidechallenge.org,Procter & Gamble; The Procter & Gamble Company
gileteputty.com,Procter & Gamble; The Procter & Gamble Company
gileteshampoo.com,Procter & Gamble; The Procter & Gamble Company
giletestyling.com,Procter & Gamble; The Procter & Gamble Company
gilett.com,Procter & Gamble; The Procter & Gamble Company
gilette.com,Procter & Gamble; The Procter & Gamble Company
gilette.ru,Procter & Gamble
gilettechallenge.com,Procter & Gamble; The Procter & Gamble Company
gilettechallenge.net,Procter & Gamble; The Procter & Gamble Company
gilettechallenge.org,Procter & Gamble; The Procter & Gamble Company
giletteclinicalstrength.com,Procter & Gamble; The Procter & Gamble Company
gilettefusion.com,Procter & Gamble; The Procter & Gamble Company
gilettefusionglide.com,Procter & Gamble; The Procter & Gamble Company
gilettefusionglide.net,Procter & Gamble; The Procter & Gamble Company
gilettefusionglide.org,Procter & Gamble; The Procter & Gamble Company
gilettefusionproglide.com,Procter & Gamble; The Procter & Gamble Company
gilettefusionproglide.net,Procter & Gamble; The Procter & Gamble Company
gilettefusionproglide.org,Procter & Gamble; The Procter & Gamble Company
gilettegel.com,Procter & Gamble; The Procter & Gamble Company
giletteglidechallenge.com,Procter & Gamble; The Procter & Gamble Company
giletteglidechallenge.net,Procter & Gamble; The Procter & Gamble Company
giletteglidechallenge.org,Procter & Gamble; The Procter & Gamble Company
gilettehair.com,Procter & Gamble; The Procter & Gamble Company
gilettepaste.com,Procter & Gamble; The Procter & Gamble Company
giletteproglide.com,Procter & Gamble; The Procter & Gamble Company
giletteproglide.net,Procter & Gamble; The Procter & Gamble Company
giletteproglide.org,Procter & Gamble; The Procter & Gamble Company
giletteproglidechallenge.com,Procter & Gamble; The Procter & Gamble Company
giletteproglidechallenge.net,Procter & Gamble; The Procter & Gamble Company
giletteproglidechallenge.org,Procter & Gamble; The Procter & Gamble Company
giletteputty.com,Procter & Gamble; The Procter & Gamble Company
giletteshampoo.com,Procter & Gamble; The Procter & Gamble Company
gilettestyling.com,Procter & Gamble; The Procter & Gamble Company
gilettevenus.com,Procter & Gamble; The Procter & Gamble Company
gillete.com,Procter & Gamble; The Procter & Gamble Company
gilletechallenge.com,Procter & Gamble; The Procter & Gamble Company
gilletechallenge.net,Procter & Gamble; The Procter & Gamble Company
gilletechallenge.org,Procter & Gamble; The Procter & Gamble Company
gilleteclinicalstrength.com,Procter & Gamble; The Procter & Gamble Company
gilleteconnect.com,Procter & Gamble; The Procter & Gamble Company
gilleteeltri.com,Procter & Gamble; The Procter & Gamble Company
gilletefusionglide.com,Procter & Gamble; The Procter & Gamble Company
gilletefusionglide.net,Procter & Gamble; The Procter & Gamble Company
gilletefusionproglide.com,Procter & Gamble; The Procter & Gamble Company
gilletefusionproglide.net,Procter & Gamble; The Procter & Gamble Company
gilletefusionproglide.org,Procter & Gamble; The Procter & Gamble Company
gilletegel.com,Procter & Gamble; The Procter & Gamble Company
gilleteglidechallenge.com,Procter & Gamble; The Procter & Gamble Company
gilleteglidechallenge.net,Procter & Gamble; The Procter & Gamble Company
gilleteglidechallenge.org,Procter & Gamble; The Procter & Gamble Company
gilletehair.com,Procter & Gamble; The Procter & Gamble Company
gilletelabs-drlupo.com,Procter & Gamble; The Procter & Gamble Company
gilletepaste.com,Procter & Gamble; The Procter & Gamble Company
gilleteproglide.com,Procter & Gamble; The Procter & Gamble Company
gilleteproglide.net,Procter & Gamble; The Procter & Gamble Company
gilleteproglide.org,Procter & Gamble; The Procter & Gamble Company
gilleteproglidechallenge.com,Procter & Gamble; The Procter & Gamble Company
gilleteproglidechallenge.net,Procter & Gamble; The Procter & Gamble Company
gilleteproglidechallenge.org,Procter & Gamble; The Procter & Gamble Company
gilleteputty.com,Procter & Gamble; The Procter & Gamble Company
gilleteshampoo.com,Procter & Gamble; The Procter & Gamble Company
gilletestyling.com,Procter & Gamble; The Procter & Gamble Company
gillette-advancedstrength.com,Procter & Gamble; The Procter & Gamble Company
gillette-asean.com,Procter & Gamble; The Procter & Gamble Company
gillette-asia.com,Procter & Gamble; The Procter & Gamble Company
gillette-bugatti.com,Procter & Gamble; The Procter & Gamble Company
gillette-champion.com,Procter & Gamble; The Procter & Gamble Company
gillette-champions.com,Procter & Gamble; The Procter & Gamble Company
gillette-clinicalstrength.com,Procter & Gamble; The Procter & Gamble Company
gillette-dz.com,Procter & Gamble; The Procter & Gamble Company
gillette-femenina.com,Procter & Gamble; The Procter & Gamble Company
gillette-feminina.com,Procter & Gamble; The Procter & Gamble Company
gillette-fusion.at,Procter & Gamble; The Procter & Gamble Company
gillette-fusion.com,Procter & Gamble; The Procter & Gamble Company
gillette-gold.com,Procter & Gamble; The Procter & Gamble Company
gillette-jp.com,Procter & Gamble; The Procter & Gamble Company
gillette-la.com,Procter & Gamble; The Procter & Gamble Company
gillette-labs.fr,Procter & Gamble
gillette-latino.com,Procter & Gamble; The Procter & Gamble Company
gillette-mujer.com,Procter & Gamble; The Procter & Gamble Company
gillette-preshave.com,Procter & Gamble; The Procter & Gamble Company
gillette-pro-shield.ru,Procter & Gamble; The Procter & Gamble Company
gillette-proglide.com,Procter & Gamble; The Procter & Gamble Company
gillette-proshield.ru,Procter & Gamble; The Procter & Gamble Company
gillette-shop.com,Procter & Gamble; The Procter & Gamble Company
gillette-shop.net,Procter & Gamble; The Procter & Gamble Company
gillette-venus-direct.com,Procter & Gamble; The Procter & Gamble Company
gillette-venus-shave-club.com,Procter & Gamble; The Procter & Gamble Company
gillette.au,Procter & Gamble
gillette.club,Procter & Gamble; The Procter & Gamble Company
gillette.co.in,Procter & Gamble; primary
gillette.com,Procter & Gamble; The Procter & Gamble Company
gillette.com.au,Procter & Gamble
gillette.com.do,Procter & Gamble; The Procter & Gamble Company
gillette.com.pr,Procter & Gamble; The Procter & Gamble Company
gillette.cz,Procter & Gamble; The Procter & Gamble Company
gillette.do,Procter & Gamble; The Procter & Gamble Company
gillette.in,Procter & Gamble; The Procter & Gamble Company
gillette.international,Procter & Gamble; The Procter & Gamble Company
gillette.it,Procter & Gamble
gillette.name,Procter & Gamble; The Procter & Gamble Company
gillette.pr,Procter & Gamble; The Procter & Gamble Company
gillette.ru,Procter & Gamble
gillette.us,Procter & Gamble; The Procter & Gamble Company
gillette2x1.com,Procter & Gamble; The Procter & Gamble Company
gillette3d.com,Procter & Gamble; The Procter & Gamble Company
gillette3x2.com,Procter & Gamble; The Procter & Gamble Company
gillette500.com,Procter & Gamble; The Procter & Gamble Company
gilletteadvisor.com,Procter & Gamble; The Procter & Gamble Company
gilletteaffinity.com,Procter & Gamble; The Procter & Gamble Company
gillettearabia.com,Procter & Gamble; The Procter & Gamble Company
gilletteathletes.com,Procter & Gamble; The Procter & Gamble Company
gilletteb2b.com,Procter & Gamble; The Procter & Gamble Company
gillettebaldly.com,Procter & Gamble
gillettebarcelonamx.com,Procter & Gamble; The Procter & Gamble Company
gilletteblue3.com,Procter & Gamble; The Procter & Gamble Company
gillettebody.com,Procter & Gamble; The Procter & Gamble Company
gillettebodycare.com,Procter & Gamble; The Procter & Gamble Company
gillettechallenge.com,Procter & Gamble; The Procter & Gamble Company
gillettechallenge.net,Procter & Gamble; The Procter & Gamble Company
gillettechallenge.org,Procter & Gamble; The Procter & Gamble Company
gillettechampion.com,Procter & Gamble; The Procter & Gamble Company
gillettechampions.at,Procter & Gamble; primary
gillettechampions.com,Procter & Gamble; The Procter & Gamble Company
gillettechampions.fi,Procter & Gamble
gillettechampions.it,Procter & Gamble
gillettechampionsarabia.com,Procter & Gamble; The Procter & Gamble Company
gilletteclinical.com,Procter & Gamble; The Procter & Gamble Company
gilletteclinicalstrength.com,Procter & Gamble; The Procter & Gamble Company
gilletteclub.com,Procter & Gamble; The Procter & Gamble Company
gilletteclub.cz,Procter & Gamble; The Procter & Gamble Company
gilletteclub.fr,Procter & Gamble
gilletteclub.in,Procter & Gamble; The Procter & Gamble Company
gilletteclub.it,Procter & Gamble
gilletteclub.ru,Procter & Gamble
gillettecn.com,Procter & Gamble; The Procter & Gamble Company
gillettecollegerazor.com,Procter & Gamble; The Procter & Gamble Company
gillettecollegerazors.com,Procter & Gamble; The Procter & Gamble Company
gillettecomplete.com,Procter & Gamble; The Procter & Gamble Company
gillettecs.com,Procter & Gamble; The Procter & Gamble Company
gillettecuchillascolombia.com,Procter & Gamble; The Procter & Gamble Company
gillettecuerpo.com,Procter & Gamble; The Procter & Gamble Company
gillettecup.com,Procter & Gamble; The Procter & Gamble Company
gillettedesechable.com,Procter & Gamble; The Procter & Gamble Company
gillettedigitalcoupons.com,Procter & Gamble; The Procter & Gamble Company
gillettedirect.com,Procter & Gamble; The Procter & Gamble Company
gillettedirect.com.au,Procter & Gamble
gilletteeasports.com,Procter & Gamble; The Procter & Gamble Company
gilletteeltri.com,Procter & Gamble; The Procter & Gamble Company
gilletteeurope.com,Procter & Gamble; The Procter & Gamble Company
gilletteface.com,Procter & Gamble; The Procter & Gamble Company
gillettefamilypicnic.com,Procter & Gamble; The Procter & Gamble Company
gillettefemenina.com,Procter & Gamble; The Procter & Gamble Company
gillettefeminina.com,Procter & Gamble; The Procter & Gamble Company
gilletteflexball.com,Procter & Gamble; The Procter & Gamble Company
gillettefootball.com,Procter & Gamble; The Procter & Gamble Company
gillettefootballclub.com,Procter & Gamble; The Procter & Gamble Company
gillettefootballclubasia.com,Procter & Gamble; The Procter & Gamble Company
gilletteforwomen.com,Procter & Gamble; The Procter & Gamble Company
gillettefreegamecodes.com,Procter & Gamble; The Procter & Gamble Company
gillettefreerazor.com,Procter & Gamble; The Procter & Gamble Company
gillettefusion.at,Procter & Gamble; primary
gillettefusion.com,Procter & Gamble; The Procter & Gamble Company
gillettefusion.fr,Procter & Gamble
gillettefusion.it,Procter & Gamble
gillettefusion.kz,Procter & Gamble; The Procter & Gamble Company
gillettefusionarabia.com,Procter & Gamble; The Procter & Gamble Company
gillettefusionglide.com,Procter & Gamble; The Procter & Gamble Company
gillettefusionglide.net,Procter & Gamble; The Procter & Gamble Company
gillettefusionphenom.com,Procter & Gamble; The Procter & Gamble Company
gillettefusionproglide.com,Procter & Gamble; The Procter & Gamble Company
gillettefusionproglide.net,Procter & Gamble; The Procter & Gamble Company
gillettefusionproglide.org,Procter & Gamble; The Procter & Gamble Company
gillettefuturechampion.it,Procter & Gamble
gillettefuturechampions.it,Procter & Gamble
gillettegameface.com,Procter & Gamble; The Procter & Gamble Company
gillettegamer.com,Procter & Gamble; The Procter & Gamble Company
gillettegel.com,Procter & Gamble; The Procter & Gamble Company
gillettegift.com,Procter & Gamble; The Procter & Gamble Company
gillettegifting.com,Procter & Gamble; The Procter & Gamble Company
gillettegiocaevinci.it,Procter & Gamble
gilletteglidechallenge.com,Procter & Gamble; The Procter & Gamble Company
gilletteglidechallenge.net,Procter & Gamble; The Procter & Gamble Company
gilletteglidechallenge.org,Procter & Gamble; The Procter & Gamble Company
gillettehandlewithcare.com,Procter & Gamble; The Procter & Gamble Company
gilletteholiday.com,Procter & Gamble; The Procter & Gamble Company
gilletteinfo.com,Procter & Gamble; The Procter & Gamble Company
gilletteingamecodes.com,Procter & Gamble; The Procter & Gamble Company
gilletteinsiders.com,Procter & Gamble; The Procter & Gamble Company
gilletteinstructions.com,Procter & Gamble; The Procter & Gamble Company
gilletteinvasionchallenge.com,Procter & Gamble; The Procter & Gamble Company
gillettejobs.com,Procter & Gamble; The Procter & Gamble Company
gillettela.com,Procter & Gamble; The Procter & Gamble Company
gillettelabs-drlupo.com,Procter & Gamble; The Procter & Gamble Company
gillettelabs.club,Procter & Gamble; The Procter & Gamble Company
gillettelabs.co.cr,Procter & Gamble; The Procter & Gamble Company
gillettelabs.co.in,Procter & Gamble; The Procter & Gamble Company
gillettelabs.com,Procter & Gamble; The Procter & Gamble Company
gillettelabs.com.au,Procter & Gamble
gillettelabs.com.do,Procter & Gamble; The Procter & Gamble Company
gillettelabs.cr,Procter & Gamble; The Procter & Gamble Company
gillettelabs.do,Procter & Gamble; The Procter & Gamble Company
gillettelabs.fi,Procter & Gamble; The Procter & Gamble Company
gillettelabs.in,Procter & Gamble; The Procter & Gamble Company
gillettelabs.it,Procter & Gamble
gillettelabs.name,Procter & Gamble; The Procter & Gamble Company
gillettelabs.ru,Procter & Gamble; The Procter & Gamble Company
gillettelabsusrazer.com,Procter & Gamble; The Procter & Gamble Company
gillettelivesharp.com,Procter & Gamble; The Procter & Gamble Company
gillettem3disposable.com,Procter & Gamble; The Procter & Gamble Company
gillettem3disposables.com,Procter & Gamble; The Procter & Gamble Company
gillettem3jetable.com,Procter & Gamble; The Procter & Gamble Company
gillettem3jetables.com,Procter & Gamble; The Procter & Gamble Company
gillettem3power.com,Procter & Gamble; The Procter & Gamble Company
gillettemach3.com,Procter & Gamble; The Procter & Gamble Company
gillettemalaysia.com,Procter & Gamble; The Procter & Gamble Company
gillettembarecruiting.com,Procter & Gamble; The Procter & Gamble Company
gillettemerchandise.com,Procter & Gamble; The Procter & Gamble Company
gillettemexico.com,Procter & Gamble; The Procter & Gamble Company
gillettenewrazor.com,Procter & Gamble; The Procter & Gamble Company
gillettenews.com,Procter & Gamble; The Procter & Gamble Company
gillettenowtv.com,Procter & Gamble; The Procter & Gamble Company
gilletteoncall.com,Procter & Gamble; The Procter & Gamble Company
gilletteondemand.ae,Procter & Gamble; The Procter & Gamble Company
gilletteondemand.asia,Procter & Gamble; The Procter & Gamble Company
gilletteondemand.co.in,Procter & Gamble; The Procter & Gamble Company
gilletteondemand.com,Procter & Gamble; The Procter & Gamble Company
gilletteondemand.com.au,Procter & Gamble
gilletteondemand.fr,Procter & Gamble
gilletteondemand.in,Procter & Gamble; The Procter & Gamble Company
gilletteondemand.info,Procter & Gamble; The Procter & Gamble Company
gilletteondemand.it,Procter & Gamble
gilletteondemand.me,Procter & Gamble; The Procter & Gamble Company
gilletteondemand.net,Procter & Gamble; The Procter & Gamble Company
gilletteondemand.org,Procter & Gamble; The Procter & Gamble Company
gilletteondemand.ru,Procter & Gamble; The Procter & Gamble Company
gilletteondemand.us,Procter & Gamble; The Procter & Gamble Company
gillettepakistan.com,Procter & Gamble; The Procter & Gamble Company
gilletteparaella.com,Procter & Gamble; The Procter & Gamble Company
gillettepaste.com,Procter & Gamble; The Procter & Gamble Company
gillettepcc.com,Procter & Gamble; The Procter & Gamble Company
gillettephantom.com,Procter & Gamble; The Procter & Gamble Company
gillettephenom.com,Procter & Gamble; The Procter & Gamble Company
gilletteplant.ru,Procter & Gamble; The Procter & Gamble Company
gilletteprecisionplay.com,Procter & Gamble; The Procter & Gamble Company
gillettepressurepoints.com,Procter & Gamble; The Procter & Gamble Company
gilletteproglide.com,Procter & Gamble; The Procter & Gamble Company
gilletteproglide.net,Procter & Gamble; The Procter & Gamble Company
gilletteproglide.org,Procter & Gamble; The Procter & Gamble Company
gilletteproglide.ru,Procter & Gamble; The Procter & Gamble Company
gilletteproglidechallenge.com,Procter & Gamble; The Procter & Gamble Company
gilletteproglidechallenge.net,Procter & Gamble; The Procter & Gamble Company
gilletteproglidechallenge.org,Procter & Gamble; The Procter & Gamble Company
gillettepromociones.com,Procter & Gamble; The Procter & Gamble Company
gillettepromotions.com,Procter & Gamble; The Procter & Gamble Company
gillettepromozioni.com,Procter & Gamble; The Procter & Gamble Company
gilletteputty.com,Procter & Gamble; The Procter & Gamble Company
gilletteraptorssweepsprize.ca,Procter & Gamble
gilletterefil.com,Procter & Gamble; The Procter & Gamble Company
gilletterefilclub.com,Procter & Gamble; The Procter & Gamble Company
gilletterefill.com,Procter & Gamble; The Procter & Gamble Company
gilletterefillclub.com,Procter & Gamble; The Procter & Gamble Company
gilletteresourcecenter.com,Procter & Gamble; The Procter & Gamble Company
gilletterewards.com,Procter & Gamble; The Procter & Gamble Company
gilletterewardsclub.com,Procter & Gamble; The Procter & Gamble Company
gilletterubie.ru,Procter & Gamble; The Procter & Gamble Company
gillettesampling.com,Procter & Gamble; The Procter & Gamble Company
gillettesatincare.ru,Procter & Gamble; The Procter & Gamble Company
gillettesaveandshaveclub.com,Procter & Gamble; The Procter & Gamble Company
gilletteseries.com,Procter & Gamble; The Procter & Gamble Company
gilletteseries.ru,Procter & Gamble
gilletteshampoo.com,Procter & Gamble; The Procter & Gamble Company
gilletteshaveclub.com,Procter & Gamble; The Procter & Gamble Company
gilletteshaveclub.cz,Procter & Gamble; The Procter & Gamble Company
gilletteshaveclub.fr,Procter & Gamble
gilletteshaveclub.it,Procter & Gamble
gillettesingapore.com,Procter & Gamble; The Procter & Gamble Company
gilletteskycompetition.com,Procter & Gamble; The Procter & Gamble Company
gilletteslalomplus.ru,Procter & Gamble; The Procter & Gamble Company
gillettesmooth.com,Procter & Gamble; The Procter & Gamble Company
gillettesoccer.com,Procter & Gamble; The Procter & Gamble Company
gillettesport.com,Procter & Gamble; The Procter & Gamble Company
gillettestyle.com,Procter & Gamble; The Procter & Gamble Company
gillettestyling.com,Procter & Gamble; The Procter & Gamble Company
gillettesubscribe.com,Procter & Gamble; The Procter & Gamble Company
gillettethebestamancanget.com,Procter & Gamble; The Procter & Gamble Company
gillettetimeshaver.com,Procter & Gamble; The Procter & Gamble Company
gillettetrainingclub.com,Procter & Gamble; The Procter & Gamble Company
gillettetreo.com,Procter & Gamble; The Procter & Gamble Company
gillettetrickstars.com,Procter & Gamble; The Procter & Gamble Company
gilletteush.com,Procter & Gamble; The Procter & Gamble Company
gillettevenus-jp.com,Procter & Gamble; The Procter & Gamble Company
gillettevenus.au,Procter & Gamble
gillettevenus.co.in,Procter & Gamble; The Procter & Gamble Company
gillettevenus.com,Procter & Gamble; The Procter & Gamble Company
gillettevenus.com.au,Procter & Gamble
gillettevenus.com.do,Procter & Gamble; The Procter & Gamble Company
gillettevenus.cz,Procter & Gamble; The Procter & Gamble Company
gillettevenus.it,Procter & Gamble
gillettevenus.pro,Procter & Gamble; The Procter & Gamble Company
gillettevenus.ru,Procter & Gamble
gillettevenusarabia.com,Procter & Gamble; The Procter & Gamble Company
gillettevenusasean.com,Procter & Gamble; The Procter & Gamble Company
gillettevenusasia.com,Procter & Gamble; The Procter & Gamble Company
gillettevenuscamperbelgium.com,Procter & Gamble; The Procter & Gamble Company
gillettevenusdirect.com,Procter & Gamble; The Procter & Gamble Company
gillettevenusfacebook.com,Procter & Gamble; The Procter & Gamble Company
gillettevenuskruidvatcamper.com,Procter & Gamble; The Procter & Gamble Company
gillettevenusla.com,Procter & Gamble; The Procter & Gamble Company
gillettevenuspt.com,Procter & Gamble; The Procter & Gamble Company
gillettevenusquiz.com,Procter & Gamble; The Procter & Gamble Company
gillettevenusshaveclub.com,Procter & Gamble; The Procter & Gamble Company
gillettevenussubscription.com,Procter & Gamble; The Procter & Gamble Company
gillettevenusturkey.com,Procter & Gamble; The Procter & Gamble Company
gillettevincikitsport.it,Procter & Gamble
gillettevinciscooter.it,Procter & Gamble
gillettewinners.com,Procter & Gamble; The Procter & Gamble Company
gilletteworldsport.com,Procter & Gamble; The Procter & Gamble Company
gillettexdeion.com,Procter & Gamble; The Procter & Gamble Company
gillettexmasballs.com,Procter & Gamble; The Procter & Gamble Company
gillettexsaquon.com,Procter & Gamble; The Procter & Gamble Company
gilllettegamer.com,Procter & Gamble; The Procter & Gamble Company
ginadrosos.com,Procter & Gamble; The Procter & Gamble Company
ginadrosos.info,Procter & Gamble; The Procter & Gamble Company
ginadrosos.net,Procter & Gamble; The Procter & Gamble Company
ginadrosos.us,Procter & Gamble; The Procter & Gamble Company
gingerhealthcompany.com,Procter & Gamble; The Procter & Gamble Company
giovanniciserani.com,Procter & Gamble; The Procter & Gamble Company
giovanniciserani.info,Procter & Gamble; The Procter & Gamble Company
giovanniciserani.net,Procter & Gamble; The Procter & Gamble Company
giovanniciserani.org,Procter & Gamble; The Procter & Gamble Company
giovanniciserani.us,Procter & Gamble; The Procter & Gamble Company
girlgalaxy.com,Procter & Gamble; The Procter & Gamble Company
giveaplate.com,Procter & Gamble; The Procter & Gamble Company
givefoamachance.com,Procter & Gamble; The Procter & Gamble Company
givegoods.com,Procter & Gamble; The Procter & Gamble Company
givehealth.com,Procter & Gamble; The Procter & Gamble Company
givehealth.org,Procter & Gamble; The Procter & Gamble Company
givethefoamatry.com,Procter & Gamble; The Procter & Gamble Company
gleeandjoy.com,Procter & Gamble; The Procter & Gamble Company
gleem.com,Procter & Gamble; The Procter & Gamble Company
gleem.net,Procter & Gamble; The Procter & Gamble Company
gleem.us,Procter & Gamble; The Procter & Gamble Company
gleembox.com,Procter & Gamble; The Procter & Gamble Company
gleeshave.com,Procter & Gamble; The Procter & Gamble Company
glide-floss.com,Procter & Gamble; The Procter & Gamble Company
glide-v-floss.com,Procter & Gamble; The Procter & Gamble Company
glidechallenge.com,Procter & Gamble; The Procter & Gamble Company
glidechallenge.net,Procter & Gamble; The Procter & Gamble Company
glidefloss.com,Procter & Gamble; The Procter & Gamble Company
glidepick.com,Procter & Gamble; The Procter & Gamble Company
glideplusscope.com,Procter & Gamble; The Procter & Gamble Company
global-mia.com,Procter & Gamble; The Procter & Gamble Company
globalconnectionsalon.com,Procter & Gamble; The Procter & Gamble Company
glowingout.com,Procter & Gamble; The Procter & Gamble Company
glucosweet.com,Procter & Gamble; The Procter & Gamble Company
go2pg.com,Procter & Gamble; The Procter & Gamble Company
goariel.org,Procter & Gamble; The Procter & Gamble Company
goconcentrate.com,Procter & Gamble; The Procter & Gamble Company
goddesslegs.com,Procter & Gamble; The Procter & Gamble Company
goldensleep.com,Procter & Gamble; The Procter & Gamble Company
goodcleanfun.com,Procter & Gamble; The Procter & Gamble Company
goodeverydaypg.com,Procter & Gamble; The Procter & Gamble Company
goodhairdaymate.com,Procter & Gamble; The Procter & Gamble Company
goodteethorder.com,Procter & Gamble; The Procter & Gamble Company
gorod-pampers.ru,Procter & Gamble
gorodok-pampers.com,Procter & Gamble; The Procter & Gamble Company
gorodok-pampers.net,Procter & Gamble; The Procter & Gamble Company
gorodok-pampers.ru,Procter & Gamble
gorodokpampers.com,Procter & Gamble; The Procter & Gamble Company
gorodokpampers.net,Procter & Gamble; The Procter & Gamble Company
gorodokpampers.ru,Procter & Gamble
gorodpampers.ru,Procter & Gamble
goseenina.com,Procter & Gamble; The Procter & Gamble Company
goslaybeauty.com,Procter & Gamble; The Procter & Gamble Company
graciasmama-latam.com,Procter & Gamble; The Procter & Gamble Company
grancomienzoentodaspartes.com,Procter & Gamble; The Procter & Gamble Company
grandescomienzosgillette.com,Procter & Gamble; The Procter & Gamble Company
granpremiogillette.com,Procter & Gamble; The Procter & Gamble Company
graziedicuoremamma.com,Procter & Gamble; The Procter & Gamble Company
graziedicuoremamma.it,Procter & Gamble
greaseisgone.com,Procter & Gamble; The Procter & Gamble Company
greatgiftspg.com,Procter & Gamble; The Procter & Gamble Company
greathairnoworries.com,Procter & Gamble; The Procter & Gamble Company
greathairstylists.ru,Procter & Gamble; The Procter & Gamble Company
greenguarantee.com,Procter & Gamble; The Procter & Gamble Company
gripesoresfriados.com,Procter & Gamble; The Procter & Gamble Company
grooming.com,Procter & Gamble; The Procter & Gamble Company
groomingauthority.com,Procter & Gamble; The Procter & Gamble Company
groomingselfiehub.com,Procter & Gamble; The Procter & Gamble Company
groomingtips.com,Procter & Gamble; The Procter & Gamble Company
grs-pg.com,Procter & Gamble; The Procter & Gamble Company
gtosmile.com,Procter & Gamble; The Procter & Gamble Company
guapasiempre.com,Procter & Gamble; The Procter & Gamble Company
gumdetoxify.com,Procter & Gamble; The Procter & Gamble Company
gums.com,Procter & Gamble; The Procter & Gamble Company
gventures1.com,Procter & Gamble; The Procter & Gamble Company
gventures2.com,Procter & Gamble; The Procter & Gamble Company
h-and-s.com,Procter & Gamble; The Procter & Gamble Company
hair-advice.com,Procter & Gamble; The Procter & Gamble Company
hair-care.com,Procter & Gamble; The Procter & Gamble Company
hair-renewal.com,Procter & Gamble; The Procter & Gamble Company
hairawards.com,Procter & Gamble; The Procter & Gamble Company
hairbiology.us,Procter & Gamble; The Procter & Gamble Company
haircode.com,Procter & Gamble; The Procter & Gamble Company
haircode.fr,Procter & Gamble
haircode.io,Procter & Gamble; The Procter & Gamble Company
haircode.it,Procter & Gamble
haircode.me,Procter & Gamble; The Procter & Gamble Company
haircodemarketplace.com,Procter & Gamble; The Procter & Gamble Company
hairdensityadvisor.com,Procter & Gamble; The Procter & Gamble Company
hairepair.com,Procter & Gamble; The Procter & Gamble Company
hairepairinstitute.com,Procter & Gamble; The Procter & Gamble Company
hairfood.com,Procter & Gamble; The Procter & Gamble Company
hairfood.us,Procter & Gamble; The Procter & Gamble Company
hairfoodarabia.com,Procter & Gamble; The Procter & Gamble Company
hairfoodcanada.com,Procter & Gamble; The Procter & Gamble Company
hairmaskbarshop.com,Procter & Gamble; The Procter & Gamble Company
hairmaskshop.com,Procter & Gamble; The Procter & Gamble Company
hairrecipe.com.au,Procter & Gamble
hairrecipe.net,Procter & Gamble; The Procter & Gamble Company
hairrecipe.org,Procter & Gamble; The Procter & Gamble Company
hairrenewal.com,Procter & Gamble; The Procter & Gamble Company
hairrepairinstitute.com,Procter & Gamble; The Procter & Gamble Company
hairresearchinstitute.com,Procter & Gamble; The Procter & Gamble Company
hairresearchinstitute.net,Procter & Gamble; The Procter & Gamble Company
hairsamba.com,Procter & Gamble; The Procter & Gamble Company
handrenewal.com,Procter & Gamble; The Procter & Gamble Company
happychangeslaic.com,Procter & Gamble; The Procter & Gamble Company
happygutapp.com,Procter & Gamble; The Procter & Gamble Company
happyitshere.com,Procter & Gamble; The Procter & Gamble Company
happynoches.com,Procter & Gamble; The Procter & Gamble Company
happynoites.com,Procter & Gamble; The Procter & Gamble Company
happywhisper.com,Procter & Gamble; The Procter & Gamble Company
happywrapsdiapers.com,Procter & Gamble; The Procter & Gamble Company
haveyouseenthis.com,Procter & Gamble; The Procter & Gamble Company
haveyouseenthisyet.com,Procter & Gamble; The Procter & Gamble Company
haveyoutriedthese.com,Procter & Gamble; The Procter & Gamble Company
haveyoutriedthisyet.com,Procter & Gamble; The Procter & Gamble Company
hayallerimizdengercege.com,Procter & Gamble; The Procter & Gamble Company
head-and-shoulders.at,Procter & Gamble; The Procter & Gamble Company
head-and-shoulders.com,Procter & Gamble; The Procter & Gamble Company
head-and-shoulders.ru,Procter & Gamble
head-shoulders.com,Procter & Gamble; The Procter & Gamble Company
headandshouders-africa.com,Procter & Gamble; The Procter & Gamble Company
headandshoulder.it,Procter & Gamble
headandshoulders-africa.com,Procter & Gamble; The Procter & Gamble Company
headandshoulders-la.com,Procter & Gamble; The Procter & Gamble Company
headandshoulders-latam.com,Procter & Gamble; The Procter & Gamble Company
headandshoulders-lifetime.com,Procter & Gamble; primary
headandshoulders-loterie.com,Procter & Gamble; The Procter & Gamble Company
headandshoulders-remboursement.com,Procter & Gamble; The Procter & Gamble Company
headandshoulders.ae,Procter & Gamble; The Procter & Gamble Company
headandshoulders.ag,Procter & Gamble; The Procter & Gamble Company
headandshoulders.asia,Procter & Gamble; The Procter & Gamble Company
headandshoulders.at,Procter & Gamble; The Procter & Gamble Company
headandshoulders.au,Procter & Gamble
headandshoulders.co.in,Procter & Gamble; primary
headandshoulders.co.th,Procter & Gamble
headandshoulders.co.ug,Procter & Gamble; The Procter & Gamble Company
headandshoulders.com,Procter & Gamble; The Procter & Gamble Company
headandshoulders.com.au,Procter & Gamble
headandshoulders.com.gh,Procter & Gamble; The Procter & Gamble Company
headandshoulders.cz,Procter & Gamble; The Procter & Gamble Company
headandshoulders.fr,Procter & Gamble
headandshoulders.it,Procter & Gamble
headandshoulders.name,Procter & Gamble; The Procter & Gamble Company
headandshoulders.net,Procter & Gamble; The Procter & Gamble Company
headandshoulders.org,Procter & Gamble; The Procter & Gamble Company
headandshoulders.ru,Procter & Gamble
headandshoulders.us,Procter & Gamble; The Procter & Gamble Company
headandshouldersarabia.ae,Procter & Gamble; The Procter & Gamble Company
headandshouldersarabia.com,Procter & Gamble; The Procter & Gamble Company
headandshoulderscaribbean.com,Procter & Gamble; The Procter & Gamble Company
headandshouldersconnect.com,Procter & Gamble; The Procter & Gamble Company
headandshouldersdigitalcoupons.com,Procter & Gamble; The Procter & Gamble Company
headandshouldersla.com,Procter & Gamble; The Procter & Gamble Company
headandshouldersmea.com,Procter & Gamble; The Procter & Gamble Company
headandshouldersmexico.com,Procter & Gamble; The Procter & Gamble Company
headandshouldersrewards.com,Procter & Gamble; The Procter & Gamble Company
headandshoulderstellevaalfep.com,Procter & Gamble; The Procter & Gamble Company
headandshouldersth.com,Procter & Gamble; The Procter & Gamble Company
headandshoulderswalmartsweeps.com,Procter & Gamble; The Procter & Gamble Company
headandshoulersth.com,Procter & Gamble; The Procter & Gamble Company
headeshoulders.it,Procter & Gamble
headshaverco.com,Procter & Gamble; The Procter & Gamble Company
headshoulders.com,Procter & Gamble; The Procter & Gamble Company
headshoulders.it,Procter & Gamble
headturninghair.com,Procter & Gamble; The Procter & Gamble Company
headturninghair.net,Procter & Gamble; The Procter & Gamble Company
headturninghair.us,Procter & Gamble; The Procter & Gamble Company
headundshoulders.at,Procter & Gamble; The Procter & Gamble Company
healcrem.com,Procter & Gamble; The Procter & Gamble Company
health-care.com,Procter & Gamble; The Procter & Gamble Company
health-for-women.com,Procter & Gamble; The Procter & Gamble Company
health-sciences-institute.com,Procter & Gamble; The Procter & Gamble Company
healthexpressions.info,Procter & Gamble; The Procter & Gamble Company
healthexpressions.net,Procter & Gamble; The Procter & Gamble Company
healthexpressions.org,Procter & Gamble; The Procter & Gamble Company
healthpresso.com,Procter & Gamble; The Procter & Gamble Company
healthyhairmakeover.com,Procter & Gamble; The Procter & Gamble Company
healthyhairresearchinstitute.com,Procter & Gamble; The Procter & Gamble Company
healthyhairresearchinstitute.net,Procter & Gamble; The Procter & Gamble Company
healthyradianceclub.com,Procter & Gamble; The Procter & Gamble Company
healthysmile2010.org,Procter & Gamble; The Procter & Gamble Company
healthysmiles2010.org,Procter & Gamble; The Procter & Gamble Company
healthywhitening.com,Procter & Gamble; The Procter & Gamble Company
heartburnfreechallenge.com,Procter & Gamble; The Procter & Gamble Company
heartburnfriendly.com,Procter & Gamble; The Procter & Gamble Company
heartburnmonth.com,Procter & Gamble; The Procter & Gamble Company
heated-razor.fr,Procter & Gamble
heatedrazor.fr,Procter & Gamble
heavenlysoftness.com,Procter & Gamble; The Procter & Gamble Company
hedesholder.it,Procter & Gamble
hegor.com,Procter & Gamble; The Procter & Gamble Company
helloappspampers.com,Procter & Gamble; The Procter & Gamble Company
hellopampers.com,Procter & Gamble; The Procter & Gamble Company
hellopampersapps.com,Procter & Gamble; The Procter & Gamble Company
helloparentingapps.com,Procter & Gamble; The Procter & Gamble Company
helpagirlout.com,Procter & Gamble; The Procter & Gamble Company
helpclean.com,Procter & Gamble; The Procter & Gamble Company
helpdawnsave.com,Procter & Gamble; The Procter & Gamble Company
helpdawnsavewildlife.com,Procter & Gamble; The Procter & Gamble Company
helppreventplaque.com,Procter & Gamble; The Procter & Gamble Company
helpstopsensitivity.com,Procter & Gamble; The Procter & Gamble Company
helpstoptherumor.com,Procter & Gamble; The Procter & Gamble Company
helpthemfloss.com,Procter & Gamble; The Procter & Gamble Company
helpthemfloss.org,Procter & Gamble; The Procter & Gamble Company
hepabionforte.com,Procter & Gamble; The Procter & Gamble Company
hepabiontaforte.com,Procter & Gamble; The Procter & Gamble Company
hepabiontaplus.com,Procter & Gamble; The Procter & Gamble Company
herbaesence.com,Procter & Gamble; The Procter & Gamble Company
herbaesences.com,Procter & Gamble; The Procter & Gamble Company
herbaessences.com,Procter & Gamble; The Procter & Gamble Company
herbal-essences.at,Procter & Gamble; The Procter & Gamble Company
herbal-essences.cz,Procter & Gamble; The Procter & Gamble Company
herbal-essences.fr,Procter & Gamble
herbal-essences.net,Procter & Gamble; The Procter & Gamble Company
herbal-essences.ru,Procter & Gamble; The Procter & Gamble Company
herbalarabia.com,Procter & Gamble; The Procter & Gamble Company
herbalarabiacircle.com,Procter & Gamble; The Procter & Gamble Company
herbalesencela.com,Procter & Gamble; The Procter & Gamble Company
herbalesencesla.com,Procter & Gamble; The Procter & Gamble Company
herbalessence.com,Procter & Gamble; The Procter & Gamble Company
herbalessence.net,Procter & Gamble; The Procter & Gamble Company
herbalessence.org,Procter & Gamble; The Procter & Gamble Company
herbalessencecircle.com,Procter & Gamble; The Procter & Gamble Company
herbalessencecolor.com,Procter & Gamble; The Procter & Gamble Company
herbalessences-arabia.com,Procter & Gamble; The Procter & Gamble Company
herbalessences-ca.com,Procter & Gamble; The Procter & Gamble Company
herbalessences-la.com,Procter & Gamble; The Procter & Gamble Company
herbalessences-latam.com,Procter & Gamble; The Procter & Gamble Company
herbalessences-sor.com,Procter & Gamble; The Procter & Gamble Company
herbalessences-th.com,Procter & Gamble; The Procter & Gamble Company
herbalessences.asia,Procter & Gamble; The Procter & Gamble Company
herbalessences.at,Procter & Gamble; The Procter & Gamble Company
herbalessences.co.in,Procter & Gamble; primary
herbalessences.com,Procter & Gamble; The Procter & Gamble Company
herbalessences.com.au,Procter & Gamble
herbalessences.cz,Procter & Gamble; The Procter & Gamble Company
herbalessences.fi,Procter & Gamble
herbalessences.fr,Procter & Gamble
herbalessences.info,Procter & Gamble; The Procter & Gamble Company
herbalessences.it,Procter & Gamble
herbalessences.net,Procter & Gamble; The Procter & Gamble Company
herbalessences.org,Procter & Gamble; The Procter & Gamble Company
herbalessences.ru,Procter & Gamble; The Procter & Gamble Company
herbalessencesarabia.com,Procter & Gamble; The Procter & Gamble Company
herbalessencesarabiacirlce.com,Procter & Gamble; The Procter & Gamble Company
herbalessencesbg.com,Procter & Gamble; The Procter & Gamble Company
herbalessencesbiorenew.com,Procter & Gamble; The Procter & Gamble Company
herbalessencesbr.com,Procter & Gamble; The Procter & Gamble Company
herbalessencescircle.com,Procter & Gamble; The Procter & Gamble Company
herbalessencescircle.net,Procter & Gamble; The Procter & Gamble Company
herbalessencescolor.com,Procter & Gamble; The Procter & Gamble Company
herbalessencescolor.net,Procter & Gamble; The Procter & Gamble Company
herbalessencescolor.org,Procter & Gamble; The Procter & Gamble Company
herbalessencescolorflirt.com,Procter & Gamble; The Procter & Gamble Company
herbalessencesconnect.com,Procter & Gamble; The Procter & Gamble Company
herbalessencesdigitalcoupons.com,Procter & Gamble; The Procter & Gamble Company
herbalessenceshaircolor.com,Procter & Gamble; The Procter & Gamble Company
herbalessencesla.com,Procter & Gamble; The Procter & Gamble Company
herbalessencespruebalo.com,Procter & Gamble; The Procter & Gamble Company
herbalessencesrewards.com,Procter & Gamble; The Procter & Gamble Company
herbalessencessla.com,Procter & Gamble; The Procter & Gamble Company
herbalessencesth.com,Procter & Gamble; The Procter & Gamble Company
herbalgirl.ru,Procter & Gamble
herbalstylecenter.com,Procter & Gamble; The Procter & Gamble Company
herfootball.com,Procter & Gamble; The Procter & Gamble Company
hergreatescape.com,Procter & Gamble; The Procter & Gamble Company
hertideisshowing.com,Procter & Gamble; The Procter & Gamble Company
heturbo.com,Procter & Gamble; The Procter & Gamble Company
hi5handgiene.com,Procter & Gamble; The Procter & Gamble Company
hi5handprotection.com,Procter & Gamble; The Procter & Gamble Company
hier-bleiben.com,Procter & Gamble; The Procter & Gamble Company
hierbleiben.net,Procter & Gamble; The Procter & Gamble Company
hierbleiben.org,Procter & Gamble; The Procter & Gamble Company
hifibreanything.com,Procter & Gamble; The Procter & Gamble Company
hifibreanything.com.au,Procter & Gamble
highendurance.com,Procter & Gamble; The Procter & Gamble Company
highfibreanything.com,Procter & Gamble; The Procter & Gamble Company
highfibreanything.com.au,Procter & Gamble
historiaspantene.com,Procter & Gamble; The Procter & Gamble Company
hns.ae,Procter & Gamble; The Procter & Gamble Company
hnsarabia.com,Procter & Gamble; The Procter & Gamble Company
hofels.com,Procter & Gamble; The Procter & Gamble Company
hogar-radiante.com,Procter & Gamble; The Procter & Gamble Company
hogaratumanera.com,Procter & Gamble; The Procter & Gamble Company
hogaratumanera.net,Procter & Gamble; The Procter & Gamble Company
hogaratumanera.org,Procter & Gamble; The Procter & Gamble Company
hombremvp.com,Procter & Gamble; The Procter & Gamble Company
homeatease.com,Procter & Gamble; The Procter & Gamble Company
homecare-la.com,Procter & Gamble; The Procter & Gamble Company
homefragrances.asia,Procter & Gamble; The Procter & Gamble Company
homemadesimple.com,Procter & Gamble; The Procter & Gamble Company
homemadesimple.fr,Procter & Gamble
homemadesimple.net,Procter & Gamble; The Procter & Gamble Company
homemadesimple.org,Procter & Gamble; The Procter & Gamble Company
homemadesimpletelevision.com,Procter & Gamble; The Procter & Gamble Company
homemadesimpletelevisionshow.com,Procter & Gamble; The Procter & Gamble Company
homemadesimpletv.com,Procter & Gamble; The Procter & Gamble Company
homemadesimpletvshow.com,Procter & Gamble; The Procter & Gamble Company
homemavens.com,Procter & Gamble; The Procter & Gamble Company
hometailgating.com,Procter & Gamble; The Procter & Gamble Company
hometeamshine.com,Procter & Gamble; The Procter & Gamble Company
honoryourhero.com,Procter & Gamble; The Procter & Gamble Company
hotlipscontest.com,Procter & Gamble; The Procter & Gamble Company
hotlipsquiz.com,Procter & Gamble; The Procter & Gamble Company
houseofswiffer.net,Procter & Gamble; The Procter & Gamble Company
houseofswiffer.org,Procter & Gamble; The Procter & Gamble Company
howdoesheshave.com,Procter & Gamble; The Procter & Gamble Company
howdownyworks.com,Procter & Gamble; The Procter & Gamble Company
howhealthyareyourjoints.com,Procter & Gamble; The Procter & Gamble Company
howoldareyourjoints.com,Procter & Gamble; The Procter & Gamble Company
howtobreathebetter.com,Procter & Gamble; The Procter & Gamble Company
howtowhiten.com,Procter & Gamble; The Procter & Gamble Company
hs-promo.com,Procter & Gamble; The Procter & Gamble Company
hs-russia.ru,Procter & Gamble; The Procter & Gamble Company
hsantiforfora.it,Procter & Gamble
hsdd.info,Procter & Gamble; The Procter & Gamble Company
hsdd.org,Procter & Gamble; The Procter & Gamble Company
hsddinfo.com,Procter & Gamble; The Procter & Gamble Company
hsdosdecadauno.com,Procter & Gamble; The Procter & Gamble Company
hsfreestyle.com,Procter & Gamble; The Procter & Gamble Company
hsgoldenbits.com,Procter & Gamble; The Procter & Gamble Company
hsgreatnessclub.com,Procter & Gamble; The Procter & Gamble Company
hshatsoff.com,Procter & Gamble; The Procter & Gamble Company
hssostieneigiovanitalenti.it,Procter & Gamble
hueleahombreoldspice.com,Procter & Gamble; The Procter & Gamble Company
humaninsightsplace.com,Procter & Gamble; The Procter & Gamble Company
humidificadoresvick.com,Procter & Gamble; The Procter & Gamble Company
hutson32.com,Procter & Gamble; The Procter & Gamble Company
hygiene.com,Procter & Gamble; The Procter & Gamble Company
hygienefamily.com,Procter & Gamble; The Procter & Gamble Company
hygienistdirect.com,Procter & Gamble; The Procter & Gamble Company
hysmessimetro-co.com,Procter & Gamble; The Procter & Gamble Company
hysmessimetro-pe.com,Procter & Gamble; The Procter & Gamble Company
hysmessitrivia.com,Procter & Gamble; The Procter & Gamble Company
i-klips.com,Procter & Gamble; The Procter & Gamble Company
iamforeverbeautiful.com,Procter & Gamble; The Procter & Gamble Company
ibsprobiotics.com,Procter & Gamble; The Procter & Gamble Company
ican-japan.com,Procter & Gamble; The Procter & Gamble Company
iceshine.com,Procter & Gamble; The Procter & Gamble Company
iceshine.net,Procter & Gamble; The Procter & Gamble Company
idescence.com,Procter & Gamble; The Procter & Gamble Company
idescence.org,Procter & Gamble; The Procter & Gamble Company
idescent.com,Procter & Gamble; The Procter & Gamble Company
ifralda.com,Procter & Gamble; The Procter & Gamble Company
igapaevloebalways.com,Procter & Gamble; The Procter & Gamble Company
ih8bevel.com,Procter & Gamble; The Procter & Gamble Company
ihatefebreze.com,Procter & Gamble; The Procter & Gamble Company
iklips.com,Procter & Gamble; The Procter & Gamble Company
iliadin.com,Procter & Gamble; The Procter & Gamble Company
iliadinaqua.com,Procter & Gamble; The Procter & Gamble Company
illume.com,Procter & Gamble; The Procter & Gamble Company
iloveactionpacs.com,Procter & Gamble; The Procter & Gamble Company
ilovebolt.it,Procter & Gamble
ilovefraicheur.com,Procter & Gamble; The Procter & Gamble Company
ilovefraicheur.fr,Procter & Gamble
ilovegain.com,Procter & Gamble; The Procter & Gamble Company
ilovegain.net,Procter & Gamble; The Procter & Gamble Company
ilovegaindish.com,Procter & Gamble; The Procter & Gamble Company
ilovegainlaundry.com,Procter & Gamble; The Procter & Gamble Company
ilovegainlaundry.net,Procter & Gamble; The Procter & Gamble Company
ilovemycouch.com,Procter & Gamble; The Procter & Gamble Company
ilovenewproducts.com,Procter & Gamble; The Procter & Gamble Company
iltuosegretodibellezza.it,Procter & Gamble
ilvico.com,Procter & Gamble; The Procter & Gamble Company
im-flux.com,Procter & Gamble; The Procter & Gamble Company
im-flux.info,Procter & Gamble; The Procter & Gamble Company
im-flux.net,Procter & Gamble; The Procter & Gamble Company
im-flux.org,Procter & Gamble; The Procter & Gamble Company
imflux.dev,Procter & Gamble; The Procter & Gamble Company
imflux.io,Procter & Gamble; The Procter & Gamble Company
imflux.tech,Procter & Gamble; The Procter & Gamble Company
imfluxautonomousinjectionmolding.com,Procter & Gamble; The Procter & Gamble Company
imfluxautonomousmolding.com,Procter & Gamble; The Procter & Gamble Company
imfluxautonomousprocessing.com,Procter & Gamble; The Procter & Gamble Company
imfluxglobal.com,Procter & Gamble; The Procter & Gamble Company
imfluxglobal.info,Procter & Gamble; The Procter & Gamble Company
imfluxglobal.net,Procter & Gamble; The Procter & Gamble Company
imfluxglobal.org,Procter & Gamble; The Procter & Gamble Company
imfluxservices.com,Procter & Gamble; The Procter & Gamble Company
imfluxservices.info,Procter & Gamble; The Procter & Gamble Company
imfluxservices.net,Procter & Gamble; The Procter & Gamble Company
imfluxservices.org,Procter & Gamble; The Procter & Gamble Company
imfluxsystems.com,Procter & Gamble; The Procter & Gamble Company
imfluxsystems.info,Procter & Gamble; The Procter & Gamble Company
imfluxsystems.net,Procter & Gamble; The Procter & Gamble Company
imfluxsystems.org,Procter & Gamble; The Procter & Gamble Company
imfluxtech.com,Procter & Gamble; The Procter & Gamble Company
imfluxtech.info,Procter & Gamble; The Procter & Gamble Company
imfluxtech.net,Procter & Gamble; The Procter & Gamble Company
imfluxtech.org,Procter & Gamble; The Procter & Gamble Company
imfluxtechnologies.com,Procter & Gamble; The Procter & Gamble Company
imfluxtechnologies.info,Procter & Gamble; The Procter & Gamble Company
imfluxtechnologies.net,Procter & Gamble; The Procter & Gamble Company
imfluxtechnologies.org,Procter & Gamble; The Procter & Gamble Company
imfluxtechnology.com,Procter & Gamble; The Procter & Gamble Company
imfluxtechnology.info,Procter & Gamble; The Procter & Gamble Company
imfluxtechnology.net,Procter & Gamble; The Procter & Gamble Company
imfluxtechnology.org,Procter & Gamble; The Procter & Gamble Company
imforeverbeautiful.com,Procter & Gamble; The Procter & Gamble Company
immunifyyourbeauty.com,Procter & Gamble; The Procter & Gamble Company
impresswrap.com,Procter & Gamble; The Procter & Gamble Company
incrediblelaundry.com,Procter & Gamble; The Procter & Gamble Company
incrediblemom.com,Procter & Gamble; The Procter & Gamble Company
indulgewithbold.com,Procter & Gamble; The Procter & Gamble Company
info-pg.com,Procter & Gamble; The Procter & Gamble Company
infootballgreece.com,Procter & Gamble; The Procter & Gamble Company
infusia.com,Procter & Gamble; The Procter & Gamble Company
infusion-mediflor.com,Procter & Gamble; The Procter & Gamble Company
infusions-mediflor.com,Procter & Gamble; The Procter & Gamble Company
iniziaaswifferare.it,Procter & Gamble
innovationsinibd.com,Procter & Gamble; The Procter & Gamble Company
innovationtracker-ch.com,Procter & Gamble; The Procter & Gamble Company
innovazione-pg.it,Procter & Gamble
inqbet.com,Procter & Gamble; The Procter & Gamble Company
inqbet.info,Procter & Gamble; The Procter & Gamble Company
inqbet.net,Procter & Gamble; The Procter & Gamble Company
inqbet.org,Procter & Gamble; The Procter & Gamble Company
inqbet.ru,Procter & Gamble; The Procter & Gamble Company
inqbet.us,Procter & Gamble; The Procter & Gamble Company
inqbethack.com,Procter & Gamble; The Procter & Gamble Company
inqbethackathon.com,Procter & Gamble; The Procter & Gamble Company
inqbetmakeathon.com,Procter & Gamble; The Procter & Gamble Company
insidepampers.com,Procter & Gamble; The Procter & Gamble Company
insmiles.ru,Procter & Gamble; The Procter & Gamble Company
inspirasisehat.com,Procter & Gamble; The Procter & Gamble Company
inspiredbybeauty.com,Procter & Gamble; The Procter & Gamble Company
institut-fluocaril.fr,Procter & Gamble
integratoriperbellezza.it,Procter & Gamble
intensivesolutions.com,Procter & Gamble; The Procter & Gamble Company
intensivesolutions.in,Procter & Gamble; primary
intouchfashion.com,Procter & Gamble; The Procter & Gamble Company
intrinza.info,Procter & Gamble; The Procter & Gamble Company
intrinza.net,Procter & Gamble; The Procter & Gamble Company
investigaciondemercadoarg.com,Procter & Gamble; The Procter & Gamble Company
ioamoilmiobucato.it,Procter & Gamble
iofarmaciadellasaluteorale.it,Procter & Gamble
iopodetu.com,Procter & Gamble; The Procter & Gamble Company
iopodetu.it,Procter & Gamble
irelandtampax.com,Procter & Gamble; The Procter & Gamble Company
irresistableiq.com,Procter & Gamble; The Procter & Gamble Company
irresistebleiq.com,Procter & Gamble; The Procter & Gamble Company
irresistible-iq.com,Procter & Gamble; The Procter & Gamble Company
irresistiblefreshbreath.com,Procter & Gamble; The Procter & Gamble Company
irresistibleiq.com,Procter & Gamble; The Procter & Gamble Company
irresistibletaste.com,Procter & Gamble; The Procter & Gamble Company
isdnews.com,Procter & Gamble; The Procter & Gamble Company
isitacar.com,Procter & Gamble; The Procter & Gamble Company
iss-erlaubt.com,Procter & Gamble; The Procter & Gamble Company
isserlaubt.com,Procter & Gamble; The Procter & Gamble Company
issp-pg.ru,Procter & Gamble; The Procter & Gamble Company
ist-erlaubt.com,Procter & Gamble; The Procter & Gamble Company
isterlaubt.com,Procter & Gamble; The Procter & Gamble Company
itchyscalp.com.au,Procter & Gamble
itoalhita.com,Procter & Gamble; The Procter & Gamble Company
its-sunny.com,Procter & Gamble; The Procter & Gamble Company
its-sunny.net,Procter & Gamble; The Procter & Gamble Company
itsmycycle.com,Procter & Gamble; The Procter & Gamble Company
itsourhome.com,Procter & Gamble; The Procter & Gamble Company
itstwothings.com,Procter & Gamble; The Procter & Gamble Company
itstwothings.net,Procter & Gamble; The Procter & Gamble Company
itsukuru.com,Procter & Gamble; The Procter & Gamble Company
itswonderbelly.com,Procter & Gamble; The Procter & Gamble Company
iustperiods.com,Procter & Gamble; The Procter & Gamble Company
ivory-snow.com,Procter & Gamble; The Procter & Gamble Company
ivory.com,Procter & Gamble; The Procter & Gamble Company
ivory.ru,Procter & Gamble
ivory1879.com,Procter & Gamble; The Procter & Gamble Company
ivoryconnect.com,Procter & Gamble; The Procter & Gamble Company
ivoryliquid.com,Procter & Gamble; The Procter & Gamble Company
ivorysnow.com,Procter & Gamble; The Procter & Gamble Company
iwantmyshitforfree.com,Procter & Gamble; The Procter & Gamble Company
iwantmystuffforfree.com,Procter & Gamble; The Procter & Gamble Company
jabonariel.com,Procter & Gamble; The Procter & Gamble Company
jabonsafeguard.com,Procter & Gamble; The Procter & Gamble Company
jaimemamer.com,Procter & Gamble; The Procter & Gamble Company
jar.cz,Procter & Gamble; The Procter & Gamble Company
jeder-grad-zaehlt.com,Procter & Gamble; The Procter & Gamble Company
jeder-grad-zahlt.com,Procter & Gamble; The Procter & Gamble Company
jedergradzaehlt.com,Procter & Gamble; The Procter & Gamble Company
jedes-grad-zaehlt.com,Procter & Gamble; The Procter & Gamble Company
jee-bion.com,Procter & Gamble; The Procter & Gamble Company
jefferyschomburger.com,Procter & Gamble; The Procter & Gamble Company
jefferyschomburger.net,Procter & Gamble; The Procter & Gamble Company
jefferyschomburger.us,Procter & Gamble; The Procter & Gamble Company
jeu-ete-braun.com,Procter & Gamble; The Procter & Gamble Company
ji-east.com,Procter & Gamble; The Procter & Gamble Company
ji24.asia,Procter & Gamble; The Procter & Gamble Company
ji24.com,Procter & Gamble; The Procter & Gamble Company
jistperiods.com,Procter & Gamble; The Procter & Gamble Company
jjstperiods.com,Procter & Gamble; The Procter & Gamble Company
jjwashparty.com,Procter & Gamble; The Procter & Gamble Company
jochentanzt.com,Procter & Gamble; The Procter & Gamble Company
johnpgoodwin.com,Procter & Gamble; The Procter & Gamble Company
johnpgoodwin.info,Procter & Gamble; The Procter & Gamble Company
johnpgoodwin.net,Procter & Gamble; The Procter & Gamble Company
johnpgoodwin.org,Procter & Gamble; The Procter & Gamble Company
johnpgoodwin.us,Procter & Gamble; The Procter & Gamble Company
joinbri.com,Procter & Gamble; The Procter & Gamble Company
joinconsumervillage.com,Procter & Gamble; The Procter & Gamble Company
joinpg.com,Procter & Gamble; The Procter & Gamble Company
joinpg.ru,Procter & Gamble
jointheattack.com,Procter & Gamble; The Procter & Gamble Company
jointheattack.mobi,Procter & Gamble; The Procter & Gamble Company
jointheculture.com,Procter & Gamble; The Procter & Gamble Company
jolly-depilation.fr,Procter & Gamble
jonrmoeller.com,Procter & Gamble; The Procter & Gamble Company
jonrmoeller.info,Procter & Gamble; The Procter & Gamble Company
jonrmoeller.net,Procter & Gamble; The Procter & Gamble Company
jonrmoeller.us,Procter & Gamble; The Procter & Gamble Company
jorgemesquita.biz,Procter & Gamble; The Procter & Gamble Company
jorgemesquita.info,Procter & Gamble; The Procter & Gamble Company
jorgemesquita.org,Procter & Gamble; The Procter & Gamble Company
joy-razor.com,Procter & Gamble; The Procter & Gamble Company
joy-razors.com,Procter & Gamble; The Procter & Gamble Company
joy-shave.com,Procter & Gamble; The Procter & Gamble Company
joyandglee.com,Procter & Gamble; The Procter & Gamble Company
joycesvalueinsider.com,Procter & Gamble; The Procter & Gamble Company
joyrazor.com,Procter & Gamble; The Procter & Gamble Company
joyrazors.com,Procter & Gamble; The Procter & Gamble Company
joyshave.com,Procter & Gamble; The Procter & Gamble Company
jppgpro.com,Procter & Gamble; The Procter & Gamble Company
jsmerakona.cz,Procter & Gamble; The Procter & Gamble Company
julyfootballsweeps.com,Procter & Gamble; The Procter & Gamble Company
junefootballsweeps.com,Procter & Gamble; The Procter & Gamble Company
just50liters.com,Procter & Gamble; The Procter & Gamble Company
justperiods.com,Procter & Gamble; The Procter & Gamble Company
justperoids.com,Procter & Gamble; The Procter & Gamble Company
justpreiods.com,Procter & Gamble; The Procter & Gamble Company
juvian.com,Procter & Gamble; The Procter & Gamble Company
juxtapolls.com,Procter & Gamble; The Procter & Gamble Company
jystperiods.com,Procter & Gamble; The Procter & Gamble Company
kadinlarbilir.com,Procter & Gamble; The Procter & Gamble Company
kalaambanat.com,Procter & Gamble; The Procter & Gamble Company
kalam-banat.com,Procter & Gamble; The Procter & Gamble Company
kalambanat.com,Procter & Gamble; The Procter & Gamble Company
kalambant-levant.com,Procter & Gamble; The Procter & Gamble Company
kalypso-underwear.com,Procter & Gamble; The Procter & Gamble Company
kandoo.ae,Procter & Gamble; The Procter & Gamble Company
kandoo.fr,Procter & Gamble
kandoo.tel,Procter & Gamble; The Procter & Gamble Company
kandoodedodot.com,Procter & Gamble; The Procter & Gamble Company
kandookids.com,Procter & Gamble; The Procter & Gamble Company
katoshin.com,Procter & Gamble; The Procter & Gamble Company
kcg.fr,Procter & Gamble
kcgillette.com,Procter & Gamble; The Procter & Gamble Company
kcgillette.fr,Procter & Gamble
keepingbritainmoving.com,Procter & Gamble; The Procter & Gamble Company
keepingemguessing.com,Procter & Gamble; The Procter & Gamble Company
keepingthemguessing.com,Procter & Gamble; The Procter & Gamble Company
keepitanchored.com,Procter & Gamble; The Procter & Gamble Company
keepitsmoothshaven.com,Procter & Gamble; The Procter & Gamble Company
keepthemguessing.com,Procter & Gamble; The Procter & Gamble Company
keepthemguessing.mobi,Procter & Gamble; The Procter & Gamble Company
keepyourperiodprivate.com,Procter & Gamble; The Procter & Gamble Company
kidabion-iq.com,Procter & Gamble; The Procter & Gamble Company
kidabion.com,Procter & Gamble; The Procter & Gamble Company
kidsbrushfree.com,Procter & Gamble; The Procter & Gamble Company
kidskandoo.ae,Procter & Gamble; The Procter & Gamble Company
kidskandoo.fr,Procter & Gamble
kingcgillette.com,Procter & Gamble; The Procter & Gamble Company
kingcgillette.fr,Procter & Gamble
kingcgillette.it,Procter & Gamble
kingkullensweeps.com,Procter & Gamble; The Procter & Gamble Company
kiss3d.com,Procter & Gamble; The Procter & Gamble Company
kissandtellus.com,Procter & Gamble; The Procter & Gamble Company
kissin3d.com,Procter & Gamble; The Procter & Gamble Company
kissme3d.com,Procter & Gamble; The Procter & Gamble Company
kitchenwipes.com,Procter & Gamble; The Procter & Gamble Company
kitsportcongillette.it,Procter & Gamble
kiwi3for3.com,Procter & Gamble; The Procter & Gamble Company
kiwibotanicals.com,Procter & Gamble; The Procter & Gamble Company
kiwibuy2fly.com,Procter & Gamble; The Procter & Gamble Company
kizlararasinda.com,Procter & Gamble; The Procter & Gamble Company
klubpampers.pl,Procter & Gamble; The Procter & Gamble Company
krogercincinnatimusicfestivalsweeps.com,Procter & Gamble; The Procter & Gamble Company
kukident.it,Procter & Gamble
kukis.it,Procter & Gamble
kusursuztemizlik.com,Procter & Gamble; The Procter & Gamble Company
kytta-ginseng.com,Procter & Gamble; The Procter & Gamble Company
kytta-neo-gel.com,Procter & Gamble; The Procter & Gamble Company
kyttaginseng.com,Procter & Gamble; The Procter & Gamble Company
kyttaneogel.com,Procter & Gamble; The Procter & Gamble Company
laacademiapg.com,Procter & Gamble; The Procter & Gamble Company
labeautedelexperience.com,Procter & Gamble; The Procter & Gamble Company
labellezadeunpelosano.com,Procter & Gamble; The Procter & Gamble Company
laboratoire-mediflor.com,Procter & Gamble; The Procter & Gamble Company
laboratoire-richelet.com,Procter & Gamble; The Procter & Gamble Company
laboratoire-richelet.fr,Procter & Gamble
laboratoire-richelet.it,Procter & Gamble
laboratoiremediflor.com,Procter & Gamble; The Procter & Gamble Company
laboratoires-mediflor.com,Procter & Gamble; The Procter & Gamble Company
laboratoiresmediflor.com,Procter & Gamble; The Procter & Gamble Company
lacasapg.com,Procter & Gamble; The Procter & Gamble Company
lacasapyg.com,Procter & Gamble; The Procter & Gamble Company
lacoste-inspiration.mobi,Procter & Gamble; The Procter & Gamble Company
ladi-doma.ru,Procter & Gamble; The Procter & Gamble Company
ladidoma.ru,Procter & Gamble; The Procter & Gamble Company
ladmar-descuentos-phc.com,Procter & Gamble; The Procter & Gamble Company
laduplaperfectaoralb.com,Procter & Gamble; The Procter & Gamble Company
lady-doma.ru,Procter & Gamble; The Procter & Gamble Company
ladydoma.ru,Procter & Gamble; The Procter & Gamble Company
ladysan.net,Procter & Gamble; The Procter & Gamble Company
ladysannatural.com,Procter & Gamble; The Procter & Gamble Company
laedaddetusmanos.com,Procter & Gamble; The Procter & Gamble Company
lafamilleariel.fr,Procter & Gamble
lagranencuestadebelleza.com,Procter & Gamble; The Procter & Gamble Company
lamarcasecreta.com,Procter & Gamble; The Procter & Gamble Company
lameganapa.com,Procter & Gamble; The Procter & Gamble Company
lapassionduhockey.com,Procter & Gamble; The Procter & Gamble Company
lapassiondusoccer.com,Procter & Gamble; The Procter & Gamble Company
lapromopg.com,Procter & Gamble; The Procter & Gamble Company
lapromopig.com,Procter & Gamble; The Procter & Gamble Company
lapromopyg.com,Procter & Gamble; The Procter & Gamble Company
lapulsarattitude.com,Procter & Gamble; The Procter & Gamble Company
lapulsarattitude.fr,Procter & Gamble
larevistapg.com,Procter & Gamble; The Procter & Gamble Company
largavidaalcolor.com,Procter & Gamble; The Procter & Gamble Company
lascarasdelabelleza.com,Procter & Gamble; The Procter & Gamble Company
lasonrisaalpoder.com,Procter & Gamble; The Procter & Gamble Company
latampax.com,Procter & Gamble; The Procter & Gamble Company
latinosimparables.com,Procter & Gamble; The Procter & Gamble Company
laundry.com,Procter & Gamble; The Procter & Gamble Company
laundrybundles.com,Procter & Gamble; The Procter & Gamble Company
laundrycollective.com,Procter & Gamble; The Procter & Gamble Company
laundrydeals.com,Procter & Gamble; The Procter & Gamble Company
laundryfortomorrow.com,Procter & Gamble; The Procter & Gamble Company
laundryhero.com,Procter & Gamble; The Procter & Gamble Company
laundryinnovate.com,Procter & Gamble; The Procter & Gamble Company
laundryinsightlab.com,Procter & Gamble; The Procter & Gamble Company
laundrylearninglab.com,Procter & Gamble; The Procter & Gamble Company
laundrymadesimple.com,Procter & Gamble; The Procter & Gamble Company
laundrypower.com,Procter & Gamble; The Procter & Gamble Company
laundryrescue.com,Procter & Gamble; The Procter & Gamble Company
laundryresearchgroup.com,Procter & Gamble; The Procter & Gamble Company
laundryresults.com,Procter & Gamble; The Procter & Gamble Company
laurabiagiotti.ru,Procter & Gamble
laurentlphilippe.com,Procter & Gamble; The Procter & Gamble Company
laurentlphilippe.net,Procter & Gamble; The Procter & Gamble Company
laurentlphilippe.us,Procter & Gamble; The Procter & Gamble Company
lavadoras.com,Procter & Gamble; The Procter & Gamble Company
lavageafroid.com,Procter & Gamble; The Procter & Gamble Company
lavageafroid.fr,Procter & Gamble
lavozkidsfresh.com,Procter & Gamble; The Procter & Gamble Company
layeronthemagic.com,Procter & Gamble; The Procter & Gamble Company
lbi-pg.fr,Procter & Gamble
lbodycare.com,Procter & Gamble; The Procter & Gamble Company
le-defi-du-lavage-a-froid.com,Procter & Gamble; The Procter & Gamble Company
le-defi-du-lavage-a-froid.fr,Procter & Gamble
le-futur-ensemble.com,Procter & Gamble; The Procter & Gamble Company
le-futur-ensemble.fr,Procter & Gamble
lecoindesfilles.com,Procter & Gamble; The Procter & Gamble Company
lecoindesfilles.fr,Procter & Gamble
lefthandedmagic.com,Procter & Gamble; The Procter & Gamble Company
lefthemisphere.org,Procter & Gamble; The Procter & Gamble Company
lefuturensemble.com,Procter & Gamble; The Procter & Gamble Company
lefuturensemble.fr,Procter & Gamble
leguidedulavage.com,Procter & Gamble; The Procter & Gamble Company
lenor-event.digital,Procter & Gamble; The Procter & Gamble Company
lenor-gratis-testen.com,Procter & Gamble; The Procter & Gamble Company
lenor-hk.com,Procter & Gamble; The Procter & Gamble Company
lenor-sensitiv-testen.com,Procter & Gamble; The Procter & Gamble Company
lenor-testen.com,Procter & Gamble; The Procter & Gamble Company
lenor-vollwaschmittel.at,Procter & Gamble; The Procter & Gamble Company
lenor-vollwaschmittel.com,Procter & Gamble; The Procter & Gamble Company
lenor.asia,Procter & Gamble; The Procter & Gamble Company
lenor.at,Procter & Gamble; The Procter & Gamble Company
lenor.co.in,Procter & Gamble; The Procter & Gamble Company
lenor.com,Procter & Gamble; The Procter & Gamble Company
lenor.cz,Procter & Gamble; The Procter & Gamble Company
lenor.fr,Procter & Gamble
lenor.in,Procter & Gamble; The Procter & Gamble Company
lenor.info,Procter & Gamble; The Procter & Gamble Company
lenor.kz,Procter & Gamble; The Procter & Gamble Company
lenor.me,Procter & Gamble; The Procter & Gamble Company
lenor.mn,Procter & Gamble; The Procter & Gamble Company
lenor.org,Procter & Gamble; The Procter & Gamble Company
lenor.pro,Procter & Gamble; The Procter & Gamble Company
lenor.ru,Procter & Gamble
lenor.tm.fr,Procter & Gamble
lenor.us,Procter & Gamble; The Procter & Gamble Company
lenorammorbidente.it,Procter & Gamble
lenorconnect.com,Procter & Gamble; The Procter & Gamble Company
lenorette.com,Procter & Gamble; The Procter & Gamble Company
lenorgratis.it,Procter & Gamble
lenorinf.com,Procter & Gamble; The Procter & Gamble Company
lenoroffert.com,Procter & Gamble; The Procter & Gamble Company
lenoroffert.fr,Procter & Gamble
lenoronline.com,Procter & Gamble; The Procter & Gamble Company
lenorpink.com,Procter & Gamble; The Procter & Gamble Company
lenorprovamigratis.it,Procter & Gamble
lenorpurecare.com,Procter & Gamble; The Procter & Gamble Company
lenorseduction.com,Procter & Gamble; The Procter & Gamble Company
lenortoucheffects.com,Procter & Gamble; The Procter & Gamble Company
lenorvollwaschmittel.com,Procter & Gamble; The Procter & Gamble Company
leplusbeaumercimaman.com,Procter & Gamble; The Procter & Gamble Company
leplusbeaumercimaman.fr,Procter & Gamble
lerhume.com,Procter & Gamble; The Procter & Gamble Company
lerhume.fr,Procter & Gamble
lerhume.net,Procter & Gamble; The Procter & Gamble Company
lesecretdemonsourire.com,Procter & Gamble; The Procter & Gamble Company
lesecretdemonsourire.fr,Procter & Gamble
lesecretdenolwenn.fr,Procter & Gamble
lesexpertesprotection.com,Procter & Gamble; The Procter & Gamble Company
lesexpertscapillaires.fr,Procter & Gamble
lestelledelpulito.it,Procter & Gamble
lestelledelpulito2021.it,Procter & Gamble
lesvisagesdelabeaute.com,Procter & Gamble; The Procter & Gamble Company
letamponflowerpower.com,Procter & Gamble; The Procter & Gamble Company
letherjump.com,Procter & Gamble; The Procter & Gamble Company
lets-uplift.com,Procter & Gamble; The Procter & Gamble Company
letstalkabouthequestion.com,Procter & Gamble; The Procter & Gamble Company
letstalkaboutthequestion.us,Procter & Gamble; The Procter & Gamble Company
levillagepampers.fr,Procter & Gamble
lhealthproducts.com,Procter & Gamble; The Procter & Gamble Company
libredebouger.com,Procter & Gamble; The Procter & Gamble Company
libredecaspa.com,Procter & Gamble; The Procter & Gamble Company
lieaboutyourage.com,Procter & Gamble; The Procter & Gamble Company
lifegoesstrong.com,Procter & Gamble; The Procter & Gamble Company
lifeismessy.com,Procter & Gamble; The Procter & Gamble Company
lifeopensupproject.com,Procter & Gamble; The Procter & Gamble Company
lifeopensupwhenyoudo.com,Procter & Gamble; The Procter & Gamble Company
lifetexwellness.com,Procter & Gamble; The Procter & Gamble Company
lifewithdentures.com,Procter & Gamble; The Procter & Gamble Company
liftaction.com,Procter & Gamble; The Procter & Gamble Company
ligagillette.com,Procter & Gamble; The Procter & Gamble Company
likeagirl.com,Procter & Gamble; The Procter & Gamble Company
likeamother.com,Procter & Gamble; The Procter & Gamble Company
likedaughterlikemom.com,Procter & Gamble; The Procter & Gamble Company
likedaughterlikemother.com,Procter & Gamble; The Procter & Gamble Company
likemotherlikedaughter.com,Procter & Gamble; The Procter & Gamble Company
limpiaviaja.com,Procter & Gamble; The Procter & Gamble Company
limpiezaimpecable.com,Procter & Gamble; The Procter & Gamble Company
limpiezasuperior.com,Procter & Gamble; The Procter & Gamble Company
lipociden.com,Procter & Gamble; The Procter & Gamble Company
liqui-crystal.com,Procter & Gamble; The Procter & Gamble Company
liqui-crystalformula.com,Procter & Gamble; The Procter & Gamble Company
liquicrystal.com,Procter & Gamble; The Procter & Gamble Company
liquicrystalformula.com,Procter & Gamble; The Procter & Gamble Company
liquicrystalshampoo.com,Procter & Gamble; The Procter & Gamble Company
liquidcrystalshampoo.com,Procter & Gamble; The Procter & Gamble Company
liquiddispensingrazor.com,Procter & Gamble; The Procter & Gamble Company
liquifresh.info,Procter & Gamble; The Procter & Gamble Company
listentoyournerves.com,Procter & Gamble; The Procter & Gamble Company
listospaljuego.com,Procter & Gamble; The Procter & Gamble Company
littlesttoothfairy.com,Procter & Gamble; The Procter & Gamble Company
live-it-love-it.com,Procter & Gamble; The Procter & Gamble Company
live-it-loveit.com,Procter & Gamble; The Procter & Gamble Company
livearmsup.com,Procter & Gamble; The Procter & Gamble Company
livechatwithbrand.com,Procter & Gamble; The Procter & Gamble Company
liveit-love-it.com,Procter & Gamble; The Procter & Gamble Company
livelearnandthrive.com,Procter & Gamble; The Procter & Gamble Company
livelearnthrive.com,Procter & Gamble; The Procter & Gamble Company
livelifewithelegance.com,Procter & Gamble; The Procter & Gamble Company
loadsofhope.com,Procter & Gamble; The Procter & Gamble Company
loadsofhopetees.com,Procter & Gamble; The Procter & Gamble Company
loadsofhopetide.com,Procter & Gamble; The Procter & Gamble Company
logicexplainer.org,Procter & Gamble
loginelpueblooldspice.com,Procter & Gamble; The Procter & Gamble Company
lookdastar.it,Procter & Gamble
lookofachampion.com,Procter & Gamble; The Procter & Gamble Company
lookwhossmiling.com,Procter & Gamble; The Procter & Gamble Company
loquierosiausi.com,Procter & Gamble; The Procter & Gamble Company
loquierosiausie.com,Procter & Gamble; The Procter & Gamble Company
loquierosiaussi.com,Procter & Gamble; The Procter & Gamble Company
loquierosiaussie.com,Procter & Gamble; The Procter & Gamble Company
loquierosiosi.com,Procter & Gamble; The Procter & Gamble Company
losguiners.com,Procter & Gamble; The Procter & Gamble Company
loslunesyanomeirritan.com,Procter & Gamble; The Procter & Gamble Company
loterie-gillettelabs.com,Procter & Gamble; The Procter & Gamble Company
loveatlastbite.com,Procter & Gamble; The Procter & Gamble Company
lovebeginswith.com,Procter & Gamble; The Procter & Gamble Company
lovebeginswithl.com,Procter & Gamble; The Procter & Gamble Company
lovebolt.it,Procter & Gamble
loveisinmyhair.com,Procter & Gamble; The Procter & Gamble Company
loveoverbias.com,Procter & Gamble; The Procter & Gamble Company
loveprobiotics.com,Procter & Gamble; The Procter & Gamble Company
loveyourcouch.com,Procter & Gamble; The Procter & Gamble Company
lperiodproducts.com,Procter & Gamble; The Procter & Gamble Company
lpersonalcare.com,Procter & Gamble; The Procter & Gamble Company
lsoaps.com,Procter & Gamble; The Procter & Gamble Company
lstick.com,Procter & Gamble; The Procter & Gamble Company
ltampons.com,Procter & Gamble; The Procter & Gamble Company
lumi.ae,Procter & Gamble; The Procter & Gamble Company
lumibabymonitor.com,Procter & Gamble; The Procter & Gamble Company
lumibunny.com,Procter & Gamble; The Procter & Gamble Company
lumibypampers.ae,Procter & Gamble; The Procter & Gamble Company
lumibypampers.com,Procter & Gamble; The Procter & Gamble Company
lumibypampers.com.au,Procter & Gamble
lumibypampers.fr,Procter & Gamble
lumibypampers.in,Procter & Gamble; The Procter & Gamble Company
lumibypampers.ru,Procter & Gamble; The Procter & Gamble Company
lumicamera.com,Procter & Gamble; The Procter & Gamble Company
lumiconnectedcare.ae,Procter & Gamble; The Procter & Gamble Company
lumiconnectedcare.com,Procter & Gamble; The Procter & Gamble Company
lumiconnectedcare.com.au,Procter & Gamble
lumiconnectedcare.fr,Procter & Gamble
lumiconnectedcare.in,Procter & Gamble; The Procter & Gamble Company
lumiconnectedcare.ru,Procter & Gamble; The Procter & Gamble Company
lumidiaper.com,Procter & Gamble; The Procter & Gamble Company
luminursery.com,Procter & Gamble; The Procter & Gamble Company
lumipampers.com,Procter & Gamble; The Procter & Gamble Company
lumipampers.com.au,Procter & Gamble
lumipampers.fr,Procter & Gamble
lumipampers.in,Procter & Gamble; The Procter & Gamble Company
lumipampers.ru,Procter & Gamble; The Procter & Gamble Company
lumipampers.tw,Procter & Gamble; The Procter & Gamble Company
lumisensor.com,Procter & Gamble; The Procter & Gamble Company
lumitracker.com,Procter & Gamble; The Procter & Gamble Company
luvs.com,Procter & Gamble; The Procter & Gamble Company
luvs.us,Procter & Gamble; primary
luvsblueysworldgiveaway.com,Procter & Gamble; The Procter & Gamble Company
luvsconnect.com,Procter & Gamble; The Procter & Gamble Company
luvsdiaper.com,Procter & Gamble; The Procter & Gamble Company
luvsdiapers.com,Procter & Gamble; The Procter & Gamble Company
luvsplatinumoffer.com,Procter & Gamble; The Procter & Gamble Company
luvspplusoffer.com,Procter & Gamble; The Procter & Gamble Company
luvsrewards.com,Procter & Gamble; The Procter & Gamble Company
m-tampax.fr,Procter & Gamble
m3powernitro.ae,Procter & Gamble; primary
m3powertrip.com,Procter & Gamble; The Procter & Gamble Company
mach3-la.com,Procter & Gamble; The Procter & Gamble Company
mach3.at,Procter & Gamble; The Procter & Gamble Company
mach3.com,Procter & Gamble; The Procter & Gamble Company
mach3.name,Procter & Gamble; The Procter & Gamble Company
mach3academy.com,Procter & Gamble; The Procter & Gamble Company
mach3disposable.com,Procter & Gamble; The Procter & Gamble Company
mach3disposables.com,Procter & Gamble; The Procter & Gamble Company
mach3jetable.com,Procter & Gamble; The Procter & Gamble Company
mach3jetables.com,Procter & Gamble; The Procter & Gamble Company
machsdirschoen.com,Procter & Gamble; The Procter & Gamble Company
made-for-man.com,Procter & Gamble; The Procter & Gamble Company
made-for-men.com,Procter & Gamble; The Procter & Gamble Company
maestrolimpio.com,Procter & Gamble; The Procter & Gamble Company
magazineenviedeplus.com,Procter & Gamble; The Procter & Gamble Company
magiaenpreciouno.com,Procter & Gamble; The Procter & Gamble Company
magiedesfetes.com,Procter & Gamble; The Procter & Gamble Company
magistraldetergente.com,Procter & Gamble; The Procter & Gamble Company
mail-pg.cz,Procter & Gamble; The Procter & Gamble Company
make-a-swish.com,Procter & Gamble; The Procter & Gamble Company
make-a-swissh.com,Procter & Gamble; The Procter & Gamble Company
make-a-swisssh.com,Procter & Gamble; The Procter & Gamble Company
makeaswish.com.au,Procter & Gamble
makeovercollection.it,Procter & Gamble
makeoverstudio.com,Procter & Gamble; The Procter & Gamble Company
makeoverstudios.com,Procter & Gamble; The Procter & Gamble Company
makethemfloss.com,Procter & Gamble; The Procter & Gamble Company
makethemfloss.org,Procter & Gamble; The Procter & Gamble Company
malegroomingauthority.com,Procter & Gamble; The Procter & Gamble Company
malignanthyperthermia.com,Procter & Gamble; The Procter & Gamble Company
mammeperlascuola.it,Procter & Gamble
managepartd.com,Procter & Gamble; The Procter & Gamble Company
manaquarium.com,Procter & Gamble; The Procter & Gamble Company
manchasdificiles.com,Procter & Gamble; The Procter & Gamble Company
manemanchallenge.com,Procter & Gamble; The Procter & Gamble Company
manofthehouse.com,Procter & Gamble; The Procter & Gamble Company
mansampler.com,Procter & Gamble; The Procter & Gamble Company
mantopia.com,Procter & Gamble; The Procter & Gamble Company
marcascampeonas.com,Procter & Gamble; The Procter & Gamble Company
marcpritchard.com,Procter & Gamble; The Procter & Gamble Company
marcpritchard.info,Procter & Gamble; The Procter & Gamble Company
marcpritchard.net,Procter & Gamble; The Procter & Gamble Company
marcpritchard.org,Procter & Gamble; The Procter & Gamble Company
marcpritchard.us,Procter & Gamble; The Procter & Gamble Company
marredurhube.com,Procter & Gamble; The Procter & Gamble Company
marredurhube.fr,Procter & Gamble
marredurhume.com,Procter & Gamble; The Procter & Gamble Company
marredurhume.fr,Procter & Gamble
martinriant.biz,Procter & Gamble; The Procter & Gamble Company
martinriant.info,Procter & Gamble; The Procter & Gamble Company
martinriant.org,Procter & Gamble; The Procter & Gamble Company
marylynnferguson-mchugh.com,Procter & Gamble; The Procter & Gamble Company
marylynnferguson-mchugh.info,Procter & Gamble; The Procter & Gamble Company
marylynnferguson-mchugh.net,Procter & Gamble; The Procter & Gamble Company
marylynnferguson-mchugh.us,Procter & Gamble; The Procter & Gamble Company
masblanconosepuede.com,Procter & Gamble; The Procter & Gamble Company
maskbarshop.com,Procter & Gamble; The Procter & Gamble Company
masterofstyle.it,Procter & Gamble
mastrolindo.com,Procter & Gamble; The Procter & Gamble Company
mastrolindo.it,Procter & Gamble
mastrolindolab.it,Procter & Gamble
matsukiyo-pg-pampers-56cp.com,Procter & Gamble; The Procter & Gamble Company
maxepa.com,Procter & Gamble; The Procter & Gamble Company
mayfootballcampsweeps.com,Procter & Gamble; The Procter & Gamble Company
mbib.me,Procter & Gamble; The Procter & Gamble Company
mbibapparel.com,Procter & Gamble; The Procter & Gamble Company
mbibimagineafuture.com,Procter & Gamble; The Procter & Gamble Company
mbibmoms.com,Procter & Gamble; The Procter & Gamble Company
mbibmyblackman.com,Procter & Gamble; The Procter & Gamble Company
mbibrebate.com,Procter & Gamble; The Procter & Gamble Company
mbibselfcare.com,Procter & Gamble; The Procter & Gamble Company
mbibshop.com,Procter & Gamble; The Procter & Gamble Company
mbibtriptoghana.com,Procter & Gamble; The Procter & Gamble Company
me-me-me.ru,Procter & Gamble; The Procter & Gamble Company
meamogain.com,Procter & Gamble; The Procter & Gamble Company
meanstinks.com,Procter & Gamble; The Procter & Gamble Company
mediflor.com,Procter & Gamble; The Procter & Gamble Company
meetyourpeptomatch.com,Procter & Gamble; The Procter & Gamble Company
megasorteobolivia.com,Procter & Gamble; The Procter & Gamble Company
megasorteoguatemala.com,Procter & Gamble
meijersuperbowlsweepstakes.com,Procter & Gamble; The Procter & Gamble Company
mein-ariel.com,Procter & Gamble; The Procter & Gamble Company
meinariel.com,Procter & Gamble; The Procter & Gamble Company
meisterproper.at,Procter & Gamble; The Procter & Gamble Company
meisterproper.com,Procter & Gamble; The Procter & Gamble Company
meisterproper.mobi,Procter & Gamble; The Procter & Gamble Company
meisterpropper.at,Procter & Gamble; The Procter & Gamble Company
melaniehealey.biz,Procter & Gamble; The Procter & Gamble Company
melaniehealey.info,Procter & Gamble; The Procter & Gamble Company
melaniehealey.org,Procter & Gamble; The Procter & Gamble Company
melohadichomargarita.com,Procter & Gamble; The Procter & Gamble Company
menagezvous.com,Procter & Gamble; The Procter & Gamble Company
menobion.com,Procter & Gamble; The Procter & Gamble Company
menopause-map.com,Procter & Gamble; The Procter & Gamble Company
menopausemap.com,Procter & Gamble; The Procter & Gamble Company
menquarium.com,Procter & Gamble; The Procter & Gamble Company
mens-challenge.net,Procter & Gamble; The Procter & Gamble Company
menschallenge.net,Procter & Gamble; The Procter & Gamble Company
mensgrooming.com,Procter & Gamble; The Procter & Gamble Company
menstrualcalendarapp.com,Procter & Gamble; The Procter & Gamble Company
merrymovietime.com,Procter & Gamble; The Procter & Gamble Company
mescouponsdereduction.com,Procter & Gamble; The Procter & Gamble Company
mesdelasaludbucal.com,Procter & Gamble; The Procter & Gamble Company
mespremieresdents.com,Procter & Gamble; The Procter & Gamble Company
messconstructor.com,Procter & Gamble; The Procter & Gamble Company
met-neurobion.com,Procter & Gamble; The Procter & Gamble Company
meta-align.com.au,Procter & Gamble
meta-derm.com,Procter & Gamble; The Procter & Gamble Company
metaappetitecontrol.com,Procter & Gamble; The Procter & Gamble Company
metadailybloodsugar.com,Procter & Gamble; The Procter & Gamble Company
metadailybloodsugarsupport.com,Procter & Gamble; The Procter & Gamble Company
metadailyenergy.com,Procter & Gamble; The Procter & Gamble Company
metadailyenergysupport.com,Procter & Gamble; The Procter & Gamble Company
metadailyheart.com,Procter & Gamble; The Procter & Gamble Company
metadailyhearthealth.com,Procter & Gamble; The Procter & Gamble Company
metadailyimmune.com,Procter & Gamble; The Procter & Gamble Company
metadailyimmunesupport.com,Procter & Gamble; The Procter & Gamble Company
metaderm.com,Procter & Gamble; The Procter & Gamble Company
metaderm.info,Procter & Gamble; The Procter & Gamble Company
metaderm.net,Procter & Gamble; The Procter & Gamble Company
metadermapp.net,Procter & Gamble; The Procter & Gamble Company
metadermbaby.com,Procter & Gamble; The Procter & Gamble Company
metadermeczema.com,Procter & Gamble; The Procter & Gamble Company
metadermpsoriasis.com,Procter & Gamble; The Procter & Gamble Company
metahealthbar.com,Procter & Gamble; The Procter & Gamble Company
metamucil-la.com,Procter & Gamble; The Procter & Gamble Company
metamucil.asia,Procter & Gamble; The Procter & Gamble Company
metamucil.com,Procter & Gamble; The Procter & Gamble Company
metamucil.com.au,Procter & Gamble
metamucil.it,Procter & Gamble
metamucil.us,Procter & Gamble; primary
metamucilarabia.com,Procter & Gamble; The Procter & Gamble Company
metamucilconnect.com,Procter & Gamble; The Procter & Gamble Company
metamucilrebate.com,Procter & Gamble; The Procter & Gamble Company
metamucilrewards.com,Procter & Gamble; The Procter & Gamble Company
metamultihealth.com,Procter & Gamble; The Procter & Gamble Company
metamultihealthbar.com,Procter & Gamble; The Procter & Gamble Company
mevenbien.com,Procter & Gamble; The Procter & Gamble Company
meykhana-az.com,Procter & Gamble; The Procter & Gamble Company
miariel.com,Procter & Gamble; The Procter & Gamble Company
miatinimera.com,Procter & Gamble; The Procter & Gamble Company
mibolsaariel.com,Procter & Gamble; The Procter & Gamble Company
microbiome101.com,Procter & Gamble; The Procter & Gamble Company
microbiome101.net,Procter & Gamble; The Procter & Gamble Company
microcarbonate.com,Procter & Gamble; The Procter & Gamble Company
mielleorganics.com,Procter & Gamble; The Procter & Gamble Company
mielleorganicsbrasil.com,Procter & Gamble; The Procter & Gamble Company
migillette.com,Procter & Gamble; The Procter & Gamble Company
mihogarsiemprelimpio.com,Procter & Gamble; The Procter & Gamble Company
milioninchchain.com,Procter & Gamble; The Procter & Gamble Company
millioninchchain.com,Procter & Gamble; The Procter & Gamble Company
millioninchclub.com,Procter & Gamble; The Procter & Gamble Company
millioninchclubchain.com,Procter & Gamble; The Procter & Gamble Company
miniform.com,Procter & Gamble; The Procter & Gamble Company
minigols-pg.com,Procter & Gamble; The Procter & Gamble Company
minisizepg.it,Procter & Gamble
mipantene.com,Procter & Gamble; The Procter & Gamble Company
miracle-shirt.com,Procter & Gamble; The Procter & Gamble Company
miracleduo.com,Procter & Gamble; The Procter & Gamble Company
miracleduo.com.au,Procter & Gamble
miraclestain.com,Procter & Gamble; The Procter & Gamble Company
misdosmundos.com,Procter & Gamble; The Procter & Gamble Company
missingnothing.com,Procter & Gamble; The Procter & Gamble Company
mission-5v1.com,Procter & Gamble; The Procter & Gamble Company
mission5v1.com,Procter & Gamble; The Procter & Gamble Company
missionebonta.com,Procter & Gamble; The Procter & Gamble Company
missionebonta.it,Procter & Gamble
missionnotmars.com,Procter & Gamble; The Procter & Gamble Company
missionrefresh.com,Procter & Gamble; The Procter & Gamble Company
misspantene.ru,Procter & Gamble
mister-proper.ru,Procter & Gamble; The Procter & Gamble Company
misterproper.com,Procter & Gamble; The Procter & Gamble Company
misterproper.ru,Procter & Gamble; The Procter & Gamble Company
mixandmatchdetergent.com,Procter & Gamble; The Procter & Gamble Company
mixandmatchdetergent.info,Procter & Gamble; The Procter & Gamble Company
mixandmatchdetergent.net,Procter & Gamble; The Procter & Gamble Company
mness.com,Procter & Gamble; The Procter & Gamble Company
mnetaction.com,Procter & Gamble; The Procter & Gamble Company
modestego.com,Procter & Gamble; The Procter & Gamble Company
modobion.com,Procter & Gamble; The Procter & Gamble Company
moheetnagrath.us,Procter & Gamble; The Procter & Gamble Company
moisturerazor.com,Procter & Gamble; The Procter & Gamble Company
moisturerising.com,Procter & Gamble; The Procter & Gamble Company
moisturingrazor.com,Procter & Gamble; The Procter & Gamble Company
moisturizingcolour.com,Procter & Gamble; The Procter & Gamble Company
monamie-underwear.com,Procter & Gamble; The Procter & Gamble Company
monenviedeplus.fr,Procter & Gamble
monhygienedentaire.com,Procter & Gamble; The Procter & Gamble Company
monpanier-procter-et-gamble.fr,Procter & Gamble
monpetitbonheur.com,Procter & Gamble; The Procter & Gamble Company
monremboursement100.com,Procter & Gamble; The Procter & Gamble Company
monremboursement40.com,Procter & Gamble; The Procter & Gamble Company
monremboursementenligne.com,Procter & Gamble; The Procter & Gamble Company
monremboursementenplus.com,Procter & Gamble; The Procter & Gamble Company
monsieurpropre.com,Procter & Gamble; The Procter & Gamble Company
monsieurpropre.fr,Procter & Gamble
monsieurpropre.info,Procter & Gamble; The Procter & Gamble Company
monsieurpropre.net,Procter & Gamble; The Procter & Gamble Company
monsoincheveux.fr,Procter & Gamble
monstarterkit-febreze.com,Procter & Gamble; The Procter & Gamble Company
monthlymeetup.com,Procter & Gamble; The Procter & Gamble Company
morecleaningpower.com,Procter & Gamble; The Procter & Gamble Company
morethanacard.net,Procter & Gamble; The Procter & Gamble Company
mostdeservingmom.com,Procter & Gamble; The Procter & Gamble Company
motheragainstdiarrhea.com,Procter & Gamble; The Procter & Gamble Company
motheragainstdiarrhoea.com,Procter & Gamble; The Procter & Gamble Company
mothersagainstdiarhea.com,Procter & Gamble; The Procter & Gamble Company
mothersagainstdiarrhea.com,Procter & Gamble; The Procter & Gamble Company
mothersagainstdiarrhoea.com,Procter & Gamble; The Procter & Gamble Company
movidospeloamor.com,Procter & Gamble; The Procter & Gamble Company
mr-proper.ru,Procter & Gamble; The Procter & Gamble Company
mrclean-uk.com,Procter & Gamble; The Procter & Gamble Company
mrclean.asia,Procter & Gamble; The Procter & Gamble Company
mrclean.com,Procter & Gamble; The Procter & Gamble Company
mrclean.info,Procter & Gamble; The Procter & Gamble Company
mrclean.us,Procter & Gamble; The Procter & Gamble Company
mrcleanatthemovies.com,Procter & Gamble; The Procter & Gamble Company
mrcleanauto.com,Procter & Gamble; The Procter & Gamble Company
mrcleanautodry.com,Procter & Gamble; The Procter & Gamble Company
mrcleanautodryblackberry.com,Procter & Gamble; The Procter & Gamble Company
mrcleanautospa.com,Procter & Gamble; The Procter & Gamble Company
mrcleanautospa.net,Procter & Gamble; The Procter & Gamble Company
mrcleanautospa.org,Procter & Gamble; The Procter & Gamble Company
mrcleanautospa.us,Procter & Gamble; The Procter & Gamble Company
mrcleancarwash.us,Procter & Gamble; The Procter & Gamble Company
mrcleanconnect.com,Procter & Gamble; The Procter & Gamble Company
mrcleaneraseit.com,Procter & Gamble; The Procter & Gamble Company
mrcleanfilms.com,Procter & Gamble; The Procter & Gamble Company
mrcleanforum.com,Procter & Gamble; The Procter & Gamble Company
mrcleanmagiceraserduo.com,Procter & Gamble; The Procter & Gamble Company
mrcleanmagicreach.com,Procter & Gamble; The Procter & Gamble Company
mrcleanmovie.com,Procter & Gamble; The Procter & Gamble Company
mrcleanmovies.com,Procter & Gamble; The Procter & Gamble Company
mrcleanperformance.com,Procter & Gamble; The Procter & Gamble Company
mrcleanperformance.net,Procter & Gamble; The Procter & Gamble Company
mrcleanperformance.org,Procter & Gamble; The Procter & Gamble Company
mrcleanperformance.us,Procter & Gamble; The Procter & Gamble Company
mrcleanperformancecarwash.com,Procter & Gamble; The Procter & Gamble Company
mrcleanperformancecarwash.net,Procter & Gamble; The Procter & Gamble Company
mrcleanperformancecarwash.org,Procter & Gamble; The Procter & Gamble Company
mrcleanperformancecarwash.us,Procter & Gamble; The Procter & Gamble Company
mrcleanpro.com,Procter & Gamble; The Procter & Gamble Company
mrcleanproduction.com,Procter & Gamble; The Procter & Gamble Company
mrcleanproductions.com,Procter & Gamble; The Procter & Gamble Company
mrcleanprofessional.com,Procter & Gamble; The Procter & Gamble Company
mrcleanprofessional.net,Procter & Gamble; The Procter & Gamble Company
mrcleanprofessional.org,Procter & Gamble; The Procter & Gamble Company
mrcleanrewards.com,Procter & Gamble; The Procter & Gamble Company
mrcleanscene.com,Procter & Gamble; The Procter & Gamble Company
mrcleanscenes.com,Procter & Gamble; The Procter & Gamble Company
mrcleanwipes.com,Procter & Gamble; The Procter & Gamble Company
mrcleanwork.com,Procter & Gamble; The Procter & Gamble Company
mrcleanworks.com,Procter & Gamble; The Procter & Gamble Company
mrlimpio.com,Procter & Gamble; The Procter & Gamble Company
mrlindo.com,Procter & Gamble; The Procter & Gamble Company
mrolympio.com,Procter & Gamble; The Procter & Gamble Company
mrpopre.pro,Procter & Gamble; The Procter & Gamble Company
mrproper.at,Procter & Gamble; The Procter & Gamble Company
mrproper.com,Procter & Gamble; The Procter & Gamble Company
mrproper.info,Procter & Gamble; The Procter & Gamble Company
mrproper.pl,Procter & Gamble; The Procter & Gamble Company
mrproperconnect.com,Procter & Gamble; The Procter & Gamble Company
mrpropper.at,Procter & Gamble; The Procter & Gamble Company
mrpropre-lottery.com,Procter & Gamble; The Procter & Gamble Company
mrpropre.com,Procter & Gamble; The Procter & Gamble Company
mrpropre.fr,Procter & Gamble
mrpropre.info,Procter & Gamble; The Procter & Gamble Company
mrpropre.net,Procter & Gamble; The Procter & Gamble Company
mrpropredigital.fr,Procter & Gamble
mrpropreessuietout.com,Procter & Gamble; The Procter & Gamble Company
mujsvet-pg.cz,Procter & Gamble; The Procter & Gamble Company
multibionta-us.com,Procter & Gamble; The Procter & Gamble Company
multibionta.com,Procter & Gamble; The Procter & Gamble Company
multibiontachallenge.com,Procter & Gamble; The Procter & Gamble Company
multibiontahcp.com,Procter & Gamble; The Procter & Gamble Company
multibiontaprobiotics.com,Procter & Gamble; The Procter & Gamble Company
mum-plus.com,Procter & Gamble; The Procter & Gamble Company
mumanddaughter.com,Procter & Gamble; The Procter & Gamble Company
mundonaturella.com,Procter & Gamble; The Procter & Gamble Company
muroheadandshoulders-messi.com,Procter & Gamble; The Procter & Gamble Company
mustperiods.com,Procter & Gamble; The Procter & Gamble Company
mutlumutfaklar.com,Procter & Gamble; The Procter & Gamble Company
my-ariel.com,Procter & Gamble; The Procter & Gamble Company
my-beauty-team.com,Procter & Gamble; The Procter & Gamble Company
my-beauty-team.net,Procter & Gamble; The Procter & Gamble Company
my-beauty-team.us,Procter & Gamble; The Procter & Gamble Company
my-pampers.com,Procter & Gamble; The Procter & Gamble Company
my-style-genius.com,Procter & Gamble; The Procter & Gamble Company
myalignadvisor.com,Procter & Gamble; The Procter & Gamble Company
myalwaysdiamond.com,Procter & Gamble; The Procter & Gamble Company
myariel.com,Procter & Gamble; The Procter & Gamble Company
mybeautydreamteam.com,Procter & Gamble; The Procter & Gamble Company
mybeautydreamteam.net,Procter & Gamble; The Procter & Gamble Company
mybeautydreamteam.us,Procter & Gamble; The Procter & Gamble Company
mybeautydreamteams.com,Procter & Gamble; The Procter & Gamble Company
mybeautydreamteams.net,Procter & Gamble; The Procter & Gamble Company
mybeautydreamteams.us,Procter & Gamble; The Procter & Gamble Company
mybeautygenius.com,Procter & Gamble; The Procter & Gamble Company
mybeautyteam.net,Procter & Gamble; The Procter & Gamble Company
mybeautyteam.us,Procter & Gamble; The Procter & Gamble Company
mybeautyteamonline.com,Procter & Gamble; The Procter & Gamble Company
mybeautyteamonline.net,Procter & Gamble; The Procter & Gamble Company
mybeautyteamonline.us,Procter & Gamble; The Procter & Gamble Company
mybeautyteams.com,Procter & Gamble; The Procter & Gamble Company
mybeautyteams.net,Procter & Gamble; The Procter & Gamble Company
mybeautyteams.us,Procter & Gamble; The Procter & Gamble Company
mybetterbeing.com,Procter & Gamble; The Procter & Gamble Company
mybevel.com,Procter & Gamble; The Procter & Gamble Company
myblackisbeautiful.com,Procter & Gamble; The Procter & Gamble Company
myblackisbeautiful.net,Procter & Gamble; The Procter & Gamble Company
myblackisbeautiful.org,Procter & Gamble; The Procter & Gamble Company
myblackisbeautifulapparel.com,Procter & Gamble; The Procter & Gamble Company
myblackisbeautifultshirt.com,Procter & Gamble; The Procter & Gamble Company
myblackisbeautifultshirts.com,Procter & Gamble; The Procter & Gamble Company
mybleepforfree.com,Procter & Gamble; The Procter & Gamble Company
mybodewell.com,Procter & Gamble; The Procter & Gamble Company
myboldsample.com,Procter & Gamble; The Procter & Gamble Company
mybouncesample.com,Procter & Gamble; The Procter & Gamble Company
mybrisa.com,Procter & Gamble; The Procter & Gamble Company
mybumbumbaby.com,Procter & Gamble; The Procter & Gamble Company
mycapessa.com,Procter & Gamble; The Procter & Gamble Company
mycascade.com,Procter & Gamble; The Procter & Gamble Company
mycbdguide.com,Procter & Gamble; The Procter & Gamble Company
mycitymygym.com,Procter & Gamble; The Procter & Gamble Company
mycleanbook.com,Procter & Gamble; The Procter & Gamble Company
mycoapaisyl.com,Procter & Gamble; The Procter & Gamble Company
mycrestiq.com,Procter & Gamble; The Procter & Gamble Company
mycrestsmile.com,Procter & Gamble; The Procter & Gamble Company
mydesigntag.com,Procter & Gamble; The Procter & Gamble Company
mydigestivemakeover.com,Procter & Gamble; The Procter & Gamble Company
mydivky.cz,Procter & Gamble; The Procter & Gamble Company
mydowny.com,Procter & Gamble; The Procter & Gamble Company
mydreft.com,Procter & Gamble; The Procter & Gamble Company
myeffortlesslife.com,Procter & Gamble; The Procter & Gamble Company
myendlook.com,Procter & Gamble; The Procter & Gamble Company
myessentialsfast.com,Procter & Gamble; The Procter & Gamble Company
myeverydaygame.com,Procter & Gamble; The Procter & Gamble Company
myfairysample.com,Procter & Gamble; The Procter & Gamble Company
myfairysubscription.com,Procter & Gamble; The Procter & Gamble Company
myfemibion.com,Procter & Gamble; The Procter & Gamble Company
myfirstbrush.com,Procter & Gamble; The Procter & Gamble Company
myfrequentheartburn.com,Procter & Gamble; The Procter & Gamble Company
mygive.com,Procter & Gamble; The Procter & Gamble Company
mygive.org,Procter & Gamble; The Procter & Gamble Company
myguidetolivingbetter.com,Procter & Gamble; The Procter & Gamble Company
myhairplans.com,Procter & Gamble; The Procter & Gamble Company
myirresistibleiq.com,Procter & Gamble; The Procter & Gamble Company
mylaundrymom.com,Procter & Gamble; The Procter & Gamble Company
mylifewithdentures.com,Procter & Gamble; The Procter & Gamble Company
mymarketplacebackend.com,Procter & Gamble; The Procter & Gamble Company
mymdguide.com,Procter & Gamble; The Procter & Gamble Company
mymix145.com,Procter & Gamble; The Procter & Gamble Company
mymixadvisor.com,Procter & Gamble; The Procter & Gamble Company
mymobilegrocerylist.com,Procter & Gamble; The Procter & Gamble Company
mymultibionta.com,Procter & Gamble; The Procter & Gamble Company
myofferpg.com,Procter & Gamble; The Procter & Gamble Company
myolayexpert.com,Procter & Gamble; The Procter & Gamble Company
myolayexpert.com.au,Procter & Gamble
myolayoffer.com,Procter & Gamble; The Procter & Gamble Company
myopte.com,Procter & Gamble; The Procter & Gamble Company
myorder-pg.com,Procter & Gamble; The Procter & Gamble Company
mypantenefestivaltickets.com,Procter & Gamble; The Procter & Gamble Company
mypathwaylatam.com,Procter & Gamble; The Procter & Gamble Company
myperksapp.com,Procter & Gamble; The Procter & Gamble Company
mypgcareer.com,Procter & Gamble; The Procter & Gamble Company
mypgnavigator.com,Procter & Gamble; The Procter & Gamble Company
mypgoffice.com,Procter & Gamble; The Procter & Gamble Company
mypgpensionhub.com,Procter & Gamble; The Procter & Gamble Company
mypgrewards.com,Procter & Gamble; The Procter & Gamble Company
mypgsample.com,Procter & Gamble; The Procter & Gamble Company
mypgsamples.com,Procter & Gamble; The Procter & Gamble Company
mypgshop.com,Procter & Gamble; The Procter & Gamble Company
mypgshop.it,Procter & Gamble
myrepi.com,Procter & Gamble; The Procter & Gamble Company
myrepi.net,Procter & Gamble; The Procter & Gamble Company
mysageindia.com,Procter & Gamble; The Procter & Gamble Company
mysecretmystyle.com,Procter & Gamble; The Procter & Gamble Company
mystery88.com,Procter & Gamble; The Procter & Gamble Company
mysteryhair.com,Procter & Gamble; The Procter & Gamble Company
mystressballs.com,Procter & Gamble; The Procter & Gamble Company
mytalkingstain.com,Procter & Gamble; The Procter & Gamble Company
myth.ru,Procter & Gamble
mytide.com,Procter & Gamble; The Procter & Gamble Company
mytideisshowing.com,Procter & Gamble; The Procter & Gamble Company
mytidesample.com,Procter & Gamble; The Procter & Gamble Company
mywhitestrips.fr,Procter & Gamble
nakedsoapworks.com,Procter & Gamble; The Procter & Gamble Company
nasivin.com,Procter & Gamble; The Procter & Gamble Company
nasivine.com,Procter & Gamble; The Procter & Gamble Company
nasivinsanft.com,Procter & Gamble; The Procter & Gamble Company
nasivion.com,Procter & Gamble; The Procter & Gamble Company
nationalplaqueattack.com,Procter & Gamble; The Procter & Gamble Company
nationalplaqueattack.mobi,Procter & Gamble; The Procter & Gamble Company
nationaltoiletpaperday.com,Procter & Gamble; The Procter & Gamble Company
nativecleanskin.com,Procter & Gamble; The Procter & Gamble Company
nativecos.com,Procter & Gamble; The Procter & Gamble Company
nativedeo.com,Procter & Gamble; The Procter & Gamble Company
nativedeodorant.com,Procter & Gamble; The Procter & Gamble Company
naturallybykew.com,Procter & Gamble; The Procter & Gamble Company
naturallyselectedbeauty.com,Procter & Gamble; The Procter & Gamble Company
naturella-la.com,Procter & Gamble; The Procter & Gamble Company
naturella-mbg.com,Procter & Gamble; The Procter & Gamble Company
naturella.pl,Procter & Gamble; The Procter & Gamble Company
naturella.ru,Procter & Gamble
naturella.us,Procter & Gamble; The Procter & Gamble Company
naturellabrand.com,Procter & Gamble; The Procter & Gamble Company
naturelladetess.com,Procter & Gamble; The Procter & Gamble Company
naturelladetess.net,Procter & Gamble; The Procter & Gamble Company
naturellatoallas.com,Procter & Gamble; The Procter & Gamble Company
naturellawereld.com,Procter & Gamble; The Procter & Gamble Company
naturellaworld.com,Procter & Gamble; The Procter & Gamble Company
naturellaworld.ru,Procter & Gamble; The Procter & Gamble Company
nbdclean.com,Procter & Gamble; The Procter & Gamble Company
nefbapp.com,Procter & Gamble; The Procter & Gamble Company
nervecareforum.com,Procter & Gamble; The Procter & Gamble Company
nervivehealth.com,Procter & Gamble; The Procter & Gamble Company
nerviverelief.com,Procter & Gamble; The Procter & Gamble Company
nervivesupplements.com,Procter & Gamble; The Procter & Gamble Company
nesi-nus.com,Procter & Gamble; The Procter & Gamble Company
neurobion-hk.com,Procter & Gamble; The Procter & Gamble Company
neurobion.com,Procter & Gamble; The Procter & Gamble Company
neurobionca.com,Procter & Gamble; The Procter & Gamble Company
neurobionpledge23.com,Procter & Gamble; The Procter & Gamble Company
neurobionquiz.com,Procter & Gamble; The Procter & Gamble Company
neurobionta.com,Procter & Gamble; The Procter & Gamble Company
neurobionthailand.com,Procter & Gamble; The Procter & Gamble Company
neuromet.com,Procter & Gamble; The Procter & Gamble Company
neurometerpro.com,Procter & Gamble; The Procter & Gamble Company
neutrataste.com,Procter & Gamble; The Procter & Gamble Company
nevashut.com,Procter & Gamble; The Procter & Gamble Company
neverrunoutoftide.com,Procter & Gamble; The Procter & Gamble Company
newchpter.com,Procter & Gamble; The Procter & Gamble Company
newfebreze.com,Procter & Gamble; The Procter & Gamble Company
nextof.us,Procter & Gamble; The Procter & Gamble Company
ngsnopg.com,Procter & Gamble; The Procter & Gamble Company
niceshaveeddie.com,Procter & Gamble; The Procter & Gamble Company
niceshaveeddies.com,Procter & Gamble; The Procter & Gamble Company
nine-elements.com,Procter & Gamble; The Procter & Gamble Company
nineelements.com,Procter & Gamble; The Procter & Gamble Company
ninjamasfirstpurchase.com,Procter & Gamble; The Procter & Gamble Company
ninjamaslatam.com,Procter & Gamble; The Procter & Gamble Company
ninjamasnewfit.com,Procter & Gamble
ninjamaspants.com,Procter & Gamble; The Procter & Gamble Company
ninjamaspromo.com,Procter & Gamble; The Procter & Gamble Company
ninjamasprotection.com,Procter & Gamble; The Procter & Gamble Company
ninjamastrial.com,Procter & Gamble; The Procter & Gamble Company
ninjamasunderwear.com,Procter & Gamble; The Procter & Gamble Company
nioxin.co.th,Procter & Gamble
no-alwaystampon.com,Procter & Gamble; The Procter & Gamble Company
no-flooding.com,Procter & Gamble; The Procter & Gamble Company
no-flossing-zone.com,Procter & Gamble; The Procter & Gamble Company
nocoverup.com,Procter & Gamble; The Procter & Gamble Company
nocturnalbotanicals.com,Procter & Gamble; The Procter & Gamble Company
nodax.net,Procter & Gamble; The Procter & Gamble Company
nodax.org,Procter & Gamble; The Procter & Gamble Company
noiperviveremeglio.com,Procter & Gamble; The Procter & Gamble Company
nolitahair.com,Procter & Gamble; The Procter & Gamble Company
noneedtodry.com,Procter & Gamble; The Procter & Gamble Company
nonprod-cloud-pg.com,Procter & Gamble; The Procter & Gamble Company
noseblind.com,Procter & Gamble; The Procter & Gamble Company
noseblind.net,Procter & Gamble; The Procter & Gamble Company
noseblind.org,Procter & Gamble; The Procter & Gamble Company
noseblind.us,Procter & Gamble; The Procter & Gamble Company
nospots.com,Procter & Gamble; The Procter & Gamble Company
noticables.com,Procter & Gamble; The Procter & Gamble Company
noticeables.com,Procter & Gamble; The Procter & Gamble Company
notquitedirty.com,Procter & Gamble; The Procter & Gamble Company
nowthatyouaskedfc.com,Procter & Gamble; The Procter & Gamble Company
nowthatyouaskedpg.com,Procter & Gamble; The Procter & Gamble Company
np-cloud-pg.com,Procter & Gamble; The Procter & Gamble Company
nppgzero.com,Procter & Gamble; The Procter & Gamble Company
nuestromundonuestracasa.co.cr,Procter & Gamble; The Procter & Gamble Company
nuestromundonuestracasa.com,Procter & Gamble; The Procter & Gamble Company
nuevopantene.com,Procter & Gamble; The Procter & Gamble Company
nustperiods.com,Procter & Gamble; The Procter & Gamble Company
nyquil.com,Procter & Gamble; The Procter & Gamble Company
nyquil.us,Procter & Gamble; The Procter & Gamble Company
nyquilcough.com,Procter & Gamble; The Procter & Gamble Company
nyquilcough.net,Procter & Gamble; The Procter & Gamble Company
o2o-pg.com,Procter & Gamble; The Procter & Gamble Company
o2o-pghk-1.com,Procter & Gamble
o2o-pghk-2.com,Procter & Gamble
o2o-pgtw-livingartist.com,Procter & Gamble
o2o-pgtw-pms.com,Procter & Gamble
obrigadomae.com,Procter & Gamble; The Procter & Gamble Company
observatoriosaludintima.com,Procter & Gamble; The Procter & Gamble Company
occasioni-oralb.it,Procter & Gamble
occenta.com,Procter & Gamble; The Procter & Gamble Company
ocs-pg.com,Procter & Gamble; The Procter & Gamble Company
odorodes.com,Procter & Gamble; The Procter & Gamble Company
officialsponosrofdads.com,Procter & Gamble; The Procter & Gamble Company
officialsponsor.com,Procter & Gamble; The Procter & Gamble Company
officialsponsorofdads.com,Procter & Gamble; The Procter & Gamble Company
officialsponsorofdads.com.au,Procter & Gamble
officialsponsorofdads.fr,Procter & Gamble
officialsponsorofdads.it,Procter & Gamble
officialsponsorofdads.ru,Procter & Gamble; The Procter & Gamble Company
officialsponsorofdads.us,Procter & Gamble; The Procter & Gamble Company
officialsponsorofmoms.com.au,Procter & Gamble
officialsponsorofmoms.fr,Procter & Gamble
officialsponsorofmoms.in,Procter & Gamble; The Procter & Gamble Company
officialsponsorofmoms.it,Procter & Gamble
officialsponsorofmoms.ru,Procter & Gamble; The Procter & Gamble Company
officialsponsorofmoms.us,Procter & Gamble; The Procter & Gamble Company
offresolay.com,Procter & Gamble; The Procter & Gamble Company
oil-of-olaz.at,Procter & Gamble; The Procter & Gamble Company
oil-of-olaz.com,Procter & Gamble; The Procter & Gamble Company
oilofolay.com,Procter & Gamble; The Procter & Gamble Company
oilofolay.it,Procter & Gamble
oilofolaz.at,Procter & Gamble; The Procter & Gamble Company
oilofolaz.com,Procter & Gamble; The Procter & Gamble Company
oilofolaz.it,Procter & Gamble
oilofulay.com,Procter & Gamble; The Procter & Gamble Company
olay-la.com,Procter & Gamble; The Procter & Gamble Company
olay-latam.com,Procter & Gamble; The Procter & Gamble Company
olay-professional.com,Procter & Gamble; The Procter & Gamble Company
olay-prox.com,Procter & Gamble; The Procter & Gamble Company
olay-regenerist-pro-x.com,Procter & Gamble; The Procter & Gamble Company
olay-regenerist-prox.com,Procter & Gamble; The Procter & Gamble Company
olay-regenerist.ru,Procter & Gamble; The Procter & Gamble Company
olay-total-effects.ru,Procter & Gamble; The Procter & Gamble Company
olay-totaleffects.ru,Procter & Gamble; The Procter & Gamble Company
olay.at,Procter & Gamble; The Procter & Gamble Company
olay.au,Procter & Gamble
olay.co.cr,Procter & Gamble; The Procter & Gamble Company
olay.co.in,Procter & Gamble; primary
olay.co.th,Procter & Gamble
olay.com,Procter & Gamble; The Procter & Gamble Company
olay.com.au,Procter & Gamble
olay.com.do,Procter & Gamble; The Procter & Gamble Company
olay.cr,Procter & Gamble; The Procter & Gamble Company
olay.cz,Procter & Gamble; The Procter & Gamble Company
olay.do,Procter & Gamble; The Procter & Gamble Company
olay.fr,Procter & Gamble
olay.it,Procter & Gamble
olay.mobi,Procter & Gamble; The Procter & Gamble Company
olay.ru,Procter & Gamble
olay.us,Procter & Gamble; The Procter & Gamble Company
olay4you.com,Procter & Gamble; The Procter & Gamble Company
olay4you.ru,Procter & Gamble; The Procter & Gamble Company
olayarabia.com,Procter & Gamble; The Procter & Gamble Company
olayarabiaforyou.com,Procter & Gamble; The Procter & Gamble Company
olaybeautynotes.com,Procter & Gamble; The Procter & Gamble Company
olaybeautyofreview.com,Procter & Gamble; The Procter & Gamble Company
olaybebrilliant.com,Procter & Gamble; The Procter & Gamble Company
olaybehindthelayers.com,Procter & Gamble; The Procter & Gamble Company
olaybody.com,Procter & Gamble; The Procter & Gamble Company
olaybody2weekchallenge.com,Procter & Gamble; The Procter & Gamble Company
olaybodywashchallenge.com,Procter & Gamble; The Procter & Gamble Company
olaybotanicalfusion.com,Procter & Gamble; The Procter & Gamble Company
olaycashback.com,Procter & Gamble; The Procter & Gamble Company
olaycccream.com,Procter & Gamble; The Procter & Gamble Company
olaycleansingmelts.com,Procter & Gamble; The Procter & Gamble Company
olayclearoffer.com,Procter & Gamble; The Procter & Gamble Company
olaycloudcleanser.com,Procter & Gamble; The Procter & Gamble Company
olaycomplete.com,Procter & Gamble; The Procter & Gamble Company
olayconnect.com,Procter & Gamble; The Procter & Gamble Company
olaycoupon.com,Procter & Gamble; The Procter & Gamble Company
olaydailyrenewal.com,Procter & Gamble; The Procter & Gamble Company
olaydefinity.com,Procter & Gamble; The Procter & Gamble Company
olaydefinityoffer.com,Procter & Gamble; The Procter & Gamble Company
olaydermatology.com,Procter & Gamble; The Procter & Gamble Company
olaydigitalcoupons.com,Procter & Gamble; The Procter & Gamble Company
olayeyesofarabia.com,Procter & Gamble; The Procter & Gamble Company
olayfaceanything.com,Procter & Gamble; The Procter & Gamble Company
olayforme.com,Procter & Gamble; The Procter & Gamble Company
olayformen.com.au,Procter & Gamble
olayforyou.ae,Procter & Gamble; The Procter & Gamble Company
olayforyou.com,Procter & Gamble; The Procter & Gamble Company
olayforyou.com.au,Procter & Gamble
olayforyou.ru,Procter & Gamble; The Procter & Gamble Company
olayfresheffects.com,Procter & Gamble; The Procter & Gamble Company
olayfreshrecipes.com,Procter & Gamble; The Procter & Gamble Company
olayfutureyou.com,Procter & Gamble; The Procter & Gamble Company
olaygift.com,Procter & Gamble; The Procter & Gamble Company
olaygiveaway.com,Procter & Gamble; The Procter & Gamble Company
olayguarantee.com,Procter & Gamble; The Procter & Gamble Company
olayholidaygiftrebate.com,Procter & Gamble; The Procter & Gamble Company
olayinsiders.com,Procter & Gamble; The Procter & Gamble Company
olayinsidersshare.com,Procter & Gamble; The Procter & Gamble Company
olayinstantfix.com,Procter & Gamble; The Procter & Gamble Company
olaykitoffer.com,Procter & Gamble; The Procter & Gamble Company
olaykrem.com,Procter & Gamble; The Procter & Gamble Company
olayla.com,Procter & Gamble; The Procter & Gamble Company
olaylabs.com,Procter & Gamble; The Procter & Gamble Company
olaylabs.net,Procter & Gamble; The Procter & Gamble Company
olaylabs.us,Procter & Gamble; The Procter & Gamble Company
olaylifeyouwant.com,Procter & Gamble; The Procter & Gamble Company
olayluminous.com,Procter & Gamble; The Procter & Gamble Company
olaymadesimple.com,Procter & Gamble; The Procter & Gamble Company
olaymatch.com,Procter & Gamble; The Procter & Gamble Company
olaymensolutions.com.au,Procter & Gamble
olaymothersday.com,Procter & Gamble; The Procter & Gamble Company
olayoffer.com,Procter & Gamble; The Procter & Gamble Company
olayoffers.com,Procter & Gamble; The Procter & Gamble Company
olaypanel.com,Procter & Gamble; The Procter & Gamble Company
olayparati-la.com,Procter & Gamble; The Procter & Gamble Company
olayparati.com,Procter & Gamble; The Procter & Gamble Company
olayparatila.com,Procter & Gamble; The Procter & Gamble Company
olayparausted.com,Procter & Gamble; The Procter & Gamble Company
olayparavoce.com,Procter & Gamble; The Procter & Gamble Company
olaypourvous.com,Procter & Gamble; The Procter & Gamble Company
olaypravoce.com,Procter & Gamble; The Procter & Gamble Company
olaypro-x.com,Procter & Gamble; The Procter & Gamble Company
olaypro-xcoupon.com,Procter & Gamble; The Procter & Gamble Company
olaypro-xoffer.com,Procter & Gamble; The Procter & Gamble Company
olayprocoupon.com,Procter & Gamble; The Procter & Gamble Company
olayprofessional.at,Procter & Gamble; The Procter & Gamble Company
olayprofessional.com,Procter & Gamble; The Procter & Gamble Company
olayprofessional.com.au,Procter & Gamble
olayprofessional.com.tw,Procter & Gamble; The Procter & Gamble Company
olayprofessional.it,Procter & Gamble
olayprofessionalcoupon.com,Procter & Gamble; The Procter & Gamble Company
olayprofessionaloffer.com,Procter & Gamble; The Procter & Gamble Company
olaypromise.com,Procter & Gamble; The Procter & Gamble Company
olayprox.com,Procter & Gamble; The Procter & Gamble Company
olayproxcoupon.com,Procter & Gamble; The Procter & Gamble Company
olayproxoffer.com,Procter & Gamble; The Procter & Gamble Company
olayquench.com,Procter & Gamble; The Procter & Gamble Company
olayrebate.com,Procter & Gamble; The Procter & Gamble Company
olayrefirmestore.com,Procter & Gamble; The Procter & Gamble Company
olayregenerist.ru,Procter & Gamble; The Procter & Gamble Company
olayregeneristprox.com,Procter & Gamble; The Procter & Gamble Company
olayrewards.com,Procter & Gamble; The Procter & Gamble Company
olayribbons.com,Procter & Gamble; The Procter & Gamble Company
olaysageprotectionprogram.com,Procter & Gamble; The Procter & Gamble Company
olaysample.com,Procter & Gamble; The Procter & Gamble Company
olaysamples.com,Procter & Gamble; The Procter & Gamble Company
olayshower.com,Procter & Gamble; The Procter & Gamble Company
olaysizinicin.com,Procter & Gamble; The Procter & Gamble Company
olayskinadvisor.com,Procter & Gamble; The Procter & Gamble Company
olayskincare.com,Procter & Gamble; The Procter & Gamble Company
olayskinenergy.com,Procter & Gamble; The Procter & Gamble Company
olayspa.com,Procter & Gamble; The Procter & Gamble Company
olayspadiscovery.com,Procter & Gamble; The Procter & Gamble Company
olayspecialoffer.com,Procter & Gamble; The Procter & Gamble Company
olaystories.com,Procter & Gamble; The Procter & Gamble Company
olaysuperserumsweepstakes.com,Procter & Gamble; The Procter & Gamble Company
olaysweeps.com,Procter & Gamble; The Procter & Gamble Company
olaysweepstakes.com,Procter & Gamble; The Procter & Gamble Company
olaysystem.com,Procter & Gamble; The Procter & Gamble Company
olaytotaleffects.ru,Procter & Gamble; The Procter & Gamble Company
olaytouchofsun.com,Procter & Gamble; The Procter & Gamble Company
olaytruenature.com,Procter & Gamble; The Procter & Gamble Company
olayturkey.com,Procter & Gamble; The Procter & Gamble Company
olayturkiye.com,Procter & Gamble; The Procter & Gamble Company
olaytw.com,Procter & Gamble; The Procter & Gamble Company
olaytwinsstudy.com,Procter & Gamble; The Procter & Gamble Company
olaytwinstudy.com,Procter & Gamble; The Procter & Gamble Company
olayuniquelyme.com,Procter & Gamble; The Procter & Gamble Company
olayvitaminc.com,Procter & Gamble; The Procter & Gamble Company
olaywakeupwonder.com,Procter & Gamble; The Procter & Gamble Company
olayworks.com,Procter & Gamble; The Procter & Gamble Company
olaywoweyes.com,Procter & Gamble; The Procter & Gamble Company
olaz.at,Procter & Gamble; The Procter & Gamble Company
olaz.info,Procter & Gamble; The Procter & Gamble Company
olaz.it,Procter & Gamble
olazfearless.it,Procter & Gamble
olazpelleperfetta.it,Procter & Gamble
olazprofessional.at,Procter & Gamble; The Procter & Gamble Company
olazprofessional.it,Procter & Gamble
olaztiregalabraun.it,Procter & Gamble
oldpurconnect.com,Procter & Gamble; The Procter & Gamble Company
oldspice-la.com,Procter & Gamble; The Procter & Gamble Company
oldspice.at,Procter & Gamble; The Procter & Gamble Company
oldspice.au,Procter & Gamble
oldspice.co.in,Procter & Gamble; The Procter & Gamble Company
oldspice.com,Procter & Gamble; The Procter & Gamble Company
oldspice.com.au,Procter & Gamble
oldspice.cz,Procter & Gamble; The Procter & Gamble Company
oldspice.in,Procter & Gamble; The Procter & Gamble Company
oldspice.it,Procter & Gamble
oldspice.ru,Procter & Gamble
oldspice.us,Procter & Gamble; primary
oldspiceadventure.com,Procter & Gamble; The Procter & Gamble Company
oldspiceahoygram.com,Procter & Gamble; The Procter & Gamble Company
oldspiceahoygrams.com,Procter & Gamble; The Procter & Gamble Company
oldspicebarbershop.com,Procter & Gamble; The Procter & Gamble Company
oldspicebodyspray.com,Procter & Gamble; The Procter & Gamble Company
oldspicebyob.com,Procter & Gamble; The Procter & Gamble Company
oldspicecolombia.com,Procter & Gamble; The Procter & Gamble Company
oldspicecoupestanley.com,Procter & Gamble; The Procter & Gamble Company
oldspiceexperience.com,Procter & Gamble; The Procter & Gamble Company
oldspicefijisweeps.com,Procter & Gamble; The Procter & Gamble Company
oldspicegamearena.com,Procter & Gamble; The Procter & Gamble Company
oldspicegifts.com,Procter & Gamble; The Procter & Gamble Company
oldspicegodzillasweeps.com,Procter & Gamble; The Procter & Gamble Company
oldspiceindia.com,Procter & Gamble; The Procter & Gamble Company
oldspiceindia.in,Procter & Gamble; The Procter & Gamble Company
oldspicejourney.com,Procter & Gamble; The Procter & Gamble Company
oldspicela.com,Procter & Gamble; The Procter & Gamble Company
oldspicelatino.com,Procter & Gamble; The Procter & Gamble Company
oldspicenflsweeps.com,Procter & Gamble; The Procter & Gamble Company
oldspiceplayer.com,Procter & Gamble; The Procter & Gamble Company
oldspiceracing.com,Procter & Gamble; The Procter & Gamble Company
oldspicerewards.com,Procter & Gamble; The Procter & Gamble Company
oldspicesoap.com,Procter & Gamble; The Procter & Gamble Company
oldspicestanleycupfinal.com,Procter & Gamble; The Procter & Gamble Company
oldspicesuperconcours.com,Procter & Gamble; The Procter & Gamble Company
oldspicesupercontest.com,Procter & Gamble; The Procter & Gamble Company
oldspicetour.com,Procter & Gamble; The Procter & Gamble Company
oldspicetvmd.com,Procter & Gamble; The Procter & Gamble Company
olean.com,Procter & Gamble; The Procter & Gamble Company
olestra.org,Procter & Gamble; The Procter & Gamble Company
oley.do,Procter & Gamble; The Procter & Gamble Company
olimpikanneler.com,Procter & Gamble; The Procter & Gamble Company
olympicsrebate.com,Procter & Gamble; The Procter & Gamble Company
omega-3info.com,Procter & Gamble; The Procter & Gamble Company
omnibionta-3-activate.com,Procter & Gamble; The Procter & Gamble Company
omnibionta-3activate.com,Procter & Gamble; The Procter & Gamble Company
omnibionta.com,Procter & Gamble; The Procter & Gamble Company
omnibionta3-promo.com,Procter & Gamble; The Procter & Gamble Company
omnibionta3activate.com,Procter & Gamble; The Procter & Gamble Company
omnibiontahcp.com,Procter & Gamble; The Procter & Gamble Company
omnibiontaprobiotics.com,Procter & Gamble; The Procter & Gamble Company
omnibrush.com,Procter & Gamble; The Procter & Gamble Company
onedishconsumer.com,Procter & Gamble; The Procter & Gamble Company
onehairdatabase.com,Procter & Gamble; The Procter & Gamble Company
onesheetchallenge.com,Procter & Gamble; The Procter & Gamble Company
onewashmiracle.com,Procter & Gamble; The Procter & Gamble Company
onewashmiraclebytide.com,Procter & Gamble; The Procter & Gamble Company
onlinebeautyteam.com,Procter & Gamble; The Procter & Gamble Company
onlinebeautyteam.net,Procter & Gamble; The Procter & Gamble Company
onlinebeautyteam.us,Procter & Gamble; The Procter & Gamble Company
onlinecollage.us,Procter & Gamble; The Procter & Gamble Company
onlinepg.net,Procter & Gamble; The Procter & Gamble Company
open4innovation.com,Procter & Gamble; The Procter & Gamble Company
operator-rakona.cz,Procter & Gamble; The Procter & Gamble Company
opinayviaja.com,Procter & Gamble; The Procter & Gamble Company
opinionproximaati.com,Procter & Gamble; The Procter & Gamble Company
opte.com,Procter & Gamble; The Procter & Gamble Company
opte.it,Procter & Gamble
opteskin.com,Procter & Gamble; The Procter & Gamble Company
oral-b-americacentral.com,Procter & Gamble; The Procter & Gamble Company
oral-b-cashback.com,Procter & Gamble; The Procter & Gamble Company
oral-b-centroamerica.com,Procter & Gamble; The Procter & Gamble Company
oral-b-connect.com,Procter & Gamble; The Procter & Gamble Company
oral-b-diagnostic.fr,Procter & Gamble
oral-b-moneyback.com,Procter & Gamble; The Procter & Gamble Company
oral-b.at,Procter & Gamble; The Procter & Gamble Company
oral-b.co.in,Procter & Gamble; The Procter & Gamble Company
oral-b.com,Procter & Gamble; The Procter & Gamble Company
oral-b.com.hn,Procter & Gamble; The Procter & Gamble Company
oral-b.fi,Procter & Gamble
oral-b.fr,Procter & Gamble
oral-b.in,Procter & Gamble; The Procter & Gamble Company
oral-b.it,Procter & Gamble
oral-b.mobi,Procter & Gamble; The Procter & Gamble Company
oral-b.ru,Procter & Gamble
oral-bar.fr,Procter & Gamble
oral-baskadentist.com,Procter & Gamble; The Procter & Gamble Company
oral-bcentroamerica.com,Procter & Gamble; The Procter & Gamble Company
oral-bclub.ru,Procter & Gamble
oral-bkids.com,Procter & Gamble; The Procter & Gamble Company
oral-bprofessional.com,Procter & Gamble; The Procter & Gamble Company
oral-brembrandt.com,Procter & Gamble; The Procter & Gamble Company
oral-bscanner.com,Procter & Gamble; The Procter & Gamble Company
oral-bviolet.com,Procter & Gamble; The Procter & Gamble Company
oralb-bam.com,Procter & Gamble; The Procter & Gamble Company
oralb-blendamed-institute.ru,Procter & Gamble; The Procter & Gamble Company
oralb-blendamed.at,Procter & Gamble; The Procter & Gamble Company
oralb-cashback.com,Procter & Gamble; The Procter & Gamble Company
oralb-club.com,Procter & Gamble; The Procter & Gamble Company
oralb-dentist-shop.com,Procter & Gamble; The Procter & Gamble Company
oralb-fitting-heads.com,Procter & Gamble; The Procter & Gamble Company
oralb-fitting-heads.info,Procter & Gamble; The Procter & Gamble Company
oralb-fitting-heads.net,Procter & Gamble; The Procter & Gamble Company
oralb-fittingheads.com,Procter & Gamble; The Procter & Gamble Company
oralb-fittingheads.info,Procter & Gamble; The Procter & Gamble Company
oralb-fittingheads.net,Procter & Gamble; The Procter & Gamble Company
oralb-garantie.com,Procter & Gamble; The Procter & Gamble Company
oralb-hk.com,Procter & Gamble; The Procter & Gamble Company
oralb-institute.com,Procter & Gamble; The Procter & Gamble Company
oralb-kids.com,Procter & Gamble; The Procter & Gamble Company
oralb-la.com,Procter & Gamble; The Procter & Gamble Company
oralb-latam.com,Procter & Gamble; The Procter & Gamble Company
oralb-loveyourgums.com,Procter & Gamble; The Procter & Gamble Company
oralb-offrefilleul.fr,Procter & Gamble
oralb-offreio.fr,Procter & Gamble
oralb-offreparrain.fr,Procter & Gamble
oralb-pharma-promo.com,Procter & Gamble; The Procter & Gamble Company
oralb-prestazioni-odontoiatriche.it,Procter & Gamble
oralb-professionalclean.co.in,Procter & Gamble; The Procter & Gamble Company
oralb-promo.com,Procter & Gamble; The Procter & Gamble Company
oralb-shop.net,Procter & Gamble; The Procter & Gamble Company
oralb-smartspeaker.com,Procter & Gamble; The Procter & Gamble Company
oralb-tirimborsa.it,Procter & Gamble
oralb-trizone.fr,Procter & Gamble
oralb-wow.com,Procter & Gamble; The Procter & Gamble Company
oralb.ae,Procter & Gamble; primary
oralb.asia,Procter & Gamble
oralb.at,Procter & Gamble; The Procter & Gamble Company
oralb.au,Procter & Gamble
oralb.com,Procter & Gamble; The Procter & Gamble Company
oralb.com.au,Procter & Gamble
oralb.com.ng,Procter & Gamble; The Procter & Gamble Company
oralb.cz,Procter & Gamble; The Procter & Gamble Company
oralb.fr,Procter & Gamble
oralb.io,Procter & Gamble; The Procter & Gamble Company
oralb.it,Procter & Gamble
oralb.kz,Procter & Gamble; The Procter & Gamble Company
oralb.name,Procter & Gamble; The Procter & Gamble Company
oralb.ng,Procter & Gamble; The Procter & Gamble Company
oralb.ru,Procter & Gamble; The Procter & Gamble Company
oralb.us,Procter & Gamble; The Procter & Gamble Company
oralb3dwhite.com,Procter & Gamble; The Procter & Gamble Company
oralbamericacentral.com,Procter & Gamble; The Procter & Gamble Company
oralbarabia.com,Procter & Gamble; The Procter & Gamble Company
oralbbrushheads.com,Procter & Gamble; The Procter & Gamble Company
oralbbrushsmarter.com,Procter & Gamble; The Procter & Gamble Company
oralbbrushups.com,Procter & Gamble; The Procter & Gamble Company
oralbce.com,Procter & Gamble; The Procter & Gamble Company
oralbcentralamerica.com,Procter & Gamble; The Procter & Gamble Company
oralbcentroamerica.com,Procter & Gamble; The Procter & Gamble Company
oralbchannel.com,Procter & Gamble; The Procter & Gamble Company
oralbclic.co.in,Procter & Gamble; The Procter & Gamble Company
oralbclic.com,Procter & Gamble; The Procter & Gamble Company
oralbclic.com.au,Procter & Gamble
oralbclic.com.ru,Procter & Gamble; The Procter & Gamble Company
oralbclic.cz,Procter & Gamble; The Procter & Gamble Company
oralbclic.fi,Procter & Gamble; The Procter & Gamble Company
oralbclic.fr,Procter & Gamble
oralbclic.in,Procter & Gamble; The Procter & Gamble Company
oralbclic.info,Procter & Gamble; The Procter & Gamble Company
oralbclic.it,Procter & Gamble
oralbclic.net,Procter & Gamble; The Procter & Gamble Company
oralbclic.org,Procter & Gamble; The Procter & Gamble Company
oralbclic.ru,Procter & Gamble; The Procter & Gamble Company
oralbclic.us,Procter & Gamble; The Procter & Gamble Company
oralbcolibri.com,Procter & Gamble; The Procter & Gamble Company
oralbcomplete.com,Procter & Gamble; The Procter & Gamble Company
oralbconnect.com,Procter & Gamble; The Procter & Gamble Company
oralbconnection.com,Procter & Gamble; The Procter & Gamble Company
oralbcrestproshop.com,Procter & Gamble; The Procter & Gamble Company
oralbdental.cz,Procter & Gamble; The Procter & Gamble Company
oralbdentalcheck.com,Procter & Gamble; The Procter & Gamble Company
oralbdentalguard.com,Procter & Gamble; The Procter & Gamble Company
oralbdentistas.com,Procter & Gamble; The Procter & Gamble Company
oralbdentistlocator.com,Procter & Gamble; The Procter & Gamble Company
oralbdescuento.com,Procter & Gamble; The Procter & Gamble Company
oralbdigitalcoupons.com,Procter & Gamble; The Procter & Gamble Company
oralbeazsorrisiperte.it,Procter & Gamble
oralbello.com,Procter & Gamble; The Procter & Gamble Company
oralbexpert.com,Procter & Gamble; The Procter & Gamble Company
oralbfittingheads.com,Procter & Gamble; The Procter & Gamble Company
oralbfittingheads.info,Procter & Gamble; The Procter & Gamble Company
oralbfittingheads.net,Procter & Gamble; The Procter & Gamble Company
oralbfittingheads.org,Procter & Gamble; The Procter & Gamble Company
oralbflosspicks.com,Procter & Gamble; The Procter & Gamble Company
oralbflosspics.com,Procter & Gamble; The Procter & Gamble Company
oralbgenius.com,Procter & Gamble; The Procter & Gamble Company
oralbgrindingguard.com,Procter & Gamble; The Procter & Gamble Company
oralbguide.com,Procter & Gamble; The Procter & Gamble Company
oralbhealth.com,Procter & Gamble; The Procter & Gamble Company
oralbhealthclub.com,Procter & Gamble; The Procter & Gamble Company
oralbhummingbird.com,Procter & Gamble; The Procter & Gamble Company
oralbinstitute.com,Procter & Gamble; The Procter & Gamble Company
oralbkids.com,Procter & Gamble; The Procter & Gamble Company
oralbkids.mobi,Procter & Gamble; The Procter & Gamble Company
oralbla.com,Procter & Gamble; The Procter & Gamble Company
oralblatam.com,Procter & Gamble; The Procter & Gamble Company
oralbnewgeneration.com,Procter & Gamble; The Procter & Gamble Company
oralbnighttimedentalguard.com,Procter & Gamble; The Procter & Gamble Company
oralbnordic.com,Procter & Gamble; The Procter & Gamble Company
oralbnow.com,Procter & Gamble; The Procter & Gamble Company
oralboas.com,Procter & Gamble; The Procter & Gamble Company
oralbpediatras.com,Procter & Gamble; The Procter & Gamble Company
oralbperte.it,Procter & Gamble
oralbpocpromo.com,Procter & Gamble; The Procter & Gamble Company
oralbpohcolombia.com,Procter & Gamble; The Procter & Gamble Company
oralbpower-br.com,Procter & Gamble; The Procter & Gamble Company
oralbpower-mx.com,Procter & Gamble; The Procter & Gamble Company
oralbpro.com,Procter & Gamble; The Procter & Gamble Company
oralbprof.ru,Procter & Gamble
oralbprofesionales.com,Procter & Gamble; The Procter & Gamble Company
oralbprofessional.com,Procter & Gamble; The Procter & Gamble Company
oralbprofessional.fr,Procter & Gamble
oralbprofessional.it,Procter & Gamble
oralbprofessional.ru,Procter & Gamble
oralbprofissional.com,Procter & Gamble; The Procter & Gamble Company
oralbprohealth.com,Procter & Gamble; The Procter & Gamble Company
oralbpromo.com,Procter & Gamble; The Procter & Gamble Company
oralbprosalud.com,Procter & Gamble; The Procter & Gamble Company
oralbpulsar.com,Procter & Gamble; The Procter & Gamble Company
oralbpulsarprohealth.com,Procter & Gamble; The Procter & Gamble Company
oralbpulsonic.com,Procter & Gamble; The Procter & Gamble Company
oralbregalaoralb.it,Procter & Gamble
oralbrembrandt.com,Procter & Gamble; The Procter & Gamble Company
oralbrewards.com,Procter & Gamble; The Procter & Gamble Company
oralbscanner.com,Procter & Gamble; The Procter & Gamble Company
oralbseminars.com,Procter & Gamble; The Procter & Gamble Company
oralbsendyourfeedback.com,Procter & Gamble; The Procter & Gamble Company
oralbsense.com,Procter & Gamble; The Procter & Gamble Company
oralbshop.com,Procter & Gamble; The Procter & Gamble Company
oralbtellevaorlando.com,Procter & Gamble; The Procter & Gamble Company
oralbtirimborsa.it,Procter & Gamble
oralbtoothbrush.com,Procter & Gamble; The Procter & Gamble Company
oralbtoothfairy.com,Procter & Gamble; The Procter & Gamble Company
oralbtriumph.com,Procter & Gamble; The Procter & Gamble Company
oralbturkiye.com,Procter & Gamble; The Procter & Gamble Company
oralbusa.com,Procter & Gamble; The Procter & Gamble Company
oralbview.com,Procter & Gamble; The Procter & Gamble Company
oralbvincixfactor.it,Procter & Gamble
oralbvitality.com,Procter & Gamble; The Procter & Gamble Company
oralbwrapcorp.com,Procter & Gamble; The Procter & Gamble Company
oralbwraponline.com,Procter & Gamble; The Procter & Gamble Company
oralbxmastercard.com,Procter & Gamble; The Procter & Gamble Company
oralcareacademy.com,Procter & Gamble; The Procter & Gamble Company
oralcarescanner.com,Procter & Gamble; The Procter & Gamble Company
oralcaresurvey.com,Procter & Gamble; The Procter & Gamble Company
oralcareuniversity.com,Procter & Gamble; The Procter & Gamble Company
oralcareuseraccounts.com,Procter & Gamble; The Procter & Gamble Company
oralcarewho.com,Procter & Gamble; The Procter & Gamble Company
oralhealtheconnect.com,Procter & Gamble; The Procter & Gamble Company
orangeparadise.us,Procter & Gamble; The Procter & Gamble Company
orderit4me.com,Procter & Gamble; The Procter & Gamble Company
ordershavingproducts.com,Procter & Gamble; The Procter & Gamble Company
orderyourdosingdevice.com,Procter & Gamble; The Procter & Gamble Company
orgullosa.com,Procter & Gamble; The Procter & Gamble Company
orgullosacookbook.com,Procter & Gamble; The Procter & Gamble Company
orgullosasavings.com,Procter & Gamble; The Procter & Gamble Company
oromoshower.com,Procter & Gamble; The Procter & Gamble Company
oropolis-mediflor.com,Procter & Gamble; The Procter & Gamble Company
oropolis.com,Procter & Gamble; The Procter & Gamble Company
ortrythis.com,Procter & Gamble; The Procter & Gamble Company
osbodyspray.com,Procter & Gamble; The Procter & Gamble Company
oshairandbodymetrics.com,Procter & Gamble; The Procter & Gamble Company
oshairbodymetrics.com,Procter & Gamble; The Procter & Gamble Company
ostvmd.com,Procter & Gamble; The Procter & Gamble Company
otcbenefitadvisor.com,Procter & Gamble; The Procter & Gamble Company
otlmag.ru,Procter & Gamble; The Procter & Gamble Company
otpclub.org,Procter & Gamble; The Procter & Gamble Company
otplayersclub.org,Procter & Gamble; The Procter & Gamble Company
outletperte.com,Procter & Gamble; The Procter & Gamble Company
overnightsensations.com,Procter & Gamble; The Procter & Gamble Company
ovulaatiokalenterin.fi,Procter & Gamble
p-g.org,Procter & Gamble; The Procter & Gamble Company
p-g.ru,Procter & Gamble
p-g.us,Procter & Gamble; The Procter & Gamble Company
painfreetend.com,Procter & Gamble; The Procter & Gamble Company
paisaimpecable.com,Procter & Gamble; The Procter & Gamble Company
palaceresearch.com,Procter & Gamble; The Procter & Gamble Company
palaceresearchgroup.com,Procter & Gamble; The Procter & Gamble Company
palamalooza.com,Procter & Gamble; The Procter & Gamble Company
palamolooza.com,Procter & Gamble; The Procter & Gamble Company
pamper-nappies.com,Procter & Gamble; The Procter & Gamble Company
pamper.fr,Procter & Gamble
pamperaanbieding.com,Procter & Gamble; The Procter & Gamble Company
pampers-arabia.com,Procter & Gamble; The Procter & Gamble Company
pampers-baby.com,Procter & Gamble; The Procter & Gamble Company
pampers-babyboom-contest.com,Procter & Gamble; The Procter & Gamble Company
pampers-babyboom-tombola.com,Procter & Gamble; The Procter & Gamble Company
pampers-babydry.com,Procter & Gamble; The Procter & Gamble Company
pampers-club.ru,Procter & Gamble
pampers-egypt.com,Procter & Gamble; The Procter & Gamble Company
pampers-es.com,Procter & Gamble; The Procter & Gamble Company
pampers-gifts.com,Procter & Gamble; The Procter & Gamble Company
pampers-gorod.ru,Procter & Gamble
pampers-gorodok.com,Procter & Gamble; The Procter & Gamble Company
pampers-gorodok.net,Procter & Gamble; The Procter & Gamble Company
pampers-gorodok.ru,Procter & Gamble
pampers-hybrid.com,Procter & Gamble; The Procter & Gamble Company
pampers-int.com,Procter & Gamble; The Procter & Gamble Company
pampers-karta.ru,Procter & Gamble; The Procter & Gamble Company
pampers-la.com,Procter & Gamble; The Procter & Gamble Company
pampers-latam.com,Procter & Gamble; The Procter & Gamble Company
pampers-online.com.au,Procter & Gamble
pampers-prima.com,Procter & Gamble; The Procter & Gamble Company
pampers-promo.com,Procter & Gamble; The Procter & Gamble Company
pampers-stars.kz,Procter & Gamble; The Procter & Gamble Company
pampers-survey.com,Procter & Gamble; The Procter & Gamble Company
pampers.ae,Procter & Gamble; The Procter & Gamble Company
pampers.asia,Procter & Gamble; The Procter & Gamble Company
pampers.at,Procter & Gamble; The Procter & Gamble Company
pampers.com,Procter & Gamble; The Procter & Gamble Company
pampers.com.do,Procter & Gamble; The Procter & Gamble Company
pampers.com.hn,Procter & Gamble; The Procter & Gamble Company
pampers.com.tw,Procter & Gamble; The Procter & Gamble Company
pampers.cz,Procter & Gamble; The Procter & Gamble Company
pampers.fi,Procter & Gamble
pampers.me,Procter & Gamble; The Procter & Gamble Company
pampers.mn,Procter & Gamble; The Procter & Gamble Company
pampers.mobi,Procter & Gamble; The Procter & Gamble Company
pampers.name,Procter & Gamble; The Procter & Gamble Company
pampers.net,Procter & Gamble; The Procter & Gamble Company
pampers.ng,Procter & Gamble; The Procter & Gamble Company
pampers.org,Procter & Gamble; The Procter & Gamble Company
pampers.pro,Procter & Gamble; The Procter & Gamble Company
pampers.us,Procter & Gamble; The Procter & Gamble Company
pampers100day.com,Procter & Gamble; The Procter & Gamble Company
pampers5stars.com,Procter & Gamble; The Procter & Gamble Company
pampersarabia.com,Procter & Gamble; The Procter & Gamble Company
pampersaventurasplashers.com,Procter & Gamble; The Procter & Gamble Company
pampersazerbaijan.com,Procter & Gamble; The Procter & Gamble Company
pampersbabybook.com,Procter & Gamble; The Procter & Gamble Company
pampersbabydiary.com,Procter & Gamble; The Procter & Gamble Company
pampersbabydrydiapers.com,Procter & Gamble; The Procter & Gamble Company
pampersbabyfriendly.com,Procter & Gamble; The Procter & Gamble Company
pampersbabyquiz.com,Procter & Gamble; The Procter & Gamble Company
pampersbabyshower.com,Procter & Gamble; The Procter & Gamble Company
pampersbabyworld.com,Procter & Gamble; The Procter & Gamble Company
pampersbb.club,Procter & Gamble; The Procter & Gamble Company
pampersbbclub-hk.com,Procter & Gamble; The Procter & Gamble Company
pampersbbclub.com,Procter & Gamble; The Procter & Gamble Company
pampersbebefelices.com,Procter & Gamble; The Procter & Gamble Company
pampersblog.com,Procter & Gamble; The Procter & Gamble Company
pampersbox.ru,Procter & Gamble
pamperscake.ru,Procter & Gamble; The Procter & Gamble Company
pamperschadebebe.com,Procter & Gamble; The Procter & Gamble Company
pamperschadefraldas.com,Procter & Gamble; The Procter & Gamble Company
pamperschile.com,Procter & Gamble; The Procter & Gamble Company
pampersconnect.com,Procter & Gamble; The Procter & Gamble Company
pampersconnectedcare.com,Procter & Gamble; The Procter & Gamble Company
pampersconnectedcare.fr,Procter & Gamble
pampersconnectedcare.in,Procter & Gamble; The Procter & Gamble Company
pampersconnectedcare.pl,Procter & Gamble; The Procter & Gamble Company
pampersconnectedcare.ru,Procter & Gamble; The Procter & Gamble Company
pampersconnecteddiaper.com,Procter & Gamble; The Procter & Gamble Company
pamperscruisers.com,Procter & Gamble; The Procter & Gamble Company
pampersdelivery.com,Procter & Gamble; The Procter & Gamble Company
pampersdiapers.ru,Procter & Gamble; The Procter & Gamble Company
pampersdiaperstash.com,Procter & Gamble; The Procter & Gamble Company
pampersdiaperstudy.com,Procter & Gamble; The Procter & Gamble Company
pampersdixy.ru,Procter & Gamble; The Procter & Gamble Company
pampersdwfaysweepstakes.com,Procter & Gamble; The Procter & Gamble Company
pamperseasyups.com,Procter & Gamble; The Procter & Gamble Company
pampersegypt.com,Procter & Gamble; The Procter & Gamble Company
pampersfacebookapp-br.com,Procter & Gamble; The Procter & Gamble Company
pampersfacebookapp-la.com,Procter & Gamble; The Procter & Gamble Company
pampersfacebookapp-us.com,Procter & Gamble; The Procter & Gamble Company
pampersfirsts.com,Procter & Gamble; The Procter & Gamble Company
pampersgiftcard.com,Procter & Gamble; The Procter & Gamble Company
pampersgifts.com,Procter & Gamble; The Procter & Gamble Company
pampersgoingfourth.com,Procter & Gamble; The Procter & Gamble Company
pampersgorod.ru,Procter & Gamble
pampersgorodok.com,Procter & Gamble; The Procter & Gamble Company
pampersgorodok.net,Procter & Gamble; The Procter & Gamble Company
pampersgorodok.ru,Procter & Gamble
pampershello.com,Procter & Gamble; The Procter & Gamble Company
pampershelloapps.com,Procter & Gamble; The Procter & Gamble Company
pampershellobaby.com,Procter & Gamble; The Procter & Gamble Company
pampershellobabyapp.com,Procter & Gamble; The Procter & Gamble Company
pampershellodoc.com,Procter & Gamble; The Procter & Gamble Company
pampershellodocapp.com,Procter & Gamble; The Procter & Gamble Company
pampershellosleep.com,Procter & Gamble; The Procter & Gamble Company
pampershellosleepapp.com,Procter & Gamble; The Procter & Gamble Company
pampershelloworld.com,Procter & Gamble; The Procter & Gamble Company
pampershelloworldapp.com,Procter & Gamble; The Procter & Gamble Company
pampershop.net,Procter & Gamble; The Procter & Gamble Company
pampershospitalgiftbag.com,Procter & Gamble; The Procter & Gamble Company
pampersi-bg.com,Procter & Gamble; The Procter & Gamble Company
pampersi.com,Procter & Gamble; The Procter & Gamble Company
pampersimportexport.com,Procter & Gamble; The Procter & Gamble Company
pampersinfo.com,Procter & Gamble; The Procter & Gamble Company
pampersinput.com,Procter & Gamble; The Procter & Gamble Company
pampersinside.com,Procter & Gamble; The Procter & Gamble Company
pampersjpmobileapp.com,Procter & Gamble; The Procter & Gamble Company
pampersjuegoscl.com,Procter & Gamble; The Procter & Gamble Company
pampersjuegosla.com,Procter & Gamble; The Procter & Gamble Company
pampersklub.cz,Procter & Gamble; The Procter & Gamble Company
pamperskyrgyzstan.com,Procter & Gamble; The Procter & Gamble Company
pamperskz.com,Procter & Gamble; The Procter & Gamble Company
pampersla.com,Procter & Gamble; The Procter & Gamble Company
pamperslatam.com,Procter & Gamble; The Procter & Gamble Company
pamperslevant.com,Procter & Gamble; The Procter & Gamble Company
pamperslevillage.fr,Procter & Gamble
pamperslovesleepandplay.com,Procter & Gamble; The Procter & Gamble Company
pamperslumi.ae,Procter & Gamble; The Procter & Gamble Company
pamperslumi.com,Procter & Gamble; The Procter & Gamble Company
pamperslumi.com.au,Procter & Gamble
pamperslumi.fr,Procter & Gamble
pamperslumi.in,Procter & Gamble; The Procter & Gamble Company
pamperslumi.ru,Procter & Gamble; The Procter & Gamble Company
pamperslumibaby.com,Procter & Gamble; The Procter & Gamble Company
pamperslumibunny.com,Procter & Gamble; The Procter & Gamble Company
pamperslumiconnectedcare.com,Procter & Gamble; The Procter & Gamble Company
pamperslumiconnectedcare.com.au,Procter & Gamble
pamperslumiconnectedcare.fr,Procter & Gamble
pamperslumiconnectedcare.ru,Procter & Gamble; The Procter & Gamble Company
pamperslumidiaper.com,Procter & Gamble; The Procter & Gamble Company
pampersluminursery.com,Procter & Gamble; The Procter & Gamble Company
pamperslumitracker.com,Procter & Gamble; The Procter & Gamble Company
pampersmothersday.com,Procter & Gamble; The Procter & Gamble Company
pampersmp3.com,Procter & Gamble; The Procter & Gamble Company
pampersnaloja.com,Procter & Gamble; The Procter & Gamble Company
pampersnappies.net.au,Procter & Gamble
pampersnappiesaustralia.com.au,Procter & Gamble
pampersnappiesonline.com.au,Procter & Gamble
pampersnewmomhospital.com,Procter & Gamble; The Procter & Gamble Company
pampersnewsroom.com.au,Procter & Gamble
pampersnewsroom.it,Procter & Gamble
pampersnowtv.com,Procter & Gamble; The Procter & Gamble Company
pampersonline.com,Procter & Gamble; The Procter & Gamble Company
pampersonline.com.au,Procter & Gamble
pampersonthego.com,Procter & Gamble; The Procter & Gamble Company
pamperspakistan.com,Procter & Gamble; The Procter & Gamble Company
pamperspasitosar.com,Procter & Gamble; The Procter & Gamble Company
pamperspasitosbr.com,Procter & Gamble; The Procter & Gamble Company
pamperspasitosla.com,Procter & Gamble; The Procter & Gamble Company
pampersplay.com,Procter & Gamble; The Procter & Gamble Company
pamperspottypower.com,Procter & Gamble; The Procter & Gamble Company
pamperspregnant.com,Procter & Gamble; The Procter & Gamble Company
pamperspremiumcare-ca.com,Procter & Gamble; The Procter & Gamble Company
pamperspremiumcare.com,Procter & Gamble; The Procter & Gamble Company
pampersprofessional.com,Procter & Gamble; The Procter & Gamble Company
pampersprofessional.mobi,Procter & Gamble; The Procter & Gamble Company
pamperspure.com,Procter & Gamble; The Procter & Gamble Company
pamperspurecollection.com,Procter & Gamble; The Procter & Gamble Company
pampersrecycling.com,Procter & Gamble; The Procter & Gamble Company
pampersregistro.com,Procter & Gamble; The Procter & Gamble Company
pampersrewards.com,Procter & Gamble; The Procter & Gamble Company
pampersrussia.com,Procter & Gamble; The Procter & Gamble Company
pamperssampling.com,Procter & Gamble; The Procter & Gamble Company
pampersschooldelivery.com,Procter & Gamble; The Procter & Gamble Company
pamperssd.com,Procter & Gamble; The Procter & Gamble Company
pampersseller.com,Procter & Gamble; The Procter & Gamble Company
pamperssharethelove.com,Procter & Gamble; The Procter & Gamble Company
pamperssize.com,Procter & Gamble; The Procter & Gamble Company
pamperssizechart.com,Procter & Gamble; The Procter & Gamble Company
pamperssmartdiaper.com,Procter & Gamble; The Procter & Gamble Company
pampersstars.com,Procter & Gamble; The Procter & Gamble Company
pampersstars.kz,Procter & Gamble; The Procter & Gamble Company
pampersstories.com,Procter & Gamble; The Procter & Gamble Company
pampersstudy.com,Procter & Gamble; The Procter & Gamble Company
pampersswaddler.com,Procter & Gamble; The Procter & Gamble Company
pampersswaddlers360samples.com,Procter & Gamble; The Procter & Gamble Company
pamperstab.com,Procter & Gamble; The Procter & Gamble Company
pamperstajikistan.com,Procter & Gamble; The Procter & Gamble Company
pamperstars.kz,Procter & Gamble; The Procter & Gamble Company
pampersterms.com,Procter & Gamble; The Procter & Gamble Company
pamperstext.com,Procter & Gamble; The Procter & Gamble Company
pampersthankyoumoms.com,Procter & Gamble; The Procter & Gamble Company
pampersthuthachkhothoang.com,Procter & Gamble; The Procter & Gamble Company
pampersuae.com,Procter & Gamble; The Procter & Gamble Company
pampersunderjams.com,Procter & Gamble; The Procter & Gamble Company
pampersunderjams.fr,Procter & Gamble
pampersuzbekistan.com,Procter & Gamble; The Procter & Gamble Company
pampersvaccine.com,Procter & Gamble; The Procter & Gamble Company
pampersvillage.at,Procter & Gamble; primary
pampersvillage.com,Procter & Gamble; The Procter & Gamble Company
pampersvillage.com.au,Procter & Gamble
pampersvillage.fr,Procter & Gamble
pampersvillage.info,Procter & Gamble; The Procter & Gamble Company
pampersvillage.net,Procter & Gamble; The Procter & Gamble Company
pampersvillage.org,Procter & Gamble; The Procter & Gamble Company
pampersvillage.us,Procter & Gamble; The Procter & Gamble Company
pamperswelt.at,Procter & Gamble; primary
pamperswipescomponents.com,Procter & Gamble; The Procter & Gamble Company
pamperswithchannels.com,Procter & Gamble; The Procter & Gamble Company
pamperswonderweek.com,Procter & Gamble; The Procter & Gamble Company
pampersymampato.com,Procter & Gamble; The Procter & Gamble Company
pampla.com,Procter & Gamble; The Procter & Gamble Company
pandg.com,Procter & Gamble; The Procter & Gamble Company
pandg.info,Procter & Gamble; The Procter & Gamble Company
pandg.net,Procter & Gamble; The Procter & Gamble Company
pandg.org,Procter & Gamble; The Procter & Gamble Company
pandg.ru,Procter & Gamble
pandg.us,Procter & Gamble; The Procter & Gamble Company
pandgcareers.com,Procter & Gamble; The Procter & Gamble Company
pandgchemical.com,Procter & Gamble; The Procter & Gamble Company
pandgchemical.net,Procter & Gamble; The Procter & Gamble Company
pandgchemicals.com,Procter & Gamble; The Procter & Gamble Company
pandgchemicals.net,Procter & Gamble; The Procter & Gamble Company
pandggoodeveryday.com,Procter & Gamble; The Procter & Gamble Company
pandgjapan.com,Procter & Gamble; The Procter & Gamble Company
pandgsavings.com,Procter & Gamble; The Procter & Gamble Company
pannolinipampers.com,Procter & Gamble; The Procter & Gamble Company
panten.net,Procter & Gamble; The Procter & Gamble Company
pantene-clinicare.jp,Procter & Gamble
pantene-emilyinparis.com,Procter & Gamble; The Procter & Gamble Company
pantene-keithharing.com,Procter & Gamble; The Procter & Gamble Company
pantene-la.com,Procter & Gamble; The Procter & Gamble Company
pantene-latam.com,Procter & Gamble; The Procter & Gamble Company
pantene-tw.com,Procter & Gamble; The Procter & Gamble Company
pantene-wishes.com,Procter & Gamble; The Procter & Gamble Company
pantene.asia,Procter & Gamble; The Procter & Gamble Company
pantene.at,Procter & Gamble; The Procter & Gamble Company
pantene.au,Procter & Gamble
pantene.co.cr,Procter & Gamble; The Procter & Gamble Company
pantene.co.in,Procter & Gamble; primary
pantene.co.th,Procter & Gamble
pantene.com,Procter & Gamble; The Procter & Gamble Company
pantene.com.au,Procter & Gamble
pantene.com.hn,Procter & Gamble; The Procter & Gamble Company
pantene.cr,Procter & Gamble; The Procter & Gamble Company
pantene.cz,Procter & Gamble; The Procter & Gamble Company
pantene.fr,Procter & Gamble
pantene.it,Procter & Gamble
pantene.me,Procter & Gamble; The Procter & Gamble Company
pantene.name,Procter & Gamble; The Procter & Gamble Company
pantene.ru,Procter & Gamble
pantene.us,Procter & Gamble; The Procter & Gamble Company
pantene5euro.it,Procter & Gamble
pantenealliance.com,Procter & Gamble; The Procter & Gamble Company
pantenealliance.net,Procter & Gamble; The Procter & Gamble Company
pantenealrescate.com,Procter & Gamble; The Procter & Gamble Company
panteneambassador.it,Procter & Gamble
pantenearabia.com,Procter & Gamble; The Procter & Gamble Company
pantenebeautifullengths.com.au,Procter & Gamble
pantenebeautifullengths.info,Procter & Gamble; The Procter & Gamble Company
pantenebeautifullengths.net,Procter & Gamble; The Procter & Gamble Company
pantenebeautifullengths.org,Procter & Gamble; The Procter & Gamble Company
pantenebeautifullengthscampaign.com,Procter & Gamble; The Procter & Gamble Company
pantenebeautifullengthscampaign.net,Procter & Gamble; The Procter & Gamble Company
pantenebeautifullengthsprogram.com,Procter & Gamble; The Procter & Gamble Company
pantenebeautifullengthsprogram.info,Procter & Gamble; The Procter & Gamble Company
pantenebeautifullengthsprogram.mobi,Procter & Gamble; The Procter & Gamble Company
pantenebeautifullengthsprogram.net,Procter & Gamble; The Procter & Gamble Company
pantenebeautifullengthsscam.com,Procter & Gamble; The Procter & Gamble Company
pantenebeautifullengthsscam.info,Procter & Gamble; The Procter & Gamble Company
pantenebeautifullengthsscam.mobi,Procter & Gamble; The Procter & Gamble Company
pantenebeautifullengthsscam.net,Procter & Gamble; The Procter & Gamble Company
pantenebeautifullengthsscam.org,Procter & Gamble; The Procter & Gamble Company
pantenebeautysphere.com,Procter & Gamble; The Procter & Gamble Company
pantenebrillo.com,Procter & Gamble; The Procter & Gamble Company
pantenecacm.com,Procter & Gamble; The Procter & Gamble Company
pantenecaribbean.com,Procter & Gamble; The Procter & Gamble Company
panteneclinicare.com.au,Procter & Gamble
panteneconnect.com,Procter & Gamble; The Procter & Gamble Company
pantenedetox.com,Procter & Gamble; The Procter & Gamble Company
panteneexpertseries.com,Procter & Gamble; The Procter & Gamble Company
panteneexpressions.com,Procter & Gamble; The Procter & Gamble Company
panteneextraliso.com,Procter & Gamble; The Procter & Gamble Company
pantenefoam.com,Procter & Gamble; The Procter & Gamble Company
pantenefoamsurvey.com,Procter & Gamble; The Procter & Gamble Company
pantenehaircast.com,Procter & Gamble; The Procter & Gamble Company
pantenehairhealth.com,Procter & Gamble; The Procter & Gamble Company
pantenehairoftheyear.com,Procter & Gamble; The Procter & Gamble Company
pantenehairresearchalliance.com,Procter & Gamble; The Procter & Gamble Company
pantenehairresearchalliance.net,Procter & Gamble; The Procter & Gamble Company
pantenehairresearchinstitute.com,Procter & Gamble; The Procter & Gamble Company
pantenehairresearchinstitute.net,Procter & Gamble; The Procter & Gamble Company
pantenehairtrainer.com,Procter & Gamble; The Procter & Gamble Company
pantenehealthyhairalliance.com,Procter & Gamble; The Procter & Gamble Company
pantenehealthyhairalliance.net,Procter & Gamble; The Procter & Gamble Company
pantenehealthyhairinstitute.com,Procter & Gamble; The Procter & Gamble Company
pantenehealthyhairinstitute.net,Procter & Gamble; The Procter & Gamble Company
pantenehk.com,Procter & Gamble; The Procter & Gamble Company
pantenehothairstudio.com,Procter & Gamble; The Procter & Gamble Company
panteneinstitute.com,Procter & Gamble; The Procter & Gamble Company
panteneinstitute.net,Procter & Gamble; The Procter & Gamble Company
panteneinstitutetourvirtual.com,Procter & Gamble; The Procter & Gamble Company
pantenela.com,Procter & Gamble; The Procter & Gamble Company
pantenelook.com,Procter & Gamble; The Procter & Gamble Company
pantenemakingoff.com,Procter & Gamble; The Procter & Gamble Company
pantenemexico.com,Procter & Gamble; The Procter & Gamble Company
pantenemillioninchchain.com,Procter & Gamble; The Procter & Gamble Company
pantenemiracle.com,Procter & Gamble; The Procter & Gamble Company
pantenemiracle.it,Procter & Gamble
panteneohmygold.com,Procter & Gamble; The Procter & Gamble Company
pantenepakistan.com,Procter & Gamble; The Procter & Gamble Company
pantenepelo.com,Procter & Gamble; The Procter & Gamble Company
panteneperme.it,Procter & Gamble
panteneperseusgreece.com,Procter & Gamble; The Procter & Gamble Company
pantenepinacolada.com,Procter & Gamble; The Procter & Gamble Company
pantenepro-v.fr,Procter & Gamble
pantenepromise.com,Procter & Gamble; The Procter & Gamble Company
pantenepromise.com.au,Procter & Gamble
panteneprotagonist.it,Procter & Gamble
panteneprov.com,Procter & Gamble; The Procter & Gamble Company
panteneprov.ru,Procter & Gamble
panteneprovbeautifullengths.com,Procter & Gamble; The Procter & Gamble Company
panteneprovbeautifullengths.info,Procter & Gamble; The Procter & Gamble Company
panteneprovbeautifullengths.mobi,Procter & Gamble; The Procter & Gamble Company
panteneprovbeautifullengths.net,Procter & Gamble; The Procter & Gamble Company
panteneprovbeautifullengths.org,Procter & Gamble; The Procter & Gamble Company
panteneprovexpressions.com,Procter & Gamble; The Procter & Gamble Company
panteneprovextraliso.com,Procter & Gamble; The Procter & Gamble Company
pantenepruebagratis.com,Procter & Gamble; The Procter & Gamble Company
pantenepruebalo.com,Procter & Gamble; The Procter & Gamble Company
panteneregalabuonispesa.it,Procter & Gamble
pantenerescate.com,Procter & Gamble; The Procter & Gamble Company
pantenerewards.com,Procter & Gamble; The Procter & Gamble Company
pantenesbeautifullengths.com,Procter & Gamble; The Procter & Gamble Company
pantenesbeautifullengths.info,Procter & Gamble; The Procter & Gamble Company
pantenesbeautifullengths.mobi,Procter & Gamble; The Procter & Gamble Company
pantenesbeautifullengths.net,Procter & Gamble; The Procter & Gamble Company
pantenesbeautifullengths.org,Procter & Gamble; The Procter & Gamble Company
pantenesbeautifullengthscampaign.com,Procter & Gamble; The Procter & Gamble Company
pantenesbeautifullengthscampaign.info,Procter & Gamble; The Procter & Gamble Company
pantenesbeautifullengthscampaign.net,Procter & Gamble; The Procter & Gamble Company
pantenesbeautifullengthscampaign.org,Procter & Gamble; The Procter & Gamble Company
pantenestylezone.com,Procter & Gamble; The Procter & Gamble Company
pantenetexturize.com,Procter & Gamble; The Procter & Gamble Company
panteneth.com,Procter & Gamble; The Procter & Gamble Company
pantenethth.com,Procter & Gamble; The Procter & Gamble Company
pantenetiregalaunprodotto.it,Procter & Gamble
pantenetreatments.com,Procter & Gamble; The Procter & Gamble Company
panteneweatherapp.com,Procter & Gamble; The Procter & Gamble Company
pantenewishes.com,Procter & Gamble; The Procter & Gamble Company
pantenexpaugoto.com,Procter & Gamble; The Procter & Gamble Company
pantenexpert.com,Procter & Gamble; The Procter & Gamble Company
pantenexperto.com,Procter & Gamble; The Procter & Gamble Company
pantenexpertos.com,Procter & Gamble; The Procter & Gamble Company
pantenexperts.com,Procter & Gamble; The Procter & Gamble Company
pantenexpressions.com,Procter & Gamble; The Procter & Gamble Company
papertowel.com,Procter & Gamble; The Procter & Gamble Company
papertowels.com,Procter & Gamble; The Procter & Gamble Company
paraloquevenga.com,Procter & Gamble; The Procter & Gamble Company
partagezvotrebeaute.com,Procter & Gamble; The Procter & Gamble Company
pasaelabrazo.com,Procter & Gamble; The Procter & Gamble Company
pasionacero.com,Procter & Gamble; The Procter & Gamble Company
pasiondeacero.com,Procter & Gamble; The Procter & Gamble Company
patchs-saint-bernard.com,Procter & Gamble; The Procter & Gamble Company
patchssaintbernard.com,Procter & Gamble; The Procter & Gamble Company
patriotsflyawaygamesweepstakesgillette.com,Procter & Gamble; The Procter & Gamble Company
patriotsseasonticketssweeps.com,Procter & Gamble; The Procter & Gamble Company
patsandrevsswagsweeps.com,Procter & Gamble; The Procter & Gamble Company
pclubsweeps.com,Procter & Gamble; The Procter & Gamble Company
pe-staging-pg.com,Procter & Gamble; The Procter & Gamble Company
pearlillumination.com,Procter & Gamble; The Procter & Gamble Company
pearlyhealth.us,Procter & Gamble; The Procter & Gamble Company
pediatricvicks44.com,Procter & Gamble; The Procter & Gamble Company
peloinvencible.com,Procter & Gamble; The Procter & Gamble Company
pelopantene.com,Procter & Gamble; The Procter & Gamble Company
pelopantene.net,Procter & Gamble; The Procter & Gamble Company
pelosexy.com,Procter & Gamble; The Procter & Gamble Company
pensos.com,Procter & Gamble; The Procter & Gamble Company
pensos.net,Procter & Gamble; The Procter & Gamble Company
pepto-bismol.com,Procter & Gamble; The Procter & Gamble Company
pepto-bismolconnect.com,Procter & Gamble; The Procter & Gamble Company
pepto-it.com,Procter & Gamble; The Procter & Gamble Company
pepto.com,Procter & Gamble; The Procter & Gamble Company
peptobismal.com,Procter & Gamble; The Procter & Gamble Company
peptobismol.com,Procter & Gamble; The Procter & Gamble Company
peptobismolmax.com,Procter & Gamble; The Procter & Gamble Company
peptoit.com,Procter & Gamble; The Procter & Gamble Company
peptomoments.com,Procter & Gamble; The Procter & Gamble Company
peptorewards.com,Procter & Gamble; The Procter & Gamble Company
peptostar.com,Procter & Gamble; The Procter & Gamble Company
pequenosmilagros.com,Procter & Gamble; The Procter & Gamble Company
percudido.com,Procter & Gamble; The Procter & Gamble Company
perdusetheureux.com,Procter & Gamble; The Procter & Gamble Company
perfectshaveassistant.com,Procter & Gamble; The Procter & Gamble Company
perfectshavecoach.com,Procter & Gamble; The Procter & Gamble Company
perfectshaveconsult.com,Procter & Gamble; The Procter & Gamble Company
periobyorkid.com,Procter & Gamble; The Procter & Gamble Company
periodadvice.com,Procter & Gamble; The Procter & Gamble Company
periodcalendar.com,Procter & Gamble; The Procter & Gamble Company
periodexpert.com,Procter & Gamble; The Procter & Gamble Company
periodpredictor.com,Procter & Gamble; The Procter & Gamble Company
periodsaregreat.com,Procter & Gamble; The Procter & Gamble Company
personalbeautycoach.com,Procter & Gamble; The Procter & Gamble Company
personalizeyourtide.com,Procter & Gamble; The Procter & Gamble Company
pert.asia,Procter & Gamble; The Procter & Gamble Company
petitcoinsatisfaitourembourse.fr,Procter & Gamble
pg-ace.ru,Procter & Gamble
pg-apps.com,Procter & Gamble; The Procter & Gamble Company
pg-ariel.ru,Procter & Gamble
pg-ca.com,Procter & Gamble; The Procter & Gamble Company
pg-campaigns.com,Procter & Gamble; The Procter & Gamble Company
pg-career.com,Procter & Gamble; The Procter & Gamble Company
pg-careers.com,Procter & Gamble; The Procter & Gamble Company
pg-consumersolutions.com,Procter & Gamble; The Procter & Gamble Company
pg-croatia.com,Procter & Gamble; The Procter & Gamble Company
pg-cs.com,Procter & Gamble; The Procter & Gamble Company
pg-dam.com,Procter & Gamble; The Procter & Gamble Company
pg-damqa.com,Procter & Gamble; The Procter & Gamble Company
pg-education.com,Procter & Gamble; The Procter & Gamble Company
pg-education.net,Procter & Gamble; The Procter & Gamble Company
pg-education.org,Procter & Gamble; The Procter & Gamble Company
pg-es.com,Procter & Gamble; The Procter & Gamble Company
pg-europe.com,Procter & Gamble; The Procter & Gamble Company
pg-health.com,Procter & Gamble; The Procter & Gamble Company
pg-hrvatska.com,Procter & Gamble; The Procter & Gamble Company
pg-job.com,Procter & Gamble; The Procter & Gamble Company
pg-jobs.com,Procter & Gamble; The Procter & Gamble Company
pg-morrisons.com,Procter & Gamble; The Procter & Gamble Company
pg-multimarca-ar.com,Procter & Gamble; The Procter & Gamble Company
pg-multimarca-br.com,Procter & Gamble; The Procter & Gamble Company
pg-multimarca-cl.com,Procter & Gamble; The Procter & Gamble Company
pg-multimarca-co.com,Procter & Gamble; The Procter & Gamble Company
pg-multimarca-la.com,Procter & Gamble; The Procter & Gamble Company
pg-multimarca-ladmar.com,Procter & Gamble; The Procter & Gamble Company
pg-multimarca-mx.com,Procter & Gamble; The Procter & Gamble Company
pg-multimarca-pe.com,Procter & Gamble; The Procter & Gamble Company
pg-multimarca-ve.com,Procter & Gamble; The Procter & Gamble Company
pg-pampers.ru,Procter & Gamble
pg-personal-healthcare.com,Procter & Gamble; The Procter & Gamble Company
pg-promos.com,Procter & Gamble; The Procter & Gamble Company
pg-promozioni.com,Procter & Gamble; The Procter & Gamble Company
pg-query.com,Procter & Gamble; The Procter & Gamble Company
pg-recruiting.com,Procter & Gamble; The Procter & Gamble Company
pg-samples.com,Procter & Gamble; The Procter & Gamble Company
pg-soddisfattiorimborsati.it,Procter & Gamble
pg-store.com,Procter & Gamble; The Procter & Gamble Company
pg-tampax.ru,Procter & Gamble
pg-tdam.com,Procter & Gamble; The Procter & Gamble Company
pg-thanksdad.com,Procter & Gamble; The Procter & Gamble Company
pg-thanksdad.fr,Procter & Gamble
pg-thanksdad.in,Procter & Gamble; The Procter & Gamble Company
pg-thanksdad.it,Procter & Gamble
pg-thanksdad.ru,Procter & Gamble; The Procter & Gamble Company
pg-thanksdad.us,Procter & Gamble; The Procter & Gamble Company
pg-thanksmom.com,Procter & Gamble; The Procter & Gamble Company
pg-thanksmom.com.au,Procter & Gamble
pg-thanksmom.fr,Procter & Gamble
pg-thanksmom.in,Procter & Gamble; The Procter & Gamble Company
pg-thanksmom.it,Procter & Gamble
pg-thanksmom.ru,Procter & Gamble; The Procter & Gamble Company
pg-thanksmom.us,Procter & Gamble; The Procter & Gamble Company
pg-url.com,Procter & Gamble; The Procter & Gamble Company
pg-werbemittellager.at,Procter & Gamble; The Procter & Gamble Company
pg.com,Procter & Gamble; The Procter & Gamble Company
pg.com.do,Procter & Gamble; primary
pg.com.pr,Procter & Gamble; primary
pg.coupons,Procter & Gamble; The Procter & Gamble Company
pg100yrs.com,Procter & Gamble; The Procter & Gamble Company
pg300e100iade.com,Procter & Gamble; The Procter & Gamble Company
pgacademy-ne.com,Procter & Gamble; The Procter & Gamble Company
pgacheiveyourgoals.com,Procter & Gamble; The Procter & Gamble Company
pgachieveyourgoals.com,Procter & Gamble; The Procter & Gamble Company
pgactiveandfresh.com,Procter & Gamble; The Procter & Gamble Company
pgadvocacy.com,Procter & Gamble; The Procter & Gamble Company
pgaktuell.com,Procter & Gamble; The Procter & Gamble Company
pgalexandria.com,Procter & Gamble; The Procter & Gamble Company
pgallergist.com,Procter & Gamble; The Procter & Gamble Company
pgamaiorpromocao.com,Procter & Gamble; The Procter & Gamble Company
pgamiens.fr,Procter & Gamble
pgapi.io,Procter & Gamble; The Procter & Gamble Company
pgapprovals.com,Procter & Gamble; The Procter & Gamble Company
pgapps.net,Procter & Gamble; The Procter & Gamble Company
pgarabia.com,Procter & Gamble; The Procter & Gamble Company
pgargentina.com,Procter & Gamble; The Procter & Gamble Company
pgaustralia.com.au,Procter & Gamble
pgaws-dev.com,Procter & Gamble; The Procter & Gamble Company
pgaws.com,Procter & Gamble; The Procter & Gamble Company
pgazerbaijan.com,Procter & Gamble; The Procter & Gamble Company
pgazure-dev.com,Procter & Gamble; The Procter & Gamble Company
pgazure.com,Procter & Gamble; The Procter & Gamble Company
pgb2b.com,Procter & Gamble; The Procter & Gamble Company
pgbabyoffer.com,Procter & Gamble; The Procter & Gamble Company
pgback2campus.com,Procter & Gamble; The Procter & Gamble Company
pgback2school.com,Procter & Gamble
pgbacktoschool.com,Procter & Gamble; The Procter & Gamble Company
pgbackyardfun.com,Procter & Gamble; The Procter & Gamble Company
pgbadeveryday.com,Procter & Gamble; The Procter & Gamble Company
pgbalkans.com,Procter & Gamble; The Procter & Gamble Company
pgbeaute.com,Procter & Gamble; The Procter & Gamble Company
pgbeauty.com,Procter & Gamble; The Procter & Gamble Company
pgbeauty.org,Procter & Gamble; The Procter & Gamble Company
pgbeautybg.com,Procter & Gamble; The Procter & Gamble Company
pgbeautyclub.ru,Procter & Gamble
pgbeautyeducation.com,Procter & Gamble; The Procter & Gamble Company
pgbeautyfavs.com,Procter & Gamble; The Procter & Gamble Company
pgbeautygrooming.com,Procter & Gamble; The Procter & Gamble Company
pgbeautygrooming.net,Procter & Gamble; The Procter & Gamble Company
pgbeautygroomingscience.com,Procter & Gamble; The Procter & Gamble Company
pgbeautygroomingscience.net,Procter & Gamble; The Procter & Gamble Company
pgbeautygroomingscience.org,Procter & Gamble; The Procter & Gamble Company
pgbeautyhealthscience.com,Procter & Gamble; The Procter & Gamble Company
pgbeautyhealthscience.net,Procter & Gamble; The Procter & Gamble Company
pgbeautyhealthscience.us,Procter & Gamble; The Procter & Gamble Company
pgbeautyprofessional.com,Procter & Gamble; The Procter & Gamble Company
pgbeautyrebate.com,Procter & Gamble; The Procter & Gamble Company
pgbeautyscience.com,Procter & Gamble; The Procter & Gamble Company
pgbeautyscienceandhealth.com,Procter & Gamble; The Procter & Gamble Company
pgbeautyscienceandhealth.net,Procter & Gamble; The Procter & Gamble Company
pgbeautyscienceandhealth.us,Procter & Gamble; The Procter & Gamble Company
pgbeautyworkshop.com,Procter & Gamble; The Procter & Gamble Company
pgbeautyworkshops.com,Procter & Gamble; The Procter & Gamble Company
pgbestofbeauty.com,Procter & Gamble; The Procter & Gamble Company
pgbetteryou.com,Procter & Gamble; The Procter & Gamble Company
pgbiggame.com,Procter & Gamble; The Procter & Gamble Company
pgbiglotsdelivery.com,Procter & Gamble; The Procter & Gamble Company
pgbigsavings.com,Procter & Gamble; The Procter & Gamble Company
pgbilgi.com,Procter & Gamble; The Procter & Gamble Company
pgbioscience.com,Procter & Gamble; The Procter & Gamble Company
pgbiosciences.com,Procter & Gamble; The Procter & Gamble Company
pgbiosolutions.com,Procter & Gamble; The Procter & Gamble Company
pgblois.fr,Procter & Gamble
pgbonus.club,Procter & Gamble; The Procter & Gamble Company
pgbookingsystem.com,Procter & Gamble; The Procter & Gamble Company
pgbootiq.com,Procter & Gamble; The Procter & Gamble Company
pgbootiq.fr,Procter & Gamble
pgbootiq.it,Procter & Gamble
pgbrand.org,Procter & Gamble; The Procter & Gamble Company
pgbrandrewards.com,Procter & Gamble; The Procter & Gamble Company
pgbrands.com,Procter & Gamble; The Procter & Gamble Company
pgbrands.org,Procter & Gamble; The Procter & Gamble Company
pgbrandsampler.com,Procter & Gamble; The Procter & Gamble Company
pgbrandsamplerformen.com,Procter & Gamble; The Procter & Gamble Company
pgbrandsaver.com,Procter & Gamble; The Procter & Gamble Company
pgbrandsaver500.com,Procter & Gamble; The Procter & Gamble Company
pgbrandsavers500.com,Procter & Gamble; The Procter & Gamble Company
pgbrandstore.com,Procter & Gamble; The Procter & Gamble Company
pgbrandstoreqa.com,Procter & Gamble; The Procter & Gamble Company
pgbrandstoreqa1.com,Procter & Gamble; The Procter & Gamble Company
pgbrandstoreqa2.com,Procter & Gamble; The Procter & Gamble Company
pgbrandstorex.com,Procter & Gamble; The Procter & Gamble Company
pgbrandvoice.com,Procter & Gamble; The Procter & Gamble Company
pgbrighterhome.com,Procter & Gamble; The Procter & Gamble Company
pgbrighterstart.com,Procter & Gamble; The Procter & Gamble Company
pgbrighthome.com,Procter & Gamble; The Procter & Gamble Company
pgbringhomegold.com,Procter & Gamble; The Procter & Gamble Company
pgbuildthefuturetogether.com,Procter & Gamble; The Procter & Gamble Company
pgbundle.com,Procter & Gamble; The Procter & Gamble Company
pgbundleapp.com,Procter & Gamble; The Procter & Gamble Company
pgbundles.com,Procter & Gamble; The Procter & Gamble Company
pgbusinessschool.com,Procter & Gamble; The Procter & Gamble Company
pgbuy60get15.com,Procter & Gamble; The Procter & Gamble Company
pgbuynow.com,Procter & Gamble; The Procter & Gamble Company
pgcapitalcleanup.com,Procter & Gamble; The Procter & Gamble Company
pgcapitanes.com,Procter & Gamble; The Procter & Gamble Company
pgcareer.com,Procter & Gamble; The Procter & Gamble Company
pgcareeradvice.com,Procter & Gamble; The Procter & Gamble Company
pgcareers-europe.com,Procter & Gamble; The Procter & Gamble Company
pgcareers.com,Procter & Gamble; The Procter & Gamble Company
pgcareers.com.au,Procter & Gamble
pgcareers.ru,Procter & Gamble; The Procter & Gamble Company
pgcareerseurope.com,Procter & Gamble; The Procter & Gamble Company
pgcaregiverpromo.com,Procter & Gamble; The Procter & Gamble Company
pgcarrytheteam.com,Procter & Gamble; The Procter & Gamble Company
pgcd.com,Procter & Gamble; The Procter & Gamble Company
pgchemical.com,Procter & Gamble; The Procter & Gamble Company
pgchemical.net,Procter & Gamble; The Procter & Gamble Company
pgchemicals.com,Procter & Gamble; The Procter & Gamble Company
pgchemicals.net,Procter & Gamble; The Procter & Gamble Company
pgcienciaeinnovacion.com,Procter & Gamble; The Procter & Gamble Company
pgcienciaeinovacion.com,Procter & Gamble; The Procter & Gamble Company
pgcleanandsave.ca,Procter & Gamble
pgcleanandsave.com,Procter & Gamble; The Procter & Gamble Company
pgcleanfall.com,Procter & Gamble; The Procter & Gamble Company
pgcleanfun.com,Procter & Gamble; The Procter & Gamble Company
pgcleanhome.com,Procter & Gamble; The Procter & Gamble Company
pgcleanslist.com,Procter & Gamble; The Procter & Gamble Company
pgcleanup.com,Procter & Gamble; The Procter & Gamble Company
pgcleanvibes.com,Procter & Gamble; The Procter & Gamble Company
pgcloud.com,Procter & Gamble; The Procter & Gamble Company
pgcoffeedate.com,Procter & Gamble; The Procter & Gamble Company
pgcommercial.org,Procter & Gamble; The Procter & Gamble Company
pgcomvoce.com,Procter & Gamble; The Procter & Gamble Company
pgconnectdevelop-la.com,Procter & Gamble; The Procter & Gamble Company
pgconnectdevelop.com,Procter & Gamble; The Procter & Gamble Company
pgconnected.com,Procter & Gamble; The Procter & Gamble Company
pgconsumerregistration.com,Procter & Gamble; The Procter & Gamble Company
pgconsumers.com,Procter & Gamble; The Procter & Gamble Company
pgconsumersolutions.com,Procter & Gamble; The Procter & Gamble Company
pgcontactus.ru,Procter & Gamble; The Procter & Gamble Company
pgcontigo.com,Procter & Gamble; The Procter & Gamble Company
pgcontigo.cr,Procter & Gamble; The Procter & Gamble Company
pgcontigolatam.com,Procter & Gamble; The Procter & Gamble Company
pgconvenience.com,Procter & Gamble; The Procter & Gamble Company
pgcoolshades.com,Procter & Gamble; The Procter & Gamble Company
pgcorporate.ru,Procter & Gamble
pgcorporateathlete.com,Procter & Gamble; The Procter & Gamble Company
pgcouponbureau.com,Procter & Gamble; The Procter & Gamble Company
pgcoupons.com,Procter & Gamble; The Procter & Gamble Company
pgcsatlakozz.com,Procter & Gamble; The Procter & Gamble Company
pgcuidatucabello.com,Procter & Gamble; The Procter & Gamble Company
pgdawnduckpromo.com,Procter & Gamble; The Procter & Gamble Company
pgdeportesporfuturo.com,Procter & Gamble; The Procter & Gamble Company
pgdermatolgy.com,Procter & Gamble; The Procter & Gamble Company
pgdermatologia.com,Procter & Gamble; The Procter & Gamble Company
pgdermatology.com,Procter & Gamble; The Procter & Gamble Company
pgdev.pub,Procter & Gamble; The Procter & Gamble Company
pgdev.zone,Procter & Gamble; The Procter & Gamble Company
pgdigitalcoupon.com,Procter & Gamble; The Procter & Gamble Company
pgdigitalcoupons.com,Procter & Gamble; The Procter & Gamble Company
pgdigitalreporting.com,Procter & Gamble; The Procter & Gamble Company
pgdirecto.com,Procter & Gamble; The Procter & Gamble Company
pgdogood.com,Procter & Gamble; The Procter & Gamble Company
pgdoinggoodeveryday.com,Procter & Gamble; The Procter & Gamble Company
pgdonaevinci.it,Procter & Gamble
pgdtc.in,Procter & Gamble; The Procter & Gamble Company
pgecommerce.com,Procter & Gamble; The Procter & Gamble Company
pgedi.com,Procter & Gamble; The Procter & Gamble Company
pgeds-fb.com,Procter & Gamble; The Procter & Gamble Company
pgemall.com,Procter & Gamble; The Procter & Gamble Company
pgemarketingbook.com,Procter & Gamble; The Procter & Gamble Company
pgemployeeshop.com,Procter & Gamble; The Procter & Gamble Company
pgentertainment.com,Procter & Gamble; The Procter & Gamble Company
pgerase.com,Procter & Gamble; The Procter & Gamble Company
pgesaver.com,Procter & Gamble; The Procter & Gamble Company
pgesaverservice.com,Procter & Gamble; The Procter & Gamble Company
pgessentialsdelivery.com,Procter & Gamble; The Procter & Gamble Company
pgestore.com,Procter & Gamble; The Procter & Gamble Company
pgesurveys.com,Procter & Gamble; The Procter & Gamble Company
pgeurope.com,Procter & Gamble; The Procter & Gamble Company
pgeveryday.com,Procter & Gamble; The Procter & Gamble Company
pgeverydaygood.com,Procter & Gamble; The Procter & Gamble Company
pgeverydaysavings.com,Procter & Gamble; The Procter & Gamble Company
pgeverydaysolution.mobi,Procter & Gamble; The Procter & Gamble Company
pgeverydaysolutions.com,Procter & Gamble; The Procter & Gamble Company
pgeverymoment.com,Procter & Gamble; The Procter & Gamble Company
pgexperienceoffer.com,Procter & Gamble; The Procter & Gamble Company
pgexternalventures.com,Procter & Gamble; The Procter & Gamble Company
pgextrayard.com,Procter & Gamble; The Procter & Gamble Company
pgfabricrebate.com,Procter & Gamble; The Procter & Gamble Company
pgfamilyhome.com,Procter & Gamble; The Procter & Gamble Company
pgfamilyhome.com.au,Procter & Gamble
pgfamilyhome.fr,Procter & Gamble
pgfamilyhome.in,Procter & Gamble; The Procter & Gamble Company
pgfamilyhome.it,Procter & Gamble
pgfamilyhome.ru,Procter & Gamble; The Procter & Gamble Company
pgfamilyhome.us,Procter & Gamble; The Procter & Gamble Company
pgfamilyhouse.com,Procter & Gamble; The Procter & Gamble Company
pgfamilyhouse.com.au,Procter & Gamble
pgfamilyhouse.fr,Procter & Gamble
pgfamilyhouse.in,Procter & Gamble; The Procter & Gamble Company
pgfamilyhouse.it,Procter & Gamble
pgfamilyhouse.ru,Procter & Gamble; The Procter & Gamble Company
pgfamilyhouse.us,Procter & Gamble; The Procter & Gamble Company
pgfamilylove.com,Procter & Gamble
pgfantasylineup.com,Procter & Gamble; The Procter & Gamble Company
pgfbapps.com,Procter & Gamble; The Procter & Gamble Company
pgfemcare.com,Procter & Gamble; The Procter & Gamble Company
pgfiestafive.com,Procter & Gamble; The Procter & Gamble Company
pgflackipedia.com,Procter & Gamble; The Procter & Gamble Company
pgfluprep.com,Procter & Gamble; The Procter & Gamble Company
pgfoodingredient.net,Procter & Gamble; The Procter & Gamble Company
pgfoodingredient.org,Procter & Gamble; The Procter & Gamble Company
pgfoodingredients.com,Procter & Gamble; The Procter & Gamble Company
pgfoodingredients.net,Procter & Gamble; The Procter & Gamble Company
pgforestsforgood-dev.com,Procter & Gamble; The Procter & Gamble Company
pgforestsforgood.com,Procter & Gamble; The Procter & Gamble Company
pgformsla.com,Procter & Gamble; The Procter & Gamble Company
pgforprofessionaluse.com,Procter & Gamble; The Procter & Gamble Company
pgfreshload.com,Procter & Gamble; The Procter & Gamble Company
pgfueloffer.com,Procter & Gamble; The Procter & Gamble Company
pgfuturex.com,Procter & Gamble; The Procter & Gamble Company
pggamechangingoffer.com,Procter & Gamble; The Procter & Gamble Company
pggattatico.it,Procter & Gamble
pggenerations.com,Procter & Gamble; The Procter & Gamble Company
pggenuine-qa.com,Procter & Gamble; The Procter & Gamble Company
pggenuine.com,Procter & Gamble; The Procter & Gamble Company
pggetfree.com,Procter & Gamble; The Procter & Gamble Company
pgggf.com,Procter & Gamble; The Procter & Gamble Company
pggiftcardoffer.com,Procter & Gamble; The Procter & Gamble Company
pggiftcardsweeps.com,Procter & Gamble; The Procter & Gamble Company
pggodeveryday.com,Procter & Gamble; The Procter & Gamble Company
pggoldenyear.com,Procter & Gamble; The Procter & Gamble Company
pggoodeveryday.com,Procter & Gamble; The Procter & Gamble Company
pggoodrewards.com,Procter & Gamble; The Procter & Gamble Company
pggovrelations.com,Procter & Gamble; The Procter & Gamble Company
pggrants.com,Procter & Gamble; The Procter & Gamble Company
pggreenguarantee.com,Procter & Gamble; The Procter & Gamble Company
pggrocery.com,Procter & Gamble; The Procter & Gamble Company
pggrocerydelivery.com,Procter & Gamble; The Procter & Gamble Company
pggroceryreward.com,Procter & Gamble; The Procter & Gamble Company
pggroceryrewards.com,Procter & Gamble; The Procter & Gamble Company
pghairworldguide.com,Procter & Gamble; The Procter & Gamble Company
pghaulpass.com,Procter & Gamble; The Procter & Gamble Company
pghaveyoutriedit.com,Procter & Gamble; The Procter & Gamble Company
pghaveyoutriedthese.com,Procter & Gamble; The Procter & Gamble Company
pghaveyoutriedthis.com,Procter & Gamble; The Procter & Gamble Company
pghaveyoutriedthisyet.com,Procter & Gamble; The Procter & Gamble Company
pgheadtotoe.com,Procter & Gamble; The Procter & Gamble Company
pghealth4you.com,Procter & Gamble; The Procter & Gamble Company
pghealth4you.it,Procter & Gamble
pghealthacademy.com,Procter & Gamble; The Procter & Gamble Company
pghealthindia.com,Procter & Gamble; The Procter & Gamble Company
pghealthnews.com,Procter & Gamble; The Procter & Gamble Company
pghealthresearch.com,Procter & Gamble; The Procter & Gamble Company
pghealthsamples.com,Procter & Gamble; The Procter & Gamble Company
pghealthsciences.com,Procter & Gamble; The Procter & Gamble Company
pghealthsciencesinstitute.com,Procter & Gamble; The Procter & Gamble Company
pghealthsciencesinstitute.org,Procter & Gamble; The Procter & Gamble Company
pghelpingheroes.com,Procter & Gamble; The Procter & Gamble Company
pghervana.com,Procter & Gamble; The Procter & Gamble Company
pgholidaymovie.com,Procter & Gamble; The Procter & Gamble Company
pgholidayrebate.com,Procter & Gamble; The Procter & Gamble Company
pghomeclean.com,Procter & Gamble; The Procter & Gamble Company
pghomefieldadvantage.com,Procter & Gamble; The Procter & Gamble Company
pghomepride.com,Procter & Gamble; The Procter & Gamble Company
pghomeshop.com,Procter & Gamble
pghometeam.com,Procter & Gamble; The Procter & Gamble Company
pghongkong.com,Procter & Gamble; The Procter & Gamble Company
pghosteffortlessly.com,Procter & Gamble; The Procter & Gamble Company
pghsi.com,Procter & Gamble; The Procter & Gamble Company
pghsi.org,Procter & Gamble; The Procter & Gamble Company
pghuddle.com,Procter & Gamble; The Procter & Gamble Company
pgi.it,Procter & Gamble
pgimprovinglife.com,Procter & Gamble; The Procter & Gamble Company
pgin-licensing.com,Procter & Gamble; The Procter & Gamble Company
pginnercircle.com,Procter & Gamble; The Procter & Gamble Company
pginnercrcle.com,Procter & Gamble; The Procter & Gamble Company
pginnovation.com,Procter & Gamble; The Procter & Gamble Company
pginvestor.com,Procter & Gamble; The Procter & Gamble Company
pgisaver.com,Procter & Gamble; The Procter & Gamble Company
pgiwsdc.com,Procter & Gamble; The Procter & Gamble Company
pgjapanbrands.com,Procter & Gamble; The Procter & Gamble Company
pgjob.com,Procter & Gamble; The Procter & Gamble Company
pgjobs.com,Procter & Gamble; The Procter & Gamble Company
pgjoltx.com,Procter & Gamble; The Procter & Gamble Company
pgkmt.com,Procter & Gamble; The Procter & Gamble Company
pgkultaetu.fi,Procter & Gamble
pglabs.com,Procter & Gamble; The Procter & Gamble Company
pglafs.com,Procter & Gamble; The Procter & Gamble Company
pglargelaundry.com,Procter & Gamble; The Procter & Gamble Company
pglatam.com,Procter & Gamble; The Procter & Gamble Company
pglaundrymediaroom.com,Procter & Gamble; The Procter & Gamble Company
pglaundrynews.com,Procter & Gamble; The Procter & Gamble Company
pglaundrynewsroom.com,Procter & Gamble; The Procter & Gamble Company
pglaundrypresskit.com,Procter & Gamble; The Procter & Gamble Company
pglaundryrebate.com,Procter & Gamble; The Procter & Gamble Company
pglaundryroom.com,Procter & Gamble; The Procter & Gamble Company
pglearningcentre.com,Procter & Gamble; The Procter & Gamble Company
pglearningcentre.com.au,Procter & Gamble
pglifelab.com,Procter & Gamble; The Procter & Gamble Company
pglikeagirl.com,Procter & Gamble; The Procter & Gamble Company
pglikeapro.com,Procter & Gamble; The Procter & Gamble Company
pglineup.com,Procter & Gamble; The Procter & Gamble Company
pglive.com,Procter & Gamble; The Procter & Gamble Company
pglivelearnandthrive.com,Procter & Gamble; The Procter & Gamble Company
pglivelearnthrive.com,Procter & Gamble; The Procter & Gamble Company
pgloadup.com,Procter & Gamble; The Procter & Gamble Company
pglocalvalues.com,Procter & Gamble; The Procter & Gamble Company
pglocations.com,Procter & Gamble; The Procter & Gamble Company
pgmadetosave.com,Procter & Gamble; The Procter & Gamble Company
pgmamasday.com,Procter & Gamble; The Procter & Gamble Company
pgmarketbasket.com,Procter & Gamble; The Procter & Gamble Company
pgmatchinggifts.com,Procter & Gamble; The Procter & Gamble Company
pgmicroservices.com,Procter & Gamble; The Procter & Gamble Company
pgmodernweb.club,Procter & Gamble; The Procter & Gamble Company
pgmodernweb.com,Procter & Gamble; The Procter & Gamble Company
pgmodernweb.life,Procter & Gamble; The Procter & Gamble Company
pgmovesmart.com,Procter & Gamble; The Procter & Gamble Company
pgmovieoffer.com,Procter & Gamble; The Procter & Gamble Company
pgnaturalsolutions.com,Procter & Gamble; The Procter & Gamble Company
pgneatsocks.com,Procter & Gamble; The Procter & Gamble Company
pgnet.dev,Procter & Gamble; The Procter & Gamble Company
pgnettoyereteconomiser.ca,Procter & Gamble
pgnettoyezetepargnez.ca,Procter & Gamble
pgneu.com,Procter & Gamble; The Procter & Gamble Company
pgnews.com,Procter & Gamble; The Procter & Gamble Company
pgnewsdesk.com,Procter & Gamble; The Procter & Gamble Company
pgnewshealth.com,Procter & Gamble; The Procter & Gamble Company
pgngs.com,Procter & Gamble; The Procter & Gamble Company
pgnigeria.com,Procter & Gamble; The Procter & Gamble Company
pgnovo.ru,Procter & Gamble; The Procter & Gamble Company
pgnuovo.com,Procter & Gamble; The Procter & Gamble Company
pgoleochemicals.com,Procter & Gamble; The Procter & Gamble Company
pgolympicsitalia.com,Procter & Gamble; The Procter & Gamble Company
pgolyparafamily.com,Procter & Gamble; The Procter & Gamble Company
pgonlinebooking.com,Procter & Gamble; The Procter & Gamble Company
pgonlinestores.com,Procter & Gamble; The Procter & Gamble Company
pgonlinesupport.com,Procter & Gamble; The Procter & Gamble Company
pgonlinesupport1.com,Procter & Gamble; The Procter & Gamble Company
pgonlinesupport2.com,Procter & Gamble; The Procter & Gamble Company
pgonlinesupport3.com,Procter & Gamble; The Procter & Gamble Company
pgoodeveryday.com,Procter & Gamble; The Procter & Gamble Company
pgoralcare.com,Procter & Gamble; The Procter & Gamble Company
pgoralcareeducation.com,Procter & Gamble; The Procter & Gamble Company
pgout-licensing.com,Procter & Gamble; The Procter & Gamble Company
pgp15eurosrembourses.fr,Procter & Gamble
pgpac.com,Procter & Gamble; The Procter & Gamble Company
pgpackagesurvey.com,Procter & Gamble; The Procter & Gamble Company
pgpantenefallbeauty.com,Procter & Gamble; The Procter & Gamble Company
pgpaperlesstrial.com,Procter & Gamble; The Procter & Gamble Company
pgpartnersinpolicy.com,Procter & Gamble; The Procter & Gamble Company
pgperfectwash.com,Procter & Gamble; The Procter & Gamble Company
pgpersonalhealth.com,Procter & Gamble; The Procter & Gamble Company
pgpersonalhealthcare.com,Procter & Gamble; The Procter & Gamble Company
pgperspectives.com,Procter & Gamble; The Procter & Gamble Company
pgperte.it,Procter & Gamble
pgpetsolutions.com,Procter & Gamble; The Procter & Gamble Company
pgpharmauniversity.com,Procter & Gamble; The Procter & Gamble Company
pgphilippines.com,Procter & Gamble; The Procter & Gamble Company
pgphrewardsclub.com,Procter & Gamble; The Procter & Gamble Company
pgpip.com,Procter & Gamble; The Procter & Gamble Company
pgplanetpositive.com,Procter & Gamble; The Procter & Gamble Company
pgplantjobs.com,Procter & Gamble; The Procter & Gamble Company
pgplatform.com,Procter & Gamble; The Procter & Gamble Company
pgpolluteseveryday.com,Procter & Gamble; The Procter & Gamble Company
pgpowdercoupons.com,Procter & Gamble; The Procter & Gamble Company
pgpreptogether.com,Procter & Gamble; The Procter & Gamble Company
pgprestigebeaute.com,Procter & Gamble; The Procter & Gamble Company
pgprivacy.com,Procter & Gamble; The Procter & Gamble Company
pgpro-msds.com,Procter & Gamble; The Procter & Gamble Company
pgpro.at,Procter & Gamble; The Procter & Gamble Company
pgpro.com,Procter & Gamble; The Procter & Gamble Company
pgpro.fr,Procter & Gamble
pgpro.info,Procter & Gamble; The Procter & Gamble Company
pgpro.ru,Procter & Gamble
pgprobiotics.com,Procter & Gamble; The Procter & Gamble Company
pgproductsafety.com,Procter & Gamble; The Procter & Gamble Company
pgprof.at,Procter & Gamble; The Procter & Gamble Company
pgprof.com,Procter & Gamble; The Procter & Gamble Company
pgprof.ru,Procter & Gamble
pgprofessional.com,Procter & Gamble; The Procter & Gamble Company
pgprofessionalregalabuonospesa.it,Procter & Gamble
pgprofessionalregalalenor.it,Procter & Gamble
pgproistudio.com,Procter & Gamble; The Procter & Gamble Company
pgprolaundry.com,Procter & Gamble; The Procter & Gamble Company
pgprolaundry.info,Procter & Gamble; The Procter & Gamble Company
pgprolaundry.net,Procter & Gamble; The Procter & Gamble Company
pgproline.com,Procter & Gamble; The Procter & Gamble Company
pgproline.org,Procter & Gamble; The Procter & Gamble Company
pgproloyalty.com,Procter & Gamble; The Procter & Gamble Company
pgpromotion.com.au,Procter & Gamble
pgproshop.ru,Procter & Gamble; The Procter & Gamble Company
pgprosupplies.com,Procter & Gamble; The Procter & Gamble Company
pgprosupply.com,Procter & Gamble; The Procter & Gamble Company
pgproudsponsorofdad.com,Procter & Gamble; The Procter & Gamble Company
pgproudsponsorofdad.com.au,Procter & Gamble
pgproudsponsorofdad.fr,Procter & Gamble
pgproudsponsorofdad.in,Procter & Gamble; The Procter & Gamble Company
pgproudsponsorofdad.it,Procter & Gamble
pgproudsponsorofdad.ru,Procter & Gamble; The Procter & Gamble Company
pgproudsponsorofdad.us,Procter & Gamble; The Procter & Gamble Company
pgproudsponsorofdads.com,Procter & Gamble; The Procter & Gamble Company
pgproudsponsorofdads.fr,Procter & Gamble
pgproudsponsorofdads.in,Procter & Gamble; The Procter & Gamble Company
pgproudsponsorofdads.it,Procter & Gamble
pgproudsponsorofdads.ru,Procter & Gamble; The Procter & Gamble Company
pgproudsponsorofdads.us,Procter & Gamble; The Procter & Gamble Company
pgproudsponsorofmom.com,Procter & Gamble; The Procter & Gamble Company
pgproudsponsorofmom.com.au,Procter & Gamble
pgproudsponsorofmom.in,Procter & Gamble; The Procter & Gamble Company
pgproudsponsorofmom.it,Procter & Gamble
pgproudsponsorofmom.ru,Procter & Gamble; The Procter & Gamble Company
pgproudsponsorofmom.us,Procter & Gamble; The Procter & Gamble Company
pgproudsponsorofmoms.com,Procter & Gamble; The Procter & Gamble Company
pgproudsponsorofmoms.com.au,Procter & Gamble
pgproudsponsorofmoms.fr,Procter & Gamble
pgproudsponsorofmoms.in,Procter & Gamble; The Procter & Gamble Company
pgproudsponsorofmoms.it,Procter & Gamble
pgproudsponsorofmoms.ru,Procter & Gamble; The Procter & Gamble Company
pgproudsponsorofmoms.us,Procter & Gamble; The Procter & Gamble Company
pgprovision.com,Procter & Gamble; The Procter & Gamble Company
pgpsmartassist.com,Procter & Gamble; The Procter & Gamble Company
pgpublicpolicy.com,Procter & Gamble; The Procter & Gamble Company
pgpublixdelivery.com,Procter & Gamble; The Procter & Gamble Company
pgpurifierofwater.com,Procter & Gamble; The Procter & Gamble Company
pgpurifierofwater.org,Procter & Gamble; The Procter & Gamble Company
pgpwin.com,Procter & Gamble; The Procter & Gamble Company
pgreadysetfresh.com,Procter & Gamble
pgrealstate.com,Procter & Gamble; The Procter & Gamble Company
pgrebate.com,Procter & Gamble; The Procter & Gamble Company
pgrebates.com,Procter & Gamble; The Procter & Gamble Company
pgrebatesearch.com,Procter & Gamble; The Procter & Gamble Company
pgrecruit.com,Procter & Gamble; The Procter & Gamble Company
pgredonne.com,Procter & Gamble; The Procter & Gamble Company
pgregdoc.com,Procter & Gamble; The Procter & Gamble Company
pgregistration.com,Procter & Gamble; The Procter & Gamble Company
pgregistrationsp.com,Procter & Gamble; The Procter & Gamble Company
pgregistro.com,Procter & Gamble; The Procter & Gamble Company
pgreplenishment.com,Procter & Gamble; The Procter & Gamble Company
pgrequest.com,Procter & Gamble; The Procter & Gamble Company
pgrequests.com,Procter & Gamble; The Procter & Gamble Company
pgresearchdevelop.com,Procter & Gamble; The Procter & Gamble Company
pgretail.com,Procter & Gamble; The Procter & Gamble Company
pgreward.com,Procter & Gamble; The Procter & Gamble Company
pgrewards.com,Procter & Gamble; The Procter & Gamble Company
pgrewards.in,Procter & Gamble; The Procter & Gamble Company
pgride.com,Procter & Gamble; The Procter & Gamble Company
pgrocktheschoolyear.com,Procter & Gamble; The Procter & Gamble Company
pgrussia.ru,Procter & Gamble; The Procter & Gamble Company
pgsafehome.com,Procter & Gamble; The Procter & Gamble Company
pgsalesbook.com,Procter & Gamble; The Procter & Gamble Company
pgsalon.com,Procter & Gamble; The Procter & Gamble Company
pgsalonpro.com,Procter & Gamble; The Procter & Gamble Company
pgsalonprofessional.com,Procter & Gamble; The Procter & Gamble Company
pgsalonprofessionals.com,Procter & Gamble; The Procter & Gamble Company
pgsalons.com,Procter & Gamble; The Procter & Gamble Company
pgsamples.com,Procter & Gamble; The Procter & Gamble Company
pgsampling.com,Procter & Gamble; The Procter & Gamble Company
pgsamscluboffer.com,Procter & Gamble; The Procter & Gamble Company
pgsamsmodule.com,Procter & Gamble; The Procter & Gamble Company
pgscalebeauty.com,Procter & Gamble; The Procter & Gamble Company
pgscaleportal.com,Procter & Gamble; The Procter & Gamble Company
pgschoolprograms.com,Procter & Gamble; The Procter & Gamble Company
pgscience.com,Procter & Gamble; The Procter & Gamble Company
pgsciencebehind-fr.com,Procter & Gamble; The Procter & Gamble Company
pgsciencebehind.com,Procter & Gamble; The Procter & Gamble Company
pgsctm.com,Procter & Gamble; The Procter & Gamble Company
pgsds.com,Procter & Gamble; The Procter & Gamble Company
pgsdscpsia.com,Procter & Gamble; The Procter & Gamble Company
pgseasonmvp.com,Procter & Gamble; The Procter & Gamble Company
pgselena.com,Procter & Gamble; The Procter & Gamble Company
pgservethesparkle.com,Procter & Gamble; The Procter & Gamble Company
pgsginnovation.com,Procter & Gamble; The Procter & Gamble Company
pgshareholder.info,Procter & Gamble; The Procter & Gamble Company
pgshareholder.net,Procter & Gamble; The Procter & Gamble Company
pgshareholder.org,Procter & Gamble; The Procter & Gamble Company
pgsharesmiles.com,Procter & Gamble; The Procter & Gamble Company
pgsharethereceta.com,Procter & Gamble; The Procter & Gamble Company
pgshiksha.com,Procter & Gamble; The Procter & Gamble Company
pgshineanddine.com,Procter & Gamble; The Procter & Gamble Company
pgshinebright.com,Procter & Gamble; The Procter & Gamble Company
pgshop.asia,Procter & Gamble
pgshop.at,Procter & Gamble
pgshop.cm,Procter & Gamble
pgshop.com,Procter & Gamble
pgshop.com.ru,Procter & Gamble; The Procter & Gamble Company
pgshop.fr,Procter & Gamble
pgshop.in,Procter & Gamble; The Procter & Gamble Company
pgshop.info,Procter & Gamble
pgshop.it,Procter & Gamble
pgshop.mobi,Procter & Gamble
pgshop.net,Procter & Gamble
pgshop.org,Procter & Gamble
pgshop.pl,Procter & Gamble
pgshop.ru,Procter & Gamble; The Procter & Gamble Company
pgshop.us,Procter & Gamble
pgshoplab.com,Procter & Gamble; The Procter & Gamble Company
pgshopnsavedelivery.com,Procter & Gamble; The Procter & Gamble Company
pgshopritedelivery.com,Procter & Gamble; The Procter & Gamble Company
pgshops.com,Procter & Gamble
pgshoptr.com,Procter & Gamble; The Procter & Gamble Company
pgsignal.com,Procter & Gamble; The Procter & Gamble Company
pgsignalaccelerator.com,Procter & Gamble; The Procter & Gamble Company
pgsitecore.com,Procter & Gamble; The Procter & Gamble Company
pgsmartconnect.com,Procter & Gamble; The Procter & Gamble Company
pgsmileintheaisle.com,Procter & Gamble; The Procter & Gamble Company
pgsmoothshave.com,Procter & Gamble; The Procter & Gamble Company
pgsno.com,Procter & Gamble; The Procter & Gamble Company
pgsocialapps.com,Procter & Gamble; The Procter & Gamble Company
pgsocialmedialab.com,Procter & Gamble; The Procter & Gamble Company
pgspark2finish.com,Procter & Gamble; The Procter & Gamble Company
pgsparkbeautyventures.com,Procter & Gamble; The Procter & Gamble Company
pgspecialmom.com,Procter & Gamble; The Procter & Gamble Company
pgspecialolympicsdonate.com,Procter & Gamble; The Procter & Gamble Company
pgsplive.com,Procter & Gamble; The Procter & Gamble Company
pgsponsorship.com,Procter & Gamble; The Procter & Gamble Company
pgsponsorships.com,Procter & Gamble; The Procter & Gamble Company
pgspringspruceup.com,Procter & Gamble; The Procter & Gamble Company
pgstarofshow.com,Procter & Gamble; The Procter & Gamble Company
pgstartschoolfresh.com,Procter & Gamble; The Procter & Gamble Company
pgstockup.com,Procter & Gamble; The Procter & Gamble Company
pgstore.asia,Procter & Gamble; The Procter & Gamble Company
pgstore.at,Procter & Gamble; The Procter & Gamble Company
pgstore.co.in,Procter & Gamble; The Procter & Gamble Company
pgstore.com.au,Procter & Gamble
pgstore.com.ru,Procter & Gamble
pgstore.cz,Procter & Gamble; The Procter & Gamble Company
pgstore.fi,Procter & Gamble
pgstore.fr,Procter & Gamble
pgstore.in,Procter & Gamble; The Procter & Gamble Company
pgstore.info,Procter & Gamble; The Procter & Gamble Company
pgstore.it,Procter & Gamble
pgstore.mobi,Procter & Gamble; The Procter & Gamble Company
pgstore.org,Procter & Gamble; The Procter & Gamble Company
pgstore.ru,Procter & Gamble
pgstore.us,Procter & Gamble; The Procter & Gamble Company
pgstores.com,Procter & Gamble; The Procter & Gamble Company
pgsummeressentials.com,Procter & Gamble; The Procter & Gamble Company
pgsummerhappens.com,Procter & Gamble; The Procter & Gamble Company
pgsuperbowl.com,Procter & Gamble; The Procter & Gamble Company
pgsuperbowlrebate.com,Procter & Gamble; The Procter & Gamble Company
pgsuplidor.com,Procter & Gamble; The Procter & Gamble Company
pgsupplier.com,Procter & Gamble; The Procter & Gamble Company
pgsustainability.com,Procter & Gamble; The Procter & Gamble Company
pgsvc.com,Procter & Gamble; The Procter & Gamble Company
pgsweepstakes.com,Procter & Gamble; The Procter & Gamble Company
pgsynergy.com,Procter & Gamble; The Procter & Gamble Company
pgteamspirit.com,Procter & Gamble; The Procter & Gamble Company
pgtechacademytom.com,Procter & Gamble; The Procter & Gamble Company
pgtechnologytransfer.com,Procter & Gamble; The Procter & Gamble Company
pgtepremia.com,Procter & Gamble; The Procter & Gamble Company
pgtestsupply.com,Procter & Gamble; The Procter & Gamble Company
pgthanksdad.com,Procter & Gamble; The Procter & Gamble Company
pgthanksdad.com.au,Procter & Gamble
pgthanksdad.in,Procter & Gamble; The Procter & Gamble Company
pgthanksdad.it,Procter & Gamble
pgthanksdad.ru,Procter & Gamble; The Procter & Gamble Company
pgthanksdad.us,Procter & Gamble; The Procter & Gamble Company
pgthanksmom.com,Procter & Gamble; The Procter & Gamble Company
pgthanksmom.com.au,Procter & Gamble
pgthanksmom.fr,Procter & Gamble
pgthanksmom.in,Procter & Gamble; The Procter & Gamble Company
pgthanksmom.it,Procter & Gamble
pgthanksmom.ru,Procter & Gamble; The Procter & Gamble Company
pgthanksmom.us,Procter & Gamble; The Procter & Gamble Company
pgthankyoudad.com,Procter & Gamble; The Procter & Gamble Company
pgthankyoudad.com.au,Procter & Gamble
pgthankyoudad.fr,Procter & Gamble
pgthankyoudad.in,Procter & Gamble; The Procter & Gamble Company
pgthankyoudad.it,Procter & Gamble
pgthankyoudad.ru,Procter & Gamble; The Procter & Gamble Company
pgthankyoudad.us,Procter & Gamble; The Procter & Gamble Company
pgthankyoumom.com,Procter & Gamble; The Procter & Gamble Company
pgthealth.com,Procter & Gamble; The Procter & Gamble Company
pgthealthcare.com,Procter & Gamble; The Procter & Gamble Company
pgthrive.com,Procter & Gamble; The Procter & Gamble Company
pgthrive.org,Procter & Gamble; The Procter & Gamble Company
pgthumbnails.com,Procter & Gamble; The Procter & Gamble Company
pgtidyupandride.com,Procter & Gamble; The Procter & Gamble Company
pgtipremia.it,Procter & Gamble
pgtopmanagers.com,Procter & Gamble; The Procter & Gamble Company
pgtrshop.com,Procter & Gamble; The Procter & Gamble Company
pgtry.com,Procter & Gamble; The Procter & Gamble Company
pgtryit.com,Procter & Gamble; The Procter & Gamble Company
pgtryittoolkit.com,Procter & Gamble; The Procter & Gamble Company
pgtryme.com,Procter & Gamble; The Procter & Gamble Company
pgtw-o2o-livingartist.com,Procter & Gamble; The Procter & Gamble Company
pguchallenge.com,Procter & Gamble; The Procter & Gamble Company
pgunitedtoshine.com,Procter & Gamble; The Procter & Gamble Company
pgvdashboard.com,Procter & Gamble; The Procter & Gamble Company
pgventure.com,Procter & Gamble; The Procter & Gamble Company
pgventureslab.com,Procter & Gamble; The Procter & Gamble Company
pgventuresstudio.com,Procter & Gamble; The Procter & Gamble Company
pgventurestudio.com,Procter & Gamble; The Procter & Gamble Company
pgviews.com,Procter & Gamble; The Procter & Gamble Company
pgvinciconinnovazione.it,Procter & Gamble
pgvinciconlabellezza.it,Procter & Gamble
pgvincisempre.it,Procter & Gamble
pgvirtualcampus.com,Procter & Gamble; The Procter & Gamble Company
pgvotes.com,Procter & Gamble; The Procter & Gamble Company
pgwashersweeps.com,Procter & Gamble; The Procter & Gamble Company
pgwebtools.com,Procter & Gamble; The Procter & Gamble Company
pgwegmansdelivery.com,Procter & Gamble; The Procter & Gamble Company
pgwinningthiswinter.com,Procter & Gamble; The Procter & Gamble Company
pgwpvip.com,Procter & Gamble; The Procter & Gamble Company
pgxsupplychainschool.com,Procter & Gamble; The Procter & Gamble Company
pgyouday.com,Procter & Gamble; The Procter & Gamble Company
pgyourgame.com,Procter & Gamble; The Procter & Gamble Company
pgzero.com,Procter & Gamble; The Procter & Gamble Company
pharm-academy.ru,Procter & Gamble; The Procter & Gamble Company
pharma-academy.ru,Procter & Gamble; The Procter & Gamble Company
phcogsm.com,Procter & Gamble; The Procter & Gamble Company
phillipsyeastproducts.com,Procter & Gamble; The Procter & Gamble Company
physique.com,Procter & Gamble; The Procter & Gamble Company
pickasurething.com,Procter & Gamble; The Procter & Gamble Company
pickthembackup.com,Procter & Gamble; The Procter & Gamble Company
piensalimpio.com,Procter & Gamble; The Procter & Gamble Company
pimptheextremeninjamasterrunwaychefinktankfactorhastalent.com,Procter & Gamble; The Procter & Gamble Company
pitera.asia,Procter & Gamble; The Procter & Gamble Company
piumammanonsipuo.com,Procter & Gamble; The Procter & Gamble Company
placeaupropre.com,Procter & Gamble; The Procter & Gamble Company
planetkindbygillette.com,Procter & Gamble; The Procter & Gamble Company
plaque-attack.com,Procter & Gamble; The Procter & Gamble Company
plaquefreenation.com,Procter & Gamble; The Procter & Gamble Company
playclean.com,Procter & Gamble; The Procter & Gamble Company
playgillette.it,Procter & Gamble
playpampers.com,Procter & Gamble; The Procter & Gamble Company
playpampersargentina.com,Procter & Gamble; The Procter & Gamble Company
playpampersla.com,Procter & Gamble; The Procter & Gamble Company
playpampersperu.com,Procter & Gamble; The Procter & Gamble Company
playpampersvenezuela.com,Procter & Gamble; The Procter & Gamble Company
playscent.com,Procter & Gamble; The Procter & Gamble Company
playscents.com,Procter & Gamble; The Procter & Gamble Company
plenesia.com,Procter & Gamble; The Procter & Gamble Company
pletipedia.com,Procter & Gamble; The Procter & Gamble Company
pngpace.com,Procter & Gamble; The Procter & Gamble Company
poderdetuvoz.com,Procter & Gamble; The Procter & Gamble Company
podertallador.com,Procter & Gamble; The Procter & Gamble Company
podslatinoamerica.com,Procter & Gamble; The Procter & Gamble Company
polybion.in,Procter & Gamble; The Procter & Gamble Company
ponteuncambiodeanimo.com,Procter & Gamble; The Procter & Gamble Company
pop-ems.com,Procter & Gamble; The Procter & Gamble Company
pop-ums.com,Procter & Gamble; The Procter & Gamble Company
popems.com,Procter & Gamble; The Procter & Gamble Company
popums.com,Procter & Gamble; The Procter & Gamble Company
popyourlaundry.com,Procter & Gamble; The Procter & Gamble Company
portodoloquenoseve.com,Procter & Gamble; The Procter & Gamble Company
porunasonrisaenafrica.com,Procter & Gamble; The Procter & Gamble Company
porunfuturosostenible.com,Procter & Gamble; The Procter & Gamble Company
potcguarantee.com,Procter & Gamble; The Procter & Gamble Company
pottypalooza.com,Procter & Gamble; The Procter & Gamble Company
pottypower.com,Procter & Gamble; The Procter & Gamble Company
powerasmile.com,Procter & Gamble; The Procter & Gamble Company
powerdishbrush.com,Procter & Gamble; The Procter & Gamble Company
powerdissolver.com,Procter & Gamble; The Procter & Gamble Company
powerfulfirsts.com,Procter & Gamble; The Procter & Gamble Company
ppwr-dev.com,Procter & Gamble; The Procter & Gamble Company
praceiva.com,Procter & Gamble; The Procter & Gamble Company
praceva.com,Procter & Gamble; The Procter & Gamble Company
practi-taza.com,Procter & Gamble; The Procter & Gamble Company
practicalnotpricey.com,Procter & Gamble; The Procter & Gamble Company
practicalnotpricy.com,Procter & Gamble; The Procter & Gamble Company
practicefoodsafety.org,Procter & Gamble; The Procter & Gamble Company
practiclenotpricey.com,Procter & Gamble; The Procter & Gamble Company
practiclenotpricy.com,Procter & Gamble; The Procter & Gamble Company
practitaza.com,Procter & Gamble; The Procter & Gamble Company
prebion.com,Procter & Gamble; The Procter & Gamble Company
preceiva.com,Procter & Gamble; The Procter & Gamble Company
precision-clean.info,Procter & Gamble; The Procter & Gamble Company
precision-clean.org,Procter & Gamble; The Procter & Gamble Company
precisionclean.info,Procter & Gamble; The Procter & Gamble Company
precisionputty.com,Procter & Gamble; The Procter & Gamble Company
preguntaleaunexperto.com,Procter & Gamble; The Procter & Gamble Company
pregymed.com,Procter & Gamble; The Procter & Gamble Company
premiatiinbellezza.it,Procter & Gamble
premiobraun.com,Procter & Gamble; The Procter & Gamble Company
premiopantene.com,Procter & Gamble; The Procter & Gamble Company
presentedepantene.com,Procter & Gamble; The Procter & Gamble Company
preseva.com,Procter & Gamble; The Procter & Gamble Company
presiva.com,Procter & Gamble; The Procter & Gamble Company
presto-night-la.com,Procter & Gamble; The Procter & Gamble Company
presto-night.com,Procter & Gamble; The Procter & Gamble Company
prestobarba-la.com,Procter & Gamble; The Procter & Gamble Company
prestobarba3.com,Procter & Gamble; The Procter & Gamble Company
prestobarbaconnect.com,Procter & Gamble; The Procter & Gamble Company
prestonight-la.com,Procter & Gamble; The Procter & Gamble Company
prestonighttv.com,Procter & Gamble; The Procter & Gamble Company
pretesasortir.com,Procter & Gamble; The Procter & Gamble Company
preventplaquenow.com,Procter & Gamble; The Procter & Gamble Company
prevobion.com,Procter & Gamble; The Procter & Gamble Company
priciva.com,Procter & Gamble; The Procter & Gamble Company
prilosecdigitalcoupons.com,Procter & Gamble; The Procter & Gamble Company
prilosecepicbbq.com,Procter & Gamble; The Procter & Gamble Company
prilosecotc-hcp.com,Procter & Gamble; The Procter & Gamble Company
prilosecotc.com,Procter & Gamble; The Procter & Gamble Company
prilosecotcconnect.com,Procter & Gamble; The Procter & Gamble Company
prilosecotces.com,Procter & Gamble; The Procter & Gamble Company
prilosecotcguarantee.com,Procter & Gamble; The Procter & Gamble Company
prilosecotcrefund.com,Procter & Gamble; The Procter & Gamble Company
prilosecotcwarranty.com,Procter & Gamble; The Procter & Gamble Company
prilosecotcwinnerscircle.com,Procter & Gamble; The Procter & Gamble Company
prilosecrewards.com,Procter & Gamble; The Procter & Gamble Company
primakulubu.com,Procter & Gamble; The Procter & Gamble Company
primapp.in,Procter & Gamble; The Procter & Gamble Company
primapremiumcare.com,Procter & Gamble; The Procter & Gamble Company
primeraproteccion.com,Procter & Gamble; The Procter & Gamble Company
pro-glide.com,Procter & Gamble; The Procter & Gamble Company
pro-glide.net,Procter & Gamble; The Procter & Gamble Company
pro-glide.org,Procter & Gamble; The Procter & Gamble Company
pro-health-clinical.com,Procter & Gamble; The Procter & Gamble Company
pro-shield.ru,Procter & Gamble; The Procter & Gamble Company
pro-unidas.com,Procter & Gamble; The Procter & Gamble Company
pro-v.asia,Procter & Gamble; The Procter & Gamble Company
pro-v.com,Procter & Gamble; The Procter & Gamble Company
pro-v.us,Procter & Gamble; primary
probapamperspantspremiumcare.com,Procter & Gamble; The Procter & Gamble Company
probiotic101.com,Procter & Gamble; The Procter & Gamble Company
probiotic101.net,Procter & Gamble; The Procter & Gamble Company
probioticinformation.com,Procter & Gamble; The Procter & Gamble Company
probioticinstitute.com,Procter & Gamble; The Procter & Gamble Company
probioticinstitute.net,Procter & Gamble; The Procter & Gamble Company
procalsteo.com,Procter & Gamble; The Procter & Gamble Company
prochield.ru,Procter & Gamble; The Procter & Gamble Company
procter-and-gamble.net,Procter & Gamble; The Procter & Gamble Company
procter-and-gamble.org,Procter & Gamble; The Procter & Gamble Company
procter-gamble.com,Procter & Gamble; The Procter & Gamble Company
procter-gamble.cz,Procter & Gamble; The Procter & Gamble Company
procter.at,Procter & Gamble; The Procter & Gamble Company
procter.fr,Procter & Gamble
procterandgamble.au,Procter & Gamble
procterandgamble.com,Procter & Gamble; The Procter & Gamble Company
procterandgamble.com.au,Procter & Gamble
procterandgamble.fr,Procter & Gamble
procterandgamble.in,Procter & Gamble; The Procter & Gamble Company
procterandgamble.info,Procter & Gamble; The Procter & Gamble Company
procterandgamble.it,Procter & Gamble
procterandgamble.kz,Procter & Gamble; The Procter & Gamble Company
procterandgamble.mobi,Procter & Gamble; The Procter & Gamble Company
procterandgamble.net,Procter & Gamble; The Procter & Gamble Company
procterandgamble.org,Procter & Gamble; The Procter & Gamble Company
procterandgamble.ru,Procter & Gamble; The Procter & Gamble Company
procterandgamble.tel,Procter & Gamble; The Procter & Gamble Company
procterandgamble.us,Procter & Gamble; The Procter & Gamble Company
procterandgamblebiosciences.com,Procter & Gamble; The Procter & Gamble Company
procterandgamblechemicals.com,Procter & Gamble; The Procter & Gamble Company
procterandgambledomains.com,Procter & Gamble; The Procter & Gamble Company
proctercontigo.com,Procter & Gamble; The Procter & Gamble Company
procteretgamble.com,Procter & Gamble; The Procter & Gamble Company
procteretgamble.fr,Procter & Gamble
procteretgamble.org,Procter & Gamble; The Procter & Gamble Company
procteretgamble.tel,Procter & Gamble; The Procter & Gamble Company
procterfrance.com,Procter & Gamble; The Procter & Gamble Company
procterfrance.fr,Procter & Gamble
procterfrance.org,Procter & Gamble; The Procter & Gamble Company
proctergamble.com,Procter & Gamble; The Procter & Gamble Company
proctergamble.fr,Procter & Gamble
proctergamble.in,Procter & Gamble; The Procter & Gamble Company
proctergamble.it,Procter & Gamble
proctergamble.net,Procter & Gamble; The Procter & Gamble Company
proctergamble.org,Procter & Gamble; The Procter & Gamble Company
proctergamble.tel,Procter & Gamble; The Procter & Gamble Company
proctergamble.us,Procter & Gamble; primary
proctergambleentertainment.com,Procter & Gamble; The Procter & Gamble Company
proctergambleprivacy.com,Procter & Gamble; The Procter & Gamble Company
proctergambleproductions.com,Procter & Gamble; The Procter & Gamble Company
procterngamble.com,Procter & Gamble; The Procter & Gamble Company
procterundgamble.at,Procter & Gamble; The Procter & Gamble Company
proctor-gamble.com,Procter & Gamble; The Procter & Gamble Company
proctorandgamble.com,Procter & Gamble; The Procter & Gamble Company
proctorgamble.com,Procter & Gamble; The Procter & Gamble Company
proctorgamble.org,Procter & Gamble; The Procter & Gamble Company
proctorgambleproductions.com,Procter & Gamble; The Procter & Gamble Company
productosariel.com,Procter & Gamble; The Procter & Gamble Company
productosparaelhogar.com,Procter & Gamble; The Procter & Gamble Company
productsamplesforprofessionals.com,Procter & Gamble; The Procter & Gamble Company
profileeditor-staging-pg.com,Procter & Gamble; The Procter & Gamble Company
profumodilenor.it,Procter & Gamble
proglide.com,Procter & Gamble; The Procter & Gamble Company
proglide.net,Procter & Gamble; The Procter & Gamble Company
proglide.org,Procter & Gamble; The Procter & Gamble Company
proglidechallenge.com,Procter & Gamble; The Procter & Gamble Company
proglidechallenge.net,Procter & Gamble; The Procter & Gamble Company
proglidechallenge.org,Procter & Gamble; The Procter & Gamble Company
progliderabaisettiragesausort.ca,Procter & Gamble
progliderebateandsweepstakes.ca,Procter & Gamble
proglidesummerjob.com,Procter & Gamble; The Procter & Gamble Company
prohealth-clinical.com,Procter & Gamble; The Procter & Gamble Company
prohealthcanada.com,Procter & Gamble; The Procter & Gamble Company
prohealthclinical.com,Procter & Gamble; The Procter & Gamble Company
prohealthproducts.com,Procter & Gamble; The Procter & Gamble Company
projetheritagea.com,Procter & Gamble; The Procter & Gamble Company
promo-pampers.com,Procter & Gamble; The Procter & Gamble Company
promocaogillette.com,Procter & Gamble; The Procter & Gamble Company
promocionace.com,Procter & Gamble; The Procter & Gamble Company
promociondepg.com,Procter & Gamble; The Procter & Gamble Company
promocionesgillette.com,Procter & Gamble; The Procter & Gamble Company
promocionpandg.com,Procter & Gamble; The Procter & Gamble Company
promocionpg.com,Procter & Gamble; The Procter & Gamble Company
promomasquelistos.com,Procter & Gamble; The Procter & Gamble Company
promopg.co.cr,Procter & Gamble; The Procter & Gamble Company
promopg.com,Procter & Gamble; The Procter & Gamble Company
promopg.do,Procter & Gamble; The Procter & Gamble Company
promopyg.com,Procter & Gamble; The Procter & Gamble Company
promotionpg.com,Procter & Gamble; The Procter & Gamble Company
promotradeswiffer.it,Procter & Gamble
promparanoia.com,Procter & Gamble; The Procter & Gamble Company
proneurobion.com,Procter & Gamble; The Procter & Gamble Company
pros-in-dentalcare.com,Procter & Gamble; The Procter & Gamble Company
prosaludantibacterial.com,Procter & Gamble; The Procter & Gamble Company
prosantecanada.com,Procter & Gamble; The Procter & Gamble Company
prosaudeantibacteriana.com,Procter & Gamble; The Procter & Gamble Company
proshielt.ru,Procter & Gamble; The Procter & Gamble Company
proshild.ru,Procter & Gamble; The Procter & Gamble Company
proshilt.ru,Procter & Gamble; The Procter & Gamble Company
prosindentalcare.com,Procter & Gamble; The Procter & Gamble Company
prosintheprofession.com,Procter & Gamble; The Procter & Gamble Company
protectafuture.com,Procter & Gamble; The Procter & Gamble Company
protectafutures.com,Procter & Gamble; The Procter & Gamble Company
protectingafuture.com,Procter & Gamble; The Procter & Gamble Company
protectingafutures.com,Procter & Gamble; The Procter & Gamble Company
protectingfuture.com,Procter & Gamble; The Procter & Gamble Company
protectingfutures.com,Procter & Gamble; The Procter & Gamble Company
protectionmadeprivate.com,Procter & Gamble; The Procter & Gamble Company
proudsponsorofdad.com,Procter & Gamble; The Procter & Gamble Company
proudsponsorofdad.com.au,Procter & Gamble
proudsponsorofdad.fr,Procter & Gamble
proudsponsorofdad.in,Procter & Gamble; The Procter & Gamble Company
proudsponsorofdad.it,Procter & Gamble
proudsponsorofdad.ru,Procter & Gamble; The Procter & Gamble Company
proudsponsorofdad.us,Procter & Gamble; The Procter & Gamble Company
proudsponsorofdads.com,Procter & Gamble; The Procter & Gamble Company
proudsponsorofdads.com.au,Procter & Gamble
proudsponsorofdads.fr,Procter & Gamble
proudsponsorofdads.in,Procter & Gamble; The Procter & Gamble Company
proudsponsorofdads.it,Procter & Gamble
proudsponsorofdads.ru,Procter & Gamble; The Procter & Gamble Company
proudsponsorofdads.us,Procter & Gamble; The Procter & Gamble Company
proudsponsorofmom.com.au,Procter & Gamble
proudsponsorofmom.fr,Procter & Gamble
proudsponsorofmom.in,Procter & Gamble; The Procter & Gamble Company
proudsponsorofmom.it,Procter & Gamble
proudsponsorofmom.ru,Procter & Gamble; The Procter & Gamble Company
proudsponsorofmom.us,Procter & Gamble; The Procter & Gamble Company
proudsponsorofmoms.fr,Procter & Gamble
proudsponsorofmoms.in,Procter & Gamble; The Procter & Gamble Company
proudsponsorofmoms.it,Procter & Gamble
proudsponsorofmoms.ru,Procter & Gamble; The Procter & Gamble Company
proudsponsorofmoms.us,Procter & Gamble; The Procter & Gamble Company
prounidas.com,Procter & Gamble; The Procter & Gamble Company
provafairy.com,Procter & Gamble; The Procter & Gamble Company
provafairy.it,Procter & Gamble
provagratisbalsamohs.it,Procter & Gamble
provagratisdashpods.it,Procter & Gamble
provagratisfairyplatinum.it,Procter & Gamble
provagratishe.it,Procter & Gamble
provagratislenor.it,Procter & Gamble
provagratisolaznotte.it,Procter & Gamble
provagratisun.it,Procter & Gamble
proveitoday.com,Procter & Gamble; The Procter & Gamble Company
proveittoday.com,Procter & Gamble; The Procter & Gamble Company
provexpressions.com,Procter & Gamble; The Procter & Gamble Company
provitamina.com,Procter & Gamble; The Procter & Gamble Company
proxbyolay.com,Procter & Gamble; The Procter & Gamble Company
proximaati.com,Procter & Gamble; The Procter & Gamble Company
proximaati.mobi,Procter & Gamble; The Procter & Gamble Company
proximati.com,Procter & Gamble; The Procter & Gamble Company
proxrevolution.com,Procter & Gamble; The Procter & Gamble Company
pruebadetergenteariel.com,Procter & Gamble; The Procter & Gamble Company
pruebagilletteantitranspirante.com,Procter & Gamble; The Procter & Gamble Company
pruebagillettefusion.com,Procter & Gamble; The Procter & Gamble Company
pruebagratisdowny.com,Procter & Gamble; The Procter & Gamble Company
pruebagratispantene.com,Procter & Gamble; The Procter & Gamble Company
pruebagratispg.com,Procter & Gamble; The Procter & Gamble Company
pruebaheadandshoulders.com,Procter & Gamble; The Procter & Gamble Company
pruebaheadandshouldersargancol.com,Procter & Gamble; The Procter & Gamble Company
pruebaheadandshoulderscol.com,Procter & Gamble; The Procter & Gamble Company
pruebaherbalbiorenew.com,Procter & Gamble; The Procter & Gamble Company
pruebaloconoralb.com,Procter & Gamble; The Procter & Gamble Company
pruebalogratispg.com,Procter & Gamble; The Procter & Gamble Company
pruebalomejorpg.com,Procter & Gamble; The Procter & Gamble Company
pruebalospg.com,Procter & Gamble; The Procter & Gamble Company
pruebamach3.com,Procter & Gamble; The Procter & Gamble Company
pruebanaturella.com,Procter & Gamble; The Procter & Gamble Company
pruebapampers.com,Procter & Gamble; The Procter & Gamble Company
pruebapantene.com,Procter & Gamble
pruebapantenecolageno.com,Procter & Gamble; The Procter & Gamble Company
pruebapantenelatam.com,Procter & Gamble; The Procter & Gamble Company
pruebapg.com,Procter & Gamble; The Procter & Gamble Company
pruebasalvogratis.com,Procter & Gamble; The Procter & Gamble Company
pruebasgratis.com,Procter & Gamble; The Procter & Gamble Company
pruebasydecides.com,Procter & Gamble; The Procter & Gamble Company
pruebatratamientospantene.com,Procter & Gamble; The Procter & Gamble Company
pruebavenus.com,Procter & Gamble; The Procter & Gamble Company
pruebaydecide.com,Procter & Gamble; The Procter & Gamble Company
pubertykit.com,Procter & Gamble; The Procter & Gamble Company
publicspeaksup.com,Procter & Gamble; The Procter & Gamble Company
puffs.com,Procter & Gamble; The Procter & Gamble Company
puffs.us,Procter & Gamble; primary
puffsconnect.com,Procter & Gamble; The Procter & Gamble Company
puffsdigitalcoupons.com,Procter & Gamble; The Procter & Gamble Company
puffsplus.com,Procter & Gamble; The Procter & Gamble Company
puffsrewards.com,Procter & Gamble; The Procter & Gamble Company
puffstissue.com,Procter & Gamble; The Procter & Gamble Company
puffstissues.com,Procter & Gamble; The Procter & Gamble Company
pulsarprohealth.com,Procter & Gamble; The Procter & Gamble Company
pulse-omega3.com,Procter & Gamble; The Procter & Gamble Company
puralimpieza.com,Procter & Gamble; The Procter & Gamble Company
pure-woman.com,Procter & Gamble; The Procter & Gamble Company
puredivine.com,Procter & Gamble; The Procter & Gamble Company
puredivinity.info,Procter & Gamble; The Procter & Gamble Company
pureessentials.com,Procter & Gamble; The Procter & Gamble Company
pureivorysnow.com,Procter & Gamble; The Procter & Gamble Company
qandawellness.com,Procter & Gamble; The Procter & Gamble Company
qlearquil.com,Procter & Gamble; The Procter & Gamble Company
quatangoral-b.com,Procter & Gamble; The Procter & Gamble Company
quebiondia.com,Procter & Gamble; The Procter & Gamble Company
queen-collective.com,Procter & Gamble; The Procter & Gamble Company
queencityfusion.com,Procter & Gamble; The Procter & Gamble Company
queencollectivefilms.com,Procter & Gamble; The Procter & Gamble Company
quelepasoalastronauta.com,Procter & Gamble; The Procter & Gamble Company
quenchbody.com,Procter & Gamble; The Procter & Gamble Company
queromaispantene.com,Procter & Gamble; The Procter & Gamble Company
queromaispg.com,Procter & Gamble; The Procter & Gamble Company
queroserumlider.com,Procter & Gamble; The Procter & Gamble Company
questiondefeminite.com,Procter & Gamble; The Procter & Gamble Company
questionsdefeminite.com,Procter & Gamble; The Procter & Gamble Company
quetienenloshombresenlacabeza.com,Procter & Gamble; The Procter & Gamble Company
quicker-picker-upper.com,Procter & Gamble; The Procter & Gamble Company
quickerpicker-upper.com,Procter & Gamble; The Procter & Gamble Company
quickerpickerupper.com,Procter & Gamble; The Procter & Gamble Company
quickpick-upper.com,Procter & Gamble; The Procter & Gamble Company
quickpicker-upper.com,Procter & Gamble; The Procter & Gamble Company
quickpickerupper.com,Procter & Gamble; The Procter & Gamble Company
quickpickupper.com,Procter & Gamble; The Procter & Gamble Company
quietandroar.com,Procter & Gamble; The Procter & Gamble Company
quiltedbounty.com,Procter & Gamble; The Procter & Gamble Company
quiltedquickerpicker-upper.com,Procter & Gamble; The Procter & Gamble Company
quiltedquickerpickerupper.com,Procter & Gamble; The Procter & Gamble Company
quiltedquickpick-upper.com,Procter & Gamble; The Procter & Gamble Company
quiltedquickpicker-upper.com,Procter & Gamble; The Procter & Gamble Company
quiltedquickpickerupper.com,Procter & Gamble; The Procter & Gamble Company
quiltedquickpickupper.com,Procter & Gamble; The Procter & Gamble Company
quinnandarden.com,Procter & Gamble; The Procter & Gamble Company
quinnarden.com,Procter & Gamble; The Procter & Gamble Company
quintofantastico.com,Procter & Gamble; The Procter & Gamble Company
quotient-vitalite.com,Procter & Gamble; The Procter & Gamble Company
raccoltapuntioralcare.it,Procter & Gamble
racicaayurveda.com,Procter & Gamble; The Procter & Gamble Company
radianceribbons.com,Procter & Gamble; The Procter & Gamble Company
radiantsweepstakes.com,Procter & Gamble; The Procter & Gamble Company
raiseanolympian.com,Procter & Gamble; The Procter & Gamble Company
raisetogether.com,Procter & Gamble; The Procter & Gamble Company
raisinganolympianfilms.com,Procter & Gamble; The Procter & Gamble Company
rajanforyou.it,Procter & Gamble
rajanforyou.net,Procter & Gamble; The Procter & Gamble Company
rakona.com,Procter & Gamble
rapidactiontablets.com,Procter & Gamble; The Procter & Gamble Company
rashguard.com,Procter & Gamble; The Procter & Gamble Company
raspadinhagillette.com,Procter & Gamble; The Procter & Gamble Company
raspougillette.com,Procter & Gamble; The Procter & Gamble Company
razor-maker.com,Procter & Gamble; The Procter & Gamble Company
razormakers.com,Procter & Gamble; The Procter & Gamble Company
rcpvicks.it,Procter & Gamble
rdhproud.com,Procter & Gamble; The Procter & Gamble Company
ready-archers.com,Procter & Gamble; The Procter & Gamble Company
readyarcher.com,Procter & Gamble; The Procter & Gamble Company
readyarchers.com,Procter & Gamble; The Procter & Gamble Company
readyis.com,Procter & Gamble; The Procter & Gamble Company
readyu.com,Procter & Gamble; The Procter & Gamble Company
readyu.org,Procter & Gamble; The Procter & Gamble Company
reallyremarkable.com,Procter & Gamble; The Procter & Gamble Company
realshaveclub.com,Procter & Gamble; The Procter & Gamble Company
realskinage.com,Procter & Gamble; The Procter & Gamble Company
realskinagequiz.com,Procter & Gamble; The Procter & Gamble Company
realwomenrealstories.com,Procter & Gamble; The Procter & Gamble Company
realwomenrealstories.org,Procter & Gamble; The Procter & Gamble Company
recherchedentiste.com,Procter & Gamble; The Procter & Gamble Company
recyclagebraunamazon.fr,Procter & Gamble
redonnepg.com,Procter & Gamble; The Procter & Gamble Company
reflect.com,Procter & Gamble; The Procter & Gamble Company
refpgshop.com,Procter & Gamble; The Procter & Gamble Company
refpgshopbraun.com,Procter & Gamble; The Procter & Gamble Company
regenerist-pro-x.com,Procter & Gamble; The Procter & Gamble Company
regenerist-prox.com,Procter & Gamble; The Procter & Gamble Company
regenerist.asia,Procter & Gamble; The Procter & Gamble Company
regenerist.com,Procter & Gamble; The Procter & Gamble Company
regenerist.ru,Procter & Gamble; The Procter & Gamble Company
regeneristcoupon.com,Procter & Gamble; The Procter & Gamble Company
regeneristprox.com,Procter & Gamble; The Procter & Gamble Company
regina-underwear.com,Procter & Gamble; The Procter & Gamble Company
reglementjeugillettecarrefour.fr,Procter & Gamble
reglescalculatrice.fr,Procter & Gamble
regular-floss.com,Procter & Gamble; The Procter & Gamble Company
regularfloss.com,Procter & Gamble; The Procter & Gamble Company
rejoice.asia,Procter & Gamble; The Procter & Gamble Company
rejoice.co.in,Procter & Gamble; primary
rejoice.co.th,Procter & Gamble
rejoice.us,Procter & Gamble; primary
rejoiceconnect.com,Procter & Gamble; The Procter & Gamble Company
rejoicehk.com,Procter & Gamble; The Procter & Gamble Company
rejoiceth.com,Procter & Gamble; The Procter & Gamble Company
rejuva.org,Procter & Gamble; The Procter & Gamble Company
rejuvenatingeffects.com,Procter & Gamble; The Procter & Gamble Company
relationshipbuilder-staging-pg.com,Procter & Gamble; The Procter & Gamble Company
relaxconvenus.it,Procter & Gamble
remarkableyou.com,Procter & Gamble; The Procter & Gamble Company
remboursementenplus.com,Procter & Gamble; The Procter & Gamble Company
renazon.com,Procter & Gamble; The Procter & Gamble Company
renazon.net,Procter & Gamble; The Procter & Gamble Company
renewal5x.com,Procter & Gamble; The Procter & Gamble Company
resetlaundry.com,Procter & Gamble; The Procter & Gamble Company
residueisevil.com,Procter & Gamble; The Procter & Gamble Company
respiralanatura.it,Procter & Gamble
respiranaturaleza.com,Procter & Gamble; The Procter & Gamble Company
restart50plus.com,Procter & Gamble; The Procter & Gamble Company
restroomwatch.com,Procter & Gamble; The Procter & Gamble Company
rethinkheadandshoulders.com,Procter & Gamble; The Procter & Gamble Company
retoalaexcelencia.com,Procter & Gamble; The Procter & Gamble Company
retodelalivio.com,Procter & Gamble; The Procter & Gamble Company
retogillette.com,Procter & Gamble; The Procter & Gamble Company
reunionconjunta.com,Procter & Gamble; The Procter & Gamble Company
reunitewithasmile.com,Procter & Gamble; The Procter & Gamble Company
revbeautyproducts.com,Procter & Gamble; The Procter & Gamble Company
revealyourgoddess.com,Procter & Gamble; The Procter & Gamble Company
revolucionoralb.com,Procter & Gamble; The Procter & Gamble Company
revolutiongillette.fr,Procter & Gamble
rewardme.in,Procter & Gamble; The Procter & Gamble Company
rewardyourroutine.com,Procter & Gamble; The Procter & Gamble Company
rewear.org,Procter & Gamble; The Procter & Gamble Company
rewearathon.com,Procter & Gamble; The Procter & Gamble Company
rhinosaline.com,Procter & Gamble; The Procter & Gamble Company
ricaricaswiffer.it,Procter & Gamble
richelet-cashback.com,Procter & Gamble; The Procter & Gamble Company
richelet.com,Procter & Gamble; The Procter & Gamble Company
richelet.it,Procter & Gamble
rieycanta.com,Procter & Gamble; The Procter & Gamble Company
rightolayforu.com,Procter & Gamble; The Procter & Gamble Company
rightolayforyou.co.in,Procter & Gamble; The Procter & Gamble Company
rightolayforyou.com,Procter & Gamble; The Procter & Gamble Company
rimborsogillette-2021.it,Procter & Gamble
rimborsogoelectricoralb.it,Procter & Gamble
rimborsotestineoralb.it,Procter & Gamble
rindex10multibeneficios.com,Procter & Gamble; The Procter & Gamble Company
rindex2en1.com,Procter & Gamble; The Procter & Gamble Company
rindexconnect.com,Procter & Gamble; The Procter & Gamble Company
rindexdetergente.com,Procter & Gamble; The Procter & Gamble Company
rinsepower.com,Procter & Gamble; The Procter & Gamble Company
ritmoimparable.com,Procter & Gamble; The Procter & Gamble Company
rivoluzioneoralb.it,Procter & Gamble
road2relief.com,Procter & Gamble; The Procter & Gamble Company
rolaid.com,Procter & Gamble; The Procter & Gamble Company
rolaids.com,Procter & Gamble; The Procter & Gamble Company
rolaids.info,Procter & Gamble; The Procter & Gamble Company
rolaids.mobi,Procter & Gamble; The Procter & Gamble Company
rolaids.net,Procter & Gamble; The Procter & Gamble Company
rolaids.org,Procter & Gamble; The Procter & Gamble Company
rolaids.us,Procter & Gamble; The Procter & Gamble Company
rolaidspromotions.com,Procter & Gamble; The Procter & Gamble Company
rolaidsreliefman.mobi,Procter & Gamble; The Procter & Gamble Company
rolaidsrolief.com,Procter & Gamble; The Procter & Gamble Company
rolaidsrolief.info,Procter & Gamble; The Procter & Gamble Company
rolaidsrolief.net,Procter & Gamble; The Procter & Gamble Company
rolaidsrolief.org,Procter & Gamble; The Procter & Gamble Company
rolaidssweepstakes.com,Procter & Gamble; The Procter & Gamble Company
romanceaid.com,Procter & Gamble; The Procter & Gamble Company
ropadealgodon.com,Procter & Gamble; The Procter & Gamble Company
ropamanchada.com,Procter & Gamble; The Procter & Gamble Company
rouedutour.fr,Procter & Gamble
rougemag.com,Procter & Gamble; The Procter & Gamble Company
rougemag.com.au,Procter & Gamble
rovela.com,Procter & Gamble; The Procter & Gamble Company
ruleyourroutine.com,Procter & Gamble; The Procter & Gamble Company
ruleyourstyle.com,Procter & Gamble; The Procter & Gamble Company
rumitest.com,Procter & Gamble; The Procter & Gamble Company
rzrmkr.com,Procter & Gamble; The Procter & Gamble Company
s-mag.com,Procter & Gamble; The Procter & Gamble Company
s-magcanada.com,Procter & Gamble; The Procter & Gamble Company
safeguard-lab.ru,Procter & Gamble
safeguard-online.com,Procter & Gamble; The Procter & Gamble Company
safeguard-soap.com,Procter & Gamble; The Procter & Gamble Company
safeguard-soaps.com,Procter & Gamble; The Procter & Gamble Company
safeguard.asia,Procter & Gamble; The Procter & Gamble Company
safeguard.me,Procter & Gamble; The Procter & Gamble Company
safeguardantibacterial.com,Procter & Gamble; The Procter & Gamble Company
safeguardarabia.com,Procter & Gamble; The Procter & Gamble Company
safeguarddigitalcoupons.com,Procter & Gamble; The Procter & Gamble Company
safeguardlab.ru,Procter & Gamble
safeguardmbg.com,Procter & Gamble; The Procter & Gamble Company
safeguardna.com,Procter & Gamble; The Procter & Gamble Company
safeguardonline.com,Procter & Gamble; The Procter & Gamble Company
safeguardphilippines.com,Procter & Gamble; The Procter & Gamble Company
safeguardphillipines.com,Procter & Gamble; The Procter & Gamble Company
safeguardsoap.com,Procter & Gamble; The Procter & Gamble Company
safeguardsoaparabia.com,Procter & Gamble; The Procter & Gamble Company
safeguardstudents.com,Procter & Gamble; The Procter & Gamble Company
sainsburysshaveandsaveclub.com,Procter & Gamble; The Procter & Gamble Company
salessampleingredients.com,Procter & Gamble; The Procter & Gamble Company
salonist.fi,Procter & Gamble
salvaslip.com,Procter & Gamble; The Procter & Gamble Company
salvaslip.net,Procter & Gamble; The Procter & Gamble Company
salvaslip.org,Procter & Gamble; The Procter & Gamble Company
salvodetergente.com,Procter & Gamble; The Procter & Gamble Company
salvomesalva.com,Procter & Gamble; The Procter & Gamble Company
sampleolay.com,Procter & Gamble; The Procter & Gamble Company
sampletide.com,Procter & Gamble; The Procter & Gamble Company
sangobion.com,Procter & Gamble; The Procter & Gamble Company
sarasaconnect.com,Procter & Gamble; The Procter & Gamble Company
sarasajp.com,Procter & Gamble; The Procter & Gamble Company
sasoon.com,Procter & Gamble; The Procter & Gamble Company
sasoon.org,Procter & Gamble; The Procter & Gamble Company
sasoon.us,Procter & Gamble; The Procter & Gamble Company
sassonsalonfinder.com,Procter & Gamble; The Procter & Gamble Company
sassyclean.com,Procter & Gamble; The Procter & Gamble Company
sassyhandwash.com,Procter & Gamble; The Procter & Gamble Company
satin-floss.com,Procter & Gamble; The Procter & Gamble Company
satin-tape.com,Procter & Gamble; The Procter & Gamble Company
satincare.com,Procter & Gamble; The Procter & Gamble Company
satincare.ru,Procter & Gamble; The Procter & Gamble Company
satinfloss.com,Procter & Gamble; The Procter & Gamble Company
satintape.com,Procter & Gamble; The Procter & Gamble Company
satisfait-headandshoulders.com,Procter & Gamble; The Procter & Gamble Company
saudebucaloralb.com,Procter & Gamble; The Procter & Gamble Company
saveaduck.com,Procter & Gamble; The Procter & Gamble Company
saveonbounty.com,Procter & Gamble; The Procter & Gamble Company
saveoncharmin.com,Procter & Gamble; The Procter & Gamble Company
saveoncrest.com,Procter & Gamble; The Procter & Gamble Company
saveondawn.com,Procter & Gamble; The Procter & Gamble Company
saveontide.com,Procter & Gamble; The Procter & Gamble Company
savesmartpg.com,Procter & Gamble; The Procter & Gamble Company
savingaslan.com,Procter & Gamble; The Procter & Gamble Company
savingspg.com,Procter & Gamble; The Procter & Gamble Company
savingsstacker.com,Procter & Gamble; The Procter & Gamble Company
savingstacker.com,Procter & Gamble; The Procter & Gamble Company
savvysafari.com,Procter & Gamble; The Procter & Gamble Company
saynotoplaque.com,Procter & Gamble; The Procter & Gamble Company
sbdbooklet.com,Procter & Gamble; The Procter & Gamble Company
scalp.com,Procter & Gamble; The Procter & Gamble Company
scanner-pg.fr,Procter & Gamble
scent.com,Procter & Gamble; The Procter & Gamble Company
scentoffer.com,Procter & Gamble; The Procter & Gamble Company
scentscenes.com,Procter & Gamble; The Procter & Gamble Company
scentsstories.com,Procter & Gamble; The Procter & Gamble Company
scentstories.com,Procter & Gamble; The Procter & Gamble Company
scentstories.net,Procter & Gamble; The Procter & Gamble Company
scentstories.org,Procter & Gamble; The Procter & Gamble Company
scentstoriescoupon.com,Procter & Gamble; The Procter & Gamble Company
scentstoriesoffer.com,Procter & Gamble; The Procter & Gamble Company
scentstoriesoffers.com,Procter & Gamble; The Procter & Gamble Company
scentstory.com,Procter & Gamble; The Procter & Gamble Company
scentstorys.com,Procter & Gamble; The Procter & Gamble Company
scentwave.com,Procter & Gamble; The Procter & Gamble Company
scentwave.net,Procter & Gamble; The Procter & Gamble Company
scentwave.us,Procter & Gamble; The Procter & Gamble Company
schicke-typen.com,Procter & Gamble; The Procter & Gamble Company
school-of-date.ru,Procter & Gamble; The Procter & Gamble Company
schoolofdate.ru,Procter & Gamble; The Procter & Gamble Company
schoolsneedpuffsindeed.com,Procter & Gamble; The Procter & Gamble Company
sciencebehindbeauty.com,Procter & Gamble; The Procter & Gamble Company
sciencebehindbeauty.info,Procter & Gamble; The Procter & Gamble Company
sciencebehindbeauty.net,Procter & Gamble; The Procter & Gamble Company
sciencebehindbeauty.org,Procter & Gamble; The Procter & Gamble Company
sciencebehindbeauty.us,Procter & Gamble; The Procter & Gamble Company
sciencebehindthebeauty.com,Procter & Gamble; The Procter & Gamble Company
sciencebehindthebeauty.info,Procter & Gamble; The Procter & Gamble Company
sciencebehindthebeauty.net,Procter & Gamble; The Procter & Gamble Company
sciencebehindthebeauty.org,Procter & Gamble; The Procter & Gamble Company
sciencebehindthebeauty.us,Procter & Gamble; The Procter & Gamble Company
scienceinthebox.at,Procter & Gamble; The Procter & Gamble Company
scienceinthebox.com,Procter & Gamble; The Procter & Gamble Company
scienceinthebox.fr,Procter & Gamble
scienceinthebox.it,Procter & Gamble
scienceinthebox.org,Procter & Gamble; The Procter & Gamble Company
scienceoutofthebox.com,Procter & Gamble; The Procter & Gamble Company
sclerobion.com,Procter & Gamble; The Procter & Gamble Company
scope-mouthwash.com,Procter & Gamble; The Procter & Gamble Company
scope.us,Procter & Gamble; The Procter & Gamble Company
scopecoupon.com,Procter & Gamble; The Procter & Gamble Company
scopeiq.com,Procter & Gamble; The Procter & Gamble Company
scopeoutlast.com,Procter & Gamble; The Procter & Gamble Company
scoperewards.com,Procter & Gamble; The Procter & Gamble Company
scopestrips.com,Procter & Gamble; The Procter & Gamble Company
scopetogo.com,Procter & Gamble; The Procter & Gamble Company
screwbevel.com,Procter & Gamble; The Procter & Gamble Company
sculptingpaste.com,Procter & Gamble; The Procter & Gamble Company
se-alwaystampon.com,Procter & Gamble; The Procter & Gamble Company
seabreezezone.com,Procter & Gamble; The Procter & Gamble Company
searchhumanequalizer.com,Procter & Gamble; The Procter & Gamble Company
sebastianturkiye.info,Procter & Gamble; The Procter & Gamble Company
sebastianturkiye.org,Procter & Gamble; The Procter & Gamble Company
sebellaentodaspartes.com,Procter & Gamble; The Procter & Gamble Company
seborheane.com,Procter & Gamble; The Procter & Gamble Company
secret-canada.com,Procter & Gamble; The Procter & Gamble Company
secret-deodorant.com,Procter & Gamble; The Procter & Gamble Company
secret-la.com,Procter & Gamble; The Procter & Gamble Company
secret.asia,Procter & Gamble; The Procter & Gamble Company
secret.co.cr,Procter & Gamble; The Procter & Gamble Company
secret.com,Procter & Gamble; The Procter & Gamble Company
secret.cr,Procter & Gamble; The Procter & Gamble Company
secret.ru,Procter & Gamble
secret.us,Procter & Gamble; The Procter & Gamble Company
secretclinicalstrength.com,Procter & Gamble; The Procter & Gamble Company
secretdescubretupotencial.com,Procter & Gamble; The Procter & Gamble Company
secretdesophie.com,Procter & Gamble; The Procter & Gamble Company
secretfresherunderpressure.com,Procter & Gamble; The Procter & Gamble Company
secretodemiestilo.com,Procter & Gamble; The Procter & Gamble Company
secretsdesophie.fr,Procter & Gamble
secretshampoo.com.au,Procter & Gamble
secretsparkle.com,Procter & Gamble; The Procter & Gamble Company
secretsport.com,Procter & Gamble; The Procter & Gamble Company
secretstore.com,Procter & Gamble; The Procter & Gamble Company
secretstrength.com,Procter & Gamble; The Procter & Gamble Company
secretsummerfizz.com,Procter & Gamble; The Procter & Gamble Company
secrettogreathair.com,Procter & Gamble; The Procter & Gamble Company
secretwickedsweeps.com,Procter & Gamble; The Procter & Gamble Company
seeme-beauty.com,Procter & Gamble; The Procter & Gamble Company
seeme-skincare.com,Procter & Gamble; The Procter & Gamble Company
seemebeauty.com,Procter & Gamble; The Procter & Gamble Company
sefose.com,Procter & Gamble; The Procter & Gamble Company
sefose.net,Procter & Gamble; The Procter & Gamble Company
segretodibellezza.it,Procter & Gamble
seizeoralbpower.com,Procter & Gamble; The Procter & Gamble Company
selfcareconsumerinstitute.com,Procter & Gamble; The Procter & Gamble Company
sensereset.com,Procter & Gamble; The Procter & Gamble Company
sensitivebladder.com,Procter & Gamble; The Procter & Gamble Company
sensorexcel.com,Procter & Gamble; The Procter & Gamble Company
sensorexcelforwomen.com,Procter & Gamble; The Procter & Gamble Company
sensualscience.com,Procter & Gamble; The Procter & Gamble Company
sensualscience.net,Procter & Gamble; The Procter & Gamble Company
sentstories.com,Procter & Gamble; The Procter & Gamble Company
serialoffice.com,Procter & Gamble; The Procter & Gamble Company
serviceconso-enviedeplus.com,Procter & Gamble; The Procter & Gamble Company
sespremieresdents.com,Procter & Gamble; The Procter & Gamble Company
setlistbeauty.com,Procter & Gamble; The Procter & Gamble Company
settlingmadesimple.com,Procter & Gamble; The Procter & Gamble Company
seven-seas-for-life.com,Procter & Gamble; The Procter & Gamble Company
seven-seas-life.com,Procter & Gamble; The Procter & Gamble Company
seven-seas.com,Procter & Gamble; The Procter & Gamble Company
sevenseas-supplement.com,Procter & Gamble; The Procter & Gamble Company
sevenseashealthcare.com,Procter & Gamble; The Procter & Gamble Company
sevenseaspulse.com,Procter & Gamble; The Procter & Gamble Company
sfidapantene.it,Procter & Gamble
shakeitupclean.com,Procter & Gamble; The Procter & Gamble Company
shakeitupsoap.com,Procter & Gamble; The Procter & Gamble Company
shareakiss.com,Procter & Gamble; The Procter & Gamble Company
sharegiftstogrow.com,Procter & Gamble; The Procter & Gamble Company
sharethevillage.com,Procter & Gamble; The Procter & Gamble Company
shareyourheritage.com,Procter & Gamble; The Procter & Gamble Company
shareyoursecret.com,Procter & Gamble; The Procter & Gamble Company
shaveassistant.com,Procter & Gamble; The Procter & Gamble Company
shaveclubreal.com,Procter & Gamble; The Procter & Gamble Company
shaveconsult.com,Procter & Gamble; The Procter & Gamble Company
shavecream.com,Procter & Gamble; The Procter & Gamble Company
shavefoam.com,Procter & Gamble; The Procter & Gamble Company
shavegel.com,Procter & Gamble; The Procter & Gamble Company
shaveitoffsweepstakes.com,Procter & Gamble; The Procter & Gamble Company
shavelikearockstar.com,Procter & Gamble; The Procter & Gamble Company
shaveyourbody.com,Procter & Gamble; The Procter & Gamble Company
shaveyourstyle.com,Procter & Gamble; The Procter & Gamble Company
shavingassistant.com,Procter & Gamble; The Procter & Gamble Company
shavingbest.com,Procter & Gamble; The Procter & Gamble Company
shavingquiz.com,Procter & Gamble; The Procter & Gamble Company
shavingreinvented.com,Procter & Gamble; The Procter & Gamble Company
shavingtips.com,Procter & Gamble; The Procter & Gamble Company
sheistransforming.com,Procter & Gamble; The Procter & Gamble Company
shetransforms.us,Procter & Gamble; The Procter & Gamble Company
shetransformssearch.com,Procter & Gamble; The Procter & Gamble Company
shiksha.co.in,Procter & Gamble; primary
shinearabia.com,Procter & Gamble; The Procter & Gamble Company
shinehappy.com,Procter & Gamble; The Procter & Gamble Company
shineonsunday.com,Procter & Gamble; The Procter & Gamble Company
shinewithpg.com,Procter & Gamble; The Procter & Gamble Company
shinyschool.com,Procter & Gamble; The Procter & Gamble Company
shj.mobi,Procter & Gamble; The Procter & Gamble Company
shop-ae-ariel.com,Procter & Gamble; The Procter & Gamble Company
shop-ae-downy.com,Procter & Gamble; The Procter & Gamble Company
shop-ae-gillette.com,Procter & Gamble; The Procter & Gamble Company
shop-ae-herbalessences.com,Procter & Gamble; The Procter & Gamble Company
shop-ae-kingcgillette.com,Procter & Gamble; The Procter & Gamble Company
shop-ae-pampers.com,Procter & Gamble; The Procter & Gamble Company
shop-ae-tide.com,Procter & Gamble; The Procter & Gamble Company
shop-ae-venus.com,Procter & Gamble; The Procter & Gamble Company
shop-au-headandshoulders.com,Procter & Gamble; The Procter & Gamble Company
shop-jp-pgbuyitnow.com,Procter & Gamble; The Procter & Gamble Company
shop-ph-ariel.com,Procter & Gamble; The Procter & Gamble Company
shop-ph-downy.com,Procter & Gamble; The Procter & Gamble Company
shop-ph-olay.com,Procter & Gamble; The Procter & Gamble Company
shopalign.com,Procter & Gamble; The Procter & Gamble Company
shopaligngi.com,Procter & Gamble; The Procter & Gamble Company
shopaussie.com,Procter & Gamble; The Procter & Gamble Company
shopbraun.com,Procter & Gamble; The Procter & Gamble Company
shopcrestoralb.com,Procter & Gamble; The Procter & Gamble Company
shopec30.com,Procter & Gamble; The Procter & Gamble Company
shopec30clean.com,Procter & Gamble; The Procter & Gamble Company
shopgemz.com,Procter & Gamble; The Procter & Gamble Company
shophairfood.com,Procter & Gamble; The Procter & Gamble Company
shopmbib.com,Procter & Gamble; The Procter & Gamble Company
shoppantenewhisp.com,Procter & Gamble; The Procter & Gamble Company
shoppg.com,Procter & Gamble; The Procter & Gamble Company
shoppingconpantene.it,Procter & Gamble
shoppingmadesimple.com,Procter & Gamble; The Procter & Gamble Company
shoppingquestions.com,Procter & Gamble; The Procter & Gamble Company
shopproof.com,Procter & Gamble; The Procter & Gamble Company
shopsoapboxlaundry.com,Procter & Gamble; The Procter & Gamble Company
shopwhisphaircare.com,Procter & Gamble; The Procter & Gamble Company
shortlist.com.ru,Procter & Gamble; The Procter & Gamble Company
shortlistbeauty.ae,Procter & Gamble; The Procter & Gamble Company
shortlistbeauty.asia,Procter & Gamble; The Procter & Gamble Company
shortlistbeauty.com,Procter & Gamble; The Procter & Gamble Company
shortlistbeauty.com.au,Procter & Gamble
shortlistbeauty.com.ru,Procter & Gamble; The Procter & Gamble Company
shortlistbeauty.fr,Procter & Gamble
shortlistbeauty.info,Procter & Gamble; The Procter & Gamble Company
shortlistbeauty.it,Procter & Gamble
shortlistbeauty.mobi,Procter & Gamble; The Procter & Gamble Company
shortlistbeauty.net,Procter & Gamble; The Procter & Gamble Company
shortlistbeauty.org,Procter & Gamble; The Procter & Gamble Company
shortlistbeauty.ru,Procter & Gamble; The Procter & Gamble Company
shortlistbeauty.us,Procter & Gamble; The Procter & Gamble Company
showergel.com,Procter & Gamble; The Procter & Gamble Company
showerthemwithsupport.com,Procter & Gamble; The Procter & Gamble Company
showmethesecret.com,Procter & Gamble; The Procter & Gamble Company
showyourpassionla.com,Procter & Gamble; The Procter & Gamble Company
shrinkingbottles.com,Procter & Gamble; The Procter & Gamble Company
shufutama.com,Procter & Gamble; The Procter & Gamble Company
shushu.media,Procter & Gamble; The Procter & Gamble Company
sieger-typen.at,Procter & Gamble; The Procter & Gamble Company
sieger-typen.com,Procter & Gamble; The Procter & Gamble Company
siegertypen.at,Procter & Gamble; The Procter & Gamble Company
signalpg.com,Procter & Gamble; The Procter & Gamble Company
signaturefade.com,Procter & Gamble; The Procter & Gamble Company
signatureseriestp.com,Procter & Gamble; The Procter & Gamble Company
signstreatment.asia,Procter & Gamble; The Procter & Gamble Company
silimarion.com,Procter & Gamble; The Procter & Gamble Company
silkepil.ru,Procter & Gamble
sinacidez.com,Procter & Gamble; The Procter & Gamble Company
sinex.com,Procter & Gamble; The Procter & Gamble Company
sinkboy.com,Procter & Gamble; The Procter & Gamble Company
sintallar.com,Procter & Gamble; The Procter & Gamble Company
sinus.com,Procter & Gamble; The Procter & Gamble Company
sirop-prospan.com,Procter & Gamble; The Procter & Gamble Company
sistaz.com,Procter & Gamble; The Procter & Gamble Company
sitorsquat.com,Procter & Gamble; The Procter & Gamble Company
sitorsquat.info,Procter & Gamble; The Procter & Gamble Company
sitorsquat.mobi,Procter & Gamble; The Procter & Gamble Company
sitorsquat.net,Procter & Gamble; The Procter & Gamble Company
sitorsquat.org,Procter & Gamble; The Procter & Gamble Company
sk-2.com,Procter & Gamble; The Procter & Gamble Company
sk-ii-hk-inbound.com,Procter & Gamble; The Procter & Gamble Company
sk-ii.ae,Procter & Gamble; The Procter & Gamble Company
sk-ii.asia,Procter & Gamble; The Procter & Gamble Company
sk-ii.au,Procter & Gamble
sk-ii.co.in,Procter & Gamble
sk-ii.co.th,Procter & Gamble; The Procter & Gamble Company
sk-ii.com,Procter & Gamble; The Procter & Gamble Company
sk-ii.com.ru,Procter & Gamble; The Procter & Gamble Company
sk-ii.fr,Procter & Gamble
sk-ii.io,Procter & Gamble; The Procter & Gamble Company
sk-ii.it,Procter & Gamble
sk-ii.me,Procter & Gamble; The Procter & Gamble Company
sk-ii.net.au,Procter & Gamble
sk-ii.us,Procter & Gamble; The Procter & Gamble Company
sk-iiconnect.com,Procter & Gamble; The Procter & Gamble Company
sk-iiwonderland.com,Procter & Gamble; The Procter & Gamble Company
sk2.asia,Procter & Gamble; The Procter & Gamble Company
sk2.au,Procter & Gamble
sk2.co.in,Procter & Gamble; primary
sk2.com,Procter & Gamble; The Procter & Gamble Company
sk2.com.au,Procter & Gamble
sk2store.com,Procter & Gamble; The Procter & Gamble Company
sk2us.com,Procter & Gamble; The Procter & Gamble Company
sk2usa.com,Procter & Gamble; The Procter & Gamble Company
skii-indonesia.com,Procter & Gamble; The Procter & Gamble Company
skii-mr.com,Procter & Gamble; The Procter & Gamble Company
skii-vietnam.com,Procter & Gamble; The Procter & Gamble Company
skii.asia,Procter & Gamble; The Procter & Gamble Company
skii.au,Procter & Gamble
skii.co.th,Procter & Gamble
skii.com,Procter & Gamble; The Procter & Gamble Company
skii.tel,Procter & Gamble; The Procter & Gamble Company
skiiar.com,Procter & Gamble; The Procter & Gamble Company
skiicatalog.com,Procter & Gamble; The Procter & Gamble Company
skiidigitalcoupons.com,Procter & Gamble; The Procter & Gamble Company
skiifuturex.com,Procter & Gamble; The Procter & Gamble Company
skiijapan.com,Procter & Gamble; The Procter & Gamble Company
skiirewards.com,Procter & Gamble; The Procter & Gamble Company
skiivn.com,Procter & Gamble; The Procter & Gamble Company
skincarefacts.com,Procter & Gamble; The Procter & Gamble Company
skincaresources.com,Procter & Gamble; The Procter & Gamble Company
skinconcerns.com,Procter & Gamble; The Procter & Gamble Company
skinconcerns.net,Procter & Gamble; The Procter & Gamble Company
skinproof.co.in,Procter & Gamble; primary
skinproof.com,Procter & Gamble; The Procter & Gamble Company
skipthesink.com,Procter & Gamble; The Procter & Gamble Company
slalomplus.ru,Procter & Gamble
sleepandplay.ru,Procter & Gamble
smallsheetchallenge.com,Procter & Gamble; The Procter & Gamble Company
smartbenefitdesign.com,Procter & Gamble; The Procter & Gamble Company
smartlaundryroom.com,Procter & Gamble; The Procter & Gamble Company
smartselfie.io,Procter & Gamble; The Procter & Gamble Company
smartseriesconnectedbrush.com.au,Procter & Gamble
smartshopclub.com,Procter & Gamble; The Procter & Gamble Company
smartsleepcoach.au,Procter & Gamble
smartsleepcoach.com,Procter & Gamble; The Procter & Gamble Company
smartsleepcoachbypampers.com,Procter & Gamble; The Procter & Gamble Company
smartsleepcoachbypampers.us,Procter & Gamble; The Procter & Gamble Company
smartwhitening.com,Procter & Gamble; The Procter & Gamble Company
smartwhitening.com.au,Procter & Gamble
smelllikeaman.com,Procter & Gamble; The Procter & Gamble Company
smelllikeamanman.com,Procter & Gamble; The Procter & Gamble Company
smile-inside.com,Procter & Gamble; The Procter & Gamble Company
smile-with-oralb.com,Procter & Gamble; The Procter & Gamble Company
smileadvisor.com,Procter & Gamble; The Procter & Gamble Company
smileandshare.com,Procter & Gamble; The Procter & Gamble Company
smileguru.com,Procter & Gamble; The Procter & Gamble Company
smileplans.com,Procter & Gamble; The Procter & Gamble Company
smilesnap.io,Procter & Gamble; The Procter & Gamble Company
smilesofglory.com,Procter & Gamble; The Procter & Gamble Company
smilespotlight.com,Procter & Gamble; The Procter & Gamble Company
smiletography.com,Procter & Gamble; The Procter & Gamble Company
smilingpower.it,Procter & Gamble
smoothcleanfeeling.com,Procter & Gamble; The Procter & Gamble Company
smoothwaves.com,Procter & Gamble; The Procter & Gamble Company
snappackapp.com,Procter & Gamble; The Procter & Gamble Company
snowberrybeauty.com.au,Procter & Gamble
snowberrybeauty.it,Procter & Gamble
snowberrybeauty.ru,Procter & Gamble; The Procter & Gamble Company
snowgirl.ru,Procter & Gamble
soapboxus.com,Procter & Gamble; The Procter & Gamble Company
socialnetworkmarketing.com,Procter & Gamble; The Procter & Gamble Company
socialnetworkmarketing.info,Procter & Gamble; The Procter & Gamble Company
socialnetworkmarketing.net,Procter & Gamble; The Procter & Gamble Company
socialnetworkmarketing.org,Procter & Gamble; The Procter & Gamble Company
socialnetworkmarketing.us,Procter & Gamble; The Procter & Gamble Company
socialvicks.com,Procter & Gamble; The Procter & Gamble Company
soentreamigas.com,Procter & Gamble; The Procter & Gamble Company
soentreamigas.net,Procter & Gamble; The Procter & Gamble Company
softeningyourworld.com,Procter & Gamble; The Procter & Gamble Company
softerhandsecrets.com,Procter & Gamble; The Procter & Gamble Company
soldierofseduction.com,Procter & Gamble; The Procter & Gamble Company
solodeamigas.com,Procter & Gamble; The Procter & Gamble Company
solodechicas.com,Procter & Gamble; The Procter & Gamble Company
soloentreamigas.net,Procter & Gamble; The Procter & Gamble Company
solvemysleep.com,Procter & Gamble; The Procter & Gamble Company
solvitax.com,Procter & Gamble; The Procter & Gamble Company
somaticpainforum.com,Procter & Gamble; The Procter & Gamble Company
sonozzz.com,Procter & Gamble; The Procter & Gamble Company
sonozzzmelatonina.com,Procter & Gamble; The Procter & Gamble Company
sonozzzpassiflora.com,Procter & Gamble; The Procter & Gamble Company
sor-richelet.com,Procter & Gamble; The Procter & Gamble Company
sorenoseitis.com,Procter & Gamble; The Procter & Gamble Company
sorenoseitus.com,Procter & Gamble; The Procter & Gamble Company
sorenositis.com,Procter & Gamble; The Procter & Gamble Company
sorenositis.info,Procter & Gamble; The Procter & Gamble Company
sorenositis.net,Procter & Gamble; The Procter & Gamble Company
sorenositis.org,Procter & Gamble; The Procter & Gamble Company
sorenositus.com,Procter & Gamble; The Procter & Gamble Company
sorridiconaz.it,Procter & Gamble
sorridiconazeoralb.it,Procter & Gamble
sorrisiconazeoralb.it,Procter & Gamble
sorrisiunici.it,Procter & Gamble
sorrisologia.com,Procter & Gamble; The Procter & Gamble Company
sorteopampers.com,Procter & Gamble; The Procter & Gamble Company
sostenibilitagiocodisquadra.it,Procter & Gamble
sostieniurban-nature.it,Procter & Gamble
sounddosage.com,Procter & Gamble; The Procter & Gamble Company
soycollection.com,Procter & Gamble; The Procter & Gamble Company
soycolor.com,Procter & Gamble; The Procter & Gamble Company
soycoqueta.com,Procter & Gamble; The Procter & Gamble Company
soycreme.com,Procter & Gamble; The Procter & Gamble Company
soyliquid.com,Procter & Gamble; The Procter & Gamble Company
space2beme.com,Procter & Gamble; The Procter & Gamble Company
space2beme.io,Procter & Gamble; The Procter & Gamble Company
space2beus.com,Procter & Gamble; The Procter & Gamble Company
sparkclothingspray.com,Procter & Gamble; The Procter & Gamble Company
sparkle-city.com,Procter & Gamble; The Procter & Gamble Company
sparklebodyspray.com,Procter & Gamble; The Procter & Gamble Company
sparksmoothingspray.com,Procter & Gamble; The Procter & Gamble Company
sparkwrinklespray.com,Procter & Gamble; The Procter & Gamble Company
spasibamama.ru,Procter & Gamble
spasibo-mama.ru,Procter & Gamble
spatial-femibion.com,Procter & Gamble; The Procter & Gamble Company
spdriver.com,Procter & Gamble; The Procter & Gamble Company
spellthename.com,Procter & Gamble; The Procter & Gamble Company
spicspan.com,Procter & Gamble; The Procter & Gamble Company
spilltastrophies.com,Procter & Gamble; The Procter & Gamble Company
spilltrastrophy.com,Procter & Gamble; The Procter & Gamble Company
spire-products.com,Procter & Gamble; The Procter & Gamble Company
spire-support.com,Procter & Gamble; The Procter & Gamble Company
spireproducts.com,Procter & Gamble; The Procter & Gamble Company
spiresupport.com,Procter & Gamble; The Procter & Gamble Company
sponsorofdad.com,Procter & Gamble; The Procter & Gamble Company
sponsorofdad.com.au,Procter & Gamble
sponsorofdad.fr,Procter & Gamble
sponsorofdad.in,Procter & Gamble; The Procter & Gamble Company
sponsorofdad.it,Procter & Gamble
sponsorofdad.ru,Procter & Gamble; The Procter & Gamble Company
sponsorofdad.us,Procter & Gamble; The Procter & Gamble Company
sponsorofdads.com,Procter & Gamble; The Procter & Gamble Company
sponsorofdads.com.au,Procter & Gamble
sponsorofdads.fr,Procter & Gamble
sponsorofdads.in,Procter & Gamble; The Procter & Gamble Company
sponsorofdads.it,Procter & Gamble
sponsorofdads.ru,Procter & Gamble; The Procter & Gamble Company
sponsorofdads.us,Procter & Gamble; The Procter & Gamble Company
sponsorofmom.com.au,Procter & Gamble
sponsorofmom.fr,Procter & Gamble
sponsorofmom.in,Procter & Gamble; The Procter & Gamble Company
sponsorofmom.it,Procter & Gamble
sponsorofmom.ru,Procter & Gamble; The Procter & Gamble Company
sponsorofmom.us,Procter & Gamble; The Procter & Gamble Company
sponsorofmoms.com.au,Procter & Gamble
sponsorofmoms.fr,Procter & Gamble
sponsorofmoms.in,Procter & Gamble; The Procter & Gamble Company
sponsorofmoms.it,Procter & Gamble
sponsorofmoms.ru,Procter & Gamble; The Procter & Gamble Company
sponsorofmoms.us,Procter & Gamble; The Procter & Gamble Company
spotfreedry.com,Procter & Gamble; The Procter & Gamble Company
spq-pg.com,Procter & Gamble; The Procter & Gamble Company
spraytugsmooth.com,Procter & Gamble; The Procter & Gamble Company
spreebevel.com,Procter & Gamble; The Procter & Gamble Company
springandvine.com,Procter & Gamble; The Procter & Gamble Company
springintofreshness.com,Procter & Gamble; The Procter & Gamble Company
springstockup.com,Procter & Gamble; The Procter & Gamble Company
spruceguarantee.com,Procter & Gamble; The Procter & Gamble Company
spruceit.ae,Procter & Gamble; The Procter & Gamble Company
spruceit.asia,Procter & Gamble; The Procter & Gamble Company
spruceit.ca,Procter & Gamble
spruceit.co.in,Procter & Gamble; The Procter & Gamble Company
spruceit.com,Procter & Gamble; The Procter & Gamble Company
spruceit.cz,Procter & Gamble; The Procter & Gamble Company
spruceit.fi,Procter & Gamble; The Procter & Gamble Company
spruceit.in,Procter & Gamble; The Procter & Gamble Company
spruceit.info,Procter & Gamble; The Procter & Gamble Company
spruceit.io,Procter & Gamble; The Procter & Gamble Company
spruceit.it,Procter & Gamble
spruceit.jobs,Procter & Gamble; The Procter & Gamble Company
spruceit.me,Procter & Gamble; The Procter & Gamble Company
spruceit.name,Procter & Gamble; The Procter & Gamble Company
spruceit.net.au,Procter & Gamble
spruceit.ru,Procter & Gamble; The Procter & Gamble Company
spruceit.tv,Procter & Gamble; The Procter & Gamble Company
spruceit.us,Procter & Gamble; The Procter & Gamble Company
spswtacp.com,Procter & Gamble; The Procter & Gamble Company
sra-robles.com,Procter & Gamble; The Procter & Gamble Company
sseas.com,Procter & Gamble; The Procter & Gamble Company
stage-formbeauty.com,Procter & Gamble; The Procter & Gamble Company
stage-getbevel.com,Procter & Gamble; The Procter & Gamble Company
stage-spreebevel.com,Procter & Gamble; The Procter & Gamble Company
stainbrain.com,Procter & Gamble; The Procter & Gamble Company
stainbrush.com,Procter & Gamble; The Procter & Gamble Company
staindetective.com,Procter & Gamble; The Procter & Gamble Company
stains.com,Procter & Gamble; The Procter & Gamble Company
stand-for-the-truth.com,Procter & Gamble; The Procter & Gamble Company
stand-for-the-truth.net,Procter & Gamble; The Procter & Gamble Company
stand4truth.com,Procter & Gamble; The Procter & Gamble Company
stand4truth.org,Procter & Gamble; The Procter & Gamble Company
standforthetruth.com,Procter & Gamble; The Procter & Gamble Company
standforthetruth.net,Procter & Gamble; The Procter & Gamble Company
standfortruth.com,Procter & Gamble; The Procter & Gamble Company
standfortruth.net,Procter & Gamble; The Procter & Gamble Company
standfortruth.org,Procter & Gamble; The Procter & Gamble Company
start-gliding.com,Procter & Gamble; The Procter & Gamble Company
startbrushingbetter.com,Procter & Gamble; The Procter & Gamble Company
startfreshrebate.com,Procter & Gamble; The Procter & Gamble Company
startgliding.com,Procter & Gamble; The Procter & Gamble Company
startstrongpg.com,Procter & Gamble; The Procter & Gamble Company
stayplaquefree.com,Procter & Gamble; The Procter & Gamble Company
stephendbishop.com,Procter & Gamble; The Procter & Gamble Company
stephendbishop.info,Procter & Gamble; The Procter & Gamble Company
stephendbishop.mobi,Procter & Gamble; The Procter & Gamble Company
stephendbishop.net,Procter & Gamble; The Procter & Gamble Company
stephendbishop.org,Procter & Gamble; The Procter & Gamble Company
stephendbishop.us,Procter & Gamble; The Procter & Gamble Company
stepupforadream.com,Procter & Gamble; The Procter & Gamble Company
stimulateyoursenses.com,Procter & Gamble; The Procter & Gamble Company
stimulezvossens.com,Procter & Gamble; The Procter & Gamble Company
stirka-ariel.ru,Procter & Gamble; The Procter & Gamble Company
stirkaariel.ru,Procter & Gamble; The Procter & Gamble Company
stockdpantry.com,Procter & Gamble; The Procter & Gamble Company
stop-flossing-start-gliding.com,Procter & Gamble; The Procter & Gamble Company
stop-flossing.com,Procter & Gamble; The Procter & Gamble Company
stopflossing-startgliding.com,Procter & Gamble; The Procter & Gamble Company
stopflossing.com,Procter & Gamble; The Procter & Gamble Company
stopheartburn.com,Procter & Gamble; The Procter & Gamble Company
stopnightburn.com,Procter & Gamble; The Procter & Gamble Company
stopthecrashing.com,Procter & Gamble; The Procter & Gamble Company
stoptherumor.com,Procter & Gamble; The Procter & Gamble Company
stoptherumor.net,Procter & Gamble; The Procter & Gamble Company
stressdaregaliaddio.it,Procter & Gamble
studiobytide.com,Procter & Gamble; The Procter & Gamble Company
stueck-zum-glueck.com,Procter & Gamble; The Procter & Gamble Company
stueckzumglueck.com,Procter & Gamble; The Procter & Gamble Company
stunninghair.com,Procter & Gamble; The Procter & Gamble Company
styleattractplay.com,Procter & Gamble; The Procter & Gamble Company
stylegenius.com,Procter & Gamble; The Procter & Gamble Company
stylegenius1on1.com,Procter & Gamble; The Procter & Gamble Company
stylegenius1to1.com,Procter & Gamble; The Procter & Gamble Company
stylegenius360.com,Procter & Gamble; The Procter & Gamble Company
stylegeniusstudio.com,Procter & Gamble; The Procter & Gamble Company
stylesurround.com,Procter & Gamble; The Procter & Gamble Company
styleu.us,Procter & Gamble; The Procter & Gamble Company
styleunited.com,Procter & Gamble; The Procter & Gamble Company
stylingarabia.com,Procter & Gamble; The Procter & Gamble Company
stylingzone.com,Procter & Gamble; The Procter & Gamble Company
submitmyideatopg.com,Procter & Gamble; The Procter & Gamble Company
succeedwithibd.com,Procter & Gamble; The Procter & Gamble Company
suenosdelcorazon.com,Procter & Gamble; The Procter & Gamble Company
sullaboccaditutti.it,Procter & Gamble
sumaledinero.com,Procter & Gamble; The Procter & Gamble Company
super-align.com,Procter & Gamble; The Procter & Gamble Company
superfibrametamucil.com,Procter & Gamble; The Procter & Gamble Company
supernaturebeauty.com,Procter & Gamble; The Procter & Gamble Company
superpgsavings.com,Procter & Gamble; The Procter & Gamble Company
supersavvyapp.com,Procter & Gamble; The Procter & Gamble Company
supersavvyme.com,Procter & Gamble; The Procter & Gamble Company
supersavvymums.com,Procter & Gamble; The Procter & Gamble Company
surveybabydry.com,Procter & Gamble; The Procter & Gamble Company
sustainability-at-home.com,Procter & Gamble; The Procter & Gamble Company
sustainability-at-home.info,Procter & Gamble; The Procter & Gamble Company
sustainability-at-home.org,Procter & Gamble; The Procter & Gamble Company
sustainabilityathome.com,Procter & Gamble; The Procter & Gamble Company
sustainabilityathome.info,Procter & Gamble; The Procter & Gamble Company
sustainabilityathome.org,Procter & Gamble; The Procter & Gamble Company
sustainabilityinthehome.com,Procter & Gamble; The Procter & Gamble Company
sustainabilityinthehome.info,Procter & Gamble; The Procter & Gamble Company
sustainabilityinthehome.org,Procter & Gamble; The Procter & Gamble Company
swaddlers.com,Procter & Gamble; The Procter & Gamble Company
swashbytide.com,Procter & Gamble; The Procter & Gamble Company
swashtide.com,Procter & Gamble; The Procter & Gamble Company
sweetbabymemories.com,Procter & Gamble; The Procter & Gamble Company
sweserv.com,Procter & Gamble; The Procter & Gamble Company
swiffer-minions.it,Procter & Gamble
swiffer-testwochen.com,Procter & Gamble; The Procter & Gamble Company
swiffer.at,Procter & Gamble; The Procter & Gamble Company
swiffer.com,Procter & Gamble; The Procter & Gamble Company
swiffer.fi,Procter & Gamble
swiffer.fr,Procter & Gamble
swiffer.it,Procter & Gamble
swiffer.mobi,Procter & Gamble; The Procter & Gamble Company
swiffer.net,Procter & Gamble; The Procter & Gamble Company
swiffer.ru,Procter & Gamble
swiffer.us,Procter & Gamble; primary
swifferairfilters.com,Procter & Gamble; The Procter & Gamble Company
swiffercoupon.com,Procter & Gamble; The Procter & Gamble Company
swifferdigitalcoupons.com,Procter & Gamble; The Procter & Gamble Company
swifferdusters.com,Procter & Gamble; The Procter & Gamble Company
swifferdusters.us,Procter & Gamble; The Procter & Gamble Company
swiffermopvac.us,Procter & Gamble; The Procter & Gamble Company
swifferpromo2.com,Procter & Gamble; The Procter & Gamble Company
swifferpromo6.com,Procter & Gamble; The Procter & Gamble Company
swifferregalaswiffer.it,Procter & Gamble
swifferrewards.com,Procter & Gamble; The Procter & Gamble Company
swiffersmallfoot.it,Procter & Gamble
swiffersweepandvac.com,Procter & Gamble; The Procter & Gamble Company
swiffersweepvac.com,Procter & Gamble; The Procter & Gamble Company
swiffersweepvac.us,Procter & Gamble; The Procter & Gamble Company
swiffertestwochen.com,Procter & Gamble; The Procter & Gamble Company
swiffertirimborsa.it,Procter & Gamble
swifferwetjet.com,Procter & Gamble; The Procter & Gamble Company
symbolofhealth.com,Procter & Gamble; The Procter & Gamble Company
symbolsofhealth.com,Procter & Gamble; The Procter & Gamble Company
system-professional.com.au,Procter & Gamble
tablesoccerman.com,Procter & Gamble; The Procter & Gamble Company
tablesoccerwoman.com,Procter & Gamble; The Procter & Gamble Company
tagrecords.com,Procter & Gamble; The Procter & Gamble Company
tagtheweather.com,Procter & Gamble; The Procter & Gamble Company
tahiti-dermaxpro.com,Procter & Gamble; The Procter & Gamble Company
tahrapedia.com,Procter & Gamble; The Procter & Gamble Company
takeabreathwithcrest.com,Procter & Gamble; The Procter & Gamble Company
takebackyoursaturdaymorning.com,Procter & Gamble; The Procter & Gamble Company
takeittohouse.com,Procter & Gamble; The Procter & Gamble Company
takeonrace.com,Procter & Gamble; The Procter & Gamble Company
takeonrace.org,Procter & Gamble; The Procter & Gamble Company
taketheboreoutofthechore.com,Procter & Gamble; The Procter & Gamble Company
taketheboreoutofthechore.us,Procter & Gamble; The Procter & Gamble Company
talkaboutbias.com,Procter & Gamble; The Procter & Gamble Company
talkaboutdawn.com,Procter & Gamble; The Procter & Gamble Company
talkingaboutfoam.com,Procter & Gamble; The Procter & Gamble Company
talkingstain.com,Procter & Gamble; The Procter & Gamble Company
talkingstane.com,Procter & Gamble; The Procter & Gamble Company
talktoolay.com,Procter & Gamble; The Procter & Gamble Company
tampax-la.com,Procter & Gamble; The Procter & Gamble Company
tampax.at,Procter & Gamble; primary
tampax.au,Procter & Gamble
tampax.co.in,Procter & Gamble; primary
tampax.com,Procter & Gamble; The Procter & Gamble Company
tampax.com.au,Procter & Gamble
tampax.com.kz,Procter & Gamble; The Procter & Gamble Company
tampax.info,Procter & Gamble; The Procter & Gamble Company
tampax.it,Procter & Gamble
tampax.kz,Procter & Gamble; The Procter & Gamble Company
tampax.net,Procter & Gamble; The Procter & Gamble Company
tampax.org,Procter & Gamble; The Procter & Gamble Company
tampax.tm.fr,Procter & Gamble
tampaxcanada.com,Procter & Gamble; The Procter & Gamble Company
tampaxcompakfraich.com,Procter & Gamble; The Procter & Gamble Company
tampaxcompakfresh.com,Procter & Gamble; The Procter & Gamble Company
tampaxcups.com,Procter & Gamble; The Procter & Gamble Company
tampaxdigitalcoupons.com,Procter & Gamble; The Procter & Gamble Company
tampaxevax.com,Procter & Gamble; The Procter & Gamble Company
tampaxfraich.com,Procter & Gamble; The Procter & Gamble Company
tampaxgirl.com,Procter & Gamble; The Procter & Gamble Company
tampaxla.com,Procter & Gamble; The Procter & Gamble Company
tampaxlatam.com,Procter & Gamble; The Procter & Gamble Company
tampaxpearl.com,Procter & Gamble; The Procter & Gamble Company
tampaxrewards.com,Procter & Gamble; The Procter & Gamble Company
tampaxtime.com,Procter & Gamble; The Procter & Gamble Company
tampaxtotalyoutour.com,Procter & Gamble; The Procter & Gamble Company
tampaxyevax.com,Procter & Gamble; The Procter & Gamble Company
tamponstampax.com,Procter & Gamble; The Procter & Gamble Company
tamponytampax.cz,Procter & Gamble; The Procter & Gamble Company
taos-frontend-staging.com,Procter & Gamble; The Procter & Gamble Company
targetaspampers.com,Procter & Gamble; The Procter & Gamble Company
tarjetaspampers.com,Procter & Gamble; The Procter & Gamble Company
tdcextra.net,Procter & Gamble; The Procter & Gamble Company
tea-room.com,Procter & Gamble; The Procter & Gamble Company
teamhs.com,Procter & Gamble; The Procter & Gamble Company
teaq.com,Procter & Gamble; The Procter & Gamble Company
tearoom.com,Procter & Gamble; The Procter & Gamble Company
teen-pack.com,Procter & Gamble; The Procter & Gamble Company
teenalways.com,Procter & Gamble; The Procter & Gamble Company
teenpack.com,Procter & Gamble; The Procter & Gamble Company
tekwoj.ru,Procter & Gamble
telobion.com,Procter & Gamble; The Procter & Gamble Company
temerecesunrespiro.com,Procter & Gamble; The Procter & Gamble Company
tempo.ru,Procter & Gamble
tempodelledonne.it,Procter & Gamble
tend-care.com,Procter & Gamble; The Procter & Gamble Company
tend-her.com,Procter & Gamble; The Procter & Gamble Company
tend-nopain.com,Procter & Gamble; The Procter & Gamble Company
tendboutique.com,Procter & Gamble; The Procter & Gamble Company
tendcollection.com,Procter & Gamble; The Procter & Gamble Company
tendcollective.com,Procter & Gamble; The Procter & Gamble Company
tendom.ru,Procter & Gamble
tendsisterhood.com,Procter & Gamble; The Procter & Gamble Company
termometrosbraun.com,Procter & Gamble; The Procter & Gamble Company
tertiaryamine.com,Procter & Gamble; The Procter & Gamble Company
tertiaryamine.net,Procter & Gamble; The Procter & Gamble Company
tertiaryamines.com,Procter & Gamble; The Procter & Gamble Company
tertiaryamines.net,Procter & Gamble; The Procter & Gamble Company
tescosaveandshaveclub.com,Procter & Gamble; The Procter & Gamble Company
testdomainbyedison.com,Procter & Gamble; The Procter & Gamble Company
testergratuitement.com,Procter & Gamble; The Procter & Gamble Company
testezgratuitement.com,Procter & Gamble; The Procter & Gamble Company
texturize.mobi,Procter & Gamble; The Procter & Gamble Company
texturize.net,Procter & Gamble; The Procter & Gamble Company
thanksdad-pg.com,Procter & Gamble; The Procter & Gamble Company
thanksdad-pg.com.au,Procter & Gamble
thanksdad-pg.fr,Procter & Gamble
thanksdad-pg.in,Procter & Gamble; The Procter & Gamble Company
thanksdad-pg.it,Procter & Gamble
thanksdad-pg.ru,Procter & Gamble; The Procter & Gamble Company
thanksdad-pg.us,Procter & Gamble; The Procter & Gamble Company
thanksdadpg.com,Procter & Gamble; The Procter & Gamble Company
thanksdadpg.com.au,Procter & Gamble
thanksdadpg.fr,Procter & Gamble
thanksdadpg.in,Procter & Gamble; The Procter & Gamble Company
thanksdadpg.it,Procter & Gamble
thanksdadpg.ru,Procter & Gamble; The Procter & Gamble Company
thanksdadpg.us,Procter & Gamble; The Procter & Gamble Company
thanksmom-pg.com,Procter & Gamble; The Procter & Gamble Company
thanksmom-pg.com.au,Procter & Gamble
thanksmom-pg.fr,Procter & Gamble
thanksmom-pg.in,Procter & Gamble; The Procter & Gamble Company
thanksmom-pg.it,Procter & Gamble
thanksmom-pg.ru,Procter & Gamble; The Procter & Gamble Company
thanksmom-pg.us,Procter & Gamble; The Procter & Gamble Company
thanksmompg.com,Procter & Gamble; The Procter & Gamble Company
thanksmompg.fr,Procter & Gamble
thanksmompg.in,Procter & Gamble; The Procter & Gamble Company
thanksmompg.it,Procter & Gamble
thanksmompg.ru,Procter & Gamble; The Procter & Gamble Company
thanksmompg.us,Procter & Gamble; The Procter & Gamble Company
thankyoudad.com,Procter & Gamble; The Procter & Gamble Company
thankyoudad.fr,Procter & Gamble
thankyoudad.in,Procter & Gamble; The Procter & Gamble Company
thankyoudad.it,Procter & Gamble
thankyoudad.ru,Procter & Gamble; The Procter & Gamble Company
thankyoumom.com,Procter & Gamble; The Procter & Gamble Company
thankyoumom.fr,Procter & Gamble
thankyoumom.it,Procter & Gamble
thankyoumom.ru,Procter & Gamble; The Procter & Gamble Company
the-question.com,Procter & Gamble; The Procter & Gamble Company
the-super-fan.com,Procter & Gamble; The Procter & Gamble Company
thearielinstitute.com,Procter & Gamble; The Procter & Gamble Company
thebeautyofexperience.com,Procter & Gamble; The Procter & Gamble Company
thebestamancanbe.com,Procter & Gamble; The Procter & Gamble Company
thebestamancanbe.org,Procter & Gamble; The Procter & Gamble Company
thebestamancanget.com,Procter & Gamble; The Procter & Gamble Company
thebestme.in,Procter & Gamble; The Procter & Gamble Company
thebestmencanbe.com,Procter & Gamble; The Procter & Gamble Company
thebestmencanbe.org,Procter & Gamble; The Procter & Gamble Company
thebevelcode.com,Procter & Gamble; The Procter & Gamble Company
thebevelstandard.com,Procter & Gamble; The Procter & Gamble Company
thebrothahoodofshavin.com,Procter & Gamble; The Procter & Gamble Company
thebrothahoodofshaving.com,Procter & Gamble; The Procter & Gamble Company
thebrotherhoodofshavin.com,Procter & Gamble; The Procter & Gamble Company
thechampionbrands.com,Procter & Gamble; The Procter & Gamble Company
thedingies.com,Procter & Gamble; The Procter & Gamble Company
thedudeproject.com,Procter & Gamble; The Procter & Gamble Company
theeffortlesstampon.com,Procter & Gamble; The Procter & Gamble Company
thefamilyunitpg.com,Procter & Gamble; The Procter & Gamble Company
theforgetinstitute.com,Procter & Gamble; The Procter & Gamble Company
thefullspectra.com,Procter & Gamble; The Procter & Gamble Company
thegroomingauthority.com,Procter & Gamble; The Procter & Gamble Company
thehairchecklist.com,Procter & Gamble; The Procter & Gamble Company
thehairmaskbarshop.com,Procter & Gamble; The Procter & Gamble Company
thehairmasque.com,Procter & Gamble; The Procter & Gamble Company
thehairmasques.com,Procter & Gamble; The Procter & Gamble Company
thehiddeningredient.com,Procter & Gamble; The Procter & Gamble Company
theilatam.com,Procter & Gamble; The Procter & Gamble Company
themanupshow.com,Procter & Gamble; The Procter & Gamble Company
themasquebar.com,Procter & Gamble; The Procter & Gamble Company
themoisturerising.com,Procter & Gamble; The Procter & Gamble Company
themoisturising.com,Procter & Gamble; The Procter & Gamble Company
themoisturizing.com,Procter & Gamble; The Procter & Gamble Company
theofficialsponosrofdads.com,Procter & Gamble; The Procter & Gamble Company
theofficialsponsorofdad.com,Procter & Gamble; The Procter & Gamble Company
theofficialsponsorofdad.com.au,Procter & Gamble
theofficialsponsorofdad.fr,Procter & Gamble
theofficialsponsorofdad.in,Procter & Gamble; The Procter & Gamble Company
theofficialsponsorofdad.it,Procter & Gamble
theofficialsponsorofdad.ru,Procter & Gamble; The Procter & Gamble Company
theofficialsponsorofdad.us,Procter & Gamble; The Procter & Gamble Company
theofficialsponsorofdads.com,Procter & Gamble; The Procter & Gamble Company
theofficialsponsorofdads.com.au,Procter & Gamble
theofficialsponsorofdads.fr,Procter & Gamble
theofficialsponsorofdads.in,Procter & Gamble; The Procter & Gamble Company
theofficialsponsorofdads.it,Procter & Gamble
theofficialsponsorofdads.ru,Procter & Gamble; The Procter & Gamble Company
theofficialsponsorofdads.us,Procter & Gamble; The Procter & Gamble Company
theofficialsponsorofmom.com.au,Procter & Gamble
theofficialsponsorofmom.fr,Procter & Gamble
theofficialsponsorofmom.in,Procter & Gamble; The Procter & Gamble Company
theofficialsponsorofmom.it,Procter & Gamble
theofficialsponsorofmom.ru,Procter & Gamble; The Procter & Gamble Company
theofficialsponsorofmom.us,Procter & Gamble; The Procter & Gamble Company
theofficialsponsorofmoms.com,Procter & Gamble; The Procter & Gamble Company
theofficialsponsorofmoms.com.au,Procter & Gamble
theofficialsponsorofmoms.in,Procter & Gamble; The Procter & Gamble Company
theofficialsponsorofmoms.it,Procter & Gamble
theofficialsponsorofmoms.pl,Procter & Gamble; The Procter & Gamble Company
theofficialsponsorofmoms.ru,Procter & Gamble; The Procter & Gamble Company
theofficialsponsorofmoms.us,Procter & Gamble; The Procter & Gamble Company
theoryoralcare.com,Procter & Gamble; The Procter & Gamble Company
theorypaste.com,Procter & Gamble; The Procter & Gamble Company
theorytoothpaste.com,Procter & Gamble; The Procter & Gamble Company
theouai.com,Procter & Gamble; The Procter & Gamble Company
thepgfamilyhome.com,Procter & Gamble; The Procter & Gamble Company
thepgfamilyhome.com.au,Procter & Gamble
thepgfamilyhome.in,Procter & Gamble; The Procter & Gamble Company
thepgfamilyhome.it,Procter & Gamble
thepgfamilyhome.ru,Procter & Gamble; The Procter & Gamble Company
thepgfamilyhome.us,Procter & Gamble; The Procter & Gamble Company
thepgfamilyhouse.com,Procter & Gamble; The Procter & Gamble Company
thepgfamilyhouse.com.au,Procter & Gamble
thepgfamilyhouse.fr,Procter & Gamble
thepgfamilyhouse.in,Procter & Gamble; The Procter & Gamble Company
thepgfamilyhouse.it,Procter & Gamble
thepgfamilyhouse.pl,Procter & Gamble; The Procter & Gamble Company
thepgfamilyhouse.ru,Procter & Gamble; The Procter & Gamble Company
thepgfamilyhouse.us,Procter & Gamble; The Procter & Gamble Company
theproudsponsorofdad.com,Procter & Gamble; The Procter & Gamble Company
theproudsponsorofdad.com.au,Procter & Gamble
theproudsponsorofdad.fr,Procter & Gamble
theproudsponsorofdad.in,Procter & Gamble; The Procter & Gamble Company
theproudsponsorofdad.it,Procter & Gamble
theproudsponsorofdad.ru,Procter & Gamble; The Procter & Gamble Company
theproudsponsorofdad.us,Procter & Gamble; The Procter & Gamble Company
theproudsponsorofdads.com,Procter & Gamble; The Procter & Gamble Company
theproudsponsorofdads.com.au,Procter & Gamble
theproudsponsorofdads.fr,Procter & Gamble
theproudsponsorofdads.in,Procter & Gamble; The Procter & Gamble Company
theproudsponsorofdads.it,Procter & Gamble
theproudsponsorofdads.ru,Procter & Gamble; The Procter & Gamble Company
theproudsponsorofdads.us,Procter & Gamble; The Procter & Gamble Company
theproudsponsorofmom.in,Procter & Gamble; The Procter & Gamble Company
theproudsponsorofmom.it,Procter & Gamble
theproudsponsorofmom.ru,Procter & Gamble; The Procter & Gamble Company
theproudsponsorofmom.us,Procter & Gamble; The Procter & Gamble Company
theproudsponsorofmoms.com.au,Procter & Gamble
theproudsponsorofmoms.fr,Procter & Gamble
theproudsponsorofmoms.in,Procter & Gamble; The Procter & Gamble Company
theproudsponsorofmoms.it,Procter & Gamble
theproudsponsorofmoms.ru,Procter & Gamble; The Procter & Gamble Company
theproudsponsorofmoms.us,Procter & Gamble; The Procter & Gamble Company
thequestionaapi.com,Procter & Gamble; The Procter & Gamble Company
thermoscan.com,Procter & Gamble; The Procter & Gamble Company
theroad2relief.com,Procter & Gamble; The Procter & Gamble Company
theroadtorelief.com,Procter & Gamble; The Procter & Gamble Company
theroyaloilscollection.com,Procter & Gamble; The Procter & Gamble Company
thesheddingfilm.com,Procter & Gamble; The Procter & Gamble Company
thesmartsleepcoach.com,Procter & Gamble; The Procter & Gamble Company
thesmartsleepcoachbypampers.com,Procter & Gamble; The Procter & Gamble Company
thesponsorofdad.com,Procter & Gamble; The Procter & Gamble Company
thesponsorofdad.com.au,Procter & Gamble
thesponsorofdad.fr,Procter & Gamble
thesponsorofdad.in,Procter & Gamble; The Procter & Gamble Company
thesponsorofdad.it,Procter & Gamble
thesponsorofdad.ru,Procter & Gamble; The Procter & Gamble Company
thesponsorofdad.us,Procter & Gamble; The Procter & Gamble Company
thesponsorofdads.com,Procter & Gamble; The Procter & Gamble Company
thesponsorofdads.com.au,Procter & Gamble
thesponsorofdads.fr,Procter & Gamble
thesponsorofdads.in,Procter & Gamble; The Procter & Gamble Company
thesponsorofdads.it,Procter & Gamble
thesponsorofdads.ru,Procter & Gamble; The Procter & Gamble Company
thesponsorofdads.us,Procter & Gamble; The Procter & Gamble Company
thesponsorofmom.com,Procter & Gamble; The Procter & Gamble Company
thesponsorofmom.fr,Procter & Gamble
thesponsorofmom.in,Procter & Gamble; The Procter & Gamble Company
thesponsorofmom.it,Procter & Gamble
thesponsorofmom.ru,Procter & Gamble; The Procter & Gamble Company
thesponsorofmom.us,Procter & Gamble; The Procter & Gamble Company
thesponsorofmoms.com,Procter & Gamble; The Procter & Gamble Company
thesponsorofmoms.com.au,Procter & Gamble
thesponsorofmoms.fr,Procter & Gamble
thesponsorofmoms.in,Procter & Gamble; The Procter & Gamble Company
thesponsorofmoms.it,Procter & Gamble
thesponsorofmoms.ru,Procter & Gamble; The Procter & Gamble Company
thesponsorofmoms.us,Procter & Gamble; The Procter & Gamble Company
thestylegenius.com,Procter & Gamble; The Procter & Gamble Company
thetalkingstain.com,Procter & Gamble; The Procter & Gamble Company
thevenuspubesong.com,Procter & Gamble; The Procter & Gamble Company
thevicksrevival.com,Procter & Gamble; The Procter & Gamble Company
thevitaminfinder.com,Procter & Gamble; The Procter & Gamble Company
thewellement.com,Procter & Gamble; The Procter & Gamble Company
thewellnesboutique.com,Procter & Gamble; The Procter & Gamble Company
theworldisyours.com,Procter & Gamble; The Procter & Gamble Company
theyearofsavings.com,Procter & Gamble; The Procter & Gamble Company
theyearofsavingsrebate.com,Procter & Gamble; The Procter & Gamble Company
theyearofsavingsrebatebook.com,Procter & Gamble; The Procter & Gamble Company
thezevotrap.com,Procter & Gamble; The Procter & Gamble Company
thinkfuturefriendly.com,Procter & Gamble; The Procter & Gamble Company
this-is-girl.ru,Procter & Gamble; The Procter & Gamble Company
thisattractgirls.com,Procter & Gamble; The Procter & Gamble Company
thisattractsgirl.com,Procter & Gamble; The Procter & Gamble Company
thisattractsgirls.com,Procter & Gamble; The Procter & Gamble Company
thisisgirl.fr,Procter & Gamble
thisisgirl.mobi,Procter & Gamble; The Procter & Gamble Company
thisisgirl.ru,Procter & Gamble; The Procter & Gamble Company
thisisgirl.tv,Procter & Gamble; primary
thisisl.com,Procter & Gamble; The Procter & Gamble Company
thomasmfinn.com,Procter & Gamble; The Procter & Gamble Company
thomasmfinn.mobi,Procter & Gamble; The Procter & Gamble Company
thomasmfinn.net,Procter & Gamble; The Procter & Gamble Company
thomasmfinn.org,Procter & Gamble; The Procter & Gamble Company
thomasmfinn.us,Procter & Gamble; The Procter & Gamble Company
thriving-moms.com,Procter & Gamble; The Procter & Gamble Company
throwakiss.com,Procter & Gamble; The Procter & Gamble Company
ticket-competition.com,Procter & Gamble; The Procter & Gamble Company
tide-auto.com,Procter & Gamble; The Procter & Gamble Company
tide-egypt.com,Procter & Gamble; The Procter & Gamble Company
tide.asia,Procter & Gamble; The Procter & Gamble Company
tide.co.in,Procter & Gamble; primary
tide.com,Procter & Gamble; The Procter & Gamble Company
tide.in,Procter & Gamble; primary
tide.info,Procter & Gamble; The Procter & Gamble Company
tide.me,Procter & Gamble; The Procter & Gamble Company
tide.mobi,Procter & Gamble; The Procter & Gamble Company
tide.ru,Procter & Gamble; The Procter & Gamble Company
tide.us,Procter & Gamble; The Procter & Gamble Company
tide1.com,Procter & Gamble; The Procter & Gamble Company
tide1washmiracle.com,Procter & Gamble; The Procter & Gamble Company
tide2.com,Procter & Gamble; The Procter & Gamble Company
tide2go.com,Procter & Gamble; The Procter & Gamble Company
tide2x.com,Procter & Gamble; The Procter & Gamble Company
tide2xultra.com,Procter & Gamble; The Procter & Gamble Company
tide3.com,Procter & Gamble; The Procter & Gamble Company
tide4.com,Procter & Gamble; The Procter & Gamble Company
tideanddowny.com,Procter & Gamble; The Procter & Gamble Company
tidearabia.ae,Procter & Gamble; The Procter & Gamble Company
tidearabia.com,Procter & Gamble; The Procter & Gamble Company
tideautodose.com,Procter & Gamble; The Procter & Gamble Company
tideboost.com,Procter & Gamble; The Procter & Gamble Company
tidebycharliebanana.com,Procter & Gamble; The Procter & Gamble Company
tidecarpetcleaners.com,Procter & Gamble; The Procter & Gamble Company
tidecarpetcleaners.net,Procter & Gamble; The Procter & Gamble Company
tidecarpetcleaners.org,Procter & Gamble; The Procter & Gamble Company
tidecarpetcleaning.com,Procter & Gamble; The Procter & Gamble Company
tidecarpetcleaning.net,Procter & Gamble; The Procter & Gamble Company
tidecarpetcleaning.org,Procter & Gamble; The Procter & Gamble Company
tidecleaner.com,Procter & Gamble; The Procter & Gamble Company
tidecleaners.com,Procter & Gamble; The Procter & Gamble Company
tidecleanerssweeps.com,Procter & Gamble; The Procter & Gamble Company
tidecleaning.com,Procter & Gamble; The Procter & Gamble Company
tidecleankit.com,Procter & Gamble; The Procter & Gamble Company
tidecleankitezpress.com,Procter & Gamble; The Procter & Gamble Company
tidecleanquest.com,Procter & Gamble; The Procter & Gamble Company
tidecleanquests.com,Procter & Gamble; The Procter & Gamble Company
tidecleanstart.com,Procter & Gamble; The Procter & Gamble Company
tidecoldwaterchallenge.com,Procter & Gamble; The Procter & Gamble Company
tidecoldwatersamples.com,Procter & Gamble; The Procter & Gamble Company
tideconnect.com,Procter & Gamble; The Procter & Gamble Company
tideconnectedhome.com,Procter & Gamble; The Procter & Gamble Company
tidedetergent.com,Procter & Gamble; The Procter & Gamble Company
tidedirtiestkid.com,Procter & Gamble; The Procter & Gamble Company
tidedispenser.com,Procter & Gamble; The Procter & Gamble Company
tidedryclean.com,Procter & Gamble; The Procter & Gamble Company
tidedrycleaner.com,Procter & Gamble; The Procter & Gamble Company
tidedrycleaners.com,Procter & Gamble; The Procter & Gamble Company
tidedrycleanersatl.com,Procter & Gamble; The Procter & Gamble Company
tidedrycleanerscbus.com,Procter & Gamble; The Procter & Gamble Company
tidedrycleanerschi.com,Procter & Gamble; The Procter & Gamble Company
tidedrycleanerscin.com,Procter & Gamble; The Procter & Gamble Company
tidedrycleanerscle.com,Procter & Gamble; The Procter & Gamble Company
tidedrycleanersclt.com,Procter & Gamble; The Procter & Gamble Company
tidedrycleanersden.com,Procter & Gamble; The Procter & Gamble Company
tidedrycleanersdet.com,Procter & Gamble; The Procter & Gamble Company
tidedrycleanersdfw.com,Procter & Gamble; The Procter & Gamble Company
tidedrycleanersind.com,Procter & Gamble; The Procter & Gamble Company
tidedrycleanerskc.com,Procter & Gamble; The Procter & Gamble Company
tidedrycleanerslr.com,Procter & Gamble; The Procter & Gamble Company
tidedrycleanerslv.com,Procter & Gamble; The Procter & Gamble Company
tidedrycleanersmpls.com,Procter & Gamble; The Procter & Gamble Company
tidedrycleanersnj.com,Procter & Gamble; The Procter & Gamble Company
tidedrycleanersnwtx.com,Procter & Gamble; The Procter & Gamble Company
tidedrycleanersokc.com,Procter & Gamble; The Procter & Gamble Company
tidedrycleanersoma.com,Procter & Gamble; The Procter & Gamble Company
tidedrycleanersral.com,Procter & Gamble; The Procter & Gamble Company
tidedrycleanerssefl.com,Procter & Gamble; The Procter & Gamble Company
tidedrycleanersslc.com,Procter & Gamble; The Procter & Gamble Company
tidedrycleanersstl.com,Procter & Gamble; The Procter & Gamble Company
tidedrycleanersswfl.com,Procter & Gamble; The Procter & Gamble Company
tidedrycleanerstpa.com,Procter & Gamble; The Procter & Gamble Company
tidedrycleaning.com,Procter & Gamble; The Procter & Gamble Company
tideeaufroide.com,Procter & Gamble; The Procter & Gamble Company
tideecobox.com,Procter & Gamble; The Procter & Gamble Company
tideenergysavings.com,Procter & Gamble; The Procter & Gamble Company
tideezpress.com,Procter & Gamble; The Procter & Gamble Company
tidefabriccare.com,Procter & Gamble; The Procter & Gamble Company
tidefamilies.com,Procter & Gamble; The Procter & Gamble Company
tideforbabies.com,Procter & Gamble; The Procter & Gamble Company
tideforbaby.com,Procter & Gamble; The Procter & Gamble Company
tideforclothdiaper.com,Procter & Gamble; The Procter & Gamble Company
tideforclothdiapers.com,Procter & Gamble; The Procter & Gamble Company
tidefordiapers.com,Procter & Gamble; The Procter & Gamble Company
tideforfamily.com,Procter & Gamble; The Procter & Gamble Company
tidefranchise.com,Procter & Gamble; The Procter & Gamble Company
tidehe.com,Procter & Gamble; The Procter & Gamble Company
tideinf.com,Procter & Gamble; The Procter & Gamble Company
tideinfo.cz,Procter & Gamble; The Procter & Gamble Company
tideinstantstainremover.com,Procter & Gamble; The Procter & Gamble Company
tideisshrinking.com,Procter & Gamble; The Procter & Gamble Company
tidejerseyswap.com,Procter & Gamble; The Procter & Gamble Company
tidejerseysweeps.com,Procter & Gamble; The Procter & Gamble Company
tidejump.com,Procter & Gamble; The Procter & Gamble Company
tidejump.net,Procter & Gamble; The Procter & Gamble Company
tidekick.com,Procter & Gamble; The Procter & Gamble Company
tidelaundromat.com,Procter & Gamble; The Procter & Gamble Company
tideloadsofhope.com,Procter & Gamble; The Procter & Gamble Company
tideloadsofhopetees.com,Procter & Gamble; The Procter & Gamble Company
tidemiracle.com,Procter & Gamble; The Procter & Gamble Company
tidemiracles.com,Procter & Gamble; The Procter & Gamble Company
tidemiraclestain.com,Procter & Gamble; The Procter & Gamble Company
tidemoms.com,Procter & Gamble; The Procter & Gamble Company
tideondemand.com,Procter & Gamble; The Procter & Gamble Company
tideonewashmiracle.com,Procter & Gamble; The Procter & Gamble Company
tideonthego.com,Procter & Gamble; The Procter & Gamble Company
tideportable.com,Procter & Gamble; The Procter & Gamble Company
tidepowdermbg.com,Procter & Gamble; The Procter & Gamble Company
tidepress.com,Procter & Gamble; The Procter & Gamble Company
tideprofessionalcarpetcleaners.com,Procter & Gamble; The Procter & Gamble Company
tideprofessionalcarpetcleaners.net,Procter & Gamble; The Procter & Gamble Company
tideprofessionalcarpetcleaning.com,Procter & Gamble; The Procter & Gamble Company
tideprofessionalcarpetcleaning.net,Procter & Gamble; The Procter & Gamble Company
tideprofessionalcarpetcleaning.org,Procter & Gamble; The Procter & Gamble Company
tideprofessionalcleaners.com,Procter & Gamble; The Procter & Gamble Company
tideprofessionalcleaners.net,Procter & Gamble; The Procter & Gamble Company
tideprofessionalcleaners.org,Procter & Gamble; The Procter & Gamble Company
tidepromo.com,Procter & Gamble; The Procter & Gamble Company
tidepromos.com,Procter & Gamble; The Procter & Gamble Company
tidepromotion.com,Procter & Gamble; The Procter & Gamble Company
tidepromotions.com,Procter & Gamble; The Procter & Gamble Company
tidepurclean.com,Procter & Gamble; The Procter & Gamble Company
tidepurebaby.com,Procter & Gamble; The Procter & Gamble Company
tidequests.com,Procter & Gamble; The Procter & Gamble Company
tideracing.com,Procter & Gamble; The Procter & Gamble Company
tiderapidactiontablets.com,Procter & Gamble; The Procter & Gamble Company
tiderewards.com,Procter & Gamble; The Procter & Gamble Company
tidesample.com,Procter & Gamble; The Procter & Gamble Company
tidesavings.com,Procter & Gamble; The Procter & Gamble Company
tidesdirtiestkid.com,Procter & Gamble; The Procter & Gamble Company
tidesdirtiestkids.com,Procter & Gamble; The Procter & Gamble Company
tideshoes.com,Procter & Gamble; The Procter & Gamble Company
tidesmarthome.com,Procter & Gamble; The Procter & Gamble Company
tidespin.com,Procter & Gamble; The Procter & Gamble Company
tidestain.com,Procter & Gamble; The Procter & Gamble Company
tidestainbrain.com,Procter & Gamble; The Procter & Gamble Company
tidestaindetective.com,Procter & Gamble; The Procter & Gamble Company
tidestainpen.com,Procter & Gamble; The Procter & Gamble Company
tidestainrelease.com,Procter & Gamble; The Procter & Gamble Company
tidestainremover.com,Procter & Gamble; The Procter & Gamble Company
tidesurvey.com,Procter & Gamble; The Procter & Gamble Company
tideswash.com,Procter & Gamble; The Procter & Gamble Company
tidesweeps.com,Procter & Gamble; The Procter & Gamble Company
tidesweepstakes.com,Procter & Gamble; The Procter & Gamble Company
tidetablets.com,Procter & Gamble; The Procter & Gamble Company
tidetabs.com,Procter & Gamble; The Procter & Gamble Company
tidetees.com,Procter & Gamble; The Procter & Gamble Company
tideteesloadsofhope.com,Procter & Gamble; The Procter & Gamble Company
tidethat.com,Procter & Gamble; The Procter & Gamble Company
tidetogo.com,Procter & Gamble; The Procter & Gamble Company
tidetogopromo.com,Procter & Gamble; The Procter & Gamble Company
tidetogopromos.com,Procter & Gamble; The Procter & Gamble Company
tidetogopromotion.com,Procter & Gamble; The Procter & Gamble Company
tidetogopromotions.com,Procter & Gamble; The Procter & Gamble Company
tidetogowipes.com,Procter & Gamble; The Procter & Gamble Company
tidetotalcare.com,Procter & Gamble; The Procter & Gamble Company
tideturntocoldsocialsweeps.com,Procter & Gamble; The Procter & Gamble Company
tideultra.com,Procter & Gamble; The Procter & Gamble Company
tideultra2x.com,Procter & Gamble; The Procter & Gamble Company
tidevintagetees.com,Procter & Gamble; The Procter & Gamble Company
tidewashclub.com,Procter & Gamble; The Procter & Gamble Company
tidewashclub.net,Procter & Gamble; The Procter & Gamble Company
tidewashingmachinecleaner.com,Procter & Gamble; The Procter & Gamble Company
tidewipes.com,Procter & Gamble; The Procter & Gamble Company
tidewithcharliebanana.com,Procter & Gamble; The Procter & Gamble Company
tidewithdreft.com,Procter & Gamble; The Procter & Gamble Company
tidewithfebreeze.com,Procter & Gamble; The Procter & Gamble Company
tidewithfebreze.com,Procter & Gamble; The Procter & Gamble Company
tideworkingwonders.com,Procter & Gamble; The Procter & Gamble Company
tideworkswonders.com,Procter & Gamble; The Procter & Gamble Company
tidexcharliebanana.com,Procter & Gamble; The Procter & Gamble Company
tidexdreft.com,Procter & Gamble; The Procter & Gamble Company
tidysociety.com,Procter & Gamble; The Procter & Gamble Company
tiendapg.com,Procter & Gamble; The Procter & Gamble Company
tiendapueblooldspice.com,Procter & Gamble; The Procter & Gamble Company
tifa.ru,Procter & Gamble
timerenewal.com,Procter & Gamble; The Procter & Gamble Company
tipsfortreat.com,Procter & Gamble; The Procter & Gamble Company
tipsfortreats.com,Procter & Gamble; The Procter & Gamble Company
tissue.com,Procter & Gamble; The Procter & Gamble Company
titth.com,Procter & Gamble; The Procter & Gamble Company
tnhcare.com,Procter & Gamble; The Procter & Gamble Company
toalhitas.com,Procter & Gamble; The Procter & Gamble Company
tododawn.com,Procter & Gamble; The Procter & Gamble Company
todoslosdiasmi.com,Procter & Gamble; The Procter & Gamble Company
toejam.com,Procter & Gamble; The Procter & Gamble Company
toejammin.com,Procter & Gamble; The Procter & Gamble Company
togetherwithpg.com,Procter & Gamble; The Procter & Gamble Company
tomfeijtelfund.org,Procter & Gamble; The Procter & Gamble Company
toothanddare.com,Procter & Gamble; The Procter & Gamble Company
toothbrush-heads.info,Procter & Gamble; The Procter & Gamble Company
toothbrush-heads.org,Procter & Gamble; The Procter & Gamble Company
toothfairyacademy.com,Procter & Gamble; The Procter & Gamble Company
toothfairyhq.com,Procter & Gamble; The Procter & Gamble Company
toothfairyinabox.com,Procter & Gamble; The Procter & Gamble Company
toothpaste.com,Procter & Gamble; The Procter & Gamble Company
topsfansweeps.com,Procter & Gamble; The Procter & Gamble Company
tortizpampersov.ru,Procter & Gamble; The Procter & Gamble Company
total-effects.com,Procter & Gamble; The Procter & Gamble Company
totalcaredifference.com,Procter & Gamble; The Procter & Gamble Company
totaleffects.asia,Procter & Gamble; The Procter & Gamble Company
totaleffects.ru,Procter & Gamble; The Procter & Gamble Company
touchablesofthair.com,Procter & Gamble; The Procter & Gamble Company
toucheffects.com,Procter & Gamble; The Procter & Gamble Company
touchinglivesimprovinglife.com,Procter & Gamble; The Procter & Gamble Company
towels.com,Procter & Gamble; The Procter & Gamble Company
tr-braun.com,Procter & Gamble; The Procter & Gamble Company
tracii.com,Procter & Gamble; The Procter & Gamble Company
tratamientospantene.com,Procter & Gamble; The Procter & Gamble Company
trbraun.com,Procter & Gamble; The Procter & Gamble Company
trbraun.xyz,Procter & Gamble; The Procter & Gamble Company
treatover.com,Procter & Gamble; The Procter & Gamble Company
tremer.com,Procter & Gamble; The Procter & Gamble Company
tremir.com,Procter & Gamble; The Procter & Gamble Company
tresvecesmasrapido.com,Procter & Gamble; The Procter & Gamble Company
tribionta.com,Procter & Gamble; The Procter & Gamble Company
tribiontabenefis.com,Procter & Gamble; The Procter & Gamble Company
tribiontabenefus.com,Procter & Gamble; The Procter & Gamble Company
triedandtested.com,Procter & Gamble; The Procter & Gamble Company
triscents.com,Procter & Gamble; The Procter & Gamble Company
trium-viralis.com,Procter & Gamble; The Procter & Gamble Company
trivitana-q10.com,Procter & Gamble; The Procter & Gamble Company
trivitanaq10.com,Procter & Gamble; The Procter & Gamble Company
troyshair.com,Procter & Gamble; The Procter & Gamble Company
troytacklesmore.com,Procter & Gamble; The Procter & Gamble Company
trustedtrio.com,Procter & Gamble; The Procter & Gamble Company
truthorhair.com,Procter & Gamble; The Procter & Gamble Company
try-gillette.com,Procter & Gamble; The Procter & Gamble Company
tryalignprobiotics.com,Procter & Gamble; The Procter & Gamble Company
tryallery.com,Procter & Gamble; The Procter & Gamble Company
trybodewell.com,Procter & Gamble; The Procter & Gamble Company
trybountywet.com,Procter & Gamble; The Procter & Gamble Company
trycascade.com,Procter & Gamble; The Procter & Gamble Company
trydawn.com,Procter & Gamble; The Procter & Gamble Company
tryfairyplatinum.com,Procter & Gamble; The Procter & Gamble Company
tryfoodlab.com,Procter & Gamble; The Procter & Gamble Company
trygillette.com,Procter & Gamble; The Procter & Gamble Company
trygillettelabs.com,Procter & Gamble; The Procter & Gamble Company
tryitonstudio.com,Procter & Gamble; The Procter & Gamble Company
tryitonstudio.net,Procter & Gamble; The Procter & Gamble Company
tryitonstudio.org,Procter & Gamble; The Procter & Gamble Company
trykingsley.com,Procter & Gamble; The Procter & Gamble Company
trylenorpink.com,Procter & Gamble; The Procter & Gamble Company
trynewtide.com,Procter & Gamble; The Procter & Gamble Company
tryolaytoday.com,Procter & Gamble; The Procter & Gamble Company
trypampers.ae,Procter & Gamble; The Procter & Gamble Company
trypampers.com,Procter & Gamble; The Procter & Gamble Company
trypowerproducts.com,Procter & Gamble; The Procter & Gamble Company
trysecretsport.com,Procter & Gamble; The Procter & Gamble Company
trysimplepleasures.com,Procter & Gamble; The Procter & Gamble Company
trystressballs.com,Procter & Gamble; The Procter & Gamble Company
trythefoam.com,Procter & Gamble; The Procter & Gamble Company
trythepump.com,Procter & Gamble; The Procter & Gamble Company
trytideclean.com,Procter & Gamble; The Procter & Gamble Company
trytotalcare.com,Procter & Gamble; The Procter & Gamble Company
tryzevotrap.com,Procter & Gamble; The Procter & Gamble Company
tsuruha-pg-pampers-56cp.com,Procter & Gamble; The Procter & Gamble Company
ttytour.com,Procter & Gamble; The Procter & Gamble Company
tucompradelmes.com,Procter & Gamble; The Procter & Gamble Company
tuequipobrilla.com,Procter & Gamble; The Procter & Gamble Company
tula.com,Procter & Gamble; The Procter & Gamble Company
tulabeauty.ca,Procter & Gamble
tulaeuou.com,Procter & Gamble; The Procter & Gamble Company
tulaeuou.fr,Procter & Gamble
tulaseuou.com,Procter & Gamble; The Procter & Gamble Company
tulaskincare.ca,Procter & Gamble
tumblesoft.com,Procter & Gamble; The Procter & Gamble Company
tunavision.com,Procter & Gamble; The Procter & Gamble Company
tunavisionguide.com,Procter & Gamble; The Procter & Gamble Company
tuneear.care,Procter & Gamble; The Procter & Gamble Company
tuneearcare.com,Procter & Gamble; The Procter & Gamble Company
tuneearscience.com,Procter & Gamble; The Procter & Gamble Company
tunemyears.com,Procter & Gamble; The Procter & Gamble Company
tunesucks.com,Procter & Gamble; The Procter & Gamble Company
turntocold.com,Procter & Gamble; The Procter & Gamble Company
tusmomentosimpecables.com,Procter & Gamble; The Procter & Gamble Company
tusya-dusya.ru,Procter & Gamble
tuvidaeshoy.com,Procter & Gamble; The Procter & Gamble Company
tuvidaeshoy.net,Procter & Gamble; The Procter & Gamble Company
tvatt.info,Procter & Gamble; The Procter & Gamble Company
tvoy-poklonnik.ru,Procter & Gamble; The Procter & Gamble Company
tvoypoklonnik.ru,Procter & Gamble; The Procter & Gamble Company
tweetfromtheseat.com,Procter & Gamble; The Procter & Gamble Company
twentyfoursmile.com,Procter & Gamble; The Procter & Gamble Company
twosidedclean.com,Procter & Gamble; The Procter & Gamble Company
tytropro.com,Procter & Gamble; The Procter & Gamble Company
tytropro.info,Procter & Gamble; The Procter & Gamble Company
tytropro.net,Procter & Gamble; The Procter & Gamble Company
uborka-legko.ru,Procter & Gamble
ulay.com,Procter & Gamble; The Procter & Gamble Company
ultimateshave.com,Procter & Gamble; The Procter & Gamble Company
ultrababydrysurvey.com,Procter & Gamble; The Procter & Gamble Company
ultrabion.com,Procter & Gamble; The Procter & Gamble Company
ultradawnpower.com,Procter & Gamble; The Procter & Gamble Company
ultradawnvalue.com,Procter & Gamble; The Procter & Gamble Company
ultradowny.com,Procter & Gamble; The Procter & Gamble Company
ultralaundry.com,Procter & Gamble; The Procter & Gamble Company
ultrarepaircream.com,Procter & Gamble
ultratide.com,Procter & Gamble; The Procter & Gamble Company
un-testen.com,Procter & Gamble; The Procter & Gamble Company
unasettimanadabomber.it,Procter & Gamble
unbuonoda4europerte.it,Procter & Gamble
underarm.com,Procter & Gamble; The Procter & Gamble Company
underarmedanddangerous.com,Procter & Gamble; The Procter & Gamble Company
underarms.com,Procter & Gamble; The Procter & Gamble Company
undermylayers.com,Procter & Gamble; The Procter & Gamble Company
underneaththelayers.com,Procter & Gamble; The Procter & Gamble Company
unexpiredpantene.com,Procter & Gamble; The Procter & Gamble Company
unfuturosostenible.com,Procter & Gamble; The Procter & Gamble Company
unidosportubienestar.com,Procter & Gamble; The Procter & Gamble Company
uniformatuequipoconpg.com,Procter & Gamble; The Procter & Gamble Company
unioneperfettacashback.it,Procter & Gamble
uniquelygirl.com,Procter & Gamble; The Procter & Gamble Company
uniqulygirl.com,Procter & Gamble; The Procter & Gamble Company
unitedcincy.com,Procter & Gamble; The Procter & Gamble Company
unitedwebeautify.com,Procter & Gamble; The Procter & Gamble Company
universidaddelhogar.com,Procter & Gamble; The Procter & Gamble Company
universitylaundry.com,Procter & Gamble; The Procter & Gamble Company
unlitrodipurezza.it,Procter & Gamble
unstopables.com,Procter & Gamble; The Procter & Gamble Company
unstopablesdigitalcoupons.com,Procter & Gamble; The Procter & Gamble Company
unstopablesrewards.com,Procter & Gamble; The Procter & Gamble Company
unstopablesunlimitedsweeps.com,Procter & Gamble; The Procter & Gamble Company
unstoppables-promo.com,Procter & Gamble; The Procter & Gamble Company
unstoppablesbuonospesa.it,Procter & Gamble
up2date.digital,Procter & Gamble; The Procter & Gamble Company
upgrade-u.com,Procter & Gamble; The Procter & Gamble Company
us-pg.vip,Procter & Gamble
usecrest.com,Procter & Gamble; The Procter & Gamble Company
usedailyforgreatness.com,Procter & Gamble; The Procter & Gamble Company
usewelcome.com,Procter & Gamble; The Procter & Gamble Company
uustperiods.com,Procter & Gamble; The Procter & Gamble Company
valariesheppard.com,Procter & Gamble; The Procter & Gamble Company
valariesheppard.info,Procter & Gamble; The Procter & Gamble Company
valariesheppard.mobi,Procter & Gamble; The Procter & Gamble Company
valariesheppard.net,Procter & Gamble; The Procter & Gamble Company
valariesheppard.org,Procter & Gamble; The Procter & Gamble Company
valariesheppard.us,Procter & Gamble; The Procter & Gamble Company
valeze.com,Procter & Gamble; The Procter & Gamble Company
valore-perte.it,Procter & Gamble
valoresicuroperte.com,Procter & Gamble; The Procter & Gamble Company
valoresicuroperte.it,Procter & Gamble
valoridisempre.it,Procter & Gamble
valueinsiderclub.com,Procter & Gamble; The Procter & Gamble Company
vapolem.com,Procter & Gamble; The Procter & Gamble Company
vaporesse.com,Procter & Gamble; The Procter & Gamble Company
vaporinhaler.com,Procter & Gamble; The Procter & Gamble Company
vaporrub.com,Procter & Gamble; The Procter & Gamble Company
vaporub.asia,Procter & Gamble; The Procter & Gamble Company
vaporub.com,Procter & Gamble; The Procter & Gamble Company
vaporub.net,Procter & Gamble; The Procter & Gamble Company
vaporub.us,Procter & Gamble; primary
vaporubcream.com,Procter & Gamble; The Procter & Gamble Company
vaporup.com,Procter & Gamble; The Procter & Gamble Company
vaposteam.com,Procter & Gamble; The Procter & Gamble Company
vaposyrup.com,Procter & Gamble; The Procter & Gamble Company
vaske-info.com,Procter & Gamble; The Procter & Gamble Company
vasobion.com,Procter & Gamble; The Procter & Gamble Company
venezuelabarcode.com,Procter & Gamble; The Procter & Gamble Company
venproducts.com,Procter & Gamble; The Procter & Gamble Company
ventclips.com,Procter & Gamble; The Procter & Gamble Company
ventureschallenge.com,Procter & Gamble; The Procter & Gamble Company
venus-shave-club.com,Procter & Gamble; The Procter & Gamble Company
venusbreeze.com,Procter & Gamble; The Procter & Gamble Company
venusdigitalcoupons.com,Procter & Gamble; The Procter & Gamble Company
venusdirect.com,Procter & Gamble; The Procter & Gamble Company
venusdivine.com,Procter & Gamble; The Procter & Gamble Company
venusembrace.com,Procter & Gamble; The Procter & Gamble Company
venusfestival.com,Procter & Gamble; The Procter & Gamble Company
venusgillette.cz,Procter & Gamble; The Procter & Gamble Company
venusintimacolombia.com,Procter & Gamble; The Procter & Gamble Company
venusmoneyback.com,Procter & Gamble; The Procter & Gamble Company
venusolympics.com,Procter & Gamble; The Procter & Gamble Company
venusskinclusive.com,Procter & Gamble; The Procter & Gamble Company
venussmoothsummer.com,Procter & Gamble; The Procter & Gamble Company
venussnapsurprise.com,Procter & Gamble; The Procter & Gamble Company
venussummersuperstar.com,Procter & Gamble; The Procter & Gamble Company
venusurf.com,Procter & Gamble; The Procter & Gamble Company
venususeyourand.com,Procter & Gamble; The Procter & Gamble Company
venusvibrance.com,Procter & Gamble; The Procter & Gamble Company
venuswintersun.fi,Procter & Gamble; The Procter & Gamble Company
veranopantene.com,Procter & Gamble; The Procter & Gamble Company
veranopelopantene.com,Procter & Gamble; The Procter & Gamble Company
vernosbien.com,Procter & Gamble; The Procter & Gamble Company
vestidosparabrillar.com,Procter & Gamble; The Procter & Gamble Company
vetealmundialcongillette.com,Procter & Gamble; The Procter & Gamble Company
veteamiamiconoxxo.com,Procter & Gamble; The Procter & Gamble Company
veviga.com,Procter & Gamble; The Procter & Gamble Company
viakal.it,Procter & Gamble
viakalconnect.com,Procter & Gamble; The Procter & Gamble Company
viakalperunicef.it,Procter & Gamble
vibovit.au,Procter & Gamble
vibovit.co.in,Procter & Gamble; The Procter & Gamble Company
vibovit.com.au,Procter & Gamble
vibovit.in,Procter & Gamble; The Procter & Gamble Company
vibrantcolor.com,Procter & Gamble; The Procter & Gamble Company
vibrantcolor.net,Procter & Gamble; The Procter & Gamble Company
vibrantcolors.com,Procter & Gamble; The Procter & Gamble Company
vibrantcolors.net,Procter & Gamble; The Procter & Gamble Company
vibrantcolour.com,Procter & Gamble; The Procter & Gamble Company
vibrantcolour.net,Procter & Gamble; The Procter & Gamble Company
vibrantcolours.com,Procter & Gamble; The Procter & Gamble Company
vibrantcolours.net,Procter & Gamble; The Procter & Gamble Company
vick-la.com,Procter & Gamble; The Procter & Gamble Company
vick-latam.com,Procter & Gamble; The Procter & Gamble Company
vick-medicamentos.com,Procter & Gamble; The Procter & Gamble Company
vick.com.do,Procter & Gamble; The Procter & Gamble Company
vickcentroamerica.com,Procter & Gamble; The Procter & Gamble Company
vickchile.com,Procter & Gamble; The Procter & Gamble Company
vickla.com,Procter & Gamble; The Procter & Gamble Company
vicklatam.com,Procter & Gamble; The Procter & Gamble Company
vickpastillas.com,Procter & Gamble; The Procter & Gamble Company
vickprimeraproteccion.com,Procter & Gamble; The Procter & Gamble Company
vickrespiraporlavida.com,Procter & Gamble; The Procter & Gamble Company
vickrespiremosmejor.com,Procter & Gamble; The Procter & Gamble Company
vicks-coughdrops.com,Procter & Gamble; The Procter & Gamble Company
vicks-drops.com,Procter & Gamble; The Procter & Gamble Company
vicks-freshness.com,Procter & Gamble; The Procter & Gamble Company
vicks-refreshment.com,Procter & Gamble; The Procter & Gamble Company
vicks-relaxation.com,Procter & Gamble; The Procter & Gamble Company
vicks.asia,Procter & Gamble; The Procter & Gamble Company
vicks.au,Procter & Gamble
vicks.co.in,Procter & Gamble; primary
vicks.com,Procter & Gamble; The Procter & Gamble Company
vicks.cz,Procter & Gamble; The Procter & Gamble Company
vicks.fr,Procter & Gamble
vicks.it,Procter & Gamble
vicks.mobi,Procter & Gamble; The Procter & Gamble Company
vicks.pro,Procter & Gamble; The Procter & Gamble Company
vicks.ru,Procter & Gamble; The Procter & Gamble Company
vicks.us,Procter & Gamble; primary
vicks44.com,Procter & Gamble; The Procter & Gamble Company
vicks44.net,Procter & Gamble; The Procter & Gamble Company
vicks4you.it,Procter & Gamble
vicksbabies.com,Procter & Gamble; The Procter & Gamble Company
vicksbaby.com,Procter & Gamble; The Procter & Gamble Company
vicksbabyrub.com,Procter & Gamble; The Procter & Gamble Company
vicksblue.com,Procter & Gamble; The Procter & Gamble Company
vicksboutique.it,Procter & Gamble
vicksbreatheforlife.com,Procter & Gamble; The Procter & Gamble Company
vicksbreatheforlife.com.au,Procter & Gamble
vicksbreathforlife.com,Procter & Gamble; The Procter & Gamble Company
vicksconnect.com,Procter & Gamble; The Procter & Gamble Company
vicksdayquill.com,Procter & Gamble; The Procter & Gamble Company
vicksfacebook.com,Procter & Gamble; The Procter & Gamble Company
vicksgroup.com,Procter & Gamble; The Procter & Gamble Company
vickshealth.com,Procter & Gamble; The Procter & Gamble Company
vickshealthcare.com,Procter & Gamble; The Procter & Gamble Company
vickshomecare.com,Procter & Gamble; The Procter & Gamble Company
vickshumidificateurs.com,Procter & Gamble; The Procter & Gamble Company
vickshumidificateurs.fr,Procter & Gamble
vickshumidifiers.com,Procter & Gamble; The Procter & Gamble Company
vicksinitiativehub.com,Procter & Gamble; The Procter & Gamble Company
vickskid.com,Procter & Gamble; The Procter & Gamble Company
vickskids.com,Procter & Gamble; The Procter & Gamble Company
vicksla.com,Procter & Gamble; The Procter & Gamble Company
vicksmedical.com,Procter & Gamble; The Procter & Gamble Company
vicksmomchallenge.com,Procter & Gamble; The Procter & Gamble Company
vicksmomschallenge.com,Procter & Gamble; The Procter & Gamble Company
vicksnaturefusion.com,Procter & Gamble; The Procter & Gamble Company
vicksnyquil.com,Procter & Gamble; The Procter & Gamble Company
vicksrespiraporunavida.com,Procter & Gamble; The Procter & Gamble Company
vicksrespirezpourlavie.fr,Procter & Gamble
vicksrevival.com,Procter & Gamble; The Procter & Gamble Company
vicksrewards.com,Procter & Gamble; The Procter & Gamble Company
vicksroadtorelief.com,Procter & Gamble; The Procter & Gamble Company
vickssinex.com,Procter & Gamble; The Procter & Gamble Company
vickssinussendoff.com,Procter & Gamble; The Procter & Gamble Company
vickstherm.com,Procter & Gamble; The Procter & Gamble Company
vickstore.com,Procter & Gamble; The Procter & Gamble Company
vicksvapo.com,Procter & Gamble; The Procter & Gamble Company
vicksvapopad.com,Procter & Gamble; The Procter & Gamble Company
vicksvapopads.com,Procter & Gamble; The Procter & Gamble Company
vicksvaporinhaler.com,Procter & Gamble; The Procter & Gamble Company
vicksvaporizers.com,Procter & Gamble; The Procter & Gamble Company
vicksvaposteam.com,Procter & Gamble; The Procter & Gamble Company
vicksvapourub.com,Procter & Gamble; The Procter & Gamble Company
vicksvapourub.info,Procter & Gamble; The Procter & Gamble Company
vicksvapourub.net,Procter & Gamble; The Procter & Gamble Company
vickszzzquil.com,Procter & Gamble; The Procter & Gamble Company
victoria50.fi,Procter & Gamble
victoria50.fr,Procter & Gamble
victoria50.info,Procter & Gamble; The Procter & Gamble Company
victoria50.it,Procter & Gamble
victoria50.net,Procter & Gamble; The Procter & Gamble Company
victoria50.ru,Procter & Gamble; The Procter & Gamble Company
vidasindrama.com,Procter & Gamble; The Procter & Gamble Company
vigantol.com,Procter & Gamble; The Procter & Gamble Company
vigantoletten-sticks.com,Procter & Gamble; The Procter & Gamble Company
vigantoletten.com,Procter & Gamble; The Procter & Gamble Company
vigantolettenmax.com,Procter & Gamble; The Procter & Gamble Company
vigantolettensticks.com,Procter & Gamble; The Procter & Gamble Company
vigantolvit-testen.com,Procter & Gamble; The Procter & Gamble Company
vigantolvit.com,Procter & Gamble; The Procter & Gamble Company
vigipoux.com,Procter & Gamble; The Procter & Gamble Company
villariba.com,Procter & Gamble; The Procter & Gamble Company
vinci10conherbalessences.it,Procter & Gamble
vincibliss.it,Procter & Gamble
vincibuonispesaconhs.it,Procter & Gamble
vinciconaz.it,Procter & Gamble
vincicondashpodseunstoppables.it,Procter & Gamble
vinciconfairy.it,Procter & Gamble
vincicongillettevenus.it,Procter & Gamble
vinciconherbal.it,Procter & Gamble
vinciconhs.it,Procter & Gamble
vinciconhs72ore.it,Procter & Gamble
vinciconlenor.it,Procter & Gamble
vinciconoralbkids.it,Procter & Gamble
vinciconpg.it,Procter & Gamble
vincidabomber.it,Procter & Gamble
vinciincassa.it,Procter & Gamble
vincilapartitagillette.it,Procter & Gamble
vincilaseriea.it,Procter & Gamble
vincisorriso.com,Procter & Gamble; The Procter & Gamble Company
vincitesmart.it,Procter & Gamble
vinciunasediazzzquil.it,Procter & Gamble
vinciunbuonospesa.it,Procter & Gamble
vincivideogiochibraun.it,Procter & Gamble
vipbeautyaccess.com,Procter & Gamble; The Procter & Gamble Company
vipbeautyevents.com,Procter & Gamble; The Procter & Gamble Company
vipclub-la.com,Procter & Gamble; The Procter & Gamble Company
vippanelist.com,Procter & Gamble; The Procter & Gamble Company
viralsan.com,Procter & Gamble; The Procter & Gamble Company
virtuallyeliminatesbleeding.com,Procter & Gamble; The Procter & Gamble Company
virtuallyeliminatesgingivitis.com,Procter & Gamble; The Procter & Gamble Company
virtuallygingivitisfree.com,Procter & Gamble; The Procter & Gamble Company
virtuallyplaquefree.com,Procter & Gamble; The Procter & Gamble Company
visibilitymatters.org,Procter & Gamble; The Procter & Gamble Company
visibilitymatters365.com,Procter & Gamble; The Procter & Gamble Company
vision-stain.com,Procter & Gamble; The Procter & Gamble Company
vitagroup.org,Procter & Gamble; The Procter & Gamble Company
vitamin-d-diskurs.com,Procter & Gamble; The Procter & Gamble Company
vitamin-d-infoportal.com,Procter & Gamble; The Procter & Gamble Company
vitamin-d-mangel.com,Procter & Gamble; The Procter & Gamble Company
vitaminddiskurs.com,Procter & Gamble; The Procter & Gamble Company
vitaminesdebeaute.fr,Procter & Gamble
vitaminesenligne.fr,Procter & Gamble
vitaminhaus.com.au,Procter & Gamble
vitaminsboutique.com,Procter & Gamble; The Procter & Gamble Company
vits4kids.com,Procter & Gamble; The Procter & Gamble Company
vivabion.com,Procter & Gamble; The Procter & Gamble Company
vivaeljuego.com,Procter & Gamble; The Procter & Gamble Company
vivaeljuegopg.com,Procter & Gamble; The Procter & Gamble Company
vivalacasapg.com,Procter & Gamble; The Procter & Gamble Company
viveallimite.com,Procter & Gamble; The Procter & Gamble Company
vivera-ca.com,Procter & Gamble; The Procter & Gamble Company
viverabaliv.com,Procter & Gamble; The Procter & Gamble Company
viverabrasil.com,Procter & Gamble; The Procter & Gamble Company
viveraprobiotico.com,Procter & Gamble; The Procter & Gamble Company
vivezletourdefrance.fr,Procter & Gamble
vivosteo.com,Procter & Gamble; The Procter & Gamble Company
vizir.com,Procter & Gamble; The Procter & Gamble Company
vizir.fr,Procter & Gamble
vizir.pro,Procter & Gamble; The Procter & Gamble Company
viziriada.pl,Procter & Gamble; The Procter & Gamble Company
vkaruselke.ru,Procter & Gamble
vogalib-diastrolib.fr,Procter & Gamble
vogliadiunbambino.it,Procter & Gamble
voiceofwellness.com,Procter & Gamble; The Procter & Gamble Company
volagratiscongillettevenus.it,Procter & Gamble
voost.au,Procter & Gamble
voost.com.au,Procter & Gamble
voostus.com,Procter & Gamble; The Procter & Gamble Company
voostvitamin.com,Procter & Gamble; The Procter & Gamble Company
voostvitamins.com,Procter & Gamble; The Procter & Gamble Company
voostvitamins.com.au,Procter & Gamble
votoexpertos.com,Procter & Gamble; The Procter & Gamble Company
votosexpertos.com,Procter & Gamble; The Procter & Gamble Company
voyagebodywash.com,Procter & Gamble; The Procter & Gamble Company
wagsrebate.com,Procter & Gamble; The Procter & Gamble Company
walkerandco.com,Procter & Gamble; The Procter & Gamble Company
walkerandcobrands.com,Procter & Gamble; The Procter & Gamble Company
walkerandcobrands.me,Procter & Gamble; The Procter & Gamble Company
walkerandcompany.com,Procter & Gamble; The Procter & Gamble Company
walkerandcompany.in,Procter & Gamble; The Procter & Gamble Company
walkerandcompany.me,Procter & Gamble; The Procter & Gamble Company
walkingforwishes.com,Procter & Gamble; The Procter & Gamble Company
walkingforwishes.net,Procter & Gamble; The Procter & Gamble Company
walmartpampersgiftcard.com,Procter & Gamble; The Procter & Gamble Company
wanderbelly.com,Procter & Gamble; The Procter & Gamble Company
wantmydataback.com,Procter & Gamble; The Procter & Gamble Company
wantthathair.com,Procter & Gamble; The Procter & Gamble Company
warmrazor.com,Procter & Gamble; The Procter & Gamble Company
washandtoss.com,Procter & Gamble; The Procter & Gamble Company
washincold.com,Procter & Gamble; The Procter & Gamble Company
washmiracle.com,Procter & Gamble; The Procter & Gamble Company
washmydishes.com,Procter & Gamble; The Procter & Gamble Company
washntoss.com,Procter & Gamble; The Procter & Gamble Company
washwithariel.com,Procter & Gamble; The Procter & Gamble Company
waterlesshaircare.com,Procter & Gamble; The Procter & Gamble Company
we-100.com,Procter & Gamble; The Procter & Gamble Company
we100online.com,Procter & Gamble; The Procter & Gamble Company
wearcare.com,Procter & Gamble; The Procter & Gamble Company
wearcare.org,Procter & Gamble; The Procter & Gamble Company
wearebb-underwear.com,Procter & Gamble; The Procter & Gamble Company
wearel.com,Procter & Gamble; The Procter & Gamble Company
weathergogo.com,Procter & Gamble; The Procter & Gamble Company
webdeladoctora.com,Procter & Gamble; The Procter & Gamble Company
webdeldoctor.com,Procter & Gamble; The Procter & Gamble Company
webdeldoctora.com,Procter & Gamble; The Procter & Gamble Company
webelongfcnbu.com,Procter & Gamble; The Procter & Gamble Company
wehundred.com,Procter & Gamble; The Procter & Gamble Company
welcia-pg-pampers-56cp.com,Procter & Gamble; The Procter & Gamble Company
wellacolorcharm.info,Procter & Gamble; The Procter & Gamble Company
wellaprofessionalsturkiye.info,Procter & Gamble; The Procter & Gamble Company
wellaprofessionalsturkiye.org,Procter & Gamble; The Procter & Gamble Company
wellasp.info,Procter & Gamble; The Procter & Gamble Company
welliteshop.com,Procter & Gamble; The Procter & Gamble Company
wellness-boutique.com,Procter & Gamble; The Procter & Gamble Company
wellnessboutiquemx.com,Procter & Gamble; The Procter & Gamble Company
wellnessqanda.com,Procter & Gamble; The Procter & Gamble Company
weseeequal.com,Procter & Gamble; The Procter & Gamble Company
wetjet.com,Procter & Gamble; The Procter & Gamble Company
wetjet.net,Procter & Gamble; The Procter & Gamble Company
wetjet.org,Procter & Gamble; The Procter & Gamble Company
wetjetmopvac.us,Procter & Gamble; The Procter & Gamble Company
wetjetsweepvac.us,Procter & Gamble; The Procter & Gamble Company
whatareyouasking.com,Procter & Gamble; The Procter & Gamble Company
whatisgirl.mobi,Procter & Gamble; The Procter & Gamble Company
whatismanukahoney.com,Procter & Gamble; The Procter & Gamble Company
whatismanukahoneygoodfor.com,Procter & Gamble; The Procter & Gamble Company
whatsnextaward.com,Procter & Gamble; The Procter & Gamble Company
whatsnextchallenge.com,Procter & Gamble; The Procter & Gamble Company
whatsonmensminds.com,Procter & Gamble; The Procter & Gamble Company
whatstinks.com,Procter & Gamble; The Procter & Gamble Company
wheelofepithimies.com,Procter & Gamble; The Procter & Gamble Company
whenwecometogether.com,Procter & Gamble; The Procter & Gamble Company
whenyouaskthequestion.com,Procter & Gamble; The Procter & Gamble Company
wheredidallthepeego.com,Procter & Gamble; The Procter & Gamble Company
wheredidthepeego.com,Procter & Gamble; The Procter & Gamble Company
wherehaveallthesmellsgone.com,Procter & Gamble; The Procter & Gamble Company
whisper.asia,Procter & Gamble; The Procter & Gamble Company
whisper.co.in,Procter & Gamble; primary
whisperbeinggirl.co.in,Procter & Gamble; primary
whispergreen.com,Procter & Gamble; The Procter & Gamble Company
whispergreen.net,Procter & Gamble; The Procter & Gamble Company
whisperjapan.com,Procter & Gamble; The Procter & Gamble Company
white-stripsfrance.com,Procter & Gamble; The Procter & Gamble Company
whiten-it.com,Procter & Gamble; The Procter & Gamble Company
whiteningexpressions.com,Procter & Gamble; The Procter & Gamble Company
whiteningsource.asia,Procter & Gamble; The Procter & Gamble Company
whiteningstrip.com,Procter & Gamble; The Procter & Gamble Company
whiteningstrips.com,Procter & Gamble; The Procter & Gamble Company
whitenit.com,Procter & Gamble; The Procter & Gamble Company
whitenoveraweekend.com,Procter & Gamble; The Procter & Gamble Company
whitenovertheweekend.com,Procter & Gamble; The Procter & Gamble Company
whitestrip-rebate.com,Procter & Gamble; The Procter & Gamble Company
whitestrip.com,Procter & Gamble; The Procter & Gamble Company
whitestriprebate.com,Procter & Gamble; The Procter & Gamble Company
whitestrips-enligne.fr,Procter & Gamble
whitestrips-rebate.com,Procter & Gamble; The Procter & Gamble Company
whitestrips.com,Procter & Gamble; The Procter & Gamble Company
whitestrips.com.fr,Procter & Gamble
whitestrips.fr,Procter & Gamble
whitestrips.info,Procter & Gamble; The Procter & Gamble Company
whitestrips.us,Procter & Gamble; The Procter & Gamble Company
whitestripsenligne.fr,Procter & Gamble
whitestripsfrance.com,Procter & Gamble; The Procter & Gamble Company
whitestripsrebate.com,Procter & Gamble; The Procter & Gamble Company
whitestripsshop.fr,Procter & Gamble
wholemouthhealth.com,Procter & Gamble; The Procter & Gamble Company
whyareyouasking.com,Procter & Gamble; The Procter & Gamble Company
wick-bonbons.at,Procter & Gamble; The Procter & Gamble Company
wick-sparen.com,Procter & Gamble; The Procter & Gamble Company
wick.mobi,Procter & Gamble; The Procter & Gamble Company
wickluftbefeuchter.com,Procter & Gamble; The Procter & Gamble Company
widenthescreen.com,Procter & Gamble; The Procter & Gamble Company
winaclic.com,Procter & Gamble; The Procter & Gamble Company
winariel.com,Procter & Gamble; The Procter & Gamble Company
wincdesign.com,Procter & Gamble; The Procter & Gamble Company
wingillette.com,Procter & Gamble; The Procter & Gamble Company
wingymtickets.com,Procter & Gamble; The Procter & Gamble Company
winmrclean.com,Procter & Gamble; The Procter & Gamble Company
winterfreshhome.com,Procter & Gamble; The Procter & Gamble Company
winterrescue.com,Procter & Gamble; The Procter & Gamble Company
wintidehe.com,Procter & Gamble; The Procter & Gamble Company
winun.it,Procter & Gamble
winwithwhitestrips.com,Procter & Gamble; The Procter & Gamble Company
wipe-it.com,Procter & Gamble; The Procter & Gamble Company
wir-bleiben-hier.com,Procter & Gamble; The Procter & Gamble Company
wishcure.com,Procter & Gamble; The Procter & Gamble Company
withdawn.com,Procter & Gamble; The Procter & Gamble Company
wndrbly.com,Procter & Gamble; The Procter & Gamble Company
womenknow.com,Procter & Gamble; The Procter & Gamble Company
womens-e-store.com,Procter & Gamble; The Procter & Gamble Company
womensestore.com,Procter & Gamble; The Procter & Gamble Company
wonder-belly.com,Procter & Gamble; The Procter & Gamble Company
wonderbelli.com,Procter & Gamble; The Procter & Gamble Company
wonderbelly.ca,Procter & Gamble
wonderbelly.com,Procter & Gamble; The Procter & Gamble Company
world-scents.com,Procter & Gamble; The Procter & Gamble Company
wowexperience.it,Procter & Gamble
wrinklefreelaundryweek.com,Procter & Gamble; The Procter & Gamble Company
wrinkleguard.com,Procter & Gamble; The Procter & Gamble Company
wrinklereleaser.com,Procter & Gamble; The Procter & Gamble Company
wunderbelli.com,Procter & Gamble; The Procter & Gamble Company
x-cloud-pg.com,Procter & Gamble; The Procter & Gamble Company
xn--35t938jrqa.com,Procter & Gamble; The Procter & Gamble Company
xn--4dba0an1d.net,Procter & Gamble; The Procter & Gamble Company
xn--4dbbi7avfb4c.com,Procter & Gamble; The Procter & Gamble Company
xn--4dbbi7avfb4c.net,Procter & Gamble; The Procter & Gamble Company
xn--4dbfbabj3c3an3eh.com,Procter & Gamble; The Procter & Gamble Company
xn--4dbfbabj3c3an3eh.net,Procter & Gamble; The Procter & Gamble Company
xn--4dbkaafrs.com,Procter & Gamble; The Procter & Gamble Company
xn--4dbkaafrs.net,Procter & Gamble; The Procter & Gamble Company
xn--6dbmcm.net,Procter & Gamble; The Procter & Gamble Company
xn--7dbjda.com,Procter & Gamble; The Procter & Gamble Company
xn--7dbjda.net,Procter & Gamble; The Procter & Gamble Company
xn--9dbahg1ae1ad0b.com,Procter & Gamble; The Procter & Gamble Company
xn--9dbahg1ae1ad0b.net,Procter & Gamble; The Procter & Gamble Company
xn--9dbhblqc4cu.com,Procter & Gamble; The Procter & Gamble Company
xn--9dbhblqc4cu.net,Procter & Gamble; The Procter & Gamble Company
xn--arielespaa-19a.com,Procter & Gamble; The Procter & Gamble Company
xn--bck7b2df4hue.com,Procter & Gamble; The Procter & Gamble Company
xn--cck1b8b0b4j1be.com,Procter & Gamble; The Procter & Gamble Company
xn--cck1b8b0b4j1be.net,Procter & Gamble; The Procter & Gamble Company
xn--cckm1rf8f.com,Procter & Gamble; The Procter & Gamble Company
xn--cckyab8d7b8db5h5cm3ed5i.com,Procter & Gamble; The Procter & Gamble Company
xn--dckf2dyerj.com,Procter & Gamble; The Procter & Gamble Company
xn--dcktbm0a9sxbb3e.com,Procter & Gamble; The Procter & Gamble Company
xn--ddk1a2d.com,Procter & Gamble; The Procter & Gamble Company
xn--ddkva6hb8b.com,Procter & Gamble; The Procter & Gamble Company
xn--debmjlp.com,Procter & Gamble; The Procter & Gamble Company
xn--debmjlp.net,Procter & Gamble; The Procter & Gamble Company
xn--debobp.com,Procter & Gamble; The Procter & Gamble Company
xn--debobp.net,Procter & Gamble; The Procter & Gamble Company
xn--eckh1a5a9c6t.com,Procter & Gamble; The Procter & Gamble Company
xn--eckwbvi.com,Procter & Gamble; The Procter & Gamble Company
xn--eebaa5bwa.com,Procter & Gamble; The Procter & Gamble Company
xn--eebaa5bwa.net,Procter & Gamble; The Procter & Gamble Company
xn--fjqwj470a65fzvae62aba.com,Procter & Gamble; primary
xn--flckipedia-r5a.com,Procter & Gamble; The Procter & Gamble Company
xn--icksx9b1sb.com,Procter & Gamble; The Procter & Gamble Company
xn--kadnlarbilir-34b.com,Procter & Gamble; The Procter & Gamble Company
xn--mjllschampo-m8a.org,Procter & Gamble
xn--n8jh1a5a9c69c.com,Procter & Gamble; The Procter & Gamble Company
xn--r8jsx9b56cb.com,Procter & Gamble; The Procter & Gamble Company
xn--rcriredesavenirs-bqba.fr,Procter & Gamble
xn--yhqz0c528d.com,Procter & Gamble; The Procter & Gamble Company
xn--zck4ba9kwb.com,Procter & Gamble; The Procter & Gamble Company
xnp-cloud-pg.com,Procter & Gamble; The Procter & Gamble Company
xperienciabraun.com,Procter & Gamble; The Procter & Gamble Company
yearofsavings.com,Procter & Gamble; The Procter & Gamble Company
yearofsavingsrebate.com,Procter & Gamble; The Procter & Gamble Company
yearofsavingsrebatebook.com,Procter & Gamble; The Procter & Gamble Company
yenibraunsilkepil.com,Procter & Gamble; The Procter & Gamble Company
yesmachine.us,Procter & Gamble; The Procter & Gamble Company
yliherkka.fi,Procter & Gamble
yoamogain.com,Procter & Gamble; The Procter & Gamble Company
yoamogaindetergenteparaplatos.com,Procter & Gamble; The Procter & Gamble Company
yoamogainparaplatos.com,Procter & Gamble; The Procter & Gamble Company
your-encore.org,Procter & Gamble; The Procter & Gamble Company
yourbeautycode.com,Procter & Gamble; The Procter & Gamble Company
yourbeautypicks.com,Procter & Gamble; The Procter & Gamble Company
yourbestbeautiful.com,Procter & Gamble; The Procter & Gamble Company
yourflowselect.com,Procter & Gamble; The Procter & Gamble Company
yourhealthybiome.com,Procter & Gamble; The Procter & Gamble Company
yourhealthybiome.net,Procter & Gamble; The Procter & Gamble Company
yourlaundrybox.com,Procter & Gamble; The Procter & Gamble Company
yourpampers.com,Procter & Gamble; The Procter & Gamble Company
yourperiodcalculator.com,Procter & Gamble; The Procter & Gamble Company
yourperiodcalendar.com,Procter & Gamble; The Procter & Gamble Company
yourtideisshowing.com,Procter & Gamble; The Procter & Gamble Company
youthfulsmile.com,Procter & Gamble; The Procter & Gamble Company
zeroheartburn.com,Procter & Gamble; The Procter & Gamble Company
zetracol.com,Procter & Gamble; The Procter & Gamble Company
zevo-trap.com,Procter & Gamble; The Procter & Gamble Company
zevo.co.in,Procter & Gamble; The Procter & Gamble Company
zevo.fr,Procter & Gamble
zevo.it,Procter & Gamble
zevoespanol.com,Procter & Gamble; The Procter & Gamble Company
zevoguarantee.com,Procter & Gamble; The Procter & Gamble Company
zevohome.com,Procter & Gamble; The Procter & Gamble Company
zevoinsect.co.in,Procter & Gamble; The Procter & Gamble Company
zevoinsect.com,Procter & Gamble; The Procter & Gamble Company
zevoinsect.ru,Procter & Gamble; The Procter & Gamble Company
zevooutdoor.com,Procter & Gamble; The Procter & Gamble Company
zevorefills.com,Procter & Gamble; The Procter & Gamble Company
zevotrap.com,Procter & Gamble; The Procter & Gamble Company
zevotraps.com,Procter & Gamble; The Procter & Gamble Company
zevotrapsweeps.com,Procter & Gamble; The Procter & Gamble Company
zicadia.com,Procter & Gamble; The Procter & Gamble Company
zooth.com,Procter & Gamble; The Procter & Gamble Company
zorail.com,Procter & Gamble
zquil.com,Procter & Gamble; The Procter & Gamble Company
zyflamendnewchapter.com,Procter & Gamble; The Procter & Gamble Company
zzquil.com,Procter & Gamble; The Procter & Gamble Company
zzzquil-sommeil-offre.fr,Procter & Gamble
zzzquil-testen.com,Procter & Gamble; The Procter & Gamble Company
zzzquil-us.com,Procter & Gamble; The Procter & Gamble Company
zzzquil.com,Procter & Gamble; The Procter & Gamble Company
zzzquil.cz,Procter & Gamble; The Procter & Gamble Company
zzzquil.fr,Procter & Gamble
zzzquil.in,Procter & Gamble; The Procter & Gamble Company
zzzquil.it,Procter & Gamble
zzzquil.me,Procter & Gamble; The Procter & Gamble Company
zzzquil.ru,Procter & Gamble; The Procter & Gamble Company
zzzquilconcorsoluminoso.it,Procter & Gamble
zzzquilkids.com,Procter & Gamble; The Procter & Gamble Company
zzzquilnatura.com,Procter & Gamble; The Procter & Gamble Company
zzzquilnatura.cz,Procter & Gamble; The Procter & Gamble Company
zzzquilnatura.fr,Procter & Gamble
zzzquilnatura.it,Procter & Gamble
zzzquilnatura.ru,Procter & Gamble; The Procter & Gamble Company
zzzquilpure.com,Procter & Gamble; The Procter & Gamble Company
zzzquilrewards.com,Procter & Gamble; The Procter & Gamble Company
zzzquilsleepaids.com,Procter & Gamble; The Procter & Gamble Company
zzzquilsleepenhancer.com,Procter & Gamble; The Procter & Gamble Company
zzzzquil.com,Procter & Gamble; The Procter & Gamble Company
