domain,sources
0americanexpress.com,"American Express Travel Related Services Company, Inc."
1-800-american-express.com,"American Express Travel Related Services Company, Inc."
1-800-the-amex.com,"American Express Travel Related Services Company, Inc."
100americanexpressgiftcard.info,"American Express Travel Related Services Company, Inc."
1212americanexpress.com,"American Express Travel Related Services Company, Inc."
124americanexpress.com,"American Express Travel Related Services Company, Inc."
125americanexpress.com,"American Express Travel Related Services Company, Inc."
139.71.196.136,American Express Company
143americanexpress.com,"American Express Travel Related Services Company, Inc."
1800americanexpress.com,"American Express Travel Related Services Company, Inc."
1800amex.com,"American Express Travel Related Services Company, Inc."
1800thecard.com,"American Express Travel Related Services Company, Inc."
1americanexpress.com,"American Express Travel Related Services Company, Inc."
1americanexpress13.info,"American Express Travel Related Services Company, Inc."
1americanexpress44.info,"American Express Travel Related Services Company, Inc."
1americanexpress53.info,"American Express Travel Related Services Company, Inc."
1americanexpress79.info,"American Express Travel Related Services Company, Inc."
1americanexpressgiftcard44.info,"American Express Travel Related Services Company, Inc."
1americanexpressgiftcard79.info,"American Express Travel Related Services Company, Inc."
1americanexpressgiftcards79.info,"American Express Travel Related Services Company, Inc."
1americanexpressrewards44.info,"American Express Travel Related Services Company, Inc."
1americanexpresstravel44.info,"American Express Travel Related Services Company, Inc."
1identity.info,"American Express Travel Related Services Company, Inc."
1identity.net,"American Express Travel Related Services Company, Inc."
1identity.org,"American Express Travel Related Services Company, Inc."
1identity.us,"American Express Travel Related Services Company, Inc."
1st-american-express.info,"American Express Travel Related Services Company, Inc."
2-10-60.com,"American Express Travel Related Services Company, Inc."
2-10-60.net,"American Express Travel Related Services Company, Inc."
2-10-60card.com,"American Express Travel Related Services Company, Inc."
2-10-60card.net,"American Express Travel Related Services Company, Inc."
200vesey.com,"American Express Travel Related Services Company, Inc."
201americanexpress.com,"American Express Travel Related Services Company, Inc."
201americanexpress.net,"American Express Travel Related Services Company, Inc."
2024golfentertowin.com,"American Express Travel Related Services Company, Inc."
209americanexpress.com,"American Express Travel Related Services Company, Inc."
20americanexpress.com,"American Express Travel Related Services Company, Inc."
21060card.com,"American Express Travel Related Services Company, Inc."
21060card.net,"American Express Travel Related Services Company, Inc."
210net60.com,"American Express Travel Related Services Company, Inc."
210net60.net,"American Express Travel Related Services Company, Inc."
210net60card.com,"American Express Travel Related Services Company, Inc."
210net60card.net,"American Express Travel Related Services Company, Inc."
210sixty.com,"American Express Travel Related Services Company, Inc."
210sixty.net,"American Express Travel Related Services Company, Inc."
210sixtycard.com,"American Express Travel Related Services Company, Inc."
210sixtycard.net,"American Express Travel Related Services Company, Inc."
2goamericanexpress.com,"American Express Travel Related Services Company, Inc."
2ten60.net,"American Express Travel Related Services Company, Inc."
2ten60card.com,"American Express Travel Related Services Company, Inc."
2ten60card.net,"American Express Travel Related Services Company, Inc."
2ten60mytermsmycard.com,"American Express Travel Related Services Company, Inc."
2ten60mytermsmycard.net,"American Express Travel Related Services Company, Inc."
2tensixty.com,"American Express Travel Related Services Company, Inc."
2tensixty.net,"American Express Travel Related Services Company, Inc."
2tensixtycard.com,"American Express Travel Related Services Company, Inc."
2tensixtycard.net,"American Express Travel Related Services Company, Inc."
3waystosave.com,"American Express Travel Related Services Company, Inc."
411americanexpress.com,"American Express Travel Related Services Company, Inc."
48americanexpress.com,"American Express Travel Related Services Company, Inc."
66americanexpress.com,"American Express Travel Related Services Company, Inc."
68americanexpress.com,"American Express Travel Related Services Company, Inc."
70americanexpress.com,"American Express Travel Related Services Company, Inc."
751369.xyz,primary
800americanexpress.com,"American Express Travel Related Services Company, Inc."
800axpgold.com,"American Express Travel Related Services Company, Inc."
800thecard.com,"American Express Travel Related Services Company, Inc."
800thecard.net,"American Express Travel Related Services Company, Inc."
8americanexpress.com,"American Express Travel Related Services Company, Inc."
99americanexpress.com,"American Express Travel Related Services Company, Inc."
9americanexpress.com,"American Express Travel Related Services Company, Inc."
a-ericanexpress.com,"American Express Travel Related Services Company, Inc."
a-m-e-r-i-c-a-n-e-x-p-r-e-s-s.com,"American Express Travel Related Services Company, Inc."
aamericaexpress.com,"American Express Travel Related Services Company, Inc."
aamericanexpress.com,"American Express Travel Related Services Company, Inc."
aamexonecard.com,"American Express Travel Related Services Company, Inc."
aamprivee.com,"American Express Travel Related Services Company, Inc."
aboutamericanexpress.com,"American Express Travel Related Services Company, Inc."
accenturegurugram.co.in,primary
acceptamericanexpress.com,"American Express Travel Related Services Company, Inc."
acceptamex.com,"American Express Travel Related Services Company, Inc."
acceptpay.info,"American Express Travel Related Services Company, Inc."
acceptpay.net,"American Express Travel Related Services Company, Inc."
accessamericanexpress.com,"American Express Travel Related Services Company, Inc."
accessprivee.com,"American Express Travel Related Services Company, Inc."
accessprivee.net,"American Express Travel Related Services Company, Inc."
accountamericancardexpress.com,"American Express Travel Related Services Company, Inc."
accountamericanexpressmerchant.com,"American Express Travel Related Services Company, Inc."
accountmatch.com,"American Express Travel Related Services Company, Inc."
activateamericanexpress.com,"American Express Travel Related Services Company, Inc."
activateamex.com,"American Express Travel Related Services Company, Inc."
acuamericanexpress.com,"American Express Travel Related Services Company, Inc."
acuamex.net,"American Express Travel Related Services Company, Inc."
adccelerate.com,"American Express Travel Related Services Company, Inc."
admanager.com,"American Express Travel Related Services Company, Inc."
admanageragency.com,"American Express Travel Related Services Company, Inc."
admanagerelite.com,"American Express Travel Related Services Company, Inc."
admanagerpremium.com,"American Express Travel Related Services Company, Inc."
admanagr.com,"American Express Travel Related Services Company, Inc."
admnager.com,"American Express Travel Related Services Company, Inc."
advanceyourworld.com,"American Express Travel Related Services Company, Inc."
aebt.fi,"American Express Travel Related Services Company, Inc."
aebtexplore.com,"American Express Travel Related Services Company, Inc."
aebtnewnorm.com,"American Express Travel Related Services Company, Inc."
aebtnewnormal.com,"American Express Travel Related Services Company, Inc."
aecard.com,"American Express Travel Related Services Company, Inc."
aecustpub.com,"American Express Travel Related Services Company, Inc."
aeelp.com,"American Express Travel Related Services Company, Inc."
aeericanexpress.com,"American Express Travel Related Services Company, Inc."
aeexplore.com,"American Express Travel Related Services Company, Inc."
aefa.com,"American Express Travel Related Services Company, Inc."
aefa.net,"American Express Travel Related Services Company, Inc."
aegbt.at,"American Express Travel Related Services Company, Inc."
aegbt.cz,"American Express Travel Related Services Company, Inc."
aegbt.in,"American Express Travel Related Services Company, Inc."
aegbt.is,"American Express Travel Related Services Company, Inc."
aegbt.us,"American Express Travel Related Services Company, Inc."
aegnsopsnet.com,"American Express Travel Related Services Company, Inc."
aemricanexpress.com,"American Express Travel Related Services Company, Inc."
aemricanexpressweather.com,"American Express Travel Related Services Company, Inc."
aemxexpresscheckout.com,"American Express Travel Related Services Company, Inc."
aemxforbusiness.com,"American Express Travel Related Services Company, Inc."
aemxglobalbusiness.com,"American Express Travel Related Services Company, Inc."
aemxglobalbusinesstravel.com,"American Express Travel Related Services Company, Inc."
aemxglobalnetwork.com,"American Express Travel Related Services Company, Inc."
aemxtravel.com,"American Express Travel Related Services Company, Inc."
aemxtravelresources.com,"American Express Travel Related Services Company, Inc."
aenb.net,"American Express Travel Related Services Company, Inc."
aenb.us,"American Express Travel Related Services Company, Inc."
aepcustomsolutions.com,"American Express Travel Related Services Company, Inc."
aepdigitalportal.com,"American Express Travel Related Services Company, Inc."
aepmdm.com,"American Express Travel Related Services Company, Inc."
aeprepaid.com,"American Express Travel Related Services Company, Inc."
aetcfinder.com,"American Express Travel Related Services Company, Inc."
aetclocator.com,"American Express Travel Related Services Company, Inc."
aetravelbahn.com,"American Express Travel Related Services Company, Inc."
aetraveler.com,"American Express Travel Related Services Company, Inc."
aetraveller.com,"American Express Travel Related Services Company, Inc."
aetretireenetwork.com,"American Express Travel Related Services Company, Inc."
aev.travel,"American Express Travel Related Services Company, Inc."
aexaurum.at,"American Express Travel Related Services Company, Inc."
aexgbt.com,"American Express Travel Related Services Company, Inc."
aexp-dpd.com,"American Express Travel Related Services Company, Inc."
aexp-static.com,"American Express Travel Related Services Company, Inc."
aexp-statics.com,"American Express Travel Related Services Company, Inc."
aexp.ae,"American Express Travel Related Services Company, Inc."
aexp.africa,"American Express Travel Related Services Company, Inc."
aexp.app,"American Express Travel Related Services Company, Inc."
aexp.asia,"American Express Travel Related Services Company, Inc."
aexp.at,"American Express Travel Related Services Company, Inc."
aexp.co.at,"American Express Travel Related Services Company, Inc."
aexp.co.in,"American Express Travel Related Services Company, Inc."
aexp.co.mu,"American Express Travel Related Services Company, Inc."
aexp.com,"American Express Travel Related Services Company, Inc."
aexp.com.ph,"American Express Travel Related Services Company, Inc."
aexp.com.pr,"American Express Travel Related Services Company, Inc."
aexp.dev,"American Express Travel Related Services Company, Inc."
aexp.homes,"American Express Travel Related Services Company, Inc."
aexp.in,"American Express Travel Related Services Company, Inc."
aexp.inc,"American Express Travel Related Services Company, Inc."
aexp.io,"American Express Travel Related Services Company, Inc."
aexp.kz,"American Express Travel Related Services Company, Inc."
aexp.me,"American Express Travel Related Services Company, Inc."
aexp.mobi,"American Express Travel Related Services Company, Inc."
aexp.net,"American Express Travel Related Services Company, Inc."
aexp.ng,"American Express Travel Related Services Company, Inc."
aexp.online,"American Express Travel Related Services Company, Inc."
aexp.ph,"American Express Travel Related Services Company, Inc."
aexp.ru,"American Express Travel Related Services Company, Inc."
aexp.sbs,"American Express Travel Related Services Company, Inc."
aexp.tv,"American Express Travel Related Services Company, Inc."
aexp.wiki,"American Express Travel Related Services Company, Inc."
aexp.xyz,"American Express Travel Related Services Company, Inc."
aexpcard.com,"American Express Travel Related Services Company, Inc."
aexpcard.info,"American Express Travel Related Services Company, Inc."
aexpcard.net,"American Express Travel Related Services Company, Inc."
aexpcard.org,"American Express Travel Related Services Company, Inc."
aexpcards.com,"American Express Travel Related Services Company, Inc."
aexpcards.info,"American Express Travel Related Services Company, Inc."
aexpcards.net,"American Express Travel Related Services Company, Inc."
aexpcards.org,"American Express Travel Related Services Company, Inc."
aexpcompliancesuite.com,"American Express Travel Related Services Company, Inc."
aexpfeedback.com,"American Express Travel Related Services Company, Inc."
aexployalty.com,"American Express Travel Related Services Company, Inc."
africanamericanexpress.net,"American Express Travel Related Services Company, Inc."
afroamericanexpress.com,"American Express Travel Related Services Company, Inc."
aiericanexpress.com,"American Express Travel Related Services Company, Inc."
ajmericanexxpress.com,"American Express Travel Related Services Company, Inc."
alchemyblackcard.com,"American Express Travel Related Services Company, Inc."
alericanexpress.com,"American Express Travel Related Services Company, Inc."
all-americanexpressions.com,"American Express Travel Related Services Company, Inc."
all-americanexpressions.info,"American Express Travel Related Services Company, Inc."
allamericanexpresscare.com,"American Express Travel Related Services Company, Inc."
allamericanexpressions.com,"American Express Travel Related Services Company, Inc."
alpha-card.com,"American Express Travel Related Services Company, Inc."
am-ex-gold.com,"American Express Travel Related Services Company, Inc."
am-ex.info,"American Express Travel Related Services Company, Inc."
am-express-signs.com,"American Express Travel Related Services Company, Inc."
am-express.com,"American Express Travel Related Services Company, Inc."
am-exrocks.com,"American Express Travel Related Services Company, Inc."
am3x.com,"American Express Travel Related Services Company, Inc."
amaericanexpress.com,"American Express Travel Related Services Company, Inc."
amaricanaxprass.com,"American Express Travel Related Services Company, Inc."
ame2icanexpress.com,"American Express Travel Related Services Company, Inc."
ameaurum.at,"American Express Travel Related Services Company, Inc."
amebicanexpress.com,"American Express Travel Related Services Company, Inc."
ameericanexpress.com,"American Express Travel Related Services Company, Inc."
ameicanexprees.com,"American Express Travel Related Services Company, Inc."
ameicanexpress.com,"American Express Travel Related Services Company, Inc."
ameircanexpressweather.com,"American Express Travel Related Services Company, Inc."
amepicanexpress.com,"American Express Travel Related Services Company, Inc."
amer-express.com,"American Express Travel Related Services Company, Inc."
amer-express.net,"American Express Travel Related Services Company, Inc."
amer4icanexpress.com,"American Express Travel Related Services Company, Inc."
amer8canexpress.com,"American Express Travel Related Services Company, Inc."
amer9canexpress.com,"American Express Travel Related Services Company, Inc."
ameracanexpress.com,"American Express Travel Related Services Company, Inc."
ameracinexpress.com,"American Express Travel Related Services Company, Inc."
ameraexpress.com,"American Express Travel Related Services Company, Inc."
ameramex.net,"American Express Travel Related Services Company, Inc."
ameranexpres.com,"American Express Travel Related Services Company, Inc."
ameranxpress.com,"American Express Travel Related Services Company, Inc."
amerayecanexpress.com,"American Express Travel Related Services Company, Inc."
amercaexpres.com,"American Express Travel Related Services Company, Inc."
amercainexpres.com,"American Express Travel Related Services Company, Inc."
amercan-express.com,"American Express Travel Related Services Company, Inc."
amercanexpress.com,"American Express Travel Related Services Company, Inc."
amercanexpressinfo.com,"American Express Travel Related Services Company, Inc."
amercanexpresss.com,"American Express Travel Related Services Company, Inc."
amercanexxpress.com,"American Express Travel Related Services Company, Inc."
amerceanexpress.com,"American Express Travel Related Services Company, Inc."
amercexpress.com,"American Express Travel Related Services Company, Inc."
amercian-express.com,"American Express Travel Related Services Company, Inc."
amercianespress.com,"American Express Travel Related Services Company, Inc."
amercianexpress-australia.com,"American Express Travel Related Services Company, Inc."
amercianexpress-travel.com,"American Express Travel Related Services Company, Inc."
amercianexpress.org,"American Express Travel Related Services Company, Inc."
amercianexpressaustralia.com,"American Express Travel Related Services Company, Inc."
amercianexpressblue.com,"American Express Travel Related Services Company, Inc."
amercianexpresscreditcard.com,"American Express Travel Related Services Company, Inc."
amercianexpresscreditcards.com,"American Express Travel Related Services Company, Inc."
amercianexpresss.com,"American Express Travel Related Services Company, Inc."
amercianexpresstravel.com,"American Express Travel Related Services Company, Inc."
amercianexpressweather.com,"American Express Travel Related Services Company, Inc."
amercinaexpress.com,"American Express Travel Related Services Company, Inc."
amercinexpress.com,"American Express Travel Related Services Company, Inc."
amerckanexpress.com,"American Express Travel Related Services Company, Inc."
amercnexpres.com,"American Express Travel Related Services Company, Inc."
amerdicanexpress.com,"American Express Travel Related Services Company, Inc."
amerecanexpres.com,"American Express Travel Related Services Company, Inc."
amerecanexpress.com,"American Express Travel Related Services Company, Inc."
amereicanexpress.com,"American Express Travel Related Services Company, Inc."
amerericanexpress.com,"American Express Travel Related Services Company, Inc."
amerexpress.net,"American Express Travel Related Services Company, Inc."
amerexpressblog.com,"American Express Travel Related Services Company, Inc."
amerexpressf.com,"American Express Travel Related Services Company, Inc."
amereyecanexpress.com,"American Express Travel Related Services Company, Inc."
amerhcanexpress.com,"American Express Travel Related Services Company, Inc."
ameri-express.net,"American Express Travel Related Services Company, Inc."
ameri8canexpress.com,"American Express Travel Related Services Company, Inc."
ameri9canexpress.com,"American Express Travel Related Services Company, Inc."
ameriaanexpress.com,"American Express Travel Related Services Company, Inc."
ameriacnexpressweather.com,"American Express Travel Related Services Company, Inc."
ameriaexpres.com,"American Express Travel Related Services Company, Inc."
amerian4xpress.com,"American Express Travel Related Services Company, Inc."
amerianexpres.com,"American Express Travel Related Services Company, Inc."
amerianexpress.net,"American Express Travel Related Services Company, Inc."
amerianexprss.com,"American Express Travel Related Services Company, Inc."
ameribanexpress.com,"American Express Travel Related Services Company, Inc."
america-express.net,"American Express Travel Related Services Company, Inc."
americaanexpress.com,"American Express Travel Related Services Company, Inc."
americaeexpress.com,"American Express Travel Related Services Company, Inc."
americaenxpress.com,"American Express Travel Related Services Company, Inc."
americaepxresscard.com,"American Express Travel Related Services Company, Inc."
americaexpres.com,"American Express Travel Related Services Company, Inc."
americaexpress.com,"American Express Travel Related Services Company, Inc."
americaexpressbank.com,"American Express Travel Related Services Company, Inc."
americaexpressbank.net,"American Express Travel Related Services Company, Inc."
americaexpresscard.com,"American Express Travel Related Services Company, Inc."
americaexpresscargo.com,"American Express Travel Related Services Company, Inc."
americaexpresscreditcard.com,"American Express Travel Related Services Company, Inc."
americaexpresscreditcards.com,"American Express Travel Related Services Company, Inc."
americaexpressgiftcards.com,"American Express Travel Related Services Company, Inc."
americaexpressmoving.com,"American Express Travel Related Services Company, Inc."
americaexpressone.com,"American Express Travel Related Services Company, Inc."
americaexpressonecard.com,"American Express Travel Related Services Company, Inc."
americaexpresspublishing.com,"American Express Travel Related Services Company, Inc."
americaexpresss.com,"American Express Travel Related Services Company, Inc."
americafexpress.com,"American Express Travel Related Services Company, Inc."
americahexpress.com,"American Express Travel Related Services Company, Inc."
americahnexpress.com,"American Express Travel Related Services Company, Inc."
americaineexpress.com,"American Express Travel Related Services Company, Inc."
americainexpress.com,"American Express Travel Related Services Company, Inc."
americajexpress.com,"American Express Travel Related Services Company, Inc."
americamexpresscard.com,"American Express Travel Related Services Company, Inc."
americamexprss.com,"American Express Travel Related Services Company, Inc."
americamxpress.com,"American Express Travel Related Services Company, Inc."
american--express--card.info,"American Express Travel Related Services Company, Inc."
american--express.info,"American Express Travel Related Services Company, Inc."
american-cash-express.net,"American Express Travel Related Services Company, Inc."
american-exp-blue-credit-card-application.com,"American Express Travel Related Services Company, Inc."
american-expres-uk.com,"American Express Travel Related Services Company, Inc."
american-express-amex-credit-cards.com,"American Express Travel Related Services Company, Inc."
american-express-application.com,"American Express Travel Related Services Company, Inc."
american-express-apply-online.com,"American Express Travel Related Services Company, Inc."
american-express-blue-card.com,"American Express Travel Related Services Company, Inc."
american-express-blue.com,"American Express Travel Related Services Company, Inc."
american-express-blue.net,"American Express Travel Related Services Company, Inc."
american-express-blue.us,"American Express Travel Related Services Company, Inc."
american-express-business-travel.info,"American Express Travel Related Services Company, Inc."
american-express-business.com,"American Express Travel Related Services Company, Inc."
american-express-card.com,"American Express Travel Related Services Company, Inc."
american-express-card.info,"American Express Travel Related Services Company, Inc."
american-express-card.us,"American Express Travel Related Services Company, Inc."
american-express-cards.com,"American Express Travel Related Services Company, Inc."
american-express-cards.info,"American Express Travel Related Services Company, Inc."
american-express-casino.com,"American Express Travel Related Services Company, Inc."
american-express-charge-cards.com,"American Express Travel Related Services Company, Inc."
american-express-company.com,"American Express Travel Related Services Company, Inc."
american-express-company.travel,"American Express Travel Related Services Company, Inc."
american-express-credit-card-services-thearticles.info,"American Express Travel Related Services Company, Inc."
american-express-credit-card-tip.com,"American Express Travel Related Services Company, Inc."
american-express-credit-card-tip.info,"American Express Travel Related Services Company, Inc."
american-express-credit-card-tips.info,"American Express Travel Related Services Company, Inc."
american-express-credit-card.com,"American Express Travel Related Services Company, Inc."
american-express-credit-card.net,"American Express Travel Related Services Company, Inc."
american-express-credit-card.us,"American Express Travel Related Services Company, Inc."
american-express-credit-cards-usa.com,"American Express Travel Related Services Company, Inc."
american-express-credit-cards.com,"American Express Travel Related Services Company, Inc."
american-express-credit-cards.info,"American Express Travel Related Services Company, Inc."
american-express-credit-forums.info,"American Express Travel Related Services Company, Inc."
american-express-credit.com,"American Express Travel Related Services Company, Inc."
american-express-deutschland.com,"American Express Travel Related Services Company, Inc."
american-express-deutschland.info,"American Express Travel Related Services Company, Inc."
american-express-deutschland.net,"American Express Travel Related Services Company, Inc."
american-express-deutschland.org,"American Express Travel Related Services Company, Inc."
american-express-deutschland.pro,"American Express Travel Related Services Company, Inc."
american-express-germany.com,"American Express Travel Related Services Company, Inc."
american-express-germany.info,"American Express Travel Related Services Company, Inc."
american-express-germany.net,"American Express Travel Related Services Company, Inc."
american-express-germany.org,"American Express Travel Related Services Company, Inc."
american-express-germany.pro,"American Express Travel Related Services Company, Inc."
american-express-gift-card.com,"American Express Travel Related Services Company, Inc."
american-express-gift-card.net,"American Express Travel Related Services Company, Inc."
american-express-gift-cards.com,"American Express Travel Related Services Company, Inc."
american-express-gift-cards.net,"American Express Travel Related Services Company, Inc."
american-express-giftcards.com,"American Express Travel Related Services Company, Inc."
american-express-gold.com,"American Express Travel Related Services Company, Inc."
american-express-innovation.com,"American Express Travel Related Services Company, Inc."
american-express-insurance-life.info,"American Express Travel Related Services Company, Inc."
american-express-insurance.info,"American Express Travel Related Services Company, Inc."
american-express-login.com,"American Express Travel Related Services Company, Inc."
american-express-lowest-rate-merchant-services-accounts.info,"American Express Travel Related Services Company, Inc."
american-express-lowest-rate-new-merchant-services-accounts.info,"American Express Travel Related Services Company, Inc."
american-express-media.com,"American Express Travel Related Services Company, Inc."
american-express-merchant-account.info,"American Express Travel Related Services Company, Inc."
american-express-merchant-services-account.info,"American Express Travel Related Services Company, Inc."
american-express-merchant-services-accounts.info,"American Express Travel Related Services Company, Inc."
american-express-now.info,"American Express Travel Related Services Company, Inc."
american-express-online.com,"American Express Travel Related Services Company, Inc."
american-express-online.info,"American Express Travel Related Services Company, Inc."
american-express-paris.com,"American Express Travel Related Services Company, Inc."
american-express-paris.net,"American Express Travel Related Services Company, Inc."
american-express-reviews.com,"American Express Travel Related Services Company, Inc."
american-express-rewards.com,"American Express Travel Related Services Company, Inc."
american-express-rsb.ru,"American Express Travel Related Services Company, Inc."
american-express-services.com,"American Express Travel Related Services Company, Inc."
american-express-settlement.com,"American Express Travel Related Services Company, Inc."
american-express-tel.com,"American Express Travel Related Services Company, Inc."
american-express-telecom.com,"American Express Travel Related Services Company, Inc."
american-express-travel-insurance.com,"American Express Travel Related Services Company, Inc."
american-express-travel-insurance.info,"American Express Travel Related Services Company, Inc."
american-express-travel.com,"American Express Travel Related Services Company, Inc."
american-express-travel.info,"American Express Travel Related Services Company, Inc."
american-express-travel.net,"American Express Travel Related Services Company, Inc."
american-express-uk.com,"American Express Travel Related Services Company, Inc."
american-express-yourself.com,"American Express Travel Related Services Company, Inc."
american-express.ac,"American Express Travel Related Services Company, Inc."
american-express.ag,"American Express Travel Related Services Company, Inc."
american-express.ai,"American Express Travel Related Services Company, Inc."
american-express.art.do,"American Express Travel Related Services Company, Inc."
american-express.asia,"American Express Travel Related Services Company, Inc."
american-express.at,"American Express Travel Related Services Company, Inc."
american-express.cards,"American Express Travel Related Services Company, Inc."
american-express.co.at,"American Express Travel Related Services Company, Inc."
american-express.co.in,"American Express Travel Related Services Company, Inc."
american-express.co.mu,"American Express Travel Related Services Company, Inc."
american-express.com,"American Express Travel Related Services Company, Inc."
american-express.com.ag,"American Express Travel Related Services Company, Inc."
american-express.com.do,"American Express Travel Related Services Company, Inc."
american-express.com.ph,"American Express Travel Related Services Company, Inc."
american-express.com.pr,"American Express Travel Related Services Company, Inc."
american-express.com.ru,"American Express Travel Related Services Company, Inc."
american-express.creditcard,"American Express Travel Related Services Company, Inc."
american-express.cz,"American Express Travel Related Services Company, Inc."
american-express.forum,"American Express Travel Related Services Company, Inc."
american-express.giving,"American Express Travel Related Services Company, Inc."
american-express.gratis,"American Express Travel Related Services Company, Inc."
american-express.in,"American Express Travel Related Services Company, Inc."
american-express.io,"American Express Travel Related Services Company, Inc."
american-express.me,"American Express Travel Related Services Company, Inc."
american-express.mn,"American Express Travel Related Services Company, Inc."
american-express.mobi,"American Express Travel Related Services Company, Inc."
american-express.net,"American Express Travel Related Services Company, Inc."
american-express.net.do,"American Express Travel Related Services Company, Inc."
american-express.or.at,"American Express Travel Related Services Company, Inc."
american-express.org,"American Express Travel Related Services Company, Inc."
american-express.org.do,"American Express Travel Related Services Company, Inc."
american-express.ph,"American Express Travel Related Services Company, Inc."
american-express.rsvp,"American Express Travel Related Services Company, Inc."
american-express.ru,"American Express Travel Related Services Company, Inc."
american-express.sh,"American Express Travel Related Services Company, Inc."
american-express.sucks,"American Express Travel Related Services Company, Inc."
american-express.tc,"American Express Travel Related Services Company, Inc."
american-express.tel,"American Express Travel Related Services Company, Inc."
american-express.us,"American Express Travel Related Services Company, Inc."
american-express.vu,"American Express Travel Related Services Company, Inc."
american-express.web.do,"American Express Travel Related Services Company, Inc."
american-expressbank.com,"American Express Travel Related Services Company, Inc."
american-expressbank.net,"American Express Travel Related Services Company, Inc."
american-expresscard.com,"American Express Travel Related Services Company, Inc."
american-expresscard.net,"American Express Travel Related Services Company, Inc."
american-expresscommunitystadium.com,"American Express Travel Related Services Company, Inc."
american-expresscommunitystadium.info,"American Express Travel Related Services Company, Inc."
american-expresscommunitystadium.net,"American Express Travel Related Services Company, Inc."
american-expresscommunitystadiumsucks.com,"American Express Travel Related Services Company, Inc."
american-expresscommunitystadiumsucks.net,"American Express Travel Related Services Company, Inc."
american-expresscommunitystadiumsux.com,"American Express Travel Related Services Company, Inc."
american-expresscommunitystadiumsux.net,"American Express Travel Related Services Company, Inc."
american-expresscreditcard.com,"American Express Travel Related Services Company, Inc."
american-expresss.info,"American Express Travel Related Services Company, Inc."
american-expressstadium.com,"American Express Travel Related Services Company, Inc."
american-sexpress.com,"American Express Travel Related Services Company, Inc."
american-sexpress.net,"American Express Travel Related Services Company, Inc."
american-xpress.com,"American Express Travel Related Services Company, Inc."
american-xpress.us,"American Express Travel Related Services Company, Inc."
american20express.com,"American Express Travel Related Services Company, Inc."
american20express20cto.com,"American Express Travel Related Services Company, Inc."
american3eexpress.com,"American Express Travel Related Services Company, Inc."
american3express.com,"American Express Travel Related Services Company, Inc."
american3xpress.com,"American Express Travel Related Services Company, Inc."
american4express.com,"American Express Travel Related Services Company, Inc."
american4xpress.com,"American Express Travel Related Services Company, Inc."
american66express.com,"American Express Travel Related Services Company, Inc."
american99express.com,"American Express Travel Related Services Company, Inc."
americanamericanexpress.com,"American Express Travel Related Services Company, Inc."
americanamericanexpress.net,"American Express Travel Related Services Company, Inc."
americananexpress.com,"American Express Travel Related Services Company, Inc."
americanaxpres.com,"American Express Travel Related Services Company, Inc."
americanaxpressblue.com,"American Express Travel Related Services Company, Inc."
americanbexpress.com,"American Express Travel Related Services Company, Inc."
americanbexpressofferzone.com,"American Express Travel Related Services Company, Inc."
americanbnexpress.com,"American Express Travel Related Services Company, Inc."
americancanexpress.com,"American Express Travel Related Services Company, Inc."
americancanexpresssavings.com,"American Express Travel Related Services Company, Inc."
americancardexpress.com,"American Express Travel Related Services Company, Inc."
americancardexpresscredit.com,"American Express Travel Related Services Company, Inc."
americancardexpressplatinumtravel.com,"American Express Travel Related Services Company, Inc."
americancarduxpressgift.com,"American Express Travel Related Services Company, Inc."
americancexpress.com,"American Express Travel Related Services Company, Inc."
americancexpresscard.com,"American Express Travel Related Services Company, Inc."
americancxpress.com,"American Express Travel Related Services Company, Inc."
americandexpressrewards.com,"American Express Travel Related Services Company, Inc."
americandxpress.com,"American Express Travel Related Services Company, Inc."
americane3xpress.com,"American Express Travel Related Services Company, Inc."
americane4xpress.com,"American Express Travel Related Services Company, Inc."
americane8press.com,"American Express Travel Related Services Company, Inc."
americanedexpress.com,"American Express Travel Related Services Company, Inc."
americanedpress.com,"American Express Travel Related Services Company, Inc."
americanedxpress.com,"American Express Travel Related Services Company, Inc."
americaneexpres.com,"American Express Travel Related Services Company, Inc."
americaneexpress.com,"American Express Travel Related Services Company, Inc."
americaneexpressaccount.com,"American Express Travel Related Services Company, Inc."
americaneexpressairlines.com,"American Express Travel Related Services Company, Inc."
americaneexpressblue.com,"American Express Travel Related Services Company, Inc."
americaneexpresscard.com,"American Express Travel Related Services Company, Inc."
americaneexpresss.com,"American Express Travel Related Services Company, Inc."
americanefxpress.com,"American Express Travel Related Services Company, Inc."
americanehpress.com,"American Express Travel Related Services Company, Inc."
americaneixpress.com,"American Express Travel Related Services Company, Inc."
americanemxpress.com,"American Express Travel Related Services Company, Inc."
americanenxpress.com,"American Express Travel Related Services Company, Inc."
americaneppress.com,"American Express Travel Related Services Company, Inc."
americanepxpress.com,"American Express Travel Related Services Company, Inc."
americanerexpress.com,"American Express Travel Related Services Company, Inc."
americanerxpress.com,"American Express Travel Related Services Company, Inc."
americanesexpress.com,"American Express Travel Related Services Company, Inc."
americanespressmerchantservices.us,"American Express Travel Related Services Company, Inc."
americanesxpres.com,"American Express Travel Related Services Company, Inc."
americanewxpress.com,"American Express Travel Related Services Company, Inc."
americanex-press.com,"American Express Travel Related Services Company, Inc."
americanex0ress.com,"American Express Travel Related Services Company, Inc."
americanexapress.com,"American Express Travel Related Services Company, Inc."
americanexexpress.com,"American Express Travel Related Services Company, Inc."
americanexp2ess.com,"American Express Travel Related Services Company, Inc."
americanexpbess.com,"American Express Travel Related Services Company, Inc."
americanexperss.com,"American Express Travel Related Services Company, Inc."
americanexpess.com,"American Express Travel Related Services Company, Inc."
americanexpesscard.com,"American Express Travel Related Services Company, Inc."
americanexpessrewards.com,"American Express Travel Related Services Company, Inc."
americanexpfess.com,"American Express Travel Related Services Company, Inc."
americanexppess.com,"American Express Travel Related Services Company, Inc."
americanexprdss.com,"American Express Travel Related Services Company, Inc."
americanexpre3s.com,"American Express Travel Related Services Company, Inc."
americanexpreas.com,"American Express Travel Related Services Company, Inc."
americanexprecs.com,"American Express Travel Related Services Company, Inc."
americanexpreds.com,"American Express Travel Related Services Company, Inc."
americanexpreee.com,"American Express Travel Related Services Company, Inc."
americanexpreqs.com,"American Express Travel Related Services Company, Inc."
americanexprers.com,"American Express Travel Related Services Company, Inc."
americanexpres-travel.com,"American Express Travel Related Services Company, Inc."
americanexpres.at,"American Express Travel Related Services Company, Inc."
americanexpres.com,"American Express Travel Related Services Company, Inc."
americanexpres.info,"American Express Travel Related Services Company, Inc."
americanexpres.net,"American Express Travel Related Services Company, Inc."
americanexpres.org,"American Express Travel Related Services Company, Inc."
americanexpres.us,"American Express Travel Related Services Company, Inc."
americanexpres3.com,"American Express Travel Related Services Company, Inc."
americanexpresairlinemiles.com,"American Express Travel Related Services Company, Inc."
americanexpresblue.com,"American Express Travel Related Services Company, Inc."
americanexpresc.com,"American Express Travel Related Services Company, Inc."
americanexprescard.net,"American Express Travel Related Services Company, Inc."
americanexprescard.org,"American Express Travel Related Services Company, Inc."
americanexprescards.com,"American Express Travel Related Services Company, Inc."
americanexprescards.net,"American Express Travel Related Services Company, Inc."
americanexprescommunitystadium.com,"American Express Travel Related Services Company, Inc."
americanexprescommunitystadium.net,"American Express Travel Related Services Company, Inc."
americanexprescommunitystadiumsucks.com,"American Express Travel Related Services Company, Inc."
americanexprescommunitystadiumsucks.net,"American Express Travel Related Services Company, Inc."
americanexprescommunitystadiumsux.com,"American Express Travel Related Services Company, Inc."
americanexprescommunitystadiumsux.net,"American Express Travel Related Services Company, Inc."
americanexprescreditcard.com,"American Express Travel Related Services Company, Inc."
americanexprescreditcards.com,"American Express Travel Related Services Company, Inc."
americanexprescreditcart.com,"American Express Travel Related Services Company, Inc."
americanexprescs.com,"American Express Travel Related Services Company, Inc."
americanexpresds.com,"American Express Travel Related Services Company, Inc."
americanexprese.com,"American Express Travel Related Services Company, Inc."
americanexpreses.com,"American Express Travel Related Services Company, Inc."
americanexpresf.com,"American Express Travel Related Services Company, Inc."
americanexpresgiftcard.com,"American Express Travel Related Services Company, Inc."
americanexpresi.com,"American Express Travel Related Services Company, Inc."
americanexpresis.com,"American Express Travel Related Services Company, Inc."
americanexpresm.com,"American Express Travel Related Services Company, Inc."
americanexpresmobile.com,"American Express Travel Related Services Company, Inc."
americanexpresms.com,"American Express Travel Related Services Company, Inc."
americanexpresn.com,"American Express Travel Related Services Company, Inc."
americanexpresns.com,"American Express Travel Related Services Company, Inc."
americanexpresonlinepaymentonly.com,"American Express Travel Related Services Company, Inc."
americanexpresp.com,"American Express Travel Related Services Company, Inc."
americanexpresps.com,"American Express Travel Related Services Company, Inc."
americanexpresq.com,"American Express Travel Related Services Company, Inc."
americanexpresqs.com,"American Express Travel Related Services Company, Inc."
americanexpresr.com,"American Express Travel Related Services Company, Inc."
americanexpresred.com,"American Express Travel Related Services Company, Inc."
americanexpresrs.com,"American Express Travel Related Services Company, Inc."
americanexpress-account-update.com,"American Express Travel Related Services Company, Inc."
americanexpress-albania.com,"American Express Travel Related Services Company, Inc."
americanexpress-application.com,"American Express Travel Related Services Company, Inc."
americanexpress-applications.com,"American Express Travel Related Services Company, Inc."
americanexpress-assurance.com,"American Express Travel Related Services Company, Inc."
americanexpress-assurance.net,"American Express Travel Related Services Company, Inc."
americanexpress-assurances.com,"American Express Travel Related Services Company, Inc."
americanexpress-assurances.net,"American Express Travel Related Services Company, Inc."
americanexpress-bank.com,"American Express Travel Related Services Company, Inc."
americanexpress-bank.net,"American Express Travel Related Services Company, Inc."
americanexpress-bank.org,"American Express Travel Related Services Company, Inc."
americanexpress-blue.com,"American Express Travel Related Services Company, Inc."
americanexpress-bluecard.com,"American Express Travel Related Services Company, Inc."
americanexpress-brasil.com,"American Express Travel Related Services Company, Inc."
americanexpress-business.com,"American Express Travel Related Services Company, Inc."
americanexpress-card.com,"American Express Travel Related Services Company, Inc."
americanexpress-card.info,"American Express Travel Related Services Company, Inc."
americanexpress-cards.com,"American Express Travel Related Services Company, Inc."
americanexpress-centurion.com,"American Express Travel Related Services Company, Inc."
americanexpress-centurionbank.com,"American Express Travel Related Services Company, Inc."
americanexpress-china.com,"American Express Travel Related Services Company, Inc."
americanexpress-chp.com,"American Express Travel Related Services Company, Inc."
americanexpress-cmb.com,"American Express Travel Related Services Company, Inc."
americanexpress-com.info,"American Express Travel Related Services Company, Inc."
americanexpress-creditcard.info,"American Express Travel Related Services Company, Inc."
americanexpress-creditcards.com,"American Express Travel Related Services Company, Inc."
americanexpress-cuba.com,"American Express Travel Related Services Company, Inc."
americanexpress-danmark.com,"American Express Travel Related Services Company, Inc."
americanexpress-danmark.info,"American Express Travel Related Services Company, Inc."
americanexpress-danmark.net,"American Express Travel Related Services Company, Inc."
americanexpress-danmark.org,"American Express Travel Related Services Company, Inc."
americanexpress-digital.com,"American Express Travel Related Services Company, Inc."
americanexpress-europe.com,"American Express Travel Related Services Company, Inc."
americanexpress-finanzmanagement.com,"American Express Travel Related Services Company, Inc."
americanexpress-gift-card.com,"American Express Travel Related Services Company, Inc."
americanexpress-giftbaskets.com,"American Express Travel Related Services Company, Inc."
americanexpress-giftcard.com,"American Express Travel Related Services Company, Inc."
americanexpress-giftcards.com,"American Express Travel Related Services Company, Inc."
americanexpress-global.com,"American Express Travel Related Services Company, Inc."
americanexpress-gold.com,"American Express Travel Related Services Company, Inc."
americanexpress-golf.com,"American Express Travel Related Services Company, Inc."
americanexpress-innovation.com,"American Express Travel Related Services Company, Inc."
americanexpress-jobs.com,"American Express Travel Related Services Company, Inc."
americanexpress-kenchenault.com,"American Express Travel Related Services Company, Inc."
americanexpress-leads.com,"American Express Travel Related Services Company, Inc."
americanexpress-leads.net,"American Express Travel Related Services Company, Inc."
americanexpress-limousine.services,"American Express Travel Related Services Company, Inc."
americanexpress-menu.com,"American Express Travel Related Services Company, Inc."
americanexpress-merchant.com,"American Express Travel Related Services Company, Inc."
americanexpress-merchantaccount.com,"American Express Travel Related Services Company, Inc."
americanexpress-montenegro.com,"American Express Travel Related Services Company, Inc."
americanexpress-net.info,"American Express Travel Related Services Company, Inc."
americanexpress-now.info,"American Express Travel Related Services Company, Inc."
americanexpress-offers.com,"American Express Travel Related Services Company, Inc."
americanexpress-officialsite.com,"American Express Travel Related Services Company, Inc."
americanexpress-online.com,"American Express Travel Related Services Company, Inc."
americanexpress-page.com,"American Express Travel Related Services Company, Inc."
americanexpress-qatar.com,"American Express Travel Related Services Company, Inc."
americanexpress-reisen.at,"American Express Travel Related Services Company, Inc."
americanexpress-rewards.com,"American Express Travel Related Services Company, Inc."
americanexpress-rsb.ru,"American Express Travel Related Services Company, Inc."
americanexpress-rx.com,"American Express Travel Related Services Company, Inc."
americanexpress-sdk.com,"American Express Travel Related Services Company, Inc."
americanexpress-secureservcer.com,"American Express Travel Related Services Company, Inc."
americanexpress-security.com,"American Express Travel Related Services Company, Inc."
americanexpress-securyty.com,"American Express Travel Related Services Company, Inc."
americanexpress-securyty1.com,"American Express Travel Related Services Company, Inc."
americanexpress-serbia.com,"American Express Travel Related Services Company, Inc."
americanexpress-solution.com,"American Express Travel Related Services Company, Inc."
americanexpress-srbija.com,"American Express Travel Related Services Company, Inc."
americanexpress-stolencard.com,"American Express Travel Related Services Company, Inc."
americanexpress-sucks.com,"American Express Travel Related Services Company, Inc."
americanexpress-sucks.info,"American Express Travel Related Services Company, Inc."
americanexpress-test1.com,"American Express Travel Related Services Company, Inc."
americanexpress-test2.com,"American Express Travel Related Services Company, Inc."
americanexpress-tiger.com,"American Express Travel Related Services Company, Inc."
americanexpress-travel.com,"American Express Travel Related Services Company, Inc."
americanexpress-travel.net,"American Express Travel Related Services Company, Inc."
americanexpress-travel.us,"American Express Travel Related Services Company, Inc."
americanexpress-us.com,"American Express Travel Related Services Company, Inc."
americanexpress-vpayment-nl.com,"American Express Travel Related Services Company, Inc."
americanexpress-x.com,"American Express Travel Related Services Company, Inc."
americanexpress.ac,"American Express Travel Related Services Company, Inc."
americanexpress.ag,"American Express Travel Related Services Company, Inc."
americanexpress.app,"American Express Travel Related Services Company, Inc."
americanexpress.asia,"American Express Travel Related Services Company, Inc."
americanexpress.at,"American Express Travel Related Services Company, Inc."
americanexpress.black,"American Express Travel Related Services Company, Inc."
americanexpress.cc,"American Express Travel Related Services Company, Inc."
americanexpress.ceo,"American Express Travel Related Services Company, Inc."
americanexpress.cloud,"American Express Travel Related Services Company, Inc."
americanexpress.co.at,"American Express Travel Related Services Company, Inc."
americanexpress.co.in,"American Express Travel Related Services Company, Inc."
americanexpress.co.mu,"American Express Travel Related Services Company, Inc."
americanexpress.co.nl,"American Express Travel Related Services Company, Inc."
americanexpress.co.ug,"American Express Travel Related Services Company, Inc."
americanexpress.com,"American Express Travel Related Services Company, Inc."
americanexpress.com.ag,"American Express Travel Related Services Company, Inc."
americanexpress.com.do,"American Express Travel Related Services Company, Inc."
americanexpress.com.lc,"American Express Travel Related Services Company, Inc."
americanexpress.com.om,primary
americanexpress.com.ph,"American Express Travel Related Services Company, Inc."
americanexpress.com.pr,"American Express Travel Related Services Company, Inc."
americanexpress.com.ru,"American Express Travel Related Services Company, Inc."
americanexpress.com.sc,"American Express Travel Related Services Company, Inc."
americanexpress.compare,"American Express Travel Related Services Company, Inc."
americanexpress.cz,"American Express Travel Related Services Company, Inc."
americanexpress.dev,"American Express Travel Related Services Company, Inc."
americanexpress.forum,"American Express Travel Related Services Company, Inc."
americanexpress.gay,"American Express Travel Related Services Company, Inc."
americanexpress.global,"American Express Travel Related Services Company, Inc."
americanexpress.icu,"American Express Travel Related Services Company, Inc."
americanexpress.in,"American Express Travel Related Services Company, Inc."
americanexpress.inc,"American Express Travel Related Services Company, Inc."
americanexpress.info,"American Express Travel Related Services Company, Inc."
americanexpress.io,"American Express Travel Related Services Company, Inc."
americanexpress.is,"American Express Travel Related Services Company, Inc."
americanexpress.jobs,"American Express Travel Related Services Company, Inc."
americanexpress.lc,"American Express Travel Related Services Company, Inc."
americanexpress.lgbt,"American Express Travel Related Services Company, Inc."
americanexpress.luxury,"American Express Travel Related Services Company, Inc."
americanexpress.me,"American Express Travel Related Services Company, Inc."
americanexpress.mn,"American Express Travel Related Services Company, Inc."
americanexpress.mobi,"American Express Travel Related Services Company, Inc."
americanexpress.mu,"American Express Travel Related Services Company, Inc."
americanexpress.name,"American Express Travel Related Services Company, Inc."
americanexpress.net,"American Express Travel Related Services Company, Inc."
americanexpress.new,"American Express Travel Related Services Company, Inc."
americanexpress.org,"American Express Travel Related Services Company, Inc."
americanexpress.page,"American Express Travel Related Services Company, Inc."
americanexpress.ph,"American Express Travel Related Services Company, Inc."
americanexpress.pw,"American Express Travel Related Services Company, Inc."
americanexpress.realestate,"American Express Travel Related Services Company, Inc."
americanexpress.red,"American Express Travel Related Services Company, Inc."
americanexpress.rsvp,"American Express Travel Related Services Company, Inc."
americanexpress.ru,"American Express Travel Related Services Company, Inc."
americanexpress.sbs,"American Express Travel Related Services Company, Inc."
americanexpress.select,"American Express Travel Related Services Company, Inc."
americanexpress.sh,"American Express Travel Related Services Company, Inc."
americanexpress.site,"American Express Travel Related Services Company, Inc."
americanexpress.sport,"American Express Travel Related Services Company, Inc."
americanexpress.sucks,"American Express Travel Related Services Company, Inc."
americanexpress.tc,"American Express Travel Related Services Company, Inc."
americanexpress.tel,"American Express Travel Related Services Company, Inc."
americanexpress.travel,"American Express Travel Related Services Company, Inc."
americanexpress.tv,"American Express Travel Related Services Company, Inc."
americanexpress.ug,"American Express Travel Related Services Company, Inc."
americanexpress.us,"American Express Travel Related Services Company, Inc."
americanexpress.viajes,"American Express Travel Related Services Company, Inc."
americanexpress.vu,"American Express Travel Related Services Company, Inc."
americanexpress1.com,"American Express Travel Related Services Company, Inc."
americanexpress1card.com,"American Express Travel Related Services Company, Inc."
americanexpress24.com,"American Express Travel Related Services Company, Inc."
americanexpress24h.com,"American Express Travel Related Services Company, Inc."
americanexpress2bonlinepayment.com,"American Express Travel Related Services Company, Inc."
americanexpress401k.com,"American Express Travel Related Services Company, Inc."
americanexpress411.com,"American Express Travel Related Services Company, Inc."
americanexpress4business.com,"American Express Travel Related Services Company, Inc."
americanexpress4you.com,"American Express Travel Related Services Company, Inc."
americanexpress99.com,"American Express Travel Related Services Company, Inc."
americanexpressa.com,"American Express Travel Related Services Company, Inc."
americanexpressacceptpay.com,"American Express Travel Related Services Company, Inc."
americanexpressaccess.com,"American Express Travel Related Services Company, Inc."
americanexpressaccount.com,"American Express Travel Related Services Company, Inc."
americanexpressaccountsummary.com,"American Express Travel Related Services Company, Inc."
americanexpressactivate.com,"American Express Travel Related Services Company, Inc."
americanexpressadvisors.com,"American Express Travel Related Services Company, Inc."
americanexpressafe.com,"American Express Travel Related Services Company, Inc."
americanexpressafe.net,"American Express Travel Related Services Company, Inc."
americanexpressaffiliate.com,"American Express Travel Related Services Company, Inc."
americanexpressaffiliates.com,"American Express Travel Related Services Company, Inc."
americanexpressagents.com,"American Express Travel Related Services Company, Inc."
americanexpressair.com,"American Express Travel Related Services Company, Inc."
americanexpressairlinemiles.com,"American Express Travel Related Services Company, Inc."
americanexpressairlines.com,"American Express Travel Related Services Company, Inc."
americanexpressairmile.com,"American Express Travel Related Services Company, Inc."
americanexpressairmiles.com,"American Express Travel Related Services Company, Inc."
americanexpressalert.com,"American Express Travel Related Services Company, Inc."
americanexpressallstarvip.com,"American Express Travel Related Services Company, Inc."
americanexpressamericanexpress.com,"American Express Travel Related Services Company, Inc."
americanexpressannuities.com,"American Express Travel Related Services Company, Inc."
americanexpressannuity.com,"American Express Travel Related Services Company, Inc."
americanexpressannuityfraud.com,"American Express Travel Related Services Company, Inc."
americanexpressapllicationstatus.com,"American Express Travel Related Services Company, Inc."
americanexpressapp.com,"American Express Travel Related Services Company, Inc."
americanexpressapplication.com,"American Express Travel Related Services Company, Inc."
americanexpressapplicationcenter.com,"American Express Travel Related Services Company, Inc."
americanexpressapplicationstatus.com,"American Express Travel Related Services Company, Inc."
americanexpressapply.com,"American Express Travel Related Services Company, Inc."
americanexpressapplynow.com,"American Express Travel Related Services Company, Inc."
americanexpressassessmenttest.com,"American Express Travel Related Services Company, Inc."
americanexpressassets.com,"American Express Travel Related Services Company, Inc."
americanexpressassurance.com,"American Express Travel Related Services Company, Inc."
americanexpressassurance.net,"American Express Travel Related Services Company, Inc."
americanexpressassurances.com,"American Express Travel Related Services Company, Inc."
americanexpressassurances.net,"American Express Travel Related Services Company, Inc."
americanexpressatms.com,"American Express Travel Related Services Company, Inc."
americanexpressatwork.com,"American Express Travel Related Services Company, Inc."
americanexpressauctions.com,"American Express Travel Related Services Company, Inc."
americanexpressaustralia.com,"American Express Travel Related Services Company, Inc."
americanexpressautofinance.com,"American Express Travel Related Services Company, Inc."
americanexpressautoloans.com,"American Express Travel Related Services Company, Inc."
americanexpressavatar.com,"American Express Travel Related Services Company, Inc."
americanexpressawards.com,"American Express Travel Related Services Company, Inc."
americanexpressaxis.com,"American Express Travel Related Services Company, Inc."
americanexpressaxpgold.com,"American Express Travel Related Services Company, Inc."
americanexpressazoid.mobi,"American Express Travel Related Services Company, Inc."
americanexpressbacard.com,"American Express Travel Related Services Company, Inc."
americanexpressbalancedemand.com,"American Express Travel Related Services Company, Inc."
americanexpressballgame.com,"American Express Travel Related Services Company, Inc."
americanexpressbank-amex.com,"American Express Travel Related Services Company, Inc."
americanexpressbank.club,"American Express Travel Related Services Company, Inc."
americanexpressbank.com,"American Express Travel Related Services Company, Inc."
americanexpressbank.com.ph,"American Express Travel Related Services Company, Inc."
americanexpressbank.info,"American Express Travel Related Services Company, Inc."
americanexpressbank.net,"American Express Travel Related Services Company, Inc."
americanexpressbank.org,"American Express Travel Related Services Company, Inc."
americanexpressbank.us,"American Express Travel Related Services Company, Inc."
americanexpressbank21.org,"American Express Travel Related Services Company, Inc."
americanexpressbankchile.com,"American Express Travel Related Services Company, Inc."
americanexpressbankfsb.com,"American Express Travel Related Services Company, Inc."
americanexpressbankgmbh.com,"American Express Travel Related Services Company, Inc."
americanexpressbanking.com,"American Express Travel Related Services Company, Inc."
americanexpressbankltd.com,"American Express Travel Related Services Company, Inc."
americanexpressbankone.com,"American Express Travel Related Services Company, Inc."
americanexpressbankspain.com,"American Express Travel Related Services Company, Inc."
americanexpressbankuk.com,"American Express Travel Related Services Company, Inc."
americanexpressbasketballfannetwork.biz,"American Express Travel Related Services Company, Inc."
americanexpressbasketballfannetwork.com,"American Express Travel Related Services Company, Inc."
americanexpressbasketballfannetwork.info,"American Express Travel Related Services Company, Inc."
americanexpressbasketballfannetwork.net,"American Express Travel Related Services Company, Inc."
americanexpressbasketballfannetwork.org,"American Express Travel Related Services Company, Inc."
americanexpressbenefits.com,"American Express Travel Related Services Company, Inc."
americanexpressbilling.com,"American Express Travel Related Services Company, Inc."
americanexpressbillpay.com,"American Express Travel Related Services Company, Inc."
americanexpressbirthdaycard.com,"American Express Travel Related Services Company, Inc."
americanexpressbirthdaycard.info,"American Express Travel Related Services Company, Inc."
americanexpressbirthdaycard.net,"American Express Travel Related Services Company, Inc."
americanexpressbirthdaycard.org,"American Express Travel Related Services Company, Inc."
americanexpressbirthdays.biz,"American Express Travel Related Services Company, Inc."
americanexpressbirthdays.com,"American Express Travel Related Services Company, Inc."
americanexpressbirthdays.info,"American Express Travel Related Services Company, Inc."
americanexpressbirthdays.net,"American Express Travel Related Services Company, Inc."
americanexpressbirthdays.org,"American Express Travel Related Services Company, Inc."
americanexpressbites.com,"American Express Travel Related Services Company, Inc."
americanexpressbizalert.com,"American Express Travel Related Services Company, Inc."
americanexpressbizsavings.com,"American Express Travel Related Services Company, Inc."
americanexpressbk.com,"American Express Travel Related Services Company, Inc."
americanexpressblack.com,"American Express Travel Related Services Company, Inc."
americanexpressblack.net,"American Express Travel Related Services Company, Inc."
americanexpressblack.org,"American Express Travel Related Services Company, Inc."
americanexpressblackauto.com,"American Express Travel Related Services Company, Inc."
americanexpressblackcard.com,"American Express Travel Related Services Company, Inc."
americanexpressblackcard.net,"American Express Travel Related Services Company, Inc."
americanexpressblackcard.org,"American Express Travel Related Services Company, Inc."
americanexpressblackcreditcard.com,"American Express Travel Related Services Company, Inc."
americanexpressblackcreditcards.com,"American Express Travel Related Services Company, Inc."
americanexpressblinkcard.com,"American Express Travel Related Services Company, Inc."
americanexpressblog.com,"American Express Travel Related Services Company, Inc."
americanexpressblog.org,"American Express Travel Related Services Company, Inc."
americanexpressblows.com,"American Express Travel Related Services Company, Inc."
americanexpressblue.com,"American Express Travel Related Services Company, Inc."
americanexpressblue.info,"American Express Travel Related Services Company, Inc."
americanexpressblue.mobi,"American Express Travel Related Services Company, Inc."
americanexpressblue.net,"American Express Travel Related Services Company, Inc."
americanexpressblue.org,"American Express Travel Related Services Company, Inc."
americanexpressbluecard.info,"American Express Travel Related Services Company, Inc."
americanexpressbluecards.com,"American Express Travel Related Services Company, Inc."
americanexpressbluecash.com,"American Express Travel Related Services Company, Inc."
americanexpressbluecash.net,"American Express Travel Related Services Company, Inc."
americanexpressbluecashcard.com,"American Express Travel Related Services Company, Inc."
americanexpressbluecreditcard.com,"American Express Travel Related Services Company, Inc."
americanexpressbluecreditcard.net,"American Express Travel Related Services Company, Inc."
americanexpressbluenow.com,"American Express Travel Related Services Company, Inc."
americanexpressbluereward.com,"American Express Travel Related Services Company, Inc."
americanexpressbluerewards.com,"American Express Travel Related Services Company, Inc."
americanexpressblues.com,"American Express Travel Related Services Company, Inc."
americanexpressbluesky.com,"American Express Travel Related Services Company, Inc."
americanexpressblvd.com,"American Express Travel Related Services Company, Inc."
americanexpressbmw.com,"American Express Travel Related Services Company, Inc."
americanexpressbonuspointsmall.com,"American Express Travel Related Services Company, Inc."
americanexpressbooks.com,"American Express Travel Related Services Company, Inc."
americanexpressbot.com,"American Express Travel Related Services Company, Inc."
americanexpressboulevard.com,"American Express Travel Related Services Company, Inc."
americanexpressbr.com,"American Express Travel Related Services Company, Inc."
americanexpressbrasil-br.com,"American Express Travel Related Services Company, Inc."
americanexpressbrokerage.com,"American Express Travel Related Services Company, Inc."
americanexpressbucket.com,"American Express Travel Related Services Company, Inc."
americanexpressbuisness.com,"American Express Travel Related Services Company, Inc."
americanexpressbusiness.com,"American Express Travel Related Services Company, Inc."
americanexpressbusiness.travel,"American Express Travel Related Services Company, Inc."
americanexpressbusinessauctions.com,"American Express Travel Related Services Company, Inc."
americanexpressbusinesscard.com,"American Express Travel Related Services Company, Inc."
americanexpressbusinesscard.info,"American Express Travel Related Services Company, Inc."
americanexpressbusinesscards.com,"American Express Travel Related Services Company, Inc."
americanexpressbusinesscards.info,"American Express Travel Related Services Company, Inc."
americanexpressbusinesscredit.com,"American Express Travel Related Services Company, Inc."
americanexpressbusinesscreditcard.com,"American Express Travel Related Services Company, Inc."
americanexpressbusinessgold.com,"American Express Travel Related Services Company, Inc."
americanexpressbusinessgoldcard.com,"American Express Travel Related Services Company, Inc."
americanexpressbusinessinsurance.com,"American Express Travel Related Services Company, Inc."
americanexpressbusinesslink.com,"American Express Travel Related Services Company, Inc."
americanexpressbusinessloan.com,"American Express Travel Related Services Company, Inc."
americanexpressbusinessloans.com,"American Express Travel Related Services Company, Inc."
americanexpressbusinessplatinum.info,"American Express Travel Related Services Company, Inc."
americanexpressbusinessplatinumtrave.com,"American Express Travel Related Services Company, Inc."
americanexpressbusinessservices.com,"American Express Travel Related Services Company, Inc."
americanexpressbusinesstravel.com,"American Express Travel Related Services Company, Inc."
americanexpresscad.com,"American Express Travel Related Services Company, Inc."
americanexpresscaed.com,"American Express Travel Related Services Company, Inc."
americanexpresscanada.com,"American Express Travel Related Services Company, Inc."
americanexpresscapetown.com,"American Express Travel Related Services Company, Inc."
americanexpresscapital.com,"American Express Travel Related Services Company, Inc."
americanexpresscar.com,"American Express Travel Related Services Company, Inc."
americanexpresscard.ai,"American Express Travel Related Services Company, Inc."
americanexpresscard.com,"American Express Travel Related Services Company, Inc."
americanexpresscard.info,"American Express Travel Related Services Company, Inc."
americanexpresscard.mobi,"American Express Travel Related Services Company, Inc."
americanexpresscard.net,"American Express Travel Related Services Company, Inc."
americanexpresscard.us,"American Express Travel Related Services Company, Inc."
americanexpresscardapplication.com,"American Express Travel Related Services Company, Inc."
americanexpresscardbuy.com,"American Express Travel Related Services Company, Inc."
americanexpresscardbuy.info,"American Express Travel Related Services Company, Inc."
americanexpresscardcom.com,"American Express Travel Related Services Company, Inc."
americanexpresscardcom.net,"American Express Travel Related Services Company, Inc."
americanexpresscardcom.org,"American Express Travel Related Services Company, Inc."
americanexpresscardcredit.com,"American Express Travel Related Services Company, Inc."
americanexpresscarddeal.com,"American Express Travel Related Services Company, Inc."
americanexpresscardexperience.com,"American Express Travel Related Services Company, Inc."
americanexpresscardfinance.com,"American Express Travel Related Services Company, Inc."
americanexpresscardlab.com,"American Express Travel Related Services Company, Inc."
americanexpresscardlab.net,"American Express Travel Related Services Company, Inc."
americanexpresscardlinkedoffers.com,"American Express Travel Related Services Company, Inc."
americanexpresscardoffer.com,"American Express Travel Related Services Company, Inc."
americanexpresscardopen.com,"American Express Travel Related Services Company, Inc."
americanexpresscardpayment.com,"American Express Travel Related Services Company, Inc."
americanexpresscards.at,"American Express Travel Related Services Company, Inc."
americanexpresscards.biz,"American Express Travel Related Services Company, Inc."
americanexpresscards.co.in,"American Express Travel Related Services Company, Inc."
americanexpresscards.com,"American Express Travel Related Services Company, Inc."
americanexpresscards.in,"American Express Travel Related Services Company, Inc."
americanexpresscards.info,"American Express Travel Related Services Company, Inc."
americanexpresscards.net,"American Express Travel Related Services Company, Inc."
americanexpresscards.org,"American Express Travel Related Services Company, Inc."
americanexpresscards.us,"American Express Travel Related Services Company, Inc."
americanexpresscardservices.com,"American Express Travel Related Services Company, Inc."
americanexpresscardshop.com,"American Express Travel Related Services Company, Inc."
americanexpresscareer.com,"American Express Travel Related Services Company, Inc."
americanexpresscareers.net,"American Express Travel Related Services Company, Inc."
americanexpresscareers.org,"American Express Travel Related Services Company, Inc."
americanexpresscarf.com,"American Express Travel Related Services Company, Inc."
americanexpresscarfinance.com,"American Express Travel Related Services Company, Inc."
americanexpresscargouk.com,"American Express Travel Related Services Company, Inc."
americanexpresscarinsurance.com,"American Express Travel Related Services Company, Inc."
americanexpresscarrers.com,"American Express Travel Related Services Company, Inc."
americanexpresscarriers.com,"American Express Travel Related Services Company, Inc."
americanexpresscars.com,"American Express Travel Related Services Company, Inc."
americanexpresscarsdirect.com,"American Express Travel Related Services Company, Inc."
americanexpresscarsonline.com,"American Express Travel Related Services Company, Inc."
americanexpresscash.com,"American Express Travel Related Services Company, Inc."
americanexpresscashadvance.com,"American Express Travel Related Services Company, Inc."
americanexpresscashback.com,"American Express Travel Related Services Company, Inc."
americanexpresscashbackcreditcard.com,"American Express Travel Related Services Company, Inc."
americanexpresscashcard.com,"American Express Travel Related Services Company, Inc."
americanexpresscasino.com,"American Express Travel Related Services Company, Inc."
americanexpresscasino.info,"American Express Travel Related Services Company, Inc."
americanexpresscasino.net,"American Express Travel Related Services Company, Inc."
americanexpresscasino.org,"American Express Travel Related Services Company, Inc."
americanexpresscasinos.com,"American Express Travel Related Services Company, Inc."
americanexpresscasinos.net,"American Express Travel Related Services Company, Inc."
americanexpresscasinos.org,"American Express Travel Related Services Company, Inc."
americanexpresscenter.com,"American Express Travel Related Services Company, Inc."
americanexpresscentre.com,"American Express Travel Related Services Company, Inc."
americanexpresscenturian.com,"American Express Travel Related Services Company, Inc."
americanexpresscenturion.com,"American Express Travel Related Services Company, Inc."
americanexpresscenturion.info,"American Express Travel Related Services Company, Inc."
americanexpresscenturion.net,"American Express Travel Related Services Company, Inc."
americanexpresscenturion.org,"American Express Travel Related Services Company, Inc."
americanexpresscenturionbank.com,"American Express Travel Related Services Company, Inc."
americanexpresscenturionbank.net,"American Express Travel Related Services Company, Inc."
americanexpresscenturioncard.com,"American Express Travel Related Services Company, Inc."
americanexpresscenturioncard.org,"American Express Travel Related Services Company, Inc."
americanexpresscenturionvillas.com,"American Express Travel Related Services Company, Inc."
americanexpresscfosurvey.com,"American Express Travel Related Services Company, Inc."
americanexpresschampionship.com,"American Express Travel Related Services Company, Inc."
americanexpresschampionshipswire.com,"American Express Travel Related Services Company, Inc."
americanexpresschargecard.com,"American Express Travel Related Services Company, Inc."
americanexpresscheck.com,"American Express Travel Related Services Company, Inc."
americanexpresscheckcard.com,"American Express Travel Related Services Company, Inc."
americanexpresschecking.com,"American Express Travel Related Services Company, Inc."
americanexpresscheckout.com,"American Express Travel Related Services Company, Inc."
americanexpresschecks.com,"American Express Travel Related Services Company, Inc."
americanexpresschecks.net,"American Express Travel Related Services Company, Inc."
americanexpresscheckyourbill.com,"American Express Travel Related Services Company, Inc."
americanexpresscheque.com,"American Express Travel Related Services Company, Inc."
americanexpresscheques.com,"American Express Travel Related Services Company, Inc."
americanexpresscheques.net,"American Express Travel Related Services Company, Inc."
americanexpresschina.com,"American Express Travel Related Services Company, Inc."
americanexpresschip.com,"American Express Travel Related Services Company, Inc."
americanexpresscity.com,"American Express Travel Related Services Company, Inc."
americanexpressclan.com,"American Express Travel Related Services Company, Inc."
americanexpressclassaction.com,"American Express Travel Related Services Company, Inc."
americanexpressclassaction.info,"American Express Travel Related Services Company, Inc."
americanexpressclassaction.net,"American Express Travel Related Services Company, Inc."
americanexpressclassaction.us,"American Express Travel Related Services Company, Inc."
americanexpressclassactionlawsuit.com,"American Express Travel Related Services Company, Inc."
americanexpressclassactionlawsuite.org,"American Express Travel Related Services Company, Inc."
americanexpressclear.com,"American Express Travel Related Services Company, Inc."
americanexpressclear.net,"American Express Travel Related Services Company, Inc."
americanexpressclearcard.com,"American Express Travel Related Services Company, Inc."
americanexpressco.in,primary
americanexpresscod.com,"American Express Travel Related Services Company, Inc."
americanexpresscoin.com,"American Express Travel Related Services Company, Inc."
americanexpresscoins.com,"American Express Travel Related Services Company, Inc."
americanexpresscollegestudentcreditcard.com,"American Express Travel Related Services Company, Inc."
americanexpresscom.com,"American Express Travel Related Services Company, Inc."
americanexpresscom.net,"American Express Travel Related Services Company, Inc."
americanexpresscommerchantservice.com,"American Express Travel Related Services Company, Inc."
americanexpresscommerchantservices.com,"American Express Travel Related Services Company, Inc."
americanexpresscommerchantsservice.com,"American Express Travel Related Services Company, Inc."
americanexpresscommerchantsservices.com,"American Express Travel Related Services Company, Inc."
americanexpresscommitcard.com,"American Express Travel Related Services Company, Inc."
americanexpresscommunitypitch.com,"American Express Travel Related Services Company, Inc."
americanexpresscommunitystadium.com,"American Express Travel Related Services Company, Inc."
americanexpresscommunitystadium.net,"American Express Travel Related Services Company, Inc."
americanexpresscommunitystadiumsucks.com,"American Express Travel Related Services Company, Inc."
americanexpresscommunitystadiumsucks.net,"American Express Travel Related Services Company, Inc."
americanexpresscommunitystadiumsux.com,"American Express Travel Related Services Company, Inc."
americanexpresscommunitystadiumsux.net,"American Express Travel Related Services Company, Inc."
americanexpresscompany.com,"American Express Travel Related Services Company, Inc."
americanexpresscompany.travel,"American Express Travel Related Services Company, Inc."
americanexpresscomplaints.com,"American Express Travel Related Services Company, Inc."
americanexpresscomretirement.com,"American Express Travel Related Services Company, Inc."
americanexpresscomretirements.com,"American Express Travel Related Services Company, Inc."
americanexpresscomunitystadium.com,"American Express Travel Related Services Company, Inc."
americanexpresscomunitystadium.net,"American Express Travel Related Services Company, Inc."
americanexpresscomunitystadiumsucks.com,"American Express Travel Related Services Company, Inc."
americanexpresscomunitystadiumsucks.net,"American Express Travel Related Services Company, Inc."
americanexpresscomunitystadiumsux.com,"American Express Travel Related Services Company, Inc."
americanexpresscomunitystadiumsux.net,"American Express Travel Related Services Company, Inc."
americanexpressconcierge.com,"American Express Travel Related Services Company, Inc."
americanexpressconfirmcard.com,"American Express Travel Related Services Company, Inc."
americanexpressconfirmcard.info,"American Express Travel Related Services Company, Inc."
americanexpressconfirmcard.net,"American Express Travel Related Services Company, Inc."
americanexpressconnections.com,"American Express Travel Related Services Company, Inc."
americanexpressconstruction.com,"American Express Travel Related Services Company, Inc."
americanexpressconstructionco.com,"American Express Travel Related Services Company, Inc."
americanexpresscorp.com,"American Express Travel Related Services Company, Inc."
americanexpresscorporate.com,"American Express Travel Related Services Company, Inc."
americanexpresscorporate.net,"American Express Travel Related Services Company, Inc."
americanexpresscorporate.org,"American Express Travel Related Services Company, Inc."
americanexpresscorporatecard.com,"American Express Travel Related Services Company, Inc."
americanexpresscorporatecards.com,"American Express Travel Related Services Company, Inc."
americanexpresscorporatecards.info,"American Express Travel Related Services Company, Inc."
americanexpresscorporatecreditcard.com,"American Express Travel Related Services Company, Inc."
americanexpresscorporateoffer.com,"American Express Travel Related Services Company, Inc."
americanexpresscorporateservices.com,"American Express Travel Related Services Company, Inc."
americanexpresscorporatetravel.com,"American Express Travel Related Services Company, Inc."
americanexpresscorporation.com,"American Express Travel Related Services Company, Inc."
americanexpresscorporation.net,"American Express Travel Related Services Company, Inc."
americanexpresscostco.com,"American Express Travel Related Services Company, Inc."
americanexpresscostcocard.com,"American Express Travel Related Services Company, Inc."
americanexpresscourier.com,"American Express Travel Related Services Company, Inc."
americanexpresscrad.com,"American Express Travel Related Services Company, Inc."
americanexpresscredit.info,"American Express Travel Related Services Company, Inc."
americanexpresscredit.mobi,"American Express Travel Related Services Company, Inc."
americanexpresscredit.net,"American Express Travel Related Services Company, Inc."
americanexpresscredit.org,"American Express Travel Related Services Company, Inc."
americanexpresscreditc.com,"American Express Travel Related Services Company, Inc."
americanexpresscreditcard.com,"American Express Travel Related Services Company, Inc."
americanexpresscreditcard.info,"American Express Travel Related Services Company, Inc."
americanexpresscreditcard.net,"American Express Travel Related Services Company, Inc."
americanexpresscreditcard.org,"American Express Travel Related Services Company, Inc."
americanexpresscreditcard.us,"American Express Travel Related Services Company, Inc."
americanexpresscreditcardlink.com,"American Express Travel Related Services Company, Inc."
americanexpresscreditcardlinks.com,"American Express Travel Related Services Company, Inc."
americanexpresscreditcardlinks.info,"American Express Travel Related Services Company, Inc."
americanexpresscreditcardoffers.com,"American Express Travel Related Services Company, Inc."
americanexpresscreditcardonline.info,"American Express Travel Related Services Company, Inc."
americanexpresscreditcards.com,"American Express Travel Related Services Company, Inc."
americanexpresscreditcards.info,"American Express Travel Related Services Company, Inc."
americanexpresscreditcards.mobi,"American Express Travel Related Services Company, Inc."
americanexpresscreditcards.net,"American Express Travel Related Services Company, Inc."
americanexpresscreditcards.org,"American Express Travel Related Services Company, Inc."
americanexpresscreditcards.travel,"American Express Travel Related Services Company, Inc."
americanexpresscreditcardservices.com,"American Express Travel Related Services Company, Inc."
americanexpresscreditconsolidation.com,"American Express Travel Related Services Company, Inc."
americanexpresscreditconsolidation.info,"American Express Travel Related Services Company, Inc."
americanexpresscreditprotectionplan.com,"American Express Travel Related Services Company, Inc."
americanexpresscreditrepair.com,"American Express Travel Related Services Company, Inc."
americanexpresscreditrepair.info,"American Express Travel Related Services Company, Inc."
americanexpresscredits.com,"American Express Travel Related Services Company, Inc."
americanexpresscreditscard.com,"American Express Travel Related Services Company, Inc."
americanexpresscreditunion.com,"American Express Travel Related Services Company, Inc."
americanexpresscruise.com,"American Express Travel Related Services Company, Inc."
americanexpresscruise.mobi,"American Express Travel Related Services Company, Inc."
americanexpresscruise.net,"American Express Travel Related Services Company, Inc."
americanexpresscruise.travel,"American Express Travel Related Services Company, Inc."
americanexpresscruises.com,"American Express Travel Related Services Company, Inc."
americanexpresscruising-digital.com,"American Express Travel Related Services Company, Inc."
americanexpresscruising.com,"American Express Travel Related Services Company, Inc."
americanexpresscruisingcm-digital.com,"American Express Travel Related Services Company, Inc."
americanexpresscto.com,"American Express Travel Related Services Company, Inc."
americanexpresscto.org,"American Express Travel Related Services Company, Inc."
americanexpresscuba.com,"American Express Travel Related Services Company, Inc."
americanexpresscustomerservice.com,"American Express Travel Related Services Company, Inc."
americanexpresscustomersservice.com,"American Express Travel Related Services Company, Inc."
americanexpressd.org,"American Express Travel Related Services Company, Inc."
americanexpressdaddy.com,"American Express Travel Related Services Company, Inc."
americanexpressdanmark.com,"American Express Travel Related Services Company, Inc."
americanexpressdanmark.info,"American Express Travel Related Services Company, Inc."
americanexpressdanmark.net,"American Express Travel Related Services Company, Inc."
americanexpressdanmark.org,"American Express Travel Related Services Company, Inc."
americanexpressdatecard.com,"American Express Travel Related Services Company, Inc."
americanexpressdeal.com,"American Express Travel Related Services Company, Inc."
americanexpressdeals.com,"American Express Travel Related Services Company, Inc."
americanexpressdeals.travel,"American Express Travel Related Services Company, Inc."
americanexpressdebitcard.com,"American Express Travel Related Services Company, Inc."
americanexpressdebtconsolidation.com,"American Express Travel Related Services Company, Inc."
americanexpressdebtconsolidation.info,"American Express Travel Related Services Company, Inc."
americanexpressdel.com,"American Express Travel Related Services Company, Inc."
americanexpressdeliverycorp.com,"American Express Travel Related Services Company, Inc."
americanexpressdelta.com,"American Express Travel Related Services Company, Inc."
americanexpressdeltaskymiles.com,"American Express Travel Related Services Company, Inc."
americanexpressdestinations.com,"American Express Travel Related Services Company, Inc."
americanexpressdeutschland.com,"American Express Travel Related Services Company, Inc."
americanexpressdeutschland.info,"American Express Travel Related Services Company, Inc."
americanexpressdeutschland.net,"American Express Travel Related Services Company, Inc."
americanexpressdeutschland.pro,"American Express Travel Related Services Company, Inc."
americanexpressdevexchange.com,"American Express Travel Related Services Company, Inc."
americanexpressdiamond.com,"American Express Travel Related Services Company, Inc."
americanexpressdigitalpartners.com,"American Express Travel Related Services Company, Inc."
americanexpressdigitaltest.com,"American Express Travel Related Services Company, Inc."
americanexpressdining.com,"American Express Travel Related Services Company, Inc."
americanexpressdiningcard.com,"American Express Travel Related Services Company, Inc."
americanexpressdiningdeals.com,"American Express Travel Related Services Company, Inc."
americanexpressdirect.com,"American Express Travel Related Services Company, Inc."
americanexpressdiscountcard.com,"American Express Travel Related Services Company, Inc."
americanexpressdiscriminates.com,"American Express Travel Related Services Company, Inc."
americanexpressdiscrimination.com,"American Express Travel Related Services Company, Inc."
americanexpressdish.com,"American Express Travel Related Services Company, Inc."
americanexpressdonations.com,"American Express Travel Related Services Company, Inc."
americanexpressdot.com,"American Express Travel Related Services Company, Inc."
americanexpressdreamvacation.com,"American Express Travel Related Services Company, Inc."
americanexpressdreamvacations.com,"American Express Travel Related Services Company, Inc."
americanexpressdsmmexico.com,"American Express Travel Related Services Company, Inc."
americanexpressdsspain.com,"American Express Travel Related Services Company, Inc."
americanexpresse.com,"American Express Travel Related Services Company, Inc."
americanexpressecard.com,"American Express Travel Related Services Company, Inc."
americanexpressedirect.com,"American Express Travel Related Services Company, Inc."
americanexpressee.com,"American Express Travel Related Services Company, Inc."
americanexpresselite.com,"American Express Travel Related Services Company, Inc."
americanexpresselitefootballperformancecentre.com,"American Express Travel Related Services Company, Inc."
americanexpressemployment.com,"American Express Travel Related Services Company, Inc."
americanexpressempresas.com,"American Express Travel Related Services Company, Inc."
americanexpressenespanol.com,"American Express Travel Related Services Company, Inc."
americanexpressentertainment.com,"American Express Travel Related Services Company, Inc."
americanexpresserbia.com,"American Express Travel Related Services Company, Inc."
americanexpresses.com,"American Express Travel Related Services Company, Inc."
americanexpressespanol.com,"American Express Travel Related Services Company, Inc."
americanexpressevents.com,"American Express Travel Related Services Company, Inc."
americanexpresseviction.com,"American Express Travel Related Services Company, Inc."
americanexpressewards.com,"American Express Travel Related Services Company, Inc."
americanexpressex.com,"American Express Travel Related Services Company, Inc."
americanexpressexchange.com,"American Express Travel Related Services Company, Inc."
americanexpressexchange.net,"American Express Travel Related Services Company, Inc."
americanexpressexclusive.com,"American Express Travel Related Services Company, Inc."
americanexpressexperience.com,"American Express Travel Related Services Company, Inc."
americanexpressfamilyguide.com,"American Express Travel Related Services Company, Inc."
americanexpressfashionnetwork.com,"American Express Travel Related Services Company, Inc."
americanexpressfellow.com,"American Express Travel Related Services Company, Inc."
americanexpressfhr.com,"American Express Travel Related Services Company, Inc."
americanexpressfinaccts.com,"American Express Travel Related Services Company, Inc."
americanexpressfinacial.com,"American Express Travel Related Services Company, Inc."
americanexpressfinance.com,"American Express Travel Related Services Company, Inc."
americanexpressfinancecompany.com,"American Express Travel Related Services Company, Inc."
americanexpressfinancial.com,"American Express Travel Related Services Company, Inc."
americanexpressfinancial.net,"American Express Travel Related Services Company, Inc."
americanexpressfinancial.org,"American Express Travel Related Services Company, Inc."
americanexpressfinancialadvisor.com,"American Express Travel Related Services Company, Inc."
americanexpressfinancialadvisorinc.com,"American Express Travel Related Services Company, Inc."
americanexpressfinancialadvisors.com,"American Express Travel Related Services Company, Inc."
americanexpressfinancialadvisors.info,"American Express Travel Related Services Company, Inc."
americanexpressfinancialplanners.com,"American Express Travel Related Services Company, Inc."
americanexpressfinancials.com,"American Express Travel Related Services Company, Inc."
americanexpressfinanzmanagement.com,"American Express Travel Related Services Company, Inc."
americanexpressfingercharge.com,"American Express Travel Related Services Company, Inc."
americanexpressflashsale.com,"American Express Travel Related Services Company, Inc."
americanexpressforbusiness.com,"American Express Travel Related Services Company, Inc."
americanexpressforex.com,"American Express Travel Related Services Company, Inc."
americanexpressfoulplay.com,"American Express Travel Related Services Company, Inc."
americanexpressfp.com,"American Express Travel Related Services Company, Inc."
americanexpressfraud.com,"American Express Travel Related Services Company, Inc."
americanexpressfreedompass.com,"American Express Travel Related Services Company, Inc."
americanexpressfreight.com,"American Express Travel Related Services Company, Inc."
americanexpressfund.com,"American Express Travel Related Services Company, Inc."
americanexpressfunds.com,"American Express Travel Related Services Company, Inc."
americanexpressfurnishing.com,"American Express Travel Related Services Company, Inc."
americanexpressfurnishings.com,"American Express Travel Related Services Company, Inc."
americanexpressfxwires.com,"American Express Travel Related Services Company, Inc."
americanexpressgenie.com,"American Express Travel Related Services Company, Inc."
americanexpressgermany.com,"American Express Travel Related Services Company, Inc."
americanexpressgermany.info,"American Express Travel Related Services Company, Inc."
americanexpressgermany.net,"American Express Travel Related Services Company, Inc."
americanexpressgermany.org,"American Express Travel Related Services Company, Inc."
americanexpressgermany.pro,"American Express Travel Related Services Company, Inc."
americanexpressgift.com,"American Express Travel Related Services Company, Inc."
americanexpressgiftcard.com,"American Express Travel Related Services Company, Inc."
americanexpressgiftcard.info,"American Express Travel Related Services Company, Inc."
americanexpressgiftcard.net,"American Express Travel Related Services Company, Inc."
americanexpressgiftcard.us,"American Express Travel Related Services Company, Inc."
americanexpressgiftcardbalance.com,"American Express Travel Related Services Company, Inc."
americanexpressgiftcards.com,"American Express Travel Related Services Company, Inc."
americanexpressgiftcards.info,"American Express Travel Related Services Company, Inc."
americanexpressgiftcards.net,"American Express Travel Related Services Company, Inc."
americanexpressgiftcards.org,"American Express Travel Related Services Company, Inc."
americanexpressgiftcertificate.com,"American Express Travel Related Services Company, Inc."
americanexpressgiftcertificates.com,"American Express Travel Related Services Company, Inc."
americanexpressgiftcheck.com,"American Express Travel Related Services Company, Inc."
americanexpressgiftcheck.net,"American Express Travel Related Services Company, Inc."
americanexpressgiftcheck.org,"American Express Travel Related Services Company, Inc."
americanexpressgiftchecks.com,"American Express Travel Related Services Company, Inc."
americanexpressgiftchecks.net,"American Express Travel Related Services Company, Inc."
americanexpressgiftchecks.org,"American Express Travel Related Services Company, Inc."
americanexpressgiftcheque.com,"American Express Travel Related Services Company, Inc."
americanexpressgiftcheque.org,"American Express Travel Related Services Company, Inc."
americanexpressgiftcheques.com,"American Express Travel Related Services Company, Inc."
americanexpressgiftcheques.net,"American Express Travel Related Services Company, Inc."
americanexpressgiftcheques.org,"American Express Travel Related Services Company, Inc."
americanexpressgiftcreditcard.com,"American Express Travel Related Services Company, Inc."
americanexpressgiftdiningcard.com,"American Express Travel Related Services Company, Inc."
americanexpressgifts.co.in,"American Express Travel Related Services Company, Inc."
americanexpressgifts.com,"American Express Travel Related Services Company, Inc."
americanexpressgifts.in,"American Express Travel Related Services Company, Inc."
americanexpressgiftstore.com,"American Express Travel Related Services Company, Inc."
americanexpressgiftstore.in,"American Express Travel Related Services Company, Inc."
americanexpressgiftvoucher.com,"American Express Travel Related Services Company, Inc."
americanexpressgiftvouchers.com,"American Express Travel Related Services Company, Inc."
americanexpressgivecard.com,"American Express Travel Related Services Company, Inc."
americanexpressglobalbusinesstravel.com,"American Express Travel Related Services Company, Inc."
americanexpressgo.co.in,"American Express Travel Related Services Company, Inc."
americanexpressgold.com,"American Express Travel Related Services Company, Inc."
americanexpressgold60seconds.com,"American Express Travel Related Services Company, Inc."
americanexpressgoldcard.com,"American Express Travel Related Services Company, Inc."
americanexpressgoldcard.net,"American Express Travel Related Services Company, Inc."
americanexpressgoldcardbenefits.com,"American Express Travel Related Services Company, Inc."
americanexpressgoldcardevents.com,"American Express Travel Related Services Company, Inc."
americanexpressgoldcardrewards.com,"American Express Travel Related Services Company, Inc."
americanexpressgoldcards.com,"American Express Travel Related Services Company, Inc."
americanexpressgoldcardsucks.com,"American Express Travel Related Services Company, Inc."
americanexpressgoldcreditcard.com,"American Express Travel Related Services Company, Inc."
americanexpressgoldcreditcards.com,"American Express Travel Related Services Company, Inc."
americanexpressgoldevents.com,"American Express Travel Related Services Company, Inc."
americanexpressgoldrewards.com,"American Express Travel Related Services Company, Inc."
americanexpressgoldrewardscard.com,"American Express Travel Related Services Company, Inc."
americanexpressgolf.com,"American Express Travel Related Services Company, Inc."
americanexpressgolfcard.com,"American Express Travel Related Services Company, Inc."
americanexpressgolfingcard.com,"American Express Travel Related Services Company, Inc."
americanexpressgonewild.com,"American Express Travel Related Services Company, Inc."
americanexpressgourmet.com,"American Express Travel Related Services Company, Inc."
americanexpressgps.com,"American Express Travel Related Services Company, Inc."
americanexpressgreed.org,"American Express Travel Related Services Company, Inc."
americanexpressgreen.com,"American Express Travel Related Services Company, Inc."
americanexpressgreencard.com,"American Express Travel Related Services Company, Inc."
americanexpressgrowglobal.com,"American Express Travel Related Services Company, Inc."
americanexpressguiamr.com,"American Express Travel Related Services Company, Inc."
americanexpressguide.info,"American Express Travel Related Services Company, Inc."
americanexpressguide.net,"American Express Travel Related Services Company, Inc."
americanexpressguideonline.com,"American Express Travel Related Services Company, Inc."
americanexpresshabs.com,"American Express Travel Related Services Company, Inc."
americanexpresshappyholidays.com,"American Express Travel Related Services Company, Inc."
americanexpresshawaii.com,"American Express Travel Related Services Company, Inc."
americanexpresshbs.com,"American Express Travel Related Services Company, Inc."
americanexpresshealthandbenefitsolutions.com,"American Express Travel Related Services Company, Inc."
americanexpresshealthandbenefitssolutions.com,"American Express Travel Related Services Company, Inc."
americanexpresshealthbenefitsolutions.com,"American Express Travel Related Services Company, Inc."
americanexpresshealthbenefitssolutions.com,"American Express Travel Related Services Company, Inc."
americanexpresshealthcare.com,"American Express Travel Related Services Company, Inc."
americanexpresshealthpay.com,"American Express Travel Related Services Company, Inc."
americanexpresshealthpayplus.com,"American Express Travel Related Services Company, Inc."
americanexpresshighpoints.com,"American Express Travel Related Services Company, Inc."
americanexpresshilton.com,"American Express Travel Related Services Company, Inc."
americanexpresshiltoncard.com,"American Express Travel Related Services Company, Inc."
americanexpresshiltonhonors.com,"American Express Travel Related Services Company, Inc."
americanexpresshk.com,"American Express Travel Related Services Company, Inc."
americanexpresshome.com,"American Express Travel Related Services Company, Inc."
americanexpresshomeloans.com,"American Express Travel Related Services Company, Inc."
americanexpresshomeloans.net,"American Express Travel Related Services Company, Inc."
americanexpresshomeloans.org,"American Express Travel Related Services Company, Inc."
americanexpresshomepage.com,"American Express Travel Related Services Company, Inc."
americanexpresshomes.com,"American Express Travel Related Services Company, Inc."
americanexpresshor.com,"American Express Travel Related Services Company, Inc."
americanexpresshotelhub.com,"American Express Travel Related Services Company, Inc."
americanexpresshotels.com,"American Express Travel Related Services Company, Inc."
americanexpresshotelsandcasinos.com,"American Express Travel Related Services Company, Inc."
americanexpressi.com,"American Express Travel Related Services Company, Inc."
americanexpressibank.com,"American Express Travel Related Services Company, Inc."
americanexpressicard.com,"American Express Travel Related Services Company, Inc."
americanexpressid.com,"American Express Travel Related Services Company, Inc."
americanexpressids.com,"American Express Travel Related Services Company, Inc."
americanexpressigns.com,"American Express Travel Related Services Company, Inc."
americanexpressincentives.com,"American Express Travel Related Services Company, Inc."
americanexpressincentiveservices.com,"American Express Travel Related Services Company, Inc."
americanexpressincentivesservices.com,"American Express Travel Related Services Company, Inc."
americanexpressindia.co.in,"American Express Travel Related Services Company, Inc."
americanexpressindia.com,"American Express Travel Related Services Company, Inc."
americanexpressinfo.com,"American Express Travel Related Services Company, Inc."
americanexpressinfo.info,"American Express Travel Related Services Company, Inc."
americanexpressinnovation.com,"American Express Travel Related Services Company, Inc."
americanexpressinsidetool.com,"American Express Travel Related Services Company, Inc."
americanexpressinsurance.com,"American Express Travel Related Services Company, Inc."
americanexpressinsurance.info,"American Express Travel Related Services Company, Inc."
americanexpressinsurancedge.com,"American Express Travel Related Services Company, Inc."
americanexpressinsurancedge.net,"American Express Travel Related Services Company, Inc."
americanexpressinsuranceedge.com,"American Express Travel Related Services Company, Inc."
americanexpressinsuranceedge.net,"American Express Travel Related Services Company, Inc."
americanexpressinsurancelife.info,"American Express Travel Related Services Company, Inc."
americanexpressinsurancelife.net,"American Express Travel Related Services Company, Inc."
americanexpressinternational-officialsite.com,"American Express Travel Related Services Company, Inc."
americanexpressinternational.com,"American Express Travel Related Services Company, Inc."
americanexpressinternational.net,"American Express Travel Related Services Company, Inc."
americanexpressinternational.org,"American Express Travel Related Services Company, Inc."
americanexpressinternet.com,"American Express Travel Related Services Company, Inc."
americanexpressinternetcreditcard.com,"American Express Travel Related Services Company, Inc."
americanexpressinternetcreditcard.net,"American Express Travel Related Services Company, Inc."
americanexpressinternetcreditcard.org,"American Express Travel Related Services Company, Inc."
americanexpressinvestmentclub.com,"American Express Travel Related Services Company, Inc."
americanexpressinvestmentmanager.com,"American Express Travel Related Services Company, Inc."
americanexpressinvites.com,"American Express Travel Related Services Company, Inc."
americanexpressinvoicing.com,"American Express Travel Related Services Company, Inc."
americanexpressions.net,"American Express Travel Related Services Company, Inc."
americanexpressionsinfrench.com,"American Express Travel Related Services Company, Inc."
americanexpressionsinportuguese.com,"American Express Travel Related Services Company, Inc."
americanexpressisp.com,"American Express Travel Related Services Company, Inc."
americanexpressitalia.com,"American Express Travel Related Services Company, Inc."
americanexpressjazzfestival.com,"American Express Travel Related Services Company, Inc."
americanexpressjetblue.com,"American Express Travel Related Services Company, Inc."
americanexpressjob.com,"American Express Travel Related Services Company, Inc."
americanexpressjobs.com,"American Express Travel Related Services Company, Inc."
americanexpressjoyeusesfetes.com,"American Express Travel Related Services Company, Inc."
americanexpresskard.com,"American Express Travel Related Services Company, Inc."
americanexpressl.com,"American Express Travel Related Services Company, Inc."
americanexpressla.com,"American Express Travel Related Services Company, Inc."
americanexpresslabs.com,"American Express Travel Related Services Company, Inc."
americanexpresslatino.com,"American Express Travel Related Services Company, Inc."
americanexpresslayaway.com,"American Express Travel Related Services Company, Inc."
americanexpresslcom.com,"American Express Travel Related Services Company, Inc."
americanexpressleads.com,"American Express Travel Related Services Company, Inc."
americanexpressleads.net,"American Express Travel Related Services Company, Inc."
americanexpressleadtracker.com,"American Express Travel Related Services Company, Inc."
americanexpresslease.com,"American Express Travel Related Services Company, Inc."
americanexpressleasingcompany.com,"American Express Travel Related Services Company, Inc."
americanexpresslending.biz,"American Express Travel Related Services Company, Inc."
americanexpresslending.com,"American Express Travel Related Services Company, Inc."
americanexpresslending.info,"American Express Travel Related Services Company, Inc."
americanexpresslending.net,"American Express Travel Related Services Company, Inc."
americanexpresslies.com,"American Express Travel Related Services Company, Inc."
americanexpresslifecard.com,"American Express Travel Related Services Company, Inc."
americanexpresslifeline.com,"American Express Travel Related Services Company, Inc."
americanexpresslifesettlements.com,"American Express Travel Related Services Company, Inc."
americanexpresslimit.com,"American Express Travel Related Services Company, Inc."
americanexpresslimo.com,"American Express Travel Related Services Company, Inc."
americanexpresslimodenver.com,"American Express Travel Related Services Company, Inc."
americanexpresslimos.com,"American Express Travel Related Services Company, Inc."
americanexpresslimousine.com,"American Express Travel Related Services Company, Inc."
americanexpresslive.com,"American Express Travel Related Services Company, Inc."
americanexpressliving.com,"American Express Travel Related Services Company, Inc."
americanexpressllc.com,primary
americanexpressloan.com,"American Express Travel Related Services Company, Inc."
americanexpressloanfunding.com,"American Express Travel Related Services Company, Inc."
americanexpressloanfunding.info,"American Express Travel Related Services Company, Inc."
americanexpressloanfunding.net,"American Express Travel Related Services Company, Inc."
americanexpressloans.com,"American Express Travel Related Services Company, Inc."
americanexpressloans.net,"American Express Travel Related Services Company, Inc."
americanexpressloans.org,"American Express Travel Related Services Company, Inc."
americanexpressloansonline.com,"American Express Travel Related Services Company, Inc."
americanexpresslocal.com,"American Express Travel Related Services Company, Inc."
americanexpresslocksmith.com,"American Express Travel Related Services Company, Inc."
americanexpresslogin.net,"American Express Travel Related Services Company, Inc."
americanexpresslogin.org,"American Express Travel Related Services Company, Inc."
americanexpresslogistica.com,"American Express Travel Related Services Company, Inc."
americanexpresslogistics.com,"American Express Travel Related Services Company, Inc."
americanexpresslogo.com,"American Express Travel Related Services Company, Inc."
americanexpresslogon.com,"American Express Travel Related Services Company, Inc."
americanexpresslorez.com,"American Express Travel Related Services Company, Inc."
americanexpresslostwallet.com,"American Express Travel Related Services Company, Inc."
americanexpresslostwalletprotector.com,"American Express Travel Related Services Company, Inc."
americanexpressloungephotos.com,"American Express Travel Related Services Company, Inc."
americanexpressloyalty.com,"American Express Travel Related Services Company, Inc."
americanexpressloyalty.net,"American Express Travel Related Services Company, Inc."
americanexpressloyalty.org,"American Express Travel Related Services Company, Inc."
americanexpressltda.com,"American Express Travel Related Services Company, Inc."
americanexpresslwp.com,"American Express Travel Related Services Company, Inc."
americanexpressm.com,"American Express Travel Related Services Company, Inc."
americanexpressmarketing.com,"American Express Travel Related Services Company, Inc."
americanexpressmarketingsolutions.com,"American Express Travel Related Services Company, Inc."
americanexpressmarketplace.com,"American Express Travel Related Services Company, Inc."
americanexpressmartcard.com,"American Express Travel Related Services Company, Inc."
americanexpressmartcard.net,"American Express Travel Related Services Company, Inc."
americanexpressmartcard.org,"American Express Travel Related Services Company, Inc."
americanexpressmastercard.com,"American Express Travel Related Services Company, Inc."
americanexpressmatrix.com,"American Express Travel Related Services Company, Inc."
americanexpressmatrix.info,"American Express Travel Related Services Company, Inc."
americanexpressmatrix.net,"American Express Travel Related Services Company, Inc."
americanexpressmatrix.org,"American Express Travel Related Services Company, Inc."
americanexpressmatrix.us,"American Express Travel Related Services Company, Inc."
americanexpressmeds.com,"American Express Travel Related Services Company, Inc."
americanexpressmeetings.com,"American Express Travel Related Services Company, Inc."
americanexpressmember.com,"American Express Travel Related Services Company, Inc."
americanexpressmemberrewards.com,"American Express Travel Related Services Company, Inc."
americanexpressmemberservices.com,"American Express Travel Related Services Company, Inc."
americanexpressmembershipreward.com,"American Express Travel Related Services Company, Inc."
americanexpressmembershiprewards.com,"American Express Travel Related Services Company, Inc."
americanexpressmembershiprewards.org,"American Express Travel Related Services Company, Inc."
americanexpressmembershiprewars.com,"American Express Travel Related Services Company, Inc."
americanexpressmembershipsrewardprog.com,"American Express Travel Related Services Company, Inc."
americanexpressmenu.com,"American Express Travel Related Services Company, Inc."
americanexpressmerch.com,"American Express Travel Related Services Company, Inc."
americanexpressmerchant.com,"American Express Travel Related Services Company, Inc."
americanexpressmerchant.net,"American Express Travel Related Services Company, Inc."
americanexpressmerchantaccount.com,"American Express Travel Related Services Company, Inc."
americanexpressmerchantaccount.net,"American Express Travel Related Services Company, Inc."
americanexpressmerchantservices.com,"American Express Travel Related Services Company, Inc."
americanexpressmerchantservices.info,"American Express Travel Related Services Company, Inc."
americanexpressmerchantservices.net,"American Express Travel Related Services Company, Inc."
americanexpressmerchantservices.org,"American Express Travel Related Services Company, Inc."
americanexpressmerchantservices.us,"American Express Travel Related Services Company, Inc."
americanexpressmessengers.com,"American Express Travel Related Services Company, Inc."
americanexpressmexico.com,"American Express Travel Related Services Company, Inc."
americanexpressmiles.com,"American Express Travel Related Services Company, Inc."
americanexpressminutes.com,"American Express Travel Related Services Company, Inc."
americanexpressmobile.com,"American Express Travel Related Services Company, Inc."
americanexpressmobile.info,"American Express Travel Related Services Company, Inc."
americanexpressmobile.net,"American Express Travel Related Services Company, Inc."
americanexpressmobiledeals.com,"American Express Travel Related Services Company, Inc."
americanexpressmobileoffers.com,"American Express Travel Related Services Company, Inc."
americanexpressmobille.com,"American Express Travel Related Services Company, Inc."
americanexpressmoney.com,"American Express Travel Related Services Company, Inc."
americanexpressmoneycard.com,"American Express Travel Related Services Company, Inc."
americanexpressmoneygram.com,"American Express Travel Related Services Company, Inc."
americanexpressmoneyorder.com,"American Express Travel Related Services Company, Inc."
americanexpressmortgage.com,"American Express Travel Related Services Company, Inc."
americanexpressmortgage.org,"American Express Travel Related Services Company, Inc."
americanexpressmortgagecompany.com,"American Express Travel Related Services Company, Inc."
americanexpressmortgages.com,"American Express Travel Related Services Company, Inc."
americanexpressmortgageservices.com,"American Express Travel Related Services Company, Inc."
americanexpressmovers.com,"American Express Travel Related Services Company, Inc."
americanexpressmovil.com,"American Express Travel Related Services Company, Inc."
americanexpressmovil.net,"American Express Travel Related Services Company, Inc."
americanexpressmoving.com,"American Express Travel Related Services Company, Inc."
americanexpressmutualfunds.com,"American Express Travel Related Services Company, Inc."
americanexpressmx.com,"American Express Travel Related Services Company, Inc."
americanexpressmyapplicationstatus.com,"American Express Travel Related Services Company, Inc."
americanexpressmybluesky.com,"American Express Travel Related Services Company, Inc."
americanexpressmybonuscenter.com,"American Express Travel Related Services Company, Inc."
americanexpressmylife.com,"American Express Travel Related Services Company, Inc."
americanexpressmyrewards.com,"American Express Travel Related Services Company, Inc."
americanexpressmywishlist.com,"American Express Travel Related Services Company, Inc."
americanexpressn.com,"American Express Travel Related Services Company, Inc."
americanexpressnationabankaenb.com,"American Express Travel Related Services Company, Inc."
americanexpressnationalbank.com,"American Express Travel Related Services Company, Inc."
americanexpressnationalbank.info,"American Express Travel Related Services Company, Inc."
americanexpressnationalbank.net,"American Express Travel Related Services Company, Inc."
americanexpressnationalbank.org,"American Express Travel Related Services Company, Inc."
americanexpressnationalbank.us,"American Express Travel Related Services Company, Inc."
americanexpressnationalbankaenb.info,"American Express Travel Related Services Company, Inc."
americanexpressnationalbankaenb.net,"American Express Travel Related Services Company, Inc."
americanexpressnationalbankaenb.org,"American Express Travel Related Services Company, Inc."
americanexpressnationalbankaenb.us,"American Express Travel Related Services Company, Inc."
americanexpressnectarcard.com,"American Express Travel Related Services Company, Inc."
americanexpressnestegg.com,"American Express Travel Related Services Company, Inc."
americanexpressnestegg.net,"American Express Travel Related Services Company, Inc."
americanexpressnet.net,"American Express Travel Related Services Company, Inc."
americanexpressnetwork.com,"American Express Travel Related Services Company, Inc."
americanexpressnews.com,"American Express Travel Related Services Company, Inc."
americanexpressnews.info,"American Express Travel Related Services Company, Inc."
americanexpressnewyork.com,"American Express Travel Related Services Company, Inc."
americanexpressnotvisa.com,"American Express Travel Related Services Company, Inc."
americanexpressnotvisa.info,"American Express Travel Related Services Company, Inc."
americanexpressnotvisa.net,"American Express Travel Related Services Company, Inc."
americanexpressnotvisa.org,"American Express Travel Related Services Company, Inc."
americanexpresso.com,"American Express Travel Related Services Company, Inc."
americanexpressofdance.com,"American Express Travel Related Services Company, Inc."
americanexpressoffer.com,"American Express Travel Related Services Company, Inc."
americanexpressoffers.com,"American Express Travel Related Services Company, Inc."
americanexpressofferzone.com,"American Express Travel Related Services Company, Inc."
americanexpressogden.com,"American Express Travel Related Services Company, Inc."
americanexpresson.xyz,"American Express Travel Related Services Company, Inc."
americanexpressone.com,"American Express Travel Related Services Company, Inc."
americanexpressone.travel,"American Express Travel Related Services Company, Inc."
americanexpressonecard.com,"American Express Travel Related Services Company, Inc."
americanexpressonetravel.info,"American Express Travel Related Services Company, Inc."
americanexpressonline.asia,"American Express Travel Related Services Company, Inc."
americanexpressonline.com,"American Express Travel Related Services Company, Inc."
americanexpressonline.info,"American Express Travel Related Services Company, Inc."
americanexpressonline.org,"American Express Travel Related Services Company, Inc."
americanexpressonline2.com,"American Express Travel Related Services Company, Inc."
americanexpressonline20.com,"American Express Travel Related Services Company, Inc."
americanexpressonlinebillpay.com,"American Express Travel Related Services Company, Inc."
americanexpressonlinebroker.com,"American Express Travel Related Services Company, Inc."
americanexpressonlinecasino.com,"American Express Travel Related Services Company, Inc."
americanexpressonlinecasino.net,"American Express Travel Related Services Company, Inc."
americanexpressonlinecasino.org,"American Express Travel Related Services Company, Inc."
americanexpressonlinecreditcard.com,"American Express Travel Related Services Company, Inc."
americanexpressonlinenow.net,"American Express Travel Related Services Company, Inc."
americanexpressonlinepayment.com,"American Express Travel Related Services Company, Inc."
americanexpressonlinetravel.com,"American Express Travel Related Services Company, Inc."
americanexpressopen.com,"American Express Travel Related Services Company, Inc."
americanexpressopen.info,"American Express Travel Related Services Company, Inc."
americanexpressopen.net,"American Express Travel Related Services Company, Inc."
americanexpressopen.org,"American Express Travel Related Services Company, Inc."
americanexpressopen.travel,"American Express Travel Related Services Company, Inc."
americanexpressopen.us,"American Express Travel Related Services Company, Inc."
americanexpressopenacceptpay.com,"American Express Travel Related Services Company, Inc."
americanexpressopencardrewards.com,"American Express Travel Related Services Company, Inc."
americanexpressopenform.com,"American Express Travel Related Services Company, Inc."
americanexpressopensmallbusiness.com,"American Express Travel Related Services Company, Inc."
americanexpressoptima.com,"American Express Travel Related Services Company, Inc."
americanexpressoptimacard.com,"American Express Travel Related Services Company, Inc."
americanexpressp.com,"American Express Travel Related Services Company, Inc."
americanexpresspad.com,"American Express Travel Related Services Company, Inc."
americanexpresspaperless.com,"American Express Travel Related Services Company, Inc."
americanexpressparkcity.com,"American Express Travel Related Services Company, Inc."
americanexpresspartner.com,"American Express Travel Related Services Company, Inc."
americanexpresspartners.com,"American Express Travel Related Services Company, Inc."
americanexpresspassport.com,"American Express Travel Related Services Company, Inc."
americanexpresspay.com,"American Express Travel Related Services Company, Inc."
americanexpresspaybillonline.com,"American Express Travel Related Services Company, Inc."
americanexpresspaycardonline.com,"American Express Travel Related Services Company, Inc."
americanexpresspaylater.com,"American Express Travel Related Services Company, Inc."
americanexpresspayment.com,"American Express Travel Related Services Company, Inc."
americanexpresspayments.com,"American Express Travel Related Services Company, Inc."
americanexpresspayonline.com,"American Express Travel Related Services Company, Inc."
americanexpresspayovertime.com,"American Express Travel Related Services Company, Inc."
americanexpresspayroll.info,"American Express Travel Related Services Company, Inc."
americanexpresspayyourbill.com,"American Express Travel Related Services Company, Inc."
americanexpresspen.com,"American Express Travel Related Services Company, Inc."
americanexpressperdiemcard.com,"American Express Travel Related Services Company, Inc."
americanexpressperdiemcard.net,"American Express Travel Related Services Company, Inc."
americanexpresspersonalfsbhighyieldsavings.com,"American Express Travel Related Services Company, Inc."
americanexpresspersonalhighyieldsavings.com,"American Express Travel Related Services Company, Inc."
americanexpresspersonalloans.info,"American Express Travel Related Services Company, Inc."
americanexpressperu.com,"American Express Travel Related Services Company, Inc."
americanexpressph.com,"American Express Travel Related Services Company, Inc."
americanexpresspharmacy.com,"American Express Travel Related Services Company, Inc."
americanexpressphone.com,"American Express Travel Related Services Company, Inc."
americanexpressphotos.com,"American Express Travel Related Services Company, Inc."
americanexpressplatinum.com,"American Express Travel Related Services Company, Inc."
americanexpressplatinum.net,"American Express Travel Related Services Company, Inc."
americanexpressplatinum.org,"American Express Travel Related Services Company, Inc."
americanexpressplatinum.travel,"American Express Travel Related Services Company, Inc."
americanexpressplatinumbusiness.com,"American Express Travel Related Services Company, Inc."
americanexpressplatinumcard.com,"American Express Travel Related Services Company, Inc."
americanexpressplatinumcards.com,"American Express Travel Related Services Company, Inc."
americanexpressplatinumcreditcard.com,"American Express Travel Related Services Company, Inc."
americanexpressplatinumtravel.com,"American Express Travel Related Services Company, Inc."
americanexpressplatinumvillas.com,"American Express Travel Related Services Company, Inc."
americanexpressplum.com,"American Express Travel Related Services Company, Inc."
americanexpressplumcard.com,"American Express Travel Related Services Company, Inc."
americanexpressplumcards.com,"American Express Travel Related Services Company, Inc."
americanexpressplumcreditcard.com,"American Express Travel Related Services Company, Inc."
americanexpresspodcasts.com,"American Express Travel Related Services Company, Inc."
americanexpresspoint.com,"American Express Travel Related Services Company, Inc."
americanexpresspoints.com,"American Express Travel Related Services Company, Inc."
americanexpresspoints.net,"American Express Travel Related Services Company, Inc."
americanexpresspoints.org,"American Express Travel Related Services Company, Inc."
americanexpresspoker.com,"American Express Travel Related Services Company, Inc."
americanexpresspoker.net,"American Express Travel Related Services Company, Inc."
americanexpresspop.com,"American Express Travel Related Services Company, Inc."
americanexpressportugal.com,"American Express Travel Related Services Company, Inc."
americanexpresspourlespme.com,"American Express Travel Related Services Company, Inc."
americanexpresspr.com,"American Express Travel Related Services Company, Inc."
americanexpresspreferred.com,"American Express Travel Related Services Company, Inc."
americanexpresspreferredrewardsgoldcard.com,"American Express Travel Related Services Company, Inc."
americanexpresspremierrewards.com,"American Express Travel Related Services Company, Inc."
americanexpressprepaid.com,"American Express Travel Related Services Company, Inc."
americanexpressprepaid.net,"American Express Travel Related Services Company, Inc."
americanexpressprepaidcard.com,"American Express Travel Related Services Company, Inc."
americanexpressprepaidcards.com,"American Express Travel Related Services Company, Inc."
americanexpressprepaidcreditcard.com,"American Express Travel Related Services Company, Inc."
americanexpressprepaidcreditcards.com,"American Express Travel Related Services Company, Inc."
americanexpressprepaodcreditcards.com,"American Express Travel Related Services Company, Inc."
americanexpresspress.com,"American Express Travel Related Services Company, Inc."
americanexpressprivatepayments.com,"American Express Travel Related Services Company, Inc."
americanexpressprivatesale.com,"American Express Travel Related Services Company, Inc."
americanexpresspriviledges.com,"American Express Travel Related Services Company, Inc."
americanexpresspriviledges.info,"American Express Travel Related Services Company, Inc."
americanexpresspriviledges.net,"American Express Travel Related Services Company, Inc."
americanexpresspriviledges.org,"American Express Travel Related Services Company, Inc."
americanexpressprizes.com,"American Express Travel Related Services Company, Inc."
americanexpressprocesservice.com,"American Express Travel Related Services Company, Inc."
americanexpressprocessing.com,"American Express Travel Related Services Company, Inc."
americanexpressprocessservice.com,"American Express Travel Related Services Company, Inc."
americanexpresspromo.info,"American Express Travel Related Services Company, Inc."
americanexpresspromos.com,"American Express Travel Related Services Company, Inc."
americanexpresspromotions.com,"American Express Travel Related Services Company, Inc."
americanexpressproperty.com,"American Express Travel Related Services Company, Inc."
americanexpressprudentialutah.com,"American Express Travel Related Services Company, Inc."
americanexpresspta.com,"American Express Travel Related Services Company, Inc."
americanexpresspublishing.com,"American Express Travel Related Services Company, Inc."
americanexpressq.com,"American Express Travel Related Services Company, Inc."
americanexpressr.com,"American Express Travel Related Services Company, Inc."
americanexpressrailhub.com,"American Express Travel Related Services Company, Inc."
americanexpressrapidrewards.com,"American Express Travel Related Services Company, Inc."
americanexpressratings.com,"American Express Travel Related Services Company, Inc."
americanexpressrbija.com,"American Express Travel Related Services Company, Inc."
americanexpressrealty.com,"American Express Travel Related Services Company, Inc."
americanexpressrealty.net,"American Express Travel Related Services Company, Inc."
americanexpressrebatecard.com,"American Express Travel Related Services Company, Inc."
americanexpressrebates.com,"American Express Travel Related Services Company, Inc."
americanexpressred.at,"American Express Travel Related Services Company, Inc."
americanexpressred.com,"American Express Travel Related Services Company, Inc."
americanexpressred.fi,"American Express Travel Related Services Company, Inc."
americanexpressred.in,"American Express Travel Related Services Company, Inc."
americanexpressred.net,"American Express Travel Related Services Company, Inc."
americanexpressred.org,"American Express Travel Related Services Company, Inc."
americanexpressred.ph,"American Express Travel Related Services Company, Inc."
americanexpressred.us,"American Express Travel Related Services Company, Inc."
americanexpressredcard.com,"American Express Travel Related Services Company, Inc."
americanexpressredemptioncenter.com,"American Express Travel Related Services Company, Inc."
americanexpressrein.com,"American Express Travel Related Services Company, Inc."
americanexpressreit.com,"American Express Travel Related Services Company, Inc."
americanexpressrestaurantoffers.com,"American Express Travel Related Services Company, Inc."
americanexpressretirement.com,"American Express Travel Related Services Company, Inc."
americanexpressreview.com,"American Express Travel Related Services Company, Inc."
americanexpressreviews.com,"American Express Travel Related Services Company, Inc."
americanexpressreward.com,"American Express Travel Related Services Company, Inc."
americanexpressreward.info,"American Express Travel Related Services Company, Inc."
americanexpressrewardcard.com,"American Express Travel Related Services Company, Inc."
americanexpressrewardpoints.com,"American Express Travel Related Services Company, Inc."
americanexpressrewardprograms.com,"American Express Travel Related Services Company, Inc."
americanexpressrewards.com,"American Express Travel Related Services Company, Inc."
americanexpressrewards.info,"American Express Travel Related Services Company, Inc."
americanexpressrewards.org,"American Express Travel Related Services Company, Inc."
americanexpressrewardscard.com,"American Express Travel Related Services Company, Inc."
americanexpressrewardscatalog.com,"American Express Travel Related Services Company, Inc."
americanexpressrewardsgold.com,"American Express Travel Related Services Company, Inc."
americanexpressrewardspoints.com,"American Express Travel Related Services Company, Inc."
americanexpressrewardsprogram.com,"American Express Travel Related Services Company, Inc."
americanexpressrewardsprograms.com,"American Express Travel Related Services Company, Inc."
americanexpressrewardstravel.com,"American Express Travel Related Services Company, Inc."
americanexpressrewrds.com,"American Express Travel Related Services Company, Inc."
americanexpressrmembershiprewards.com,"American Express Travel Related Services Company, Inc."
americanexpressrocks.com,"American Express Travel Related Services Company, Inc."
americanexpressrots.com,"American Express Travel Related Services Company, Inc."
americanexpressrules.com,"American Express Travel Related Services Company, Inc."
americanexpressrx.com,"American Express Travel Related Services Company, Inc."
americanexpressrx.net,"American Express Travel Related Services Company, Inc."
americanexpresss.com,"American Express Travel Related Services Company, Inc."
americanexpresss.info,"American Express Travel Related Services Company, Inc."
americanexpresss.net,"American Express Travel Related Services Company, Inc."
americanexpresssafe.com,"American Express Travel Related Services Company, Inc."
americanexpresssafekey.com,"American Express Travel Related Services Company, Inc."
americanexpresssaltlake.com,"American Express Travel Related Services Company, Inc."
americanexpresssaltlakecity.com,"American Express Travel Related Services Company, Inc."
americanexpresssavings.com,"American Express Travel Related Services Company, Inc."
americanexpresssavings.net,"American Express Travel Related Services Company, Inc."
americanexpresssavingscenter.com,"American Express Travel Related Services Company, Inc."
americanexpresssbank.com,"American Express Travel Related Services Company, Inc."
americanexpresssblackcard.com,"American Express Travel Related Services Company, Inc."
americanexpressscard.com,"American Express Travel Related Services Company, Inc."
americanexpressscreditcards.com,"American Express Travel Related Services Company, Inc."
americanexpressscreditcards.us,"American Express Travel Related Services Company, Inc."
americanexpresssdk.com,"American Express Travel Related Services Company, Inc."
americanexpresssearch.com,"American Express Travel Related Services Company, Inc."
americanexpresssecurity.com,"American Express Travel Related Services Company, Inc."
americanexpressseguros.com,"American Express Travel Related Services Company, Inc."
americanexpressselect.com,"American Express Travel Related Services Company, Inc."
americanexpressselects.com,"American Express Travel Related Services Company, Inc."
americanexpressserbia.com,"American Express Travel Related Services Company, Inc."
americanexpressserve.com,"American Express Travel Related Services Company, Inc."
americanexpressservice.com,"American Express Travel Related Services Company, Inc."
americanexpressservices.com,"American Express Travel Related Services Company, Inc."
americanexpressservices.mobi,"American Express Travel Related Services Company, Inc."
americanexpressservices.net,"American Express Travel Related Services Company, Inc."
americanexpresssex.com,"American Express Travel Related Services Company, Inc."
americanexpresssharepeople.net,"American Express Travel Related Services Company, Inc."
americanexpresssharepeople.org,"American Express Travel Related Services Company, Inc."
americanexpressshop.com,"American Express Travel Related Services Company, Inc."
americanexpressshoppingmall.com,"American Express Travel Related Services Company, Inc."
americanexpresssigns.com,"American Express Travel Related Services Company, Inc."
americanexpresssilver.com,"American Express Travel Related Services Company, Inc."
americanexpresssimplycash.com,"American Express Travel Related Services Company, Inc."
americanexpresssingapore.com,"American Express Travel Related Services Company, Inc."
americanexpresssingleid.com,"American Express Travel Related Services Company, Inc."
americanexpresssingleid.info,"American Express Travel Related Services Company, Inc."
americanexpresssingleid.net,"American Express Travel Related Services Company, Inc."
americanexpresssingleid.us,"American Express Travel Related Services Company, Inc."
americanexpresssite.com,"American Express Travel Related Services Company, Inc."
americanexpresssite.org,"American Express Travel Related Services Company, Inc."
americanexpressskymiles.com,"American Express Travel Related Services Company, Inc."
americanexpressslc.com,"American Express Travel Related Services Company, Inc."
americanexpresssmallbusiness.com,"American Express Travel Related Services Company, Inc."
americanexpresssmallbusinessloan.com,"American Express Travel Related Services Company, Inc."
americanexpresssmartcard.com,"American Express Travel Related Services Company, Inc."
americanexpresssmartcard.net,"American Express Travel Related Services Company, Inc."
americanexpresssmartcard.org,"American Express Travel Related Services Company, Inc."
americanexpressspain.net,"American Express Travel Related Services Company, Inc."
americanexpressspg.com,"American Express Travel Related Services Company, Inc."
americanexpresssrbija.com,"American Express Travel Related Services Company, Inc."
americanexpressss.com,"American Express Travel Related Services Company, Inc."
americanexpressstadium.com,"American Express Travel Related Services Company, Inc."
americanexpressstadium.net,"American Express Travel Related Services Company, Inc."
americanexpressstarwood.com,"American Express Travel Related Services Company, Inc."
americanexpressstinks.com,"American Express Travel Related Services Company, Inc."
americanexpressstock.com,"American Express Travel Related Services Company, Inc."
americanexpressstore.com,"American Express Travel Related Services Company, Inc."
americanexpressstories.com,"American Express Travel Related Services Company, Inc."
americanexpressstravel.com,"American Express Travel Related Services Company, Inc."
americanexpressstudent.com,"American Express Travel Related Services Company, Inc."
americanexpressstudentcard.com,"American Express Travel Related Services Company, Inc."
americanexpressstudentcreditcard.com,"American Express Travel Related Services Company, Inc."
americanexpressstudentcreditcards.com,"American Express Travel Related Services Company, Inc."
americanexpressstyle.com,"American Express Travel Related Services Company, Inc."
americanexpresssucks.net,"American Express Travel Related Services Company, Inc."
americanexpresssweepstakes.com,"American Express Travel Related Services Company, Inc."
americanexpressswiss.com,"American Express Travel Related Services Company, Inc."
americanexpressswiss.net,"American Express Travel Related Services Company, Inc."
americanexpresssync.com,"American Express Travel Related Services Company, Inc."
americanexpresssytle.com,"American Express Travel Related Services Company, Inc."
americanexpresst.com,"American Express Travel Related Services Company, Inc."
americanexpresstailormade.com,"American Express Travel Related Services Company, Inc."
americanexpresstalent.com,"American Express Travel Related Services Company, Inc."
americanexpresstarjetas.com,"American Express Travel Related Services Company, Inc."
americanexpresstarvel.com,"American Express Travel Related Services Company, Inc."
americanexpresstaxi.com,"American Express Travel Related Services Company, Inc."
americanexpresstel.com,"American Express Travel Related Services Company, Inc."
americanexpresstelecom.com,"American Express Travel Related Services Company, Inc."
americanexpresstesting.com,"American Express Travel Related Services Company, Inc."
americanexpresstheatertickets.com,"American Express Travel Related Services Company, Inc."
americanexpressticket.com,"American Express Travel Related Services Company, Inc."
americanexpresstickets.info,"American Express Travel Related Services Company, Inc."
americanexpresstickets.net,"American Express Travel Related Services Company, Inc."
americanexpressticketsavingcenter.com,"American Express Travel Related Services Company, Inc."
americanexpressticketsavingcenter.info,"American Express Travel Related Services Company, Inc."
americanexpressticketsavings.com,"American Express Travel Related Services Company, Inc."
americanexpressticketsavingscenter.com,"American Express Travel Related Services Company, Inc."
americanexpressticketssavingscenter.com,"American Express Travel Related Services Company, Inc."
americanexpresstiger.com,"American Express Travel Related Services Company, Inc."
americanexpresstiger.net,"American Express Travel Related Services Company, Inc."
americanexpresstitanium.com,"American Express Travel Related Services Company, Inc."
americanexpresstitaniumcard.com,"American Express Travel Related Services Company, Inc."
americanexpresstopshop.info,"American Express Travel Related Services Company, Inc."
americanexpresstour.com,"American Express Travel Related Services Company, Inc."
americanexpresstours.com,"American Express Travel Related Services Company, Inc."
americanexpresstowingandtransportation.com,"American Express Travel Related Services Company, Inc."
americanexpresstrading.com,"American Express Travel Related Services Company, Inc."
americanexpresstransport.com,"American Express Travel Related Services Company, Inc."
americanexpresstraval.com,"American Express Travel Related Services Company, Inc."
americanexpresstrave.com,"American Express Travel Related Services Company, Inc."
americanexpresstravel.ai,"American Express Travel Related Services Company, Inc."
americanexpresstravel.com,"American Express Travel Related Services Company, Inc."
americanexpresstravel.com.ng,"American Express Travel Related Services Company, Inc."
americanexpresstravel.info,"American Express Travel Related Services Company, Inc."
americanexpresstravel.mobi,"American Express Travel Related Services Company, Inc."
americanexpresstravel.net,"American Express Travel Related Services Company, Inc."
americanexpresstravel.org,"American Express Travel Related Services Company, Inc."
americanexpresstravel.us,"American Express Travel Related Services Company, Inc."
americanexpresstravelagent.com,"American Express Travel Related Services Company, Inc."
americanexpresstravelcard.com,"American Express Travel Related Services Company, Inc."
americanexpresstravelercheck.com,"American Express Travel Related Services Company, Inc."
americanexpresstravelerchecks.com,"American Express Travel Related Services Company, Inc."
americanexpresstravelerscheck.com,"American Express Travel Related Services Company, Inc."
americanexpresstravelerscheque.com,"American Express Travel Related Services Company, Inc."
americanexpresstravelerscheques.com,"American Express Travel Related Services Company, Inc."
americanexpresstravelfundscard.com,"American Express Travel Related Services Company, Inc."
americanexpresstravelinsurance.com,"American Express Travel Related Services Company, Inc."
americanexpresstravelinsurance.info,"American Express Travel Related Services Company, Inc."
americanexpresstravelinsurance.net,"American Express Travel Related Services Company, Inc."
americanexpresstravelinsurance.org,"American Express Travel Related Services Company, Inc."
americanexpresstravelinsurancelitigation.com,"American Express Travel Related Services Company, Inc."
americanexpresstravelinsuranceuk.com,"American Express Travel Related Services Company, Inc."
americanexpresstravelinsuranceuk.info,"American Express Travel Related Services Company, Inc."
americanexpresstravell.com,"American Express Travel Related Services Company, Inc."
americanexpresstravellerschecks.com,"American Express Travel Related Services Company, Inc."
americanexpresstravellerscheque.com,"American Express Travel Related Services Company, Inc."
americanexpresstravellerscheques.com,"American Express Travel Related Services Company, Inc."
americanexpresstravelonline.com,"American Express Travel Related Services Company, Inc."
americanexpresstravelperu.com,"American Express Travel Related Services Company, Inc."
americanexpresstravelportal.com,"American Express Travel Related Services Company, Inc."
americanexpresstravelrewards.com,"American Express Travel Related Services Company, Inc."
americanexpresstravels.com,"American Express Travel Related Services Company, Inc."
americanexpresstravels.mobi,"American Express Travel Related Services Company, Inc."
americanexpresstravels.net,"American Express Travel Related Services Company, Inc."
americanexpresstravelservice.com,"American Express Travel Related Services Company, Inc."
americanexpresstravelservices.com,"American Express Travel Related Services Company, Inc."
americanexpresstravelservicesrepresentativeamttravel.com,"American Express Travel Related Services Company, Inc."
americanexpresstrend.com,"American Express Travel Related Services Company, Inc."
americanexpresstrend.info,"American Express Travel Related Services Company, Inc."
americanexpresstrend.net,"American Express Travel Related Services Company, Inc."
americanexpresstrueblue.com,"American Express Travel Related Services Company, Inc."
americanexpresstrueearnings.com,"American Express Travel Related Services Company, Inc."
americanexpresstrueearningscard.com,"American Express Travel Related Services Company, Inc."
americanexpresstruerewards.com,"American Express Travel Related Services Company, Inc."
americanexpresstrust.com,"American Express Travel Related Services Company, Inc."
americanexpresstrustcompany.com,"American Express Travel Related Services Company, Inc."
americanexpresstruth.com,"American Express Travel Related Services Company, Inc."
americanexpresstv.com,"American Express Travel Related Services Company, Inc."
americanexpresstvl.com,"American Express Travel Related Services Company, Inc."
americanexpresstvnetwork.com,"American Express Travel Related Services Company, Inc."
americanexpresstx.com,"American Express Travel Related Services Company, Inc."
americanexpressu.com,"American Express Travel Related Services Company, Inc."
americanexpressuk.com,"American Express Travel Related Services Company, Inc."
americanexpressunion.com,"American Express Travel Related Services Company, Inc."
americanexpressunionnk.com,"American Express Travel Related Services Company, Inc."
americanexpressunrobo.org,"American Express Travel Related Services Company, Inc."
americanexpressupandawaytravel.com,"American Express Travel Related Services Company, Inc."
americanexpressupdate.com,"American Express Travel Related Services Company, Inc."
americanexpressusa.com,"American Express Travel Related Services Company, Inc."
americanexpressutah.com,"American Express Travel Related Services Company, Inc."
americanexpressutahrealestate.com,"American Express Travel Related Services Company, Inc."
americanexpressvacation.com,"American Express Travel Related Services Company, Inc."
americanexpressvacation.mobi,"American Express Travel Related Services Company, Inc."
americanexpressvacation.travel,"American Express Travel Related Services Company, Inc."
americanexpressvacations.com,"American Express Travel Related Services Company, Inc."
americanexpressvacations.info,"American Express Travel Related Services Company, Inc."
americanexpressvacations.net,"American Express Travel Related Services Company, Inc."
americanexpressvacations.org,"American Express Travel Related Services Company, Inc."
americanexpressvacations.travel,"American Express Travel Related Services Company, Inc."
americanexpressvacatios.com,"American Express Travel Related Services Company, Inc."
americanexpressvactions.com,"American Express Travel Related Services Company, Inc."
americanexpressvancouver.com,"American Express Travel Related Services Company, Inc."
americanexpressvanlines.com,"American Express Travel Related Services Company, Inc."
americanexpressvard.com,"American Express Travel Related Services Company, Inc."
americanexpressvente-privee.com,"American Express Travel Related Services Company, Inc."
americanexpressventeprivee.com,"American Express Travel Related Services Company, Inc."
americanexpressventures.com,"American Express Travel Related Services Company, Inc."
americanexpressviewgroup.com,"American Express Travel Related Services Company, Inc."
americanexpressviewgroup.net,"American Express Travel Related Services Company, Inc."
americanexpressvillas.com,"American Express Travel Related Services Company, Inc."
americanexpressville.com,"American Express Travel Related Services Company, Inc."
americanexpressvisa.com,"American Express Travel Related Services Company, Inc."
americanexpressvisacard.com,"American Express Travel Related Services Company, Inc."
americanexpressvoluntarybenefits.com,"American Express Travel Related Services Company, Inc."
americanexpresswallet.com,"American Express Travel Related Services Company, Inc."
americanexpressway.com,"American Express Travel Related Services Company, Inc."
americanexpressway.net,"American Express Travel Related Services Company, Inc."
americanexpressway.org,"American Express Travel Related Services Company, Inc."
americanexpresswayauto.com,"American Express Travel Related Services Company, Inc."
americanexpressways.net,"American Express Travel Related Services Company, Inc."
americanexpressways.org,"American Express Travel Related Services Company, Inc."
americanexpressweather.com,"American Express Travel Related Services Company, Inc."
americanexpressweb.com,"American Express Travel Related Services Company, Inc."
americanexpresswebfares.com,"American Express Travel Related Services Company, Inc."
americanexpresswebsite.com,"American Express Travel Related Services Company, Inc."
americanexpressweddings.com,"American Express Travel Related Services Company, Inc."
americanexpresswhite.com,"American Express Travel Related Services Company, Inc."
americanexpresswhite.net,"American Express Travel Related Services Company, Inc."
americanexpresswiki.com,"American Express Travel Related Services Company, Inc."
americanexpresswillscrewyou.com,"American Express Travel Related Services Company, Inc."
americanexpresswineclub.com,"American Express Travel Related Services Company, Inc."
americanexpresswire.com,"American Express Travel Related Services Company, Inc."
americanexpresswireless.com,"American Express Travel Related Services Company, Inc."
americanexpresswireless.info,"American Express Travel Related Services Company, Inc."
americanexpresswireless.net,"American Express Travel Related Services Company, Inc."
americanexpresswiretransfer.com,"American Express Travel Related Services Company, Inc."
americanexpresswishlist.com,"American Express Travel Related Services Company, Inc."
americanexpresswork.com,"American Express Travel Related Services Company, Inc."
americanexpressworldwide.com,"American Express Travel Related Services Company, Inc."
americanexpresswsc.com,"American Express Travel Related Services Company, Inc."
americanexpresswsc.net,"American Express Travel Related Services Company, Inc."
americanexpresswsc.org,"American Express Travel Related Services Company, Inc."
americanexpressx.com,"American Express Travel Related Services Company, Inc."
americanexpressxs.com,"American Express Travel Related Services Company, Inc."
americanexpressy.com,"American Express Travel Related Services Company, Inc."
americanexpressz.com,"American Express Travel Related Services Company, Inc."
americanexpresszoid.com,"American Express Travel Related Services Company, Inc."
americanexpresszoid.info,"American Express Travel Related Services Company, Inc."
americanexpresszoid.mobi,"American Express Travel Related Services Company, Inc."
americanexpresszoid.net,"American Express Travel Related Services Company, Inc."
americanexpresszoid.us,"American Express Travel Related Services Company, Inc."
americanexpresszync.com,"American Express Travel Related Services Company, Inc."
americanexprestravel.com,"American Express Travel Related Services Company, Inc."
americanexpresw.com,"American Express Travel Related Services Company, Inc."
americanexpresws.com,"American Express Travel Related Services Company, Inc."
americanexpresx.com,"American Express Travel Related Services Company, Inc."
americanexpresxs.com,"American Express Travel Related Services Company, Inc."
americanexpresz.com,"American Express Travel Related Services Company, Inc."
americanexpreszs.com,"American Express Travel Related Services Company, Inc."
americanexpreszync.com,"American Express Travel Related Services Company, Inc."
americanexprexpress.com,"American Express Travel Related Services Company, Inc."
americanexprexs.com,"American Express Travel Related Services Company, Inc."
americanexprgss.com,"American Express Travel Related Services Company, Inc."
americanexprmss.com,"American Express Travel Related Services Company, Inc."
americanexprses.com,"American Express Travel Related Services Company, Inc."
americanexpruss.com,"American Express Travel Related Services Company, Inc."
americanexpsess.com,"American Express Travel Related Services Company, Inc."
americanexpvess.com,"American Express Travel Related Services Company, Inc."
americanexpxress.com,"American Express Travel Related Services Company, Inc."
americanexpzess.com,"American Express Travel Related Services Company, Inc."
americanexqress.com,"American Express Travel Related Services Company, Inc."
americanexrress.com,"American Express Travel Related Services Company, Inc."
americanexxpres.com,"American Express Travel Related Services Company, Inc."
americanexxpress.com,"American Express Travel Related Services Company, Inc."
americanexxpresse.com,"American Express Travel Related Services Company, Inc."
americanexxpressonline.com,"American Express Travel Related Services Company, Inc."
americanexxress.com,"American Express Travel Related Services Company, Inc."
americaneydeltagoldxpress.com,"American Express Travel Related Services Company, Inc."
americaneypress.com,"American Express Travel Related Services Company, Inc."
americanezpress.com,"American Express Travel Related Services Company, Inc."
americanfameexpres.com,"American Express Travel Related Services Company, Inc."
americanfexpress.com,"American Express Travel Related Services Company, Inc."
americanfxpress.com,"American Express Travel Related Services Company, Inc."
americangxpress.com,"American Express Travel Related Services Company, Inc."
americanhexpressofferzone.com,"American Express Travel Related Services Company, Inc."
americanianexpressgiftcard.com,"American Express Travel Related Services Company, Inc."
americanicanexpress.com,"American Express Travel Related Services Company, Inc."
americaniexpress.com,"American Express Travel Related Services Company, Inc."
americanixpress.com,"American Express Travel Related Services Company, Inc."
americanjexpress.com,"American Express Travel Related Services Company, Inc."
americanmxpress.com,"American Express Travel Related Services Company, Inc."
americannexpress.com,"American Express Travel Related Services Company, Inc."
americannexpresslogonaccount.com,"American Express Travel Related Services Company, Inc."
americannexpressofferzone.com,"American Express Travel Related Services Company, Inc."
americannnnexpress.com,"American Express Travel Related Services Company, Inc."
americannxpress.com,"American Express Travel Related Services Company, Inc."
americanoexpress.com,"American Express Travel Related Services Company, Inc."
americanopenexpress.com,"American Express Travel Related Services Company, Inc."
americanoxpress.com,"American Express Travel Related Services Company, Inc."
americanpexpress.com,"American Express Travel Related Services Company, Inc."
americanpxpress.com,"American Express Travel Related Services Company, Inc."
americanrexpress.com,"American Express Travel Related Services Company, Inc."
americanrxexpress.com,"American Express Travel Related Services Company, Inc."
americanrxpressrewards.com,"American Express Travel Related Services Company, Inc."
americansexpres.com,"American Express Travel Related Services Company, Inc."
americansexpress.com,"American Express Travel Related Services Company, Inc."
americansexpress24.com,"American Express Travel Related Services Company, Inc."
americansexpresscard.com,"American Express Travel Related Services Company, Inc."
americansexpresscom.com,"American Express Travel Related Services Company, Inc."
americansexpressed.com,"American Express Travel Related Services Company, Inc."
americansxpress.com,"American Express Travel Related Services Company, Inc."
americantexpress.com,"American Express Travel Related Services Company, Inc."
americanuexpress.com,"American Express Travel Related Services Company, Inc."
americanuxpress.com,"American Express Travel Related Services Company, Inc."
americanwxpres.com,"American Express Travel Related Services Company, Inc."
americanwxpress.com,"American Express Travel Related Services Company, Inc."
americanxexpress.com,"American Express Travel Related Services Company, Inc."
americanxpres.com,"American Express Travel Related Services Company, Inc."
americanxpress.info,"American Express Travel Related Services Company, Inc."
americanxpress.net,"American Express Travel Related Services Company, Inc."
americanxpress.org,"American Express Travel Related Services Company, Inc."
americanxpress.us,"American Express Travel Related Services Company, Inc."
americanxpresscard.com,"American Express Travel Related Services Company, Inc."
americanxpresscards.com,"American Express Travel Related Services Company, Inc."
americanxpresscreditcard.com,"American Express Travel Related Services Company, Inc."
americanxpresscreditcards.com,"American Express Travel Related Services Company, Inc."
americanxpresse.com,"American Express Travel Related Services Company, Inc."
americanxpression.com,"American Express Travel Related Services Company, Inc."
americanxpresslimo.com,"American Express Travel Related Services Company, Inc."
americanxpressmarketplace.com,"American Express Travel Related Services Company, Inc."
americanxpressmeds.com,"American Express Travel Related Services Company, Inc."
americanxpressmortgage.com,"American Express Travel Related Services Company, Inc."
americanxpressprepaid.com,"American Express Travel Related Services Company, Inc."
americanxpressrewards.com,"American Express Travel Related Services Company, Inc."
americanxpresss.com,"American Express Travel Related Services Company, Inc."
americanxpresstravel.com,"American Express Travel Related Services Company, Inc."
americanxxpress.com,"American Express Travel Related Services Company, Inc."
americanxxpressblack.com,"American Express Travel Related Services Company, Inc."
americanxxpressonline.com,"American Express Travel Related Services Company, Inc."
americanxxpressservices.com,"American Express Travel Related Services Company, Inc."
americanxxxblack.com,"American Express Travel Related Services Company, Inc."
americanxxxpress.com,"American Express Travel Related Services Company, Inc."
americanxxxpresscard.com,"American Express Travel Related Services Company, Inc."
americanxxxpressonline.com,"American Express Travel Related Services Company, Inc."
americanxxxpressservices.com,"American Express Travel Related Services Company, Inc."
americanxxxxxxpress.com,"American Express Travel Related Services Company, Inc."
americanxxxxxxxxxpress.com,"American Express Travel Related Services Company, Inc."
americanzexpress.com,"American Express Travel Related Services Company, Inc."
americaoexpress.com,"American Express Travel Related Services Company, Inc."
americasexpress.com,"American Express Travel Related Services Company, Inc."
americasnexpress.com,"American Express Travel Related Services Company, Inc."
americasxpressrentacar.com,"American Express Travel Related Services Company, Inc."
americaxexpress.com,"American Express Travel Related Services Company, Inc."
americaxpres.com,"American Express Travel Related Services Company, Inc."
americaznexpress.com,"American Express Travel Related Services Company, Inc."
americcanexpress.com,"American Express Travel Related Services Company, Inc."
americcnexpress.com,"American Express Travel Related Services Company, Inc."
americdanexpress.com,"American Express Travel Related Services Company, Inc."
americenexpres.com,"American Express Travel Related Services Company, Inc."
americenexpress.com,"American Express Travel Related Services Company, Inc."
americexpres.com,"American Express Travel Related Services Company, Inc."
americexpress.com,"American Express Travel Related Services Company, Inc."
americhemexpress.com,"American Express Travel Related Services Company, Inc."
americiaexpress.com,"American Express Travel Related Services Company, Inc."
americianexpress.com,"American Express Travel Related Services Company, Inc."
americicanexpress.com,"American Express Travel Related Services Company, Inc."
americinexpress.com,"American Express Travel Related Services Company, Inc."
americnaexpres.com,"American Express Travel Related Services Company, Inc."
americnaexpress.com,"American Express Travel Related Services Company, Inc."
americnaexpressclear.net,"American Express Travel Related Services Company, Inc."
americnaexpresstravel.com,"American Express Travel Related Services Company, Inc."
americnexpres.com,"American Express Travel Related Services Company, Inc."
americnexpress.com,"American Express Travel Related Services Company, Inc."
americunexpress.com,"American Express Travel Related Services Company, Inc."
americzanexpress.com,"American Express Travel Related Services Company, Inc."
ameriecanexpress.com,"American Express Travel Related Services Company, Inc."
ameriganexpress.com,"American Express Travel Related Services Company, Inc."
ameriicanexpress.com,"American Express Travel Related Services Company, Inc."
amerijcanexpress.com,"American Express Travel Related Services Company, Inc."
amerikan-express.com,"American Express Travel Related Services Company, Inc."
amerikanexpres.com,"American Express Travel Related Services Company, Inc."
amerikanexpress.com,"American Express Travel Related Services Company, Inc."
amerikanexpress.info,"American Express Travel Related Services Company, Inc."
amerikanexpress.net,"American Express Travel Related Services Company, Inc."
amerikanexpress.org,"American Express Travel Related Services Company, Inc."
amerikcanexpress.com,"American Express Travel Related Services Company, Inc."
amerincaexpress.com,"American Express Travel Related Services Company, Inc."
amerincanexpress.com,"American Express Travel Related Services Company, Inc."
ameriocanexpress.com,"American Express Travel Related Services Company, Inc."
ameriqanexpress.com,"American Express Travel Related Services Company, Inc."
ameriqexpress.com,"American Express Travel Related Services Company, Inc."
ameriricanexpress.com,"American Express Travel Related Services Company, Inc."
amerisanexpress.com,"American Express Travel Related Services Company, Inc."
amerivanexpress.com,"American Express Travel Related Services Company, Inc."
amerjcanexpress.com,"American Express Travel Related Services Company, Inc."
amerkcanexpress.com,"American Express Travel Related Services Company, Inc."
amerlcanexpress.com,"American Express Travel Related Services Company, Inc."
amermcanexpress.com,"American Express Travel Related Services Company, Inc."
amernexpress.com,"American Express Travel Related Services Company, Inc."
amerocamexpress.com,"American Express Travel Related Services Company, Inc."
ameroicanexpress.com,"American Express Travel Related Services Company, Inc."
amerrcanexpress.com,"American Express Travel Related Services Company, Inc."
amerricanexpress.com,"American Express Travel Related Services Company, Inc."
amerucanexpress.com,"American Express Travel Related Services Company, Inc."
amerxicanexpress.com,"American Express Travel Related Services Company, Inc."
amerycanexpress.com,"American Express Travel Related Services Company, Inc."
amesicanexpress.com,"American Express Travel Related Services Company, Inc."
ametricanexpress.com,"American Express Travel Related Services Company, Inc."
amevicanexpress.com,"American Express Travel Related Services Company, Inc."
amewricanexpress.com,"American Express Travel Related Services Company, Inc."
amex-1.com,"American Express Travel Related Services Company, Inc."
amex-accept.com,"American Express Travel Related Services Company, Inc."
amex-accepts.com,"American Express Travel Related Services Company, Inc."
amex-accounts.com,"American Express Travel Related Services Company, Inc."
amex-accounts.info,"American Express Travel Related Services Company, Inc."
amex-aefa.com,"American Express Travel Related Services Company, Inc."
amex-aefm.com,"American Express Travel Related Services Company, Inc."
amex-agency.net,"American Express Travel Related Services Company, Inc."
amex-amex.info,"American Express Travel Related Services Company, Inc."
amex-application.com,"American Express Travel Related Services Company, Inc."
amex-assurance.com,"American Express Travel Related Services Company, Inc."
amex-assurance.net,"American Express Travel Related Services Company, Inc."
amex-assurances.com,"American Express Travel Related Services Company, Inc."
amex-assurances.net,"American Express Travel Related Services Company, Inc."
amex-attestations.com,"American Express Travel Related Services Company, Inc."
amex-australia.com,"American Express Travel Related Services Company, Inc."
amex-bank.com,"American Express Travel Related Services Company, Inc."
amex-bank.net,"American Express Travel Related Services Company, Inc."
amex-biling.com,"American Express Travel Related Services Company, Inc."
amex-black.com,"American Express Travel Related Services Company, Inc."
amex-blue.com,"American Express Travel Related Services Company, Inc."
amex-bn.com,"American Express Travel Related Services Company, Inc."
amex-business.at,"American Express Travel Related Services Company, Inc."
amex-business.com,"American Express Travel Related Services Company, Inc."
amex-card.at,"American Express Travel Related Services Company, Inc."
amex-card.com,"American Express Travel Related Services Company, Inc."
amex-card.info,"American Express Travel Related Services Company, Inc."
amex-card.net,"American Express Travel Related Services Company, Inc."
amex-card.us,"American Express Travel Related Services Company, Inc."
amex-cards.com,"American Express Travel Related Services Company, Inc."
amex-carte-business.com,"American Express Travel Related Services Company, Inc."
amex-cash.com,"American Express Travel Related Services Company, Inc."
amex-casino.com,"American Express Travel Related Services Company, Inc."
amex-casinoss.com,"American Express Travel Related Services Company, Inc."
amex-ccguide.com,"American Express Travel Related Services Company, Inc."
amex-centurion.com,"American Express Travel Related Services Company, Inc."
amex-centurion.net,"American Express Travel Related Services Company, Inc."
amex-centurioncard.com,"American Express Travel Related Services Company, Inc."
amex-city.com,"American Express Travel Related Services Company, Inc."
amex-claims.com,"American Express Travel Related Services Company, Inc."
amex-cmb.com,"American Express Travel Related Services Company, Inc."
amex-community.com,"American Express Travel Related Services Company, Inc."
amex-concierge.com,"American Express Travel Related Services Company, Inc."
amex-corporate-card.fi,"American Express Travel Related Services Company, Inc."
amex-corporate-information-nl.com,"American Express Travel Related Services Company, Inc."
amex-corporatecard.net,"American Express Travel Related Services Company, Inc."
amex-corporatetravel.com,"American Express Travel Related Services Company, Inc."
amex-couriers.com,"American Express Travel Related Services Company, Inc."
amex-couriers.net,"American Express Travel Related Services Company, Inc."
amex-cp.com,"American Express Travel Related Services Company, Inc."
amex-credit-cards.info,"American Express Travel Related Services Company, Inc."
amex-credit-date-loan-budget-insurance.info,"American Express Travel Related Services Company, Inc."
amex-credit.com,"American Express Travel Related Services Company, Inc."
amex-creditcard.com,"American Express Travel Related Services Company, Inc."
amex-creditcard.info,"American Express Travel Related Services Company, Inc."
amex-creditcare.com,"American Express Travel Related Services Company, Inc."
amex-creditrepair.com,"American Express Travel Related Services Company, Inc."
amex-cuba.com,"American Express Travel Related Services Company, Inc."
amex-deals.com,"American Express Travel Related Services Company, Inc."
amex-deals.info,"American Express Travel Related Services Company, Inc."
amex-emailing.com,"American Express Travel Related Services Company, Inc."
amex-ems.com,"American Express Travel Related Services Company, Inc."
amex-epay.com,"American Express Travel Related Services Company, Inc."
amex-essentials.com,"American Express Travel Related Services Company, Inc."
amex-europe.com,"American Express Travel Related Services Company, Inc."
amex-events.com,"American Express Travel Related Services Company, Inc."
amex-explore-canada.com,"American Express Travel Related Services Company, Inc."
amex-finance.com,"American Express Travel Related Services Company, Inc."
amex-finanzmanagement.com,"American Express Travel Related Services Company, Inc."
amex-foursquare.com,"American Express Travel Related Services Company, Inc."
amex-fraudrecovery.com,"American Express Travel Related Services Company, Inc."
amex-gbt.com,"American Express Travel Related Services Company, Inc."
amex-gcss.com,"American Express Travel Related Services Company, Inc."
amex-gift-card.com,"American Express Travel Related Services Company, Inc."
amex-gift-cards.com,"American Express Travel Related Services Company, Inc."
amex-giftcard.com,"American Express Travel Related Services Company, Inc."
amex-giftcards.com,"American Express Travel Related Services Company, Inc."
amex-global.com,"American Express Travel Related Services Company, Inc."
amex-gold-card.com,"American Express Travel Related Services Company, Inc."
amex-gold.com,"American Express Travel Related Services Company, Inc."
amex-gold.net,"American Express Travel Related Services Company, Inc."
amex-goldcard.com,"American Express Travel Related Services Company, Inc."
amex-gram.com,"American Express Travel Related Services Company, Inc."
amex-gram.net,"American Express Travel Related Services Company, Inc."
amex-gram.org,"American Express Travel Related Services Company, Inc."
amex-green.com,"American Express Travel Related Services Company, Inc."
amex-home-loans.com,"American Express Travel Related Services Company, Inc."
amex-i.com,"American Express Travel Related Services Company, Inc."
amex-i.net,"American Express Travel Related Services Company, Inc."
amex-iberia-europe.com,"American Express Travel Related Services Company, Inc."
amex-iberia-latinamerica.com,"American Express Travel Related Services Company, Inc."
amex-iberia-usa.com,"American Express Travel Related Services Company, Inc."
amex-inc.com,"American Express Travel Related Services Company, Inc."
amex-india.com,primary
amex-insights.com,"American Express Travel Related Services Company, Inc."
amex-institutions.com,"American Express Travel Related Services Company, Inc."
amex-insurance.com,"American Express Travel Related Services Company, Inc."
amex-investmenmt.info,"American Express Travel Related Services Company, Inc."
amex-investment.info,"American Express Travel Related Services Company, Inc."
amex-issuers.com,"American Express Travel Related Services Company, Inc."
amex-jp.info,"American Express Travel Related Services Company, Inc."
amex-live.com,"American Express Travel Related Services Company, Inc."
amex-love.com,"American Express Travel Related Services Company, Inc."
amex-love.info,"American Express Travel Related Services Company, Inc."
amex-love.net,"American Express Travel Related Services Company, Inc."
amex-love.org,"American Express Travel Related Services Company, Inc."
amex-love.us,"American Express Travel Related Services Company, Inc."
amex-m.com,"American Express Travel Related Services Company, Inc."
amex-m.net,"American Express Travel Related Services Company, Inc."
amex-match.com,"American Express Travel Related Services Company, Inc."
amex-mk.com,"American Express Travel Related Services Company, Inc."
amex-mortgage.com,"American Express Travel Related Services Company, Inc."
amex-network.com,"American Express Travel Related Services Company, Inc."
amex-offer.com,"American Express Travel Related Services Company, Inc."
amex-offer.mobi,"American Express Travel Related Services Company, Inc."
amex-offers.com,"American Express Travel Related Services Company, Inc."
amex-on-line.net,"American Express Travel Related Services Company, Inc."
amex-one-card.com,"American Express Travel Related Services Company, Inc."
amex-one.com,"American Express Travel Related Services Company, Inc."
amex-online.info,"American Express Travel Related Services Company, Inc."
amex-payment.com,"American Express Travel Related Services Company, Inc."
amex-photos.com,"American Express Travel Related Services Company, Inc."
amex-platinum.com,"American Express Travel Related Services Company, Inc."
amex-platinumcard.com,"American Express Travel Related Services Company, Inc."
amex-plum.com,"American Express Travel Related Services Company, Inc."
amex-projet.com,"American Express Travel Related Services Company, Inc."
amex-proxy.com,"American Express Travel Related Services Company, Inc."
amex-realty.com,"American Express Travel Related Services Company, Inc."
amex-ref.com,"American Express Travel Related Services Company, Inc."
amex-research.com,"American Express Travel Related Services Company, Inc."
amex-rewards.com,"American Express Travel Related Services Company, Inc."
amex-rezexpress.com,"American Express Travel Related Services Company, Inc."
amex-roy.com,"American Express Travel Related Services Company, Inc."
amex-rsb.ru,"American Express Travel Related Services Company, Inc."
amex-russia.com,"American Express Travel Related Services Company, Inc."
amex-sec.com,"American Express Travel Related Services Company, Inc."
amex-secdulich.com,"American Express Travel Related Services Company, Inc."
amex-securessl.com,"American Express Travel Related Services Company, Inc."
amex-selects.asia,"American Express Travel Related Services Company, Inc."
amex-sell.com,"American Express Travel Related Services Company, Inc."
amex-serve.com,"American Express Travel Related Services Company, Inc."
amex-serve.net,"American Express Travel Related Services Company, Inc."
amex-services.com,"American Express Travel Related Services Company, Inc."
amex-shanna.com,"American Express Travel Related Services Company, Inc."
amex-shop-local.com,"American Express Travel Related Services Company, Inc."
amex-shopusa.com,"American Express Travel Related Services Company, Inc."
amex-skymiles.com,"American Express Travel Related Services Company, Inc."
amex-sucks.org,"American Express Travel Related Services Company, Inc."
amex-tc.com,"American Express Travel Related Services Company, Inc."
amex-travel.com,"American Express Travel Related Services Company, Inc."
amex-travelschool.com,"American Express Travel Related Services Company, Inc."
amex-trs.com,"American Express Travel Related Services Company, Inc."
amex-tsushin.info,"American Express Travel Related Services Company, Inc."
amex-unstaged.com,"American Express Travel Related Services Company, Inc."
amex-usa.com,"American Express Travel Related Services Company, Inc."
amex-user.com,"American Express Travel Related Services Company, Inc."
amex-venteprivee.com,"American Express Travel Related Services Company, Inc."
amex-visp.com,"American Express Travel Related Services Company, Inc."
amex-welcome.com,"American Express Travel Related Services Company, Inc."
amex-where.com,"American Express Travel Related Services Company, Inc."
amex-ytowe.com,"American Express Travel Related Services Company, Inc."
amex.ae,"American Express Travel Related Services Company, Inc."
amex.africa,"American Express Travel Related Services Company, Inc."
amex.app,"American Express Travel Related Services Company, Inc."
amex.at,"American Express Travel Related Services Company, Inc."
amex.black,"American Express Travel Related Services Company, Inc."
amex.cloud,"American Express Travel Related Services Company, Inc."
amex.co.at,"American Express Travel Related Services Company, Inc."
amex.co.in,"American Express Travel Related Services Company, Inc."
amex.co.mu,"American Express Travel Related Services Company, Inc."
amex.com.ph,"American Express Travel Related Services Company, Inc."
amex.com.pr,"American Express Travel Related Services Company, Inc."
amex.com.ru,"American Express Travel Related Services Company, Inc."
amex.dev,"American Express Travel Related Services Company, Inc."
amex.events,"American Express Travel Related Services Company, Inc."
amex.forum,"American Express Travel Related Services Company, Inc."
amex.global,"American Express Travel Related Services Company, Inc."
amex.homes,"American Express Travel Related Services Company, Inc."
amex.in,"American Express Travel Related Services Company, Inc."
amex.inc,"American Express Travel Related Services Company, Inc."
amex.info,"American Express Travel Related Services Company, Inc."
amex.jobs,"American Express Travel Related Services Company, Inc."
amex.me,"American Express Travel Related Services Company, Inc."
amex.mu,"American Express Travel Related Services Company, Inc."
amex.new,"American Express Travel Related Services Company, Inc."
amex.ng,"American Express Travel Related Services Company, Inc."
amex.page,"American Express Travel Related Services Company, Inc."
amex.ph,"American Express Travel Related Services Company, Inc."
amex.rsvp,"American Express Travel Related Services Company, Inc."
amex.ru,"American Express Travel Related Services Company, Inc."
amex.sbs,"American Express Travel Related Services Company, Inc."
amex.sport,"American Express Travel Related Services Company, Inc."
amex.sucks,"American Express Travel Related Services Company, Inc."
amex.tech,"American Express Travel Related Services Company, Inc."
amex.travel,"American Express Travel Related Services Company, Inc."
amex.us,"American Express Travel Related Services Company, Inc."
amex.vacations,"American Express Travel Related Services Company, Inc."
amex.xyz,"American Express Travel Related Services Company, Inc."
amex1.info,"American Express Travel Related Services Company, Inc."
amex12star.com,"American Express Travel Related Services Company, Inc."
amex160.com,"American Express Travel Related Services Company, Inc."
amex1cards.com,"American Express Travel Related Services Company, Inc."
amex2020.com,"American Express Travel Related Services Company, Inc."
amex24.com,"American Express Travel Related Services Company, Inc."
amex2consolidate-gov.info,"American Express Travel Related Services Company, Inc."
amex360.com,"American Express Travel Related Services Company, Inc."
amex360.info,"American Express Travel Related Services Company, Inc."
amex360.net,"American Express Travel Related Services Company, Inc."
amex360.org,"American Express Travel Related Services Company, Inc."
amex360.us,"American Express Travel Related Services Company, Inc."
amex401k.com,"American Express Travel Related Services Company, Inc."
amex411.com,"American Express Travel Related Services Company, Inc."
amex411.net,"American Express Travel Related Services Company, Inc."
amex411.org,"American Express Travel Related Services Company, Inc."
amex4sq.com,"American Express Travel Related Services Company, Inc."
amex4u.com,"American Express Travel Related Services Company, Inc."
amex4u.info,"American Express Travel Related Services Company, Inc."
amex4u.net,"American Express Travel Related Services Company, Inc."
amex4u.org,"American Express Travel Related Services Company, Inc."
amex666.com,"American Express Travel Related Services Company, Inc."
amexa-canada.com,"American Express Travel Related Services Company, Inc."
amexaboveandbeyond.com,"American Express Travel Related Services Company, Inc."
amexabuse.com,"American Express Travel Related Services Company, Inc."
amexaccept.com,"American Express Travel Related Services Company, Inc."
amexacceptance.info,"American Express Travel Related Services Company, Inc."
amexaccepts.com,"American Express Travel Related Services Company, Inc."
amexaccesexclusif.com,"American Express Travel Related Services Company, Inc."
amexaccess.com,"American Express Travel Related Services Company, Inc."
amexaccess.net,"American Express Travel Related Services Company, Inc."
amexaccesspecial.com,"American Express Travel Related Services Company, Inc."
amexaccident.com,"American Express Travel Related Services Company, Inc."
amexaccount.com,"American Express Travel Related Services Company, Inc."
amexaccount.info,"American Express Travel Related Services Company, Inc."
amexaccountupdated.com,"American Express Travel Related Services Company, Inc."
amexacct.com,"American Express Travel Related Services Company, Inc."
amexaccts.com,"American Express Travel Related Services Company, Inc."
amexadquisicion.com,"American Express Travel Related Services Company, Inc."
amexadquisicion.net,"American Express Travel Related Services Company, Inc."
amexadvantage.com,"American Express Travel Related Services Company, Inc."
amexadvantage.net,"American Express Travel Related Services Company, Inc."
amexadvantage.org,"American Express Travel Related Services Company, Inc."
amexadventures.com,"American Express Travel Related Services Company, Inc."
amexadvisornewsletters.com,"American Express Travel Related Services Company, Inc."
amexaeroplan.com,"American Express Travel Related Services Company, Inc."
amexafric.com,"American Express Travel Related Services Company, Inc."
amexafric.net,"American Express Travel Related Services Company, Inc."
amexafrica.com,"American Express Travel Related Services Company, Inc."
amexafrica.net,"American Express Travel Related Services Company, Inc."
amexafrique.com,"American Express Travel Related Services Company, Inc."
amexafrique.net,"American Express Travel Related Services Company, Inc."
amexagency.com,"American Express Travel Related Services Company, Inc."
amexairmiles.com,"American Express Travel Related Services Company, Inc."
amexajustadores.com,"American Express Travel Related Services Company, Inc."
amexakzeptanz.at,"American Express Travel Related Services Company, Inc."
amexalkelly.com,"American Express Travel Related Services Company, Inc."
amexallstar.com,"American Express Travel Related Services Company, Inc."
amexallstars.com,"American Express Travel Related Services Company, Inc."
amexalternativeinvestment.com,"American Express Travel Related Services Company, Inc."
amexamex.com,"American Express Travel Related Services Company, Inc."
amexamexamex.com,"American Express Travel Related Services Company, Inc."
amexamgen.com,"American Express Travel Related Services Company, Inc."
amexanalytics.com,"American Express Travel Related Services Company, Inc."
amexanalytics.net,"American Express Travel Related Services Company, Inc."
amexannuities.com,"American Express Travel Related Services Company, Inc."
amexannuitiesfraud.com,"American Express Travel Related Services Company, Inc."
amexannuity.com,"American Express Travel Related Services Company, Inc."
amexannuityfraud.com,"American Express Travel Related Services Company, Inc."
amexaonline.com,"American Express Travel Related Services Company, Inc."
amexapi.com,"American Express Travel Related Services Company, Inc."
amexapp.com,"American Express Travel Related Services Company, Inc."
amexapplication.com,"American Express Travel Related Services Company, Inc."
amexapplications.com,"American Express Travel Related Services Company, Inc."
amexappointmentbooks.com,"American Express Travel Related Services Company, Inc."
amexappraisers.com,"American Express Travel Related Services Company, Inc."
amexapproval.com,"American Express Travel Related Services Company, Inc."
amexapprovalcenter.com,"American Express Travel Related Services Company, Inc."
amexapprovals.com,"American Express Travel Related Services Company, Inc."
amexapproved.com,"American Express Travel Related Services Company, Inc."
amexapps.com,"American Express Travel Related Services Company, Inc."
amexarena.com,"American Express Travel Related Services Company, Inc."
amexartistshop.com,"American Express Travel Related Services Company, Inc."
amexasdurance.com,"American Express Travel Related Services Company, Inc."
amexasperationa.com,"American Express Travel Related Services Company, Inc."
amexasperationa.info,"American Express Travel Related Services Company, Inc."
amexassurance.net,"American Express Travel Related Services Company, Inc."
amexassurance.org,"American Express Travel Related Services Company, Inc."
amexassuranceco.com,"American Express Travel Related Services Company, Inc."
amexassurancecompany.com,"American Express Travel Related Services Company, Inc."
amexassurances.com,"American Express Travel Related Services Company, Inc."
amexassurances.net,"American Express Travel Related Services Company, Inc."
amexatm.com,"American Express Travel Related Services Company, Inc."
amexatms.com,"American Express Travel Related Services Company, Inc."
amexatravel.com,"American Express Travel Related Services Company, Inc."
amexatravels.com,"American Express Travel Related Services Company, Inc."
amexats.com,"American Express Travel Related Services Company, Inc."
amexatwork.com,"American Express Travel Related Services Company, Inc."
amexaurum.at,"American Express Travel Related Services Company, Inc."
amexaustralia.com,"American Express Travel Related Services Company, Inc."
amexaustralia.net,"American Express Travel Related Services Company, Inc."
amexautoloan.com,"American Express Travel Related Services Company, Inc."
amexauum.at,"American Express Travel Related Services Company, Inc."
amexawards.com,"American Express Travel Related Services Company, Inc."
amexb2b.com,"American Express Travel Related Services Company, Inc."
amexb2b.io,"American Express Travel Related Services Company, Inc."
amexb4b.com,"American Express Travel Related Services Company, Inc."
amexb4bwireless.com,"American Express Travel Related Services Company, Inc."
amexbab2b.com,"American Express Travel Related Services Company, Inc."
amexbabusiness.com,"American Express Travel Related Services Company, Inc."
amexbackontrack.com,"American Express Travel Related Services Company, Inc."
amexbafriend.com,"American Express Travel Related Services Company, Inc."
amexbanc.com,"American Express Travel Related Services Company, Inc."
amexbangkokmice.com,"American Express Travel Related Services Company, Inc."
amexbank.ai,"American Express Travel Related Services Company, Inc."
amexbank.info,"American Express Travel Related Services Company, Inc."
amexbank.mobi,"American Express Travel Related Services Company, Inc."
amexbank.net,"American Express Travel Related Services Company, Inc."
amexbank.org,"American Express Travel Related Services Company, Inc."
amexbank.us,"American Express Travel Related Services Company, Inc."
amexbankcanada.com,"American Express Travel Related Services Company, Inc."
amexbankcard.com,"American Express Travel Related Services Company, Inc."
amexbankcredit.com,"American Express Travel Related Services Company, Inc."
amexbanker.com,"American Express Travel Related Services Company, Inc."
amexbankers.com,"American Express Travel Related Services Company, Inc."
amexbankers.net,"American Express Travel Related Services Company, Inc."
amexbanking.com,"American Express Travel Related Services Company, Inc."
amexbankltd.com,"American Express Travel Related Services Company, Inc."
amexbankluxembourg.com,"American Express Travel Related Services Company, Inc."
amexbankofcanada.com,"American Express Travel Related Services Company, Inc."
amexbankofcanada.info,"American Express Travel Related Services Company, Inc."
amexbankplc.com,"American Express Travel Related Services Company, Inc."
amexbanks.com,"American Express Travel Related Services Company, Inc."
amexbannerhosting.com,"American Express Travel Related Services Company, Inc."
amexbd.com,"American Express Travel Related Services Company, Inc."
amexbeinspired.com,"American Express Travel Related Services Company, Inc."
amexbenefits.com,"American Express Travel Related Services Company, Inc."
amexbidder.com,"American Express Travel Related Services Company, Inc."
amexbill.com,"American Express Travel Related Services Company, Inc."
amexbilling.com,"American Express Travel Related Services Company, Inc."
amexbillingdept.com,"American Express Travel Related Services Company, Inc."
amexbillpay.co.in,"American Express Travel Related Services Company, Inc."
amexbillpay.com,"American Express Travel Related Services Company, Inc."
amexbiometrics.com,"American Express Travel Related Services Company, Inc."
amexbip.com,"American Express Travel Related Services Company, Inc."
amexbites.com,"American Express Travel Related Services Company, Inc."
amexbiz.com,"American Express Travel Related Services Company, Inc."
amexbizcard.com,"American Express Travel Related Services Company, Inc."
amexbizcard.info,"American Express Travel Related Services Company, Inc."
amexbizcredit.com,"American Express Travel Related Services Company, Inc."
amexbizcredit.net,"American Express Travel Related Services Company, Inc."
amexbizcredit.org,"American Express Travel Related Services Company, Inc."
amexbj.com,"American Express Travel Related Services Company, Inc."
amexbj.us,"American Express Travel Related Services Company, Inc."
amexbjs.com,"American Express Travel Related Services Company, Inc."
amexbk.com,"American Express Travel Related Services Company, Inc."
amexblack.com,"American Express Travel Related Services Company, Inc."
amexblack.info,"American Express Travel Related Services Company, Inc."
amexblack.net,"American Express Travel Related Services Company, Inc."
amexblack.us,"American Express Travel Related Services Company, Inc."
amexblackauto.com,"American Express Travel Related Services Company, Inc."
amexblackcard.com,"American Express Travel Related Services Company, Inc."
amexblackcard.info,"American Express Travel Related Services Company, Inc."
amexblackcenturion.com,"American Express Travel Related Services Company, Inc."
amexblackcreditcard.info,"American Express Travel Related Services Company, Inc."
amexblinkcard.com,"American Express Travel Related Services Company, Inc."
amexblog.com,"American Express Travel Related Services Company, Inc."
amexblog.net,"American Express Travel Related Services Company, Inc."
amexblogger.com,"American Express Travel Related Services Company, Inc."
amexblows.com,"American Express Travel Related Services Company, Inc."
amexblue.at,"American Express Travel Related Services Company, Inc."
amexblue.com,"American Express Travel Related Services Company, Inc."
amexblue.info,"American Express Travel Related Services Company, Inc."
amexblue.mobi,"American Express Travel Related Services Company, Inc."
amexblue.net,"American Express Travel Related Services Company, Inc."
amexblue.org,"American Express Travel Related Services Company, Inc."
amexbluebird.com,"American Express Travel Related Services Company, Inc."
amexbluebird.org,"American Express Travel Related Services Company, Inc."
amexbluebox.com,"American Express Travel Related Services Company, Inc."
amexbluecard.com,"American Express Travel Related Services Company, Inc."
amexbluecash.com,"American Express Travel Related Services Company, Inc."
amexbluecash.mobi,"American Express Travel Related Services Company, Inc."
amexbluecreditcard.com,"American Express Travel Related Services Company, Inc."
amexbluegiftcard.com,"American Express Travel Related Services Company, Inc."
amexbluegroup.com,"American Express Travel Related Services Company, Inc."
amexbluepicks.com,"American Express Travel Related Services Company, Inc."
amexbluereward.com,"American Express Travel Related Services Company, Inc."
amexbluerewards.com,"American Express Travel Related Services Company, Inc."
amexbluesky.com,"American Express Travel Related Services Company, Inc."
amexbluesky.info,"American Express Travel Related Services Company, Inc."
amexbluesky.mobi,"American Express Travel Related Services Company, Inc."
amexbluesky.net,"American Express Travel Related Services Company, Inc."
amexblueskycard.com,"American Express Travel Related Services Company, Inc."
amexblueskycreditcard.com,"American Express Travel Related Services Company, Inc."
amexblueskytravelreward.com,"American Express Travel Related Services Company, Inc."
amexblueskytravelrewards.com,"American Express Travel Related Services Company, Inc."
amexbluezonesaudiarabia.info,"American Express Travel Related Services Company, Inc."
amexblvd.com,"American Express Travel Related Services Company, Inc."
amexbmw.com,"American Express Travel Related Services Company, Inc."
amexbonuspoints.com,"American Express Travel Related Services Company, Inc."
amexbook.com,"American Express Travel Related Services Company, Inc."
amexboom.com,"American Express Travel Related Services Company, Inc."
amexbootcamps.com,"American Express Travel Related Services Company, Inc."
amexbot.com,"American Express Travel Related Services Company, Inc."
amexboulevard.com,"American Express Travel Related Services Company, Inc."
amexbowl.com,"American Express Travel Related Services Company, Inc."
amexbox.com,"American Express Travel Related Services Company, Inc."
amexbrasil.com,"American Express Travel Related Services Company, Inc."
amexbreer.info,"American Express Travel Related Services Company, Inc."
amexbridge.com,"American Express Travel Related Services Company, Inc."
amexbrokerage.com,"American Express Travel Related Services Company, Inc."
amexbros.com,"American Express Travel Related Services Company, Inc."
amexbucks.com,"American Express Travel Related Services Company, Inc."
amexbugan.info,"American Express Travel Related Services Company, Inc."
amexbusiness.at,"American Express Travel Related Services Company, Inc."
amexbusiness.com,"American Express Travel Related Services Company, Inc."
amexbusiness.info,"American Express Travel Related Services Company, Inc."
amexbusiness.travel,"American Express Travel Related Services Company, Inc."
amexbusinesscard.com,"American Express Travel Related Services Company, Inc."
amexbusinesscards.com,"American Express Travel Related Services Company, Inc."
amexbusinesscredit.com,"American Express Travel Related Services Company, Inc."
amexbusinesscreditcard.com,"American Express Travel Related Services Company, Inc."
amexbusinesscreditcards.com,"American Express Travel Related Services Company, Inc."
amexbusinessfinance.com,"American Express Travel Related Services Company, Inc."
amexbusinessgold.com,"American Express Travel Related Services Company, Inc."
amexbusinesskarte.com,"American Express Travel Related Services Company, Inc."
amexbusinessloan.com,"American Express Travel Related Services Company, Inc."
amexbusinessloans.com,"American Express Travel Related Services Company, Inc."
amexbusinessplatinum.com,"American Express Travel Related Services Company, Inc."
amexbusinesssavings.com,"American Express Travel Related Services Company, Inc."
amexbusinesstravel.com,"American Express Travel Related Services Company, Inc."
amexbuy.com,"American Express Travel Related Services Company, Inc."
amexbuyonline.com,"American Express Travel Related Services Company, Inc."
amexc.com,"American Express Travel Related Services Company, Inc."
amexcadastros.com,"American Express Travel Related Services Company, Inc."
amexcafe.com,"American Express Travel Related Services Company, Inc."
amexcal.com,"American Express Travel Related Services Company, Inc."
amexcalendar.com,"American Express Travel Related Services Company, Inc."
amexcambodia.com,"American Express Travel Related Services Company, Inc."
amexcanada.com,"American Express Travel Related Services Company, Inc."
amexcanada.online,"American Express Travel Related Services Company, Inc."
amexcant.com,"American Express Travel Related Services Company, Inc."
amexcapital.info,"American Express Travel Related Services Company, Inc."
amexcapital.net,"American Express Travel Related Services Company, Inc."
amexcapitals.com,"American Express Travel Related Services Company, Inc."
amexcard.club,"American Express Travel Related Services Company, Inc."
amexcard.com,"American Express Travel Related Services Company, Inc."
amexcard.info,"American Express Travel Related Services Company, Inc."
amexcard.net,"American Express Travel Related Services Company, Inc."
amexcardadvisor.com,"American Express Travel Related Services Company, Inc."
amexcardapplication.com,"American Express Travel Related Services Company, Inc."
amexcardaward.com,"American Express Travel Related Services Company, Inc."
amexcardawards.com,"American Express Travel Related Services Company, Inc."
amexcardcasino.com,"American Express Travel Related Services Company, Inc."
amexcardconcierge.com,"American Express Travel Related Services Company, Inc."
amexcardconcierge.net,"American Express Travel Related Services Company, Inc."
amexcardd.com,"American Express Travel Related Services Company, Inc."
amexcardfinance.com,"American Express Travel Related Services Company, Inc."
amexcardforyou.com,"American Express Travel Related Services Company, Inc."
amexcardguide.com,"American Express Travel Related Services Company, Inc."
amexcardguru.com,"American Express Travel Related Services Company, Inc."
amexcardinfo.net,"American Express Travel Related Services Company, Inc."
amexcardingcorp.com,"American Express Travel Related Services Company, Inc."
amexcardlinkedoffers.com,"American Express Travel Related Services Company, Inc."
amexcardlock.info,"American Express Travel Related Services Company, Inc."
amexcardlock.net,"American Express Travel Related Services Company, Inc."
amexcardlock.org,"American Express Travel Related Services Company, Inc."
amexcardlowrate.com,"American Express Travel Related Services Company, Inc."
amexcardmobile.com,"American Express Travel Related Services Company, Inc."
amexcardoffers.com,"American Express Travel Related Services Company, Inc."
amexcardonline.com,"American Express Travel Related Services Company, Inc."
amexcardpoints.com,"American Express Travel Related Services Company, Inc."
amexcardreviews.com,"American Express Travel Related Services Company, Inc."
amexcardreward.com,"American Express Travel Related Services Company, Inc."
amexcardrewards.com,"American Express Travel Related Services Company, Inc."
amexcards.ai,"American Express Travel Related Services Company, Inc."
amexcards.com,"American Express Travel Related Services Company, Inc."
amexcards.info,"American Express Travel Related Services Company, Inc."
amexcards.net,"American Express Travel Related Services Company, Inc."
amexcards.org,"American Express Travel Related Services Company, Inc."
amexcards.ru,"American Express Travel Related Services Company, Inc."
amexcards247.com,"American Express Travel Related Services Company, Inc."
amexcardsecurity.com,"American Express Travel Related Services Company, Inc."
amexcardssurvey.com,"American Express Travel Related Services Company, Inc."
amexcardsurvey.com,"American Express Travel Related Services Company, Inc."
amexcareers-japan.com,"American Express Travel Related Services Company, Inc."
amexcareers.com,"American Express Travel Related Services Company, Inc."
amexcares.com,"American Express Travel Related Services Company, Inc."
amexcarinsurance.com,"American Express Travel Related Services Company, Inc."
amexcarriers.com,"American Express Travel Related Services Company, Inc."
amexcarsales.com,"American Express Travel Related Services Company, Inc."
amexcarservice.com,"American Express Travel Related Services Company, Inc."
amexcash.com,"American Express Travel Related Services Company, Inc."
amexcashback.com,"American Express Travel Related Services Company, Inc."
amexcashback.net,"American Express Travel Related Services Company, Inc."
amexcashcard.com,"American Express Travel Related Services Company, Inc."
amexcasino.com,"American Express Travel Related Services Company, Inc."
amexcasino.info,"American Express Travel Related Services Company, Inc."
amexcasino.net,"American Express Travel Related Services Company, Inc."
amexcasino.org,"American Express Travel Related Services Company, Inc."
amexcasinodeposit.com,"American Express Travel Related Services Company, Inc."
amexcasinos.com,"American Express Travel Related Services Company, Inc."
amexcasinos.me,"American Express Travel Related Services Company, Inc."
amexcasinos.net,"American Express Travel Related Services Company, Inc."
amexcasinos.org,"American Express Travel Related Services Company, Inc."
amexcasinos.us,"American Express Travel Related Services Company, Inc."
amexcasinosites.com,"American Express Travel Related Services Company, Inc."
amexcasinosonline.net,"American Express Travel Related Services Company, Inc."
amexccard.com,"American Express Travel Related Services Company, Inc."
amexcenturian.ai,"American Express Travel Related Services Company, Inc."
amexcenturion.ai,"American Express Travel Related Services Company, Inc."
amexcenturion.com,"American Express Travel Related Services Company, Inc."
amexcenturion.info,"American Express Travel Related Services Company, Inc."
amexcenturionbank.com,"American Express Travel Related Services Company, Inc."
amexcenturioncard.com,"American Express Travel Related Services Company, Inc."
amexcenturiontravelservice.com,"American Express Travel Related Services Company, Inc."
amexcenturiontravelservice.info,"American Express Travel Related Services Company, Inc."
amexceturion.com,"American Express Travel Related Services Company, Inc."
amexceturion.net,"American Express Travel Related Services Company, Inc."
amexchanger.com,"American Express Travel Related Services Company, Inc."
amexchannel.com,"American Express Travel Related Services Company, Inc."
amexchargecard.com,"American Express Travel Related Services Company, Inc."
amexchargecards.com,"American Express Travel Related Services Company, Inc."
amexchargetodonate.com,"American Express Travel Related Services Company, Inc."
amexchargetogive.com,"American Express Travel Related Services Company, Inc."
amexcharitychoice.com,"American Express Travel Related Services Company, Inc."
amexcharitychoice.org,"American Express Travel Related Services Company, Inc."
amexcheatsheet.com,"American Express Travel Related Services Company, Inc."
amexcheck.com,"American Express Travel Related Services Company, Inc."
amexcheckcard.com,"American Express Travel Related Services Company, Inc."
amexchecking.ai,"American Express Travel Related Services Company, Inc."
amexchecking.com,"American Express Travel Related Services Company, Inc."
amexcheckout.com,"American Express Travel Related Services Company, Inc."
amexchecks.com,"American Express Travel Related Services Company, Inc."
amexcheques.com,"American Express Travel Related Services Company, Inc."
amexcheques.net,"American Express Travel Related Services Company, Inc."
amexchip.com,"American Express Travel Related Services Company, Inc."
amexchipcard.com,"American Express Travel Related Services Company, Inc."
amexcity.com,"American Express Travel Related Services Company, Inc."
amexclaims.com,"American Express Travel Related Services Company, Inc."
amexclassactionlitigation.com,"American Express Travel Related Services Company, Inc."
amexclear.com,"American Express Travel Related Services Company, Inc."
amexclear.mobi,"American Express Travel Related Services Company, Inc."
amexclear.net,"American Express Travel Related Services Company, Inc."
amexclearcard.com,"American Express Travel Related Services Company, Inc."
amexcloud10.com,"American Express Travel Related Services Company, Inc."
amexcloudten.com,"American Express Travel Related Services Company, Inc."
amexclusivas.com,"American Express Travel Related Services Company, Inc."
amexco.ai,"American Express Travel Related Services Company, Inc."
amexco.info,"American Express Travel Related Services Company, Inc."
amexco.mobi,"American Express Travel Related Services Company, Inc."
amexco.org,"American Express Travel Related Services Company, Inc."
amexcoach.com,"American Express Travel Related Services Company, Inc."
amexcoargentina.com,"American Express Travel Related Services Company, Inc."
amexcoinc.com,"American Express Travel Related Services Company, Inc."
amexcoltda.net,"American Express Travel Related Services Company, Inc."
amexcolumbiaoffer.com,"American Express Travel Related Services Company, Inc."
amexcom.info,"American Express Travel Related Services Company, Inc."
amexcomhosting.com,"American Express Travel Related Services Company, Inc."
amexcomm.com,"American Express Travel Related Services Company, Inc."
amexcommerce.com,"American Express Travel Related Services Company, Inc."
amexcommissions.com,"American Express Travel Related Services Company, Inc."
amexcommissions.info,"American Express Travel Related Services Company, Inc."
amexcommissions.net,"American Express Travel Related Services Company, Inc."
amexcommunitypitch.com,"American Express Travel Related Services Company, Inc."
amexcommunitystadium.net,"American Express Travel Related Services Company, Inc."
amexcommunitystadiumsucks.com,"American Express Travel Related Services Company, Inc."
amexcommunitystadiumsucks.net,"American Express Travel Related Services Company, Inc."
amexcommunitystadiumsux.com,"American Express Travel Related Services Company, Inc."
amexcommunitystadiumsux.net,"American Express Travel Related Services Company, Inc."
amexcompanies.org,"American Express Travel Related Services Company, Inc."
amexcompany.com,"American Express Travel Related Services Company, Inc."
amexcompanyprofile.com,"American Express Travel Related Services Company, Inc."
amexcompanyprofiles.com,"American Express Travel Related Services Company, Inc."
amexcompass.com,"American Express Travel Related Services Company, Inc."
amexconcierge.com,"American Express Travel Related Services Company, Inc."
amexconferng.com,"American Express Travel Related Services Company, Inc."
amexconnect.com,"American Express Travel Related Services Company, Inc."
amexconnect.net,primary
amexconnection.com,"American Express Travel Related Services Company, Inc."
amexconnections.com,"American Express Travel Related Services Company, Inc."
amexconnections.net,"American Express Travel Related Services Company, Inc."
amexconnecttravel.com,"American Express Travel Related Services Company, Inc."
amexconsejosparatubolsillo.com,"American Express Travel Related Services Company, Inc."
amexcontest4.com,"American Express Travel Related Services Company, Inc."
amexcool123.com,"American Express Travel Related Services Company, Inc."
amexcoop.com,"American Express Travel Related Services Company, Inc."
amexcorp.net,"American Express Travel Related Services Company, Inc."
amexcorpbusinessfinder.com,"American Express Travel Related Services Company, Inc."
amexcorpindia.com,"American Express Travel Related Services Company, Inc."
amexcorponline.com,"American Express Travel Related Services Company, Inc."
amexcorporate.com,"American Express Travel Related Services Company, Inc."
amexcorporate.info,"American Express Travel Related Services Company, Inc."
amexcorporatecard.com,"American Express Travel Related Services Company, Inc."
amexcorporatecards.com,"American Express Travel Related Services Company, Inc."
amexcorporatecards.net,"American Express Travel Related Services Company, Inc."
amexcorporatecardssurvey.com,"American Express Travel Related Services Company, Inc."
amexcorporatecardsurvey.com,"American Express Travel Related Services Company, Inc."
amexcorporatepaymentevents.com,"American Express Travel Related Services Company, Inc."
amexcorporatesync.com,"American Express Travel Related Services Company, Inc."
amexcorporation.com,"American Express Travel Related Services Company, Inc."
amexcorptravel.com,"American Express Travel Related Services Company, Inc."
amexcostco.com,"American Express Travel Related Services Company, Inc."
amexcostco.mobi,"American Express Travel Related Services Company, Inc."
amexcouriers.com,"American Express Travel Related Services Company, Inc."
amexcpcchecks.com,"American Express Travel Related Services Company, Inc."
amexcpstore.com,"American Express Travel Related Services Company, Inc."
amexcredicard.com,"American Express Travel Related Services Company, Inc."
amexcredit.com,"American Express Travel Related Services Company, Inc."
amexcredit.net,"American Express Travel Related Services Company, Inc."
amexcreditcard.com,"American Express Travel Related Services Company, Inc."
amexcreditcard.info,"American Express Travel Related Services Company, Inc."
amexcreditcard.net,"American Express Travel Related Services Company, Inc."
amexcreditcard.org,"American Express Travel Related Services Company, Inc."
amexcreditcarddebt.com,"American Express Travel Related Services Company, Inc."
amexcreditcardoffer.com,"American Express Travel Related Services Company, Inc."
amexcreditcardrewards.com,"American Express Travel Related Services Company, Inc."
amexcreditcards.com,"American Express Travel Related Services Company, Inc."
amexcreditcards.info,"American Express Travel Related Services Company, Inc."
amexcreditcardshubs.com,"American Express Travel Related Services Company, Inc."
amexcreditcardsonline.com,"American Express Travel Related Services Company, Inc."
amexcreditcardsonline.net,"American Express Travel Related Services Company, Inc."
amexcreditcardsonline.org,"American Express Travel Related Services Company, Inc."
amexcreditoffer.com,"American Express Travel Related Services Company, Inc."
amexcreditoffers.com,"American Express Travel Related Services Company, Inc."
amexcreditor.com,"American Express Travel Related Services Company, Inc."
amexcreditors.com,"American Express Travel Related Services Company, Inc."
amexcreditrepair.com,"American Express Travel Related Services Company, Inc."
amexcreditreport.com,"American Express Travel Related Services Company, Inc."
amexcreditrewards.com,"American Express Travel Related Services Company, Inc."
amexcruisecenter.com,"American Express Travel Related Services Company, Inc."
amexcruiseplanners.com,"American Express Travel Related Services Company, Inc."
amexcruisetour.com,"American Express Travel Related Services Company, Inc."
amexcto.com,"American Express Travel Related Services Company, Inc."
amexcuoffer.com,"American Express Travel Related Services Company, Inc."
amexcuoffers.com,"American Express Travel Related Services Company, Inc."
amexcurrency.com,"American Express Travel Related Services Company, Inc."
amexcurrencyexchange.com,"American Express Travel Related Services Company, Inc."
amexcursions.com,"American Express Travel Related Services Company, Inc."
amexcursoes.com,"American Express Travel Related Services Company, Inc."
amexcustomcp.com,"American Express Travel Related Services Company, Inc."
amexcustomerblog.org,"American Express Travel Related Services Company, Inc."
amexcustomerservice.ai,"American Express Travel Related Services Company, Inc."
amexcustomerservicesucks.com,"American Express Travel Related Services Company, Inc."
amexdailygood.com,"American Express Travel Related Services Company, Inc."
amexdailygood.net,"American Express Travel Related Services Company, Inc."
amexdailygood.org,"American Express Travel Related Services Company, Inc."
amexdap.com,"American Express Travel Related Services Company, Inc."
amexdata.com,"American Express Travel Related Services Company, Inc."
amexdates.com,"American Express Travel Related Services Company, Inc."
amexdating.com,"American Express Travel Related Services Company, Inc."
amexdchq.com,"American Express Travel Related Services Company, Inc."
amexdcint.com,"American Express Travel Related Services Company, Inc."
amexdeals.com,"American Express Travel Related Services Company, Inc."
amexdebit.com,"American Express Travel Related Services Company, Inc."
amexdebitcard.com,"American Express Travel Related Services Company, Inc."
amexdebt.com,"American Express Travel Related Services Company, Inc."
amexdebtsettlement.com,"American Express Travel Related Services Company, Inc."
amexdelivery.com,"American Express Travel Related Services Company, Inc."
amexdeliverycorp.com,"American Express Travel Related Services Company, Inc."
amexdelta.info,"American Express Travel Related Services Company, Inc."
amexdeltascam.com,"American Express Travel Related Services Company, Inc."
amexdental.com,"American Express Travel Related Services Company, Inc."
amexdesigns.com,"American Express Travel Related Services Company, Inc."
amexdestinations.com,"American Express Travel Related Services Company, Inc."
amexdevelopmentnetwork.com,"American Express Travel Related Services Company, Inc."
amexdevex.com,"American Express Travel Related Services Company, Inc."
amexdevexchange.com,"American Express Travel Related Services Company, Inc."
amexdevnet.com,"American Express Travel Related Services Company, Inc."
amexdies.com,"American Express Travel Related Services Company, Inc."
amexdigitalpop.com,"American Express Travel Related Services Company, Inc."
amexdigitalwallet.com,"American Express Travel Related Services Company, Inc."
amexdiners.com,"American Express Travel Related Services Company, Inc."
amexdining.com,"American Express Travel Related Services Company, Inc."
amexdiningcard.com,"American Express Travel Related Services Company, Inc."
amexdiningprogram.com,"American Express Travel Related Services Company, Inc."
amexdirecthost.com,"American Express Travel Related Services Company, Inc."
amexdis.com,"American Express Travel Related Services Company, Inc."
amexdisabilityinsurance.com,"American Express Travel Related Services Company, Inc."
amexdiscount.com,"American Express Travel Related Services Company, Inc."
amexdiscountoffer.com,"American Express Travel Related Services Company, Inc."
amexdiscounts.com,"American Express Travel Related Services Company, Inc."
amexdiscounts.net,"American Express Travel Related Services Company, Inc."
amexdisputes.com,"American Express Travel Related Services Company, Inc."
amexdiversity.com,"American Express Travel Related Services Company, Inc."
amexdo.org,"American Express Travel Related Services Company, Inc."
amexdomains.com,"American Express Travel Related Services Company, Inc."
amexdownunder.com,"American Express Travel Related Services Company, Inc."
amexdreambig.com,"American Express Travel Related Services Company, Inc."
amexduluth.com,"American Express Travel Related Services Company, Inc."
amexdvd.com,"American Express Travel Related Services Company, Inc."
amexeapply.com,"American Express Travel Related Services Company, Inc."
amexec.info,"American Express Travel Related Services Company, Inc."
amexecsecurity.com,"American Express Travel Related Services Company, Inc."
amexecutives.com,"American Express Travel Related Services Company, Inc."
amexecutives.org,"American Express Travel Related Services Company, Inc."
amexeducation.com,"American Express Travel Related Services Company, Inc."
amexegiftcard.com,"American Express Travel Related Services Company, Inc."
amexegypt.com,"American Express Travel Related Services Company, Inc."
amexelec.com,"American Express Travel Related Services Company, Inc."
amexelectronics.com,"American Express Travel Related Services Company, Inc."
amexelectronicwallet.com,"American Express Travel Related Services Company, Inc."
amexeletronics.com,"American Express Travel Related Services Company, Inc."
amexelitefootballperformancecentre.com,"American Express Travel Related Services Company, Inc."
amexem.info,"American Express Travel Related Services Company, Inc."
amexema.com,"American Express Travel Related Services Company, Inc."
amexema.net,"American Express Travel Related Services Company, Inc."
amexemail.com,"American Express Travel Related Services Company, Inc."
amexemailing.com,"American Express Travel Related Services Company, Inc."
amexemgovernment.org,"American Express Travel Related Services Company, Inc."
amexeminent.com,"American Express Travel Related Services Company, Inc."
amexemployeebenefits.com,"American Express Travel Related Services Company, Inc."
amexemplutcory.com,"American Express Travel Related Services Company, Inc."
amexempresas.com,"American Express Travel Related Services Company, Inc."
amexempresasmid.com,"American Express Travel Related Services Company, Inc."
amexemv.com,"American Express Travel Related Services Company, Inc."
amexenabled.com,"American Express Travel Related Services Company, Inc."
amexenergy.com,"American Express Travel Related Services Company, Inc."
amexenergy.info,"American Express Travel Related Services Company, Inc."
amexenergy.net,"American Express Travel Related Services Company, Inc."
amexenergy.org,"American Express Travel Related Services Company, Inc."
amexenergy.us,"American Express Travel Related Services Company, Inc."
amexengg.com,"American Express Travel Related Services Company, Inc."
amexenggapi.com,"American Express Travel Related Services Company, Inc."
amexentertainment.com,"American Express Travel Related Services Company, Inc."
amexentreamigos.com,"American Express Travel Related Services Company, Inc."
amexentwork.com,"American Express Travel Related Services Company, Inc."
amexepay.com,"American Express Travel Related Services Company, Inc."
amexepicflyaway.com,"American Express Travel Related Services Company, Inc."
amexereceipts.com,"American Express Travel Related Services Company, Inc."
amexes.com,"American Express Travel Related Services Company, Inc."
amexessentials.com,"American Express Travel Related Services Company, Inc."
amexestates.com,"American Express Travel Related Services Company, Inc."
amexevent.com,"American Express Travel Related Services Company, Inc."
amexevents.com,"American Express Travel Related Services Company, Inc."
amexevents.net,"American Express Travel Related Services Company, Inc."
amexeveryday.com,"American Express Travel Related Services Company, Inc."
amexeveryday.xyz,"American Express Travel Related Services Company, Inc."
amexeverydaycard.com,"American Express Travel Related Services Company, Inc."
amexeverydaylive.com,"American Express Travel Related Services Company, Inc."
amexewallet.com,"American Express Travel Related Services Company, Inc."
amexexchange.com,"American Express Travel Related Services Company, Inc."
amexexchanges.com,"American Express Travel Related Services Company, Inc."
amexexemplutcory.com,"American Express Travel Related Services Company, Inc."
amexexpense.info,"American Express Travel Related Services Company, Inc."
amexexpense.net,"American Express Travel Related Services Company, Inc."
amexexpense.org,"American Express Travel Related Services Company, Inc."
amexexpress.xyz,"American Express Travel Related Services Company, Inc."
amexexpresscheckout.com,"American Express Travel Related Services Company, Inc."
amexfacebook.com,"American Express Travel Related Services Company, Inc."
amexfail.com,"American Express Travel Related Services Company, Inc."
amexfares.com,"American Express Travel Related Services Company, Inc."
amexfarmacia.com,"American Express Travel Related Services Company, Inc."
amexfashion.com,"American Express Travel Related Services Company, Inc."
amexfathersdaysweeps.com,"American Express Travel Related Services Company, Inc."
amexfboffers.com,"American Express Travel Related Services Company, Inc."
amexfeedback.com,"American Express Travel Related Services Company, Inc."
amexfes.com,"American Express Travel Related Services Company, Inc."
amexfhr.com,"American Express Travel Related Services Company, Inc."
amexfhrapply.com,"American Express Travel Related Services Company, Inc."
amexfhrforum.com,"American Express Travel Related Services Company, Inc."
amexfhroffer.com,"American Express Travel Related Services Company, Inc."
amexfhrpromocode.com,"American Express Travel Related Services Company, Inc."
amexfilm.com,"American Express Travel Related Services Company, Inc."
amexfinance.net,"American Express Travel Related Services Company, Inc."
amexfinancial.com,"American Express Travel Related Services Company, Inc."
amexfinancial.net,"American Express Travel Related Services Company, Inc."
amexfinancialadvisor.com,"American Express Travel Related Services Company, Inc."
amexfinancialadvisors.com,"American Express Travel Related Services Company, Inc."
amexfinancialadvisors.net,"American Express Travel Related Services Company, Inc."
amexfinancialcustomerservicetx.com,"American Express Travel Related Services Company, Inc."
amexfinancialgroup.com,"American Express Travel Related Services Company, Inc."
amexfinancialgroup.net,"American Express Travel Related Services Company, Inc."
amexfinancials.com,"American Express Travel Related Services Company, Inc."
amexfinancialservices.com,"American Express Travel Related Services Company, Inc."
amexfinancialsettlement.com,"American Express Travel Related Services Company, Inc."
amexfingercharge.com,"American Express Travel Related Services Company, Inc."
amexfinishedwork.com,"American Express Travel Related Services Company, Inc."
amexfla.com,"American Express Travel Related Services Company, Inc."
amexflashsale.com,"American Express Travel Related Services Company, Inc."
amexflights.com,"American Express Travel Related Services Company, Inc."
amexfloridatravel.com,"American Express Travel Related Services Company, Inc."
amexfobusiness.com,"American Express Travel Related Services Company, Inc."
amexforbuiness.com,"American Express Travel Related Services Company, Inc."
amexforbusiess.com,"American Express Travel Related Services Company, Inc."
amexforbusines.com,"American Express Travel Related Services Company, Inc."
amexforbusiness.com,"American Express Travel Related Services Company, Inc."
amexforces.com,"American Express Travel Related Services Company, Inc."
amexforces.us,"American Express Travel Related Services Company, Inc."
amexforex.com,"American Express Travel Related Services Company, Inc."
amexforex.net,"American Express Travel Related Services Company, Inc."
amexforum.com,"American Express Travel Related Services Company, Inc."
amexforusiness.com,"American Express Travel Related Services Company, Inc."
amexforyou.com,"American Express Travel Related Services Company, Inc."
amexfoursquare.com,"American Express Travel Related Services Company, Inc."
amexfranchise-qatar.com,"American Express Travel Related Services Company, Inc."
amexfranchise.com,"American Express Travel Related Services Company, Inc."
amexfraud.com,"American Express Travel Related Services Company, Inc."
amexfraudfacts.com,"American Express Travel Related Services Company, Inc."
amexfrench-trip.com,"American Express Travel Related Services Company, Inc."
amexfs.com,"American Express Travel Related Services Company, Inc."
amexfutures.com,"American Express Travel Related Services Company, Inc."
amexgambling.com,"American Express Travel Related Services Company, Inc."
amexgbt.com,"American Express Travel Related Services Company, Inc."
amexgbtovation.com,"American Express Travel Related Services Company, Inc."
amexgenie.com,"American Express Travel Related Services Company, Inc."
amexgetaway.com,"American Express Travel Related Services Company, Inc."
amexgetaways.com,"American Express Travel Related Services Company, Inc."
amexgift.cards,"American Express Travel Related Services Company, Inc."
amexgift.com,"American Express Travel Related Services Company, Inc."
amexgiftcard.co.in,"American Express Travel Related Services Company, Inc."
amexgiftcard.com,"American Express Travel Related Services Company, Inc."
amexgiftcard.in,"American Express Travel Related Services Company, Inc."
amexgiftcard.net,"American Express Travel Related Services Company, Inc."
amexgiftcard.org,"American Express Travel Related Services Company, Inc."
amexgiftcardcustomerservice.com,"American Express Travel Related Services Company, Inc."
amexgiftcards.co.in,"American Express Travel Related Services Company, Inc."
amexgiftcards.com,"American Express Travel Related Services Company, Inc."
amexgiftcards.in,"American Express Travel Related Services Company, Inc."
amexgiftcards.net,"American Express Travel Related Services Company, Inc."
amexgiftcards.org,"American Express Travel Related Services Company, Inc."
amexgiftcertificates.com,"American Express Travel Related Services Company, Inc."
amexgifts.com,"American Express Travel Related Services Company, Inc."
amexgifts.in,"American Express Travel Related Services Company, Inc."
amexgiftshop.in,"American Express Travel Related Services Company, Inc."
amexgiftstore.co.in,"American Express Travel Related Services Company, Inc."
amexglboalbusinesstravel.com,"American Express Travel Related Services Company, Inc."
amexglboalnetwork.com,"American Express Travel Related Services Company, Inc."
amexgloablbusinesstravel.com,"American Express Travel Related Services Company, Inc."
amexgloablnetwork.com,"American Express Travel Related Services Company, Inc."
amexglobalbrand.com,"American Express Travel Related Services Company, Inc."
amexglobalbuiness.com,"American Express Travel Related Services Company, Inc."
amexglobalbusiess.com,"American Express Travel Related Services Company, Inc."
amexglobalbusines.com,"American Express Travel Related Services Company, Inc."
amexglobalbusinesstravel.com,"American Express Travel Related Services Company, Inc."
amexglobalenterprises.com,"American Express Travel Related Services Company, Inc."
amexglobalentwork.com,"American Express Travel Related Services Company, Inc."
amexglobalmeetings.com,"American Express Travel Related Services Company, Inc."
amexglobalnetwork.com,"American Express Travel Related Services Company, Inc."
amexglobaltransfer.com,"American Express Travel Related Services Company, Inc."
amexglobalubsinesstravel.com,"American Express Travel Related Services Company, Inc."
amexglobalusiness.com,"American Express Travel Related Services Company, Inc."
amexgloblalmeetings.com,"American Express Travel Related Services Company, Inc."
amexgns.com,"American Express Travel Related Services Company, Inc."
amexgo.co.in,"American Express Travel Related Services Company, Inc."
amexgold.ai,"American Express Travel Related Services Company, Inc."
amexgold.at,"American Express Travel Related Services Company, Inc."
amexgold.co.nl,"American Express Travel Related Services Company, Inc."
amexgold.info,"American Express Travel Related Services Company, Inc."
amexgold.name,"American Express Travel Related Services Company, Inc."
amexgoldbugs.com,"American Express Travel Related Services Company, Inc."
amexgoldcard.com,"American Express Travel Related Services Company, Inc."
amexgoldcards.com,"American Express Travel Related Services Company, Inc."
amexgoldcoins.com,"American Express Travel Related Services Company, Inc."
amexgolddiwali.com,"American Express Travel Related Services Company, Inc."
amexgoldrush.com,"American Express Travel Related Services Company, Inc."
amexgoldseniormembercard.com,"American Express Travel Related Services Company, Inc."
amexgoldstatus.info,"American Express Travel Related Services Company, Inc."
amexgoldstatustoday.info,"American Express Travel Related Services Company, Inc."
amexgolf.com,"American Express Travel Related Services Company, Inc."
amexgolfcard.com,"American Express Travel Related Services Company, Inc."
amexgolfingcard.com,"American Express Travel Related Services Company, Inc."
amexgonewild.com,"American Express Travel Related Services Company, Inc."
amexgppr.com,"American Express Travel Related Services Company, Inc."
amexgram.com,"American Express Travel Related Services Company, Inc."
amexgram.net,"American Express Travel Related Services Company, Inc."
amexgram.org,"American Express Travel Related Services Company, Inc."
amexgreen.at,"American Express Travel Related Services Company, Inc."
amexgreen.com,"American Express Travel Related Services Company, Inc."
amexgreencard.com,"American Express Travel Related Services Company, Inc."
amexgreenroom.com,"American Express Travel Related Services Company, Inc."
amexgroup.in,"American Express Travel Related Services Company, Inc."
amexgroup.info,"American Express Travel Related Services Company, Inc."
amexgrp.com,"American Express Travel Related Services Company, Inc."
amexguide.com,"American Express Travel Related Services Company, Inc."
amexguides.com,"American Express Travel Related Services Company, Inc."
amexhabs.com,"American Express Travel Related Services Company, Inc."
amexhandpicked.com,"American Express Travel Related Services Company, Inc."
amexhbs.com,"American Express Travel Related Services Company, Inc."
amexhealth.com,"American Express Travel Related Services Company, Inc."
amexhealthcare.com,"American Express Travel Related Services Company, Inc."
amexhealthcares.com,"American Express Travel Related Services Company, Inc."
amexhealthyliving.com,"American Express Travel Related Services Company, Inc."
amexhealthyminds.com,"American Express Travel Related Services Company, Inc."
amexhelloeurope.com,"American Express Travel Related Services Company, Inc."
amexhelpdesk.com,"American Express Travel Related Services Company, Inc."
amexhigashimae.net,"American Express Travel Related Services Company, Inc."
amexhikaku.com,"American Express Travel Related Services Company, Inc."
amexhilton.com,"American Express Travel Related Services Company, Inc."
amexhk100.com,"American Express Travel Related Services Company, Inc."
amexhomeadvantage.com,"American Express Travel Related Services Company, Inc."
amexhomeadvantage.net,"American Express Travel Related Services Company, Inc."
amexhomeadvantagecard.com,"American Express Travel Related Services Company, Inc."
amexhomeadvantagecard.net,"American Express Travel Related Services Company, Inc."
amexhomeinsurance.com,"American Express Travel Related Services Company, Inc."
amexhomekeys.com,"American Express Travel Related Services Company, Inc."
amexhomeloan.com,"American Express Travel Related Services Company, Inc."
amexhomeloans.com,"American Express Travel Related Services Company, Inc."
amexhomeloans.info,"American Express Travel Related Services Company, Inc."
amexhomeloanz.com,"American Express Travel Related Services Company, Inc."
amexhomemortgage.com,"American Express Travel Related Services Company, Inc."
amexhomerewards.com,"American Express Travel Related Services Company, Inc."
amexhomerewards.net,"American Express Travel Related Services Company, Inc."
amexhomes.com,"American Express Travel Related Services Company, Inc."
amexhost.com,"American Express Travel Related Services Company, Inc."
amexhosting.com,"American Express Travel Related Services Company, Inc."
amexhosting.info,"American Express Travel Related Services Company, Inc."
amexhosting.net,"American Express Travel Related Services Company, Inc."
amexhotel.com,"American Express Travel Related Services Company, Inc."
amexhotelcollection.com,"American Express Travel Related Services Company, Inc."
amexhotels.com,"American Express Travel Related Services Company, Inc."
amexiban.com,"American Express Travel Related Services Company, Inc."
amexica.info,"American Express Travel Related Services Company, Inc."
amexicanexpress.com,"American Express Travel Related Services Company, Inc."
amexicanvacation.com,"American Express Travel Related Services Company, Inc."
amexid.com,"American Express Travel Related Services Company, Inc."
amexiddashboard.com,"American Express Travel Related Services Company, Inc."
amexil.com,"American Express Travel Related Services Company, Inc."
amexim.net,"American Express Travel Related Services Company, Inc."
amexim.us,"American Express Travel Related Services Company, Inc."
amexincentivecard.com,"American Express Travel Related Services Company, Inc."
amexincentivemanagement.com,"American Express Travel Related Services Company, Inc."
amexincentives.com,"American Express Travel Related Services Company, Inc."
amexindex.com,"American Express Travel Related Services Company, Inc."
amexindiacard.com,"American Express Travel Related Services Company, Inc."
amexindiacard.net,"American Express Travel Related Services Company, Inc."
amexindiatravel.com,"American Express Travel Related Services Company, Inc."
amexindustrial1.com,"American Express Travel Related Services Company, Inc."
amexindustrycodes.com,"American Express Travel Related Services Company, Inc."
amexindustrycodes.net,"American Express Travel Related Services Company, Inc."
amexinecard.com,"American Express Travel Related Services Company, Inc."
amexinfo.com,"American Express Travel Related Services Company, Inc."
amexinfonews-info.com,"American Express Travel Related Services Company, Inc."
amexinfonews.com,"American Express Travel Related Services Company, Inc."
amexinfonews7.com,"American Express Travel Related Services Company, Inc."
amexinfoonline.com,"American Express Travel Related Services Company, Inc."
amexinformation.com,"American Express Travel Related Services Company, Inc."
amexinfoupdatesserv.com,"American Express Travel Related Services Company, Inc."
amexinsider.com,"American Express Travel Related Services Company, Inc."
amexinsideraccess.com,"American Express Travel Related Services Company, Inc."
amexinsiderewardsmaintenancetool.com,"American Express Travel Related Services Company, Inc."
amexinsight.com,"American Express Travel Related Services Company, Inc."
amexinsite.com,"American Express Travel Related Services Company, Inc."
amexinspirato.com,"American Express Travel Related Services Company, Inc."
amexinsurance.info,"American Express Travel Related Services Company, Inc."
amexinsuranceauto.com,"American Express Travel Related Services Company, Inc."
amexinsurancebrokers.com,"American Express Travel Related Services Company, Inc."
amexinsurancecompany.com,"American Express Travel Related Services Company, Inc."
amexinsurancegroup.com,"American Express Travel Related Services Company, Inc."
amexinsure.com,"American Express Travel Related Services Company, Inc."
amexint.com,"American Express Travel Related Services Company, Inc."
amexinternational.com,"American Express Travel Related Services Company, Inc."
amexinternational.net,"American Express Travel Related Services Company, Inc."
amexinvest.com,"American Express Travel Related Services Company, Inc."
amexinvestigation.com,"American Express Travel Related Services Company, Inc."
amexinvestment.net,"American Express Travel Related Services Company, Inc."
amexinvestmentclub.com,"American Express Travel Related Services Company, Inc."
amexinvestor.com,"American Express Travel Related Services Company, Inc."
amexisland.com,"American Express Travel Related Services Company, Inc."
amexislands.com,"American Express Travel Related Services Company, Inc."
amexisle.com,"American Express Travel Related Services Company, Inc."
amexissuer.com,"American Express Travel Related Services Company, Inc."
amexissuers.com,"American Express Travel Related Services Company, Inc."
amexissuers.info,"American Express Travel Related Services Company, Inc."
amexistore.com,"American Express Travel Related Services Company, Inc."
amexit.com,"American Express Travel Related Services Company, Inc."
amexit.us,"American Express Travel Related Services Company, Inc."
amexitalia.com,"American Express Travel Related Services Company, Inc."
amexite.com,"American Express Travel Related Services Company, Inc."
amexitinerary.com,"American Express Travel Related Services Company, Inc."
amexitrade.com,"American Express Travel Related Services Company, Inc."
amexium.com,"American Express Travel Related Services Company, Inc."
amexjapan.com,"American Express Travel Related Services Company, Inc."
amexjazz.com,"American Express Travel Related Services Company, Inc."
amexjetblue.com,"American Express Travel Related Services Company, Inc."
amexjewelry.com,"American Express Travel Related Services Company, Inc."
amexjobs.com,"American Express Travel Related Services Company, Inc."
amexjournal.com,"American Express Travel Related Services Company, Inc."
amexjourney.com,"American Express Travel Related Services Company, Inc."
amexjourneys.com,"American Express Travel Related Services Company, Inc."
amexjournies.com,"American Express Travel Related Services Company, Inc."
amexjr.com,"American Express Travel Related Services Company, Inc."
amexjr.net,"American Express Travel Related Services Company, Inc."
amexkorea.com,"American Express Travel Related Services Company, Inc."
amexkoreanair.com,"American Express Travel Related Services Company, Inc."
amexkreditkarte.at,"American Express Travel Related Services Company, Inc."
amexkreditkarten.at,"American Express Travel Related Services Company, Inc."
amexksa.com,"American Express Travel Related Services Company, Inc."
amexlabs.com,"American Express Travel Related Services Company, Inc."
amexlagunaniguel.com,"American Express Travel Related Services Company, Inc."
amexlaser.com,"American Express Travel Related Services Company, Inc."
amexlawsuit.com,"American Express Travel Related Services Company, Inc."
amexlayaway.com,"American Express Travel Related Services Company, Inc."
amexlebanon.com,"American Express Travel Related Services Company, Inc."
amexlending.com,"American Express Travel Related Services Company, Inc."
amexlending.net,"American Express Travel Related Services Company, Inc."
amexlies.com,"American Express Travel Related Services Company, Inc."
amexlifestylerewards.com,"American Express Travel Related Services Company, Inc."
amexlighting.com,"American Express Travel Related Services Company, Inc."
amexlimit.com,"American Express Travel Related Services Company, Inc."
amexlimited.com,"American Express Travel Related Services Company, Inc."
amexlimo.net,"American Express Travel Related Services Company, Inc."
amexlimonyc.com,"American Express Travel Related Services Company, Inc."
amexlimousine.com,"American Express Travel Related Services Company, Inc."
amexlimousines.com,"American Express Travel Related Services Company, Inc."
amexline.com,"American Express Travel Related Services Company, Inc."
amexlink.com,"American Express Travel Related Services Company, Inc."
amexlitigation.com,"American Express Travel Related Services Company, Inc."
amexliv.com,"American Express Travel Related Services Company, Inc."
amexlive.com,"American Express Travel Related Services Company, Inc."
amexliving.com,"American Express Travel Related Services Company, Inc."
amexloan.com,"American Express Travel Related Services Company, Inc."
amexloans.com,"American Express Travel Related Services Company, Inc."
amexlocal.com,"American Express Travel Related Services Company, Inc."
amexlostwallet.com,"American Express Travel Related Services Company, Inc."
amexlostwalletprotector.com,"American Express Travel Related Services Company, Inc."
amexlounge.com,"American Express Travel Related Services Company, Inc."
amexlounges.com,"American Express Travel Related Services Company, Inc."
amexlove.com,"American Express Travel Related Services Company, Inc."
amexlove.info,"American Express Travel Related Services Company, Inc."
amexlove.mobi,"American Express Travel Related Services Company, Inc."
amexlove.net,"American Express Travel Related Services Company, Inc."
amexlove.us,"American Express Travel Related Services Company, Inc."
amexloveaffair.com,"American Express Travel Related Services Company, Inc."
amexlovealbum.com,"American Express Travel Related Services Company, Inc."
amexloveblog.com,"American Express Travel Related Services Company, Inc."
amexlovehelping.com,"American Express Travel Related Services Company, Inc."
amexloveletters.com,"American Express Travel Related Services Company, Inc."
amexlovelounge.com,"American Express Travel Related Services Company, Inc."
amexlovelounges.com,"American Express Travel Related Services Company, Inc."
amexlovenow.com,"American Express Travel Related Services Company, Inc."
amexloveonline.com,"American Express Travel Related Services Company, Inc."
amexlovepoems.com,"American Express Travel Related Services Company, Inc."
amexloves.com,"American Express Travel Related Services Company, Inc."
amexloveshop.com,"American Express Travel Related Services Company, Inc."
amexlovesite.com,"American Express Travel Related Services Company, Inc."
amexlovesong.com,"American Express Travel Related Services Company, Inc."
amexlovesongs.com,"American Express Travel Related Services Company, Inc."
amexlovestore.com,"American Express Travel Related Services Company, Inc."
amexlovetoday.com,"American Express Travel Related Services Company, Inc."
amexlowrate.com,"American Express Travel Related Services Company, Inc."
amexlrp.com,"American Express Travel Related Services Company, Inc."
amexlux.com,"American Express Travel Related Services Company, Inc."
amexluxchina.com,"American Express Travel Related Services Company, Inc."
amexluxury.com,"American Express Travel Related Services Company, Inc."
amexlwp.com,"American Express Travel Related Services Company, Inc."
amexm.com,"American Express Travel Related Services Company, Inc."
amexma.com,"American Express Travel Related Services Company, Inc."
amexmai.com,"American Express Travel Related Services Company, Inc."
amexmail.com,"American Express Travel Related Services Company, Inc."
amexmail.net,"American Express Travel Related Services Company, Inc."
amexmakeithappen.com,"American Express Travel Related Services Company, Inc."
amexmal.com,"American Express Travel Related Services Company, Inc."
amexmall.com,"American Express Travel Related Services Company, Inc."
amexmania.com,"American Express Travel Related Services Company, Inc."
amexmapas.com,"American Express Travel Related Services Company, Inc."
amexmapping.asia,"American Express Travel Related Services Company, Inc."
amexmapping.at,"American Express Travel Related Services Company, Inc."
amexmapping.co.nl,"American Express Travel Related Services Company, Inc."
amexmapping.com,"American Express Travel Related Services Company, Inc."
amexmapping.cz,"American Express Travel Related Services Company, Inc."
amexmapping.in,"American Express Travel Related Services Company, Inc."
amexmapping.info,"American Express Travel Related Services Company, Inc."
amexmapping.name,"American Express Travel Related Services Company, Inc."
amexmapping.net,"American Express Travel Related Services Company, Inc."
amexmapping.org,"American Express Travel Related Services Company, Inc."
amexmapping.ru,"American Express Travel Related Services Company, Inc."
amexmapping.us,"American Express Travel Related Services Company, Inc."
amexmarketplace.com,"American Express Travel Related Services Company, Inc."
amexmarketwire.com,"American Express Travel Related Services Company, Inc."
amexmastercard.com,"American Express Travel Related Services Company, Inc."
amexmastercard.net,"American Express Travel Related Services Company, Inc."
amexmastersales.com,"American Express Travel Related Services Company, Inc."
amexmatch.com,"American Express Travel Related Services Company, Inc."
amexmatches.com,"American Express Travel Related Services Company, Inc."
amexmatrix.com,"American Express Travel Related Services Company, Inc."
amexmatrix.info,"American Express Travel Related Services Company, Inc."
amexmatrix.net,"American Express Travel Related Services Company, Inc."
amexmatrix.org,"American Express Travel Related Services Company, Inc."
amexmatrix.us,"American Express Travel Related Services Company, Inc."
amexme.com,"American Express Travel Related Services Company, Inc."
amexme.net,"American Express Travel Related Services Company, Inc."
amexmealcard.co.in,"American Express Travel Related Services Company, Inc."
amexmealcard.com,"American Express Travel Related Services Company, Inc."
amexmealcard.in,"American Express Travel Related Services Company, Inc."
amexmealcards.co.in,"American Express Travel Related Services Company, Inc."
amexmealcards.com,"American Express Travel Related Services Company, Inc."
amexmealcards.in,"American Express Travel Related Services Company, Inc."
amexmed.com,"American Express Travel Related Services Company, Inc."
amexmedi.com,"American Express Travel Related Services Company, Inc."
amexmedical.com,"American Express Travel Related Services Company, Inc."
amexmeetingplanner.com,"American Express Travel Related Services Company, Inc."
amexmeetingplanner.net,"American Express Travel Related Services Company, Inc."
amexmeetingplanner.us,"American Express Travel Related Services Company, Inc."
amexmeetingstage.com,"American Express Travel Related Services Company, Inc."
amexmemberrewards.com,"American Express Travel Related Services Company, Inc."
amexmembership.com,"American Express Travel Related Services Company, Inc."
amexmembershipawards.com,"American Express Travel Related Services Company, Inc."
amexmembershipreward.com,"American Express Travel Related Services Company, Inc."
amexmembershiprewards.ai,"American Express Travel Related Services Company, Inc."
amexmembershiprewards.com,"American Express Travel Related Services Company, Inc."
amexmembershiprewards.net,"American Express Travel Related Services Company, Inc."
amexmembershiprewards.org,"American Express Travel Related Services Company, Inc."
amexmembertshiprewards.com,"American Express Travel Related Services Company, Inc."
amexmerch.com,"American Express Travel Related Services Company, Inc."
amexmerchant.info,"American Express Travel Related Services Company, Inc."
amexmerchantfinancing.com,"American Express Travel Related Services Company, Inc."
amexmerchantfinancing.net,"American Express Travel Related Services Company, Inc."
amexmerchantfinancing.us,"American Express Travel Related Services Company, Inc."
amexmerchantforce.com,"American Express Travel Related Services Company, Inc."
amexmerchantmarketing.com,"American Express Travel Related Services Company, Inc."
amexmerchantone.com,"American Express Travel Related Services Company, Inc."
amexmerchants.com,"American Express Travel Related Services Company, Inc."
amexmerchantservices.com,"American Express Travel Related Services Company, Inc."
amexmerchantservices.net,"American Express Travel Related Services Company, Inc."
amexmessageboard.com,"American Express Travel Related Services Company, Inc."
amexmessageboards.com,"American Express Travel Related Services Company, Inc."
amexmiles.com,"American Express Travel Related Services Company, Inc."
amexmint.com,"American Express Travel Related Services Company, Inc."
amexmn.com,"American Express Travel Related Services Company, Inc."
amexmo.com,"American Express Travel Related Services Company, Inc."
amexmob.com,"American Express Travel Related Services Company, Inc."
amexmobile.at,"American Express Travel Related Services Company, Inc."
amexmobile.co.in,"American Express Travel Related Services Company, Inc."
amexmobile.com,"American Express Travel Related Services Company, Inc."
amexmobile.fi,"American Express Travel Related Services Company, Inc."
amexmobile.mobi,"American Express Travel Related Services Company, Inc."
amexmobile.net,"American Express Travel Related Services Company, Inc."
amexmobileapp.com,"American Express Travel Related Services Company, Inc."
amexmobilecard.com,"American Express Travel Related Services Company, Inc."
amexmobilecash.com,"American Express Travel Related Services Company, Inc."
amexmobileoffers.com,"American Express Travel Related Services Company, Inc."
amexmobilepay.com,"American Express Travel Related Services Company, Inc."
amexmobilepayment.com,"American Express Travel Related Services Company, Inc."
amexmobilewallet.com,"American Express Travel Related Services Company, Inc."
amexmoney.mobi,"American Express Travel Related Services Company, Inc."
amexmoney.net,"American Express Travel Related Services Company, Inc."
amexmoneymanager.com,"American Express Travel Related Services Company, Inc."
amexmoneymanagerbeta.com,"American Express Travel Related Services Company, Inc."
amexmoneytransfer.com,"American Express Travel Related Services Company, Inc."
amexmort.com,"American Express Travel Related Services Company, Inc."
amexmortgage.com,"American Express Travel Related Services Company, Inc."
amexmortgage.info,"American Express Travel Related Services Company, Inc."
amexmortgage.net,"American Express Travel Related Services Company, Inc."
amexmortgagebank.com,"American Express Travel Related Services Company, Inc."
amexmortgagebankers.com,"American Express Travel Related Services Company, Inc."
amexmortgageloans.com,"American Express Travel Related Services Company, Inc."
amexmortgages.com,"American Express Travel Related Services Company, Inc."
amexmosaic.com,"American Express Travel Related Services Company, Inc."
amexmovil.com,"American Express Travel Related Services Company, Inc."
amexmovil.net,"American Express Travel Related Services Company, Inc."
amexmoving.com,"American Express Travel Related Services Company, Inc."
amexmrsurvey.com,"American Express Travel Related Services Company, Inc."
amexmusic.com,"American Express Travel Related Services Company, Inc."
amexmutualfunds.com,"American Express Travel Related Services Company, Inc."
amexmutualfunds.org,"American Express Travel Related Services Company, Inc."
amexmyway.com,"American Express Travel Related Services Company, Inc."
amexmyway.mobi,"American Express Travel Related Services Company, Inc."
amexmywishlist.com,"American Express Travel Related Services Company, Inc."
amexnairobi.com,"American Express Travel Related Services Company, Inc."
amexnationalbank.com,"American Express Travel Related Services Company, Inc."
amexnationalbank.info,"American Express Travel Related Services Company, Inc."
amexnationalbank.net,"American Express Travel Related Services Company, Inc."
amexnationalbank.org,"American Express Travel Related Services Company, Inc."
amexnationalbank.us,"American Express Travel Related Services Company, Inc."
amexnecard.com,"American Express Travel Related Services Company, Inc."
amexnectarcard.com,"American Express Travel Related Services Company, Inc."
amexneetwork.com,"American Express Travel Related Services Company, Inc."
amexnetwork.at,"American Express Travel Related Services Company, Inc."
amexnetwork.co.in,"American Express Travel Related Services Company, Inc."
amexnetwork.com,"American Express Travel Related Services Company, Inc."
amexnetwork.in,"American Express Travel Related Services Company, Inc."
amexnetwork.mobi,"American Express Travel Related Services Company, Inc."
amexnetwork.net,"American Express Travel Related Services Company, Inc."
amexnetwork.ru,"American Express Travel Related Services Company, Inc."
amexnetworkcom.com,"American Express Travel Related Services Company, Inc."
amexnetwort.com,"American Express Travel Related Services Company, Inc."
amexnetwrok.com,"American Express Travel Related Services Company, Inc."
amexnewhotels.com,"American Express Travel Related Services Company, Inc."
amexnewsletterdev.com,"American Express Travel Related Services Company, Inc."
amexnigeria.com,"American Express Travel Related Services Company, Inc."
amexnoecard.com,"American Express Travel Related Services Company, Inc."
amexnow.com,"American Express Travel Related Services Company, Inc."
amexocard.com,"American Express Travel Related Services Company, Inc."
amexoct.org,"American Express Travel Related Services Company, Inc."
amexoencard.com,"American Express Travel Related Services Company, Inc."
amexoffer.com,"American Express Travel Related Services Company, Inc."
amexoffer4you.com,"American Express Travel Related Services Company, Inc."
amexofferone.com,"American Express Travel Related Services Company, Inc."
amexoffers.ai,"American Express Travel Related Services Company, Inc."
amexoffers.com,"American Express Travel Related Services Company, Inc."
amexofferzone.com,"American Express Travel Related Services Company, Inc."
amexoil.com,"American Express Travel Related Services Company, Inc."
amexoilinvest.com,"American Express Travel Related Services Company, Inc."
amexol.com,"American Express Travel Related Services Company, Inc."
amexol.net,"American Express Travel Related Services Company, Inc."
amexonceard.com,"American Express Travel Related Services Company, Inc."
amexone.com,"American Express Travel Related Services Company, Inc."
amexone.net,"American Express Travel Related Services Company, Inc."
amexone.org,"American Express Travel Related Services Company, Inc."
amexone.travel,"American Express Travel Related Services Company, Inc."
amexone.us,"American Express Travel Related Services Company, Inc."
amexoneacrd.com,"American Express Travel Related Services Company, Inc."
amexonecaard.com,"American Express Travel Related Services Company, Inc."
amexonecad.com,"American Express Travel Related Services Company, Inc."
amexonecadr.com,"American Express Travel Related Services Company, Inc."
amexonecaed.com,"American Express Travel Related Services Company, Inc."
amexonecar.com,"American Express Travel Related Services Company, Inc."
amexonecard.com,"American Express Travel Related Services Company, Inc."
amexonecard.info,"American Express Travel Related Services Company, Inc."
amexonecard.net,"American Express Travel Related Services Company, Inc."
amexonecard.org,"American Express Travel Related Services Company, Inc."
amexonecard.travel,"American Express Travel Related Services Company, Inc."
amexonecard.us,"American Express Travel Related Services Company, Inc."
amexonecardd.com,"American Express Travel Related Services Company, Inc."
amexonecards.com,"American Express Travel Related Services Company, Inc."
amexonecarrd.com,"American Express Travel Related Services Company, Inc."
amexonecatd.com,"American Express Travel Related Services Company, Inc."
amexoneccard.com,"American Express Travel Related Services Company, Inc."
amexonecrad.com,"American Express Travel Related Services Company, Inc."
amexonecrd.com,"American Express Travel Related Services Company, Inc."
amexonecreditcard.com,"American Express Travel Related Services Company, Inc."
amexonedealcentre.com,"American Express Travel Related Services Company, Inc."
amexoneeard.com,"American Express Travel Related Services Company, Inc."
amexoneonline.com,"American Express Travel Related Services Company, Inc."
amexonice.at,"American Express Travel Related Services Company, Inc."
amexonline.asia,"American Express Travel Related Services Company, Inc."
amexonlinecasino.com,"American Express Travel Related Services Company, Inc."
amexonlinecasino.net,"American Express Travel Related Services Company, Inc."
amexonlinecasino.org,"American Express Travel Related Services Company, Inc."
amexonlinecasinos.com,"American Express Travel Related Services Company, Inc."
amexonlinecasinos.net,"American Express Travel Related Services Company, Inc."
amexonlineoffer.com,"American Express Travel Related Services Company, Inc."
amexonlineoffers.com,"American Express Travel Related Services Company, Inc."
amexonlinepayment.com,"American Express Travel Related Services Company, Inc."
amexonlinepoker.com,"American Express Travel Related Services Company, Inc."
amexonlycard.com,"American Express Travel Related Services Company, Inc."
amexonncard.com,"American Express Travel Related Services Company, Inc."
amexonnecard.com,"American Express Travel Related Services Company, Inc."
amexonreferralsinc.com,"American Express Travel Related Services Company, Inc."
amexonstage.com,"American Express Travel Related Services Company, Inc."
amexooecard.com,"American Express Travel Related Services Company, Inc."
amexoonecard.com,"American Express Travel Related Services Company, Inc."
amexopen.info,"American Express Travel Related Services Company, Inc."
amexopen.org,"American Express Travel Related Services Company, Inc."
amexopenambassadors.com,"American Express Travel Related Services Company, Inc."
amexopenask.com,"American Express Travel Related Services Company, Inc."
amexopenask.org,"American Express Travel Related Services Company, Inc."
amexopenbank.com,"American Express Travel Related Services Company, Inc."
amexopenbt.com,"American Express Travel Related Services Company, Inc."
amexopencard.com,"American Express Travel Related Services Company, Inc."
amexopenforum.com,"American Express Travel Related Services Company, Inc."
amexopengold.com,"American Express Travel Related Services Company, Inc."
amexopentradeshow.com,"American Express Travel Related Services Company, Inc."
amexopinion.com,"American Express Travel Related Services Company, Inc."
amexops.com,"American Express Travel Related Services Company, Inc."
amexoptblu.com,"American Express Travel Related Services Company, Inc."
amexoptblue.com,"American Express Travel Related Services Company, Inc."
amexoptima.mobi,"American Express Travel Related Services Company, Inc."
amexoptions.com,"American Express Travel Related Services Company, Inc."
amexoro.com,"American Express Travel Related Services Company, Inc."
amexoutspend.com,"American Express Travel Related Services Company, Inc."
amexoverseas.com,"American Express Travel Related Services Company, Inc."
amexp.info,"American Express Travel Related Services Company, Inc."
amexpages.com,"American Express Travel Related Services Company, Inc."
amexpairings.com,"American Express Travel Related Services Company, Inc."
amexpanama.com,"American Express Travel Related Services Company, Inc."
amexpanse.info,"American Express Travel Related Services Company, Inc."
amexpaperlessoffer.com,"American Express Travel Related Services Company, Inc."
amexpartner.com,"American Express Travel Related Services Company, Inc."
amexpartners.com,"American Express Travel Related Services Company, Inc."
amexpass.com,"American Express Travel Related Services Company, Inc."
amexpassbook.com,"American Express Travel Related Services Company, Inc."
amexpassionproject.com,"American Express Travel Related Services Company, Inc."
amexpaul.com,"American Express Travel Related Services Company, Inc."
amexpay.me,"American Express Travel Related Services Company, Inc."
amexpay.mobi,"American Express Travel Related Services Company, Inc."
amexpay.net,"American Express Travel Related Services Company, Inc."
amexpaybill.com,"American Express Travel Related Services Company, Inc."
amexpayve.com,"American Express Travel Related Services Company, Inc."
amexpayve.net,"American Express Travel Related Services Company, Inc."
amexpb.com,"American Express Travel Related Services Company, Inc."
amexpbu.com,"American Express Travel Related Services Company, Inc."
amexpcard.com,"American Express Travel Related Services Company, Inc."
amexpedition.com,"American Express Travel Related Services Company, Inc."
amexperdiem.com,"American Express Travel Related Services Company, Inc."
amexperdiemcard.net,"American Express Travel Related Services Company, Inc."
amexperience.us,"American Express Travel Related Services Company, Inc."
amexperks.com,"American Express Travel Related Services Company, Inc."
amexperks.net,"American Express Travel Related Services Company, Inc."
amexpersonacard.com,"American Express Travel Related Services Company, Inc."
amexpert.net,"American Express Travel Related Services Company, Inc."
amexpert.org,"American Express Travel Related Services Company, Inc."
amexpertise.com,"American Express Travel Related Services Company, Inc."
amexperto.com,"American Express Travel Related Services Company, Inc."
amexperu.com,"American Express Travel Related Services Company, Inc."
amexperuonline.com,"American Express Travel Related Services Company, Inc."
amexperx.com,"American Express Travel Related Services Company, Inc."
amexpess.com,"American Express Travel Related Services Company, Inc."
amexpestcontrol.com,"American Express Travel Related Services Company, Inc."
amexpharma.com,"American Express Travel Related Services Company, Inc."
amexpharmacy.net,"American Express Travel Related Services Company, Inc."
amexpharmacy3.com,"American Express Travel Related Services Company, Inc."
amexphone.com,"American Express Travel Related Services Company, Inc."
amexphones.com,"American Express Travel Related Services Company, Inc."
amexphotobooth.com,"American Express Travel Related Services Company, Inc."
amexphotography.com,"American Express Travel Related Services Company, Inc."
amexphotolibrary.com,"American Express Travel Related Services Company, Inc."
amexphotos.com,"American Express Travel Related Services Company, Inc."
amexplan.com,"American Express Travel Related Services Company, Inc."
amexplastic.com,"American Express Travel Related Services Company, Inc."
amexplasticsmachinery.com,"American Express Travel Related Services Company, Inc."
amexplat.com,"American Express Travel Related Services Company, Inc."
amexplatinum.ai,"American Express Travel Related Services Company, Inc."
amexplatinum.com,"American Express Travel Related Services Company, Inc."
amexplatinum.info,"American Express Travel Related Services Company, Inc."
amexplatinum.net,"American Express Travel Related Services Company, Inc."
amexplatinumbusiness.com,"American Express Travel Related Services Company, Inc."
amexplatinumcard.com,"American Express Travel Related Services Company, Inc."
amexplatinumcards.com,"American Express Travel Related Services Company, Inc."
amexplatinumcommissions.com,"American Express Travel Related Services Company, Inc."
amexplatinumcommissions.info,"American Express Travel Related Services Company, Inc."
amexplatinumcommissions.net,"American Express Travel Related Services Company, Inc."
amexplatinumgolfing.com,"American Express Travel Related Services Company, Inc."
amexplatinuminquiries.com,"American Express Travel Related Services Company, Inc."
amexplatinuminquiries.info,"American Express Travel Related Services Company, Inc."
amexplatinuminquiries.net,"American Express Travel Related Services Company, Inc."
amexplatinumpayments.com,"American Express Travel Related Services Company, Inc."
amexplatinumpayments.info,"American Express Travel Related Services Company, Inc."
amexplatinumpayments.mobi,"American Express Travel Related Services Company, Inc."
amexplatinumpayments.net,"American Express Travel Related Services Company, Inc."
amexplatinumrsvp.com,"American Express Travel Related Services Company, Inc."
amexplatinumtravelservice.com,"American Express Travel Related Services Company, Inc."
amexplatinumtravelservice.info,"American Express Travel Related Services Company, Inc."
amexplorador.com,"American Express Travel Related Services Company, Inc."
amexplum.com,"American Express Travel Related Services Company, Inc."
amexplumcard.com,"American Express Travel Related Services Company, Inc."
amexplus.com,"American Express Travel Related Services Company, Inc."
amexpmg.com,"American Express Travel Related Services Company, Inc."
amexpo.org,"American Express Travel Related Services Company, Inc."
amexpodcast.com,"American Express Travel Related Services Company, Inc."
amexpodcasts.com,"American Express Travel Related Services Company, Inc."
amexpoint.com,"American Express Travel Related Services Company, Inc."
amexpoints.com,"American Express Travel Related Services Company, Inc."
amexpointsforsale.com,"American Express Travel Related Services Company, Inc."
amexpop.com,"American Express Travel Related Services Company, Inc."
amexporn.com,"American Express Travel Related Services Company, Inc."
amexportugal.com,"American Express Travel Related Services Company, Inc."
amexpotix.com,"American Express Travel Related Services Company, Inc."
amexpourlespme.com,"American Express Travel Related Services Company, Inc."
amexpr.com,"American Express Travel Related Services Company, Inc."
amexpractice.com,"American Express Travel Related Services Company, Inc."
amexpravoce.com,"American Express Travel Related Services Company, Inc."
amexpremeirrewards.com,"American Express Travel Related Services Company, Inc."
amexprepaid.com,"American Express Travel Related Services Company, Inc."
amexprepaidcard.com,"American Express Travel Related Services Company, Inc."
amexprepaidcards.com,"American Express Travel Related Services Company, Inc."
amexprepaidcreditcards.com,"American Express Travel Related Services Company, Inc."
amexprepaiddiscounts.com,"American Express Travel Related Services Company, Inc."
amexpres.com,"American Express Travel Related Services Company, Inc."
amexpresentetodahora.com,"American Express Travel Related Services Company, Inc."
amexpresitge.com,"American Express Travel Related Services Company, Inc."
amexpress-nta.com,"American Express Travel Related Services Company, Inc."
amexpress.com,"American Express Travel Related Services Company, Inc."
amexpress.info,"American Express Travel Related Services Company, Inc."
amexpress.org,"American Express Travel Related Services Company, Inc."
amexpress.vip,"American Express Travel Related Services Company, Inc."
amexpressbank.com,"American Express Travel Related Services Company, Inc."
amexpresscard.com,"American Express Travel Related Services Company, Inc."
amexpresscredit.com,"American Express Travel Related Services Company, Inc."
amexpressgiftcards.com,"American Express Travel Related Services Company, Inc."
amexpressinc.net,"American Express Travel Related Services Company, Inc."
amexpressrewards.com,"American Express Travel Related Services Company, Inc."
amexpresss.com,"American Express Travel Related Services Company, Inc."
amexpressshuttle.com,"American Express Travel Related Services Company, Inc."
amexpresssmensageiros.com,"American Express Travel Related Services Company, Inc."
amexpressusa.com,"American Express Travel Related Services Company, Inc."
amexpressusa.info,"American Express Travel Related Services Company, Inc."
amexprestige.com,"American Express Travel Related Services Company, Inc."
amexprewards.com,"American Express Travel Related Services Company, Inc."
amexprewrards.com,"American Express Travel Related Services Company, Inc."
amexpride.com,"American Express Travel Related Services Company, Inc."
amexprinting.com,"American Express Travel Related Services Company, Inc."
amexprivateflashsales.com,"American Express Travel Related Services Company, Inc."
amexprivateflashsales.net,"American Express Travel Related Services Company, Inc."
amexprivatesale.com,"American Express Travel Related Services Company, Inc."
amexprivatesales.com,"American Express Travel Related Services Company, Inc."
amexprivatesales.net,"American Express Travel Related Services Company, Inc."
amexpriveflashsales.com,"American Express Travel Related Services Company, Inc."
amexpriverosedeal.com,"American Express Travel Related Services Company, Inc."
amexprivesales.com,"American Express Travel Related Services Company, Inc."
amexprivesummercamp.com,"American Express Travel Related Services Company, Inc."
amexpriviledges.com,"American Express Travel Related Services Company, Inc."
amexpriviledges.info,"American Express Travel Related Services Company, Inc."
amexpriviledges.net,"American Express Travel Related Services Company, Inc."
amexpriviledges.org,"American Express Travel Related Services Company, Inc."
amexproducts.com,"American Express Travel Related Services Company, Inc."
amexprofit.com,"American Express Travel Related Services Company, Inc."
amexproject.com,"American Express Travel Related Services Company, Inc."
amexpromo.com,"American Express Travel Related Services Company, Inc."
amexpromo.info,"American Express Travel Related Services Company, Inc."
amexpromocoes.com,"American Express Travel Related Services Company, Inc."
amexpromos.com,"American Express Travel Related Services Company, Inc."
amexpromoshop.com,"American Express Travel Related Services Company, Inc."
amexpromotions.com,"American Express Travel Related Services Company, Inc."
amexprotection.com,"American Express Travel Related Services Company, Inc."
amexproxy.com,"American Express Travel Related Services Company, Inc."
amexprudentialutah.com,"American Express Travel Related Services Company, Inc."
amexpt.com,"American Express Travel Related Services Company, Inc."
amexptravel.com,"American Express Travel Related Services Company, Inc."
amexpuan.com,"American Express Travel Related Services Company, Inc."
amexpuan.net,"American Express Travel Related Services Company, Inc."
amexpub.com,"American Express Travel Related Services Company, Inc."
amexpubbooks.com,"American Express Travel Related Services Company, Inc."
amexpubforum.com,"American Express Travel Related Services Company, Inc."
amexpublications.com,"American Express Travel Related Services Company, Inc."
amexpublishing.com,"American Express Travel Related Services Company, Inc."
amexpubonline.com,"American Express Travel Related Services Company, Inc."
amexpubunsubscribe.com,"American Express Travel Related Services Company, Inc."
amexpymes.com,"American Express Travel Related Services Company, Inc."
amexqjif.com,"American Express Travel Related Services Company, Inc."
amexquote.com,"American Express Travel Related Services Company, Inc."
amexquotes.com,"American Express Travel Related Services Company, Inc."
amexrail.com,"American Express Travel Related Services Company, Inc."
amexrates.com,"American Express Travel Related Services Company, Inc."
amexratings.com,"American Express Travel Related Services Company, Inc."
amexray.com,"American Express Travel Related Services Company, Inc."
amexreallysucks.com,"American Express Travel Related Services Company, Inc."
amexrealtor.com,"American Express Travel Related Services Company, Inc."
amexrebate.com,"American Express Travel Related Services Company, Inc."
amexrebates.com,"American Express Travel Related Services Company, Inc."
amexreceipt.com,"American Express Travel Related Services Company, Inc."
amexrecruit.com,"American Express Travel Related Services Company, Inc."
amexrecycling.com,"American Express Travel Related Services Company, Inc."
amexred.com,"American Express Travel Related Services Company, Inc."
amexred.net,"American Express Travel Related Services Company, Inc."
amexred.org,"American Express Travel Related Services Company, Inc."
amexredcard.com,"American Express Travel Related Services Company, Inc."
amexrefi.com,"American Express Travel Related Services Company, Inc."
amexrefinance.com,"American Express Travel Related Services Company, Inc."
amexrenfe.com,"American Express Travel Related Services Company, Inc."
amexrentacar.com,"American Express Travel Related Services Company, Inc."
amexrepcruise.com,"American Express Travel Related Services Company, Inc."
amexreservations.com,"American Express Travel Related Services Company, Inc."
amexresorts.com,"American Express Travel Related Services Company, Inc."
amexresources.org,"American Express Travel Related Services Company, Inc."
amexrestaurantsavings.com,"American Express Travel Related Services Company, Inc."
amexretirement.com,"American Express Travel Related Services Company, Inc."
amexreviews.com,"American Express Travel Related Services Company, Inc."
amexreward.info,"American Express Travel Related Services Company, Inc."
amexrewardcard.com,"American Express Travel Related Services Company, Inc."
amexrewardcards.com,"American Express Travel Related Services Company, Inc."
amexrewards.ai,"American Express Travel Related Services Company, Inc."
amexrewards.com,"American Express Travel Related Services Company, Inc."
amexrewards.info,"American Express Travel Related Services Company, Inc."
amexrewardscard.com,"American Express Travel Related Services Company, Inc."
amexrewardscards.com,"American Express Travel Related Services Company, Inc."
amexrewardscash.com,"American Express Travel Related Services Company, Inc."
amexrewardscash.net,"American Express Travel Related Services Company, Inc."
amexrewardscreditcards.com,"American Express Travel Related Services Company, Inc."
amexrewardsgoldcard.com,"American Express Travel Related Services Company, Inc."
amexrewardsprogram.com,"American Express Travel Related Services Company, Inc."
amexrewardsprogram.info,"American Express Travel Related Services Company, Inc."
amexrewardsscam.com,"American Express Travel Related Services Company, Inc."
amexrewardssightsandsounds.com,"American Express Travel Related Services Company, Inc."
amexrichkidd.com,"American Express Travel Related Services Company, Inc."
amexride.com,"American Express Travel Related Services Company, Inc."
amexrocks.net,"American Express Travel Related Services Company, Inc."
amexroofing.com,"American Express Travel Related Services Company, Inc."
amexrooms.com,"American Express Travel Related Services Company, Inc."
amexrots.com,"American Express Travel Related Services Company, Inc."
amexrsi.com,"American Express Travel Related Services Company, Inc."
amexruinedmylife.com,"American Express Travel Related Services Company, Inc."
amexruinedmylife.net,"American Express Travel Related Services Company, Inc."
amexsafekey.com,"American Express Travel Related Services Company, Inc."
amexsale.com,"American Express Travel Related Services Company, Inc."
amexsales.com,"American Express Travel Related Services Company, Inc."
amexsalesusa.com,"American Express Travel Related Services Company, Inc."
amexsaving.com,"American Express Travel Related Services Company, Inc."
amexsavings.ai,"American Express Travel Related Services Company, Inc."
amexsavings.com,"American Express Travel Related Services Company, Inc."
amexscredit.com,"American Express Travel Related Services Company, Inc."
amexscrewedme.com,"American Express Travel Related Services Company, Inc."
amexscrewssmallbusiness.com,"American Express Travel Related Services Company, Inc."
amexsdk.com,"American Express Travel Related Services Company, Inc."
amexsec.info,"American Express Travel Related Services Company, Inc."
amexsecure.com,"American Express Travel Related Services Company, Inc."
amexsecure24h.com,"American Express Travel Related Services Company, Inc."
amexsecureonline.com,"American Express Travel Related Services Company, Inc."
amexsecurepay.com,"American Express Travel Related Services Company, Inc."
amexsecuresite.com,"American Express Travel Related Services Company, Inc."
amexsecurities.com,"American Express Travel Related Services Company, Inc."
amexsecurity.center,"American Express Travel Related Services Company, Inc."
amexsecurityconcernes.com,"American Express Travel Related Services Company, Inc."
amexsecurityconcerns.com,"American Express Travel Related Services Company, Inc."
amexsecurityconcerns.info,"American Express Travel Related Services Company, Inc."
amexseemoreofaustralia.com,"American Express Travel Related Services Company, Inc."
amexseguros.com,"American Express Travel Related Services Company, Inc."
amexseleccion.com,"American Express Travel Related Services Company, Inc."
amexselects.asia,"American Express Travel Related Services Company, Inc."
amexselects.co.in,"American Express Travel Related Services Company, Inc."
amexselects.com,"American Express Travel Related Services Company, Inc."
amexselects.com.ph,"American Express Travel Related Services Company, Inc."
amexselectshk.com,"American Express Travel Related Services Company, Inc."
amexserve-static.com,"American Express Travel Related Services Company, Inc."
amexserve.com,"American Express Travel Related Services Company, Inc."
amexservecard.com,"American Express Travel Related Services Company, Inc."
amexservice.com,"American Express Travel Related Services Company, Inc."
amexserviceishorrible.com,"American Express Travel Related Services Company, Inc."
amexservices.net,"American Express Travel Related Services Company, Inc."
amexservices.org,"American Express Travel Related Services Company, Inc."
amexservicesonline.com,"American Express Travel Related Services Company, Inc."
amexservicesucks.com,"American Express Travel Related Services Company, Inc."
amexsharepeople.com,"American Express Travel Related Services Company, Inc."
amexsharesquare.com,"American Express Travel Related Services Company, Inc."
amexshipping.com,"American Express Travel Related Services Company, Inc."
amexshop.ai,"American Express Travel Related Services Company, Inc."
amexshop.com,"American Express Travel Related Services Company, Inc."
amexshop.in,"American Express Travel Related Services Company, Inc."
amexshopamex.com,"American Express Travel Related Services Company, Inc."
amexshoppershowdown.com,"American Express Travel Related Services Company, Inc."
amexshopping.com,"American Express Travel Related Services Company, Inc."
amexsib.us,"American Express Travel Related Services Company, Inc."
amexsignup.com,"American Express Travel Related Services Company, Inc."
amexsilveretf.com,"American Express Travel Related Services Company, Inc."
amexsilverfund.com,"American Express Travel Related Services Company, Inc."
amexsingapore.com,"American Express Travel Related Services Company, Inc."
amexsingleid.com,"American Express Travel Related Services Company, Inc."
amexsingleid.info,"American Express Travel Related Services Company, Inc."
amexsingleid.net,"American Express Travel Related Services Company, Inc."
amexsingleid.us,"American Express Travel Related Services Company, Inc."
amexsite.com,"American Express Travel Related Services Company, Inc."
amexskyblue.mobi,"American Express Travel Related Services Company, Inc."
amexskyboxreport.com,"American Express Travel Related Services Company, Inc."
amexskymiles.com,"American Express Travel Related Services Company, Inc."
amexslots.com,"American Express Travel Related Services Company, Inc."
amexsmallbusiness.com,"American Express Travel Related Services Company, Inc."
amexsmallbusinesscard.com,"American Express Travel Related Services Company, Inc."
amexsmartplan.com,"American Express Travel Related Services Company, Inc."
amexsms.com,"American Express Travel Related Services Company, Inc."
amexsocial.com,"American Express Travel Related Services Company, Inc."
amexsolution.com,"American Express Travel Related Services Company, Inc."
amexsolution.net,"American Express Travel Related Services Company, Inc."
amexsolution.org,"American Express Travel Related Services Company, Inc."
amexsolutionlp.com,"American Express Travel Related Services Company, Inc."
amexsolutions.net,"American Express Travel Related Services Company, Inc."
amexsolutions.org,"American Express Travel Related Services Company, Inc."
amexsommerinaustria.at,"American Express Travel Related Services Company, Inc."
amexsong.com,"American Express Travel Related Services Company, Inc."
amexsonora.com,"American Express Travel Related Services Company, Inc."
amexspa.com,"American Express Travel Related Services Company, Inc."
amexspaescapes.com,"American Express Travel Related Services Company, Inc."
amexspaoffers.com,"American Express Travel Related Services Company, Inc."
amexspecialoffers.com,"American Express Travel Related Services Company, Inc."
amexsportsbetting.com,"American Express Travel Related Services Company, Inc."
amexsportsbooks.net,"American Express Travel Related Services Company, Inc."
amexsquare.com,"American Express Travel Related Services Company, Inc."
amexstadium.com,"American Express Travel Related Services Company, Inc."
amexstadium.info,"American Express Travel Related Services Company, Inc."
amexstadium.net,"American Express Travel Related Services Company, Inc."
amexstadium.org,"American Express Travel Related Services Company, Inc."
amexstadiumsucks.com,"American Express Travel Related Services Company, Inc."
amexstadiumsucks.net,"American Express Travel Related Services Company, Inc."
amexstadiumsux.com,"American Express Travel Related Services Company, Inc."
amexstadiumsux.net,"American Express Travel Related Services Company, Inc."
amexstart.com,"American Express Travel Related Services Company, Inc."
amexstarwood.com,"American Express Travel Related Services Company, Inc."
amexstationary.com,"American Express Travel Related Services Company, Inc."
amexstationery.com,"American Express Travel Related Services Company, Inc."
amexstinks.com,"American Express Travel Related Services Company, Inc."
amexstock.com,"American Express Travel Related Services Company, Inc."
amexstocklist.com,"American Express Travel Related Services Company, Inc."
amexstocknews.com,"American Express Travel Related Services Company, Inc."
amexstockprice.com,"American Express Travel Related Services Company, Inc."
amexstockprices.com,"American Express Travel Related Services Company, Inc."
amexstockquotes.com,"American Express Travel Related Services Company, Inc."
amexstockscreen.com,"American Express Travel Related Services Company, Inc."
amexstore.com,"American Express Travel Related Services Company, Inc."
amexstudent.com,"American Express Travel Related Services Company, Inc."
amexstudentcard.com,"American Express Travel Related Services Company, Inc."
amexstyleguide.com,"American Express Travel Related Services Company, Inc."
amexsu.com,"American Express Travel Related Services Company, Inc."
amexsucks.ai,"American Express Travel Related Services Company, Inc."
amexsucks.info,"American Express Travel Related Services Company, Inc."
amexsucks.net,"American Express Travel Related Services Company, Inc."
amexsucks.org,"American Express Travel Related Services Company, Inc."
amexsuggest.ai,"American Express Travel Related Services Company, Inc."
amexsuggest.com,"American Express Travel Related Services Company, Inc."
amexsuggest.info,"American Express Travel Related Services Company, Inc."
amexsuggest.net,"American Express Travel Related Services Company, Inc."
amexsuggest.org,"American Express Travel Related Services Company, Inc."
amexsuggest.us,"American Express Travel Related Services Company, Inc."
amexsuggestionbox.com,"American Express Travel Related Services Company, Inc."
amexsuggests.com,"American Express Travel Related Services Company, Inc."
amexsuggests.net,"American Express Travel Related Services Company, Inc."
amexsuggests.org,"American Express Travel Related Services Company, Inc."
amexsuggests.us,"American Express Travel Related Services Company, Inc."
amexsumaysigue.com,"American Express Travel Related Services Company, Inc."
amexsummerinaustria.at,"American Express Travel Related Services Company, Inc."
amexsummerinaustria.com,"American Express Travel Related Services Company, Inc."
amexsupport.com,"American Express Travel Related Services Company, Inc."
amexsure.com,"American Express Travel Related Services Company, Inc."
amexsurpass.com,"American Express Travel Related Services Company, Inc."
amexsurvey.com,"American Express Travel Related Services Company, Inc."
amexsx.com,"American Express Travel Related Services Company, Inc."
amexsxu.com,"American Express Travel Related Services Company, Inc."
amexsync.com,"American Express Travel Related Services Company, Inc."
amexsyncaustin.com,"American Express Travel Related Services Company, Inc."
amexsyncshow.com,"American Express Travel Related Services Company, Inc."
amextandt.com,"American Express Travel Related Services Company, Inc."
amextaxi.com,"American Express Travel Related Services Company, Inc."
amextbsconsultingalumnni.com,"American Express Travel Related Services Company, Inc."
amextbsconsultingalumnni.net,"American Express Travel Related Services Company, Inc."
amextcpromo.com,"American Express Travel Related Services Company, Inc."
amextech.ai,"American Express Travel Related Services Company, Inc."
amextech.com,"American Express Travel Related Services Company, Inc."
amextechnology.ai,"American Express Travel Related Services Company, Inc."
amexteen.com,"American Express Travel Related Services Company, Inc."
amexteencard.com,"American Express Travel Related Services Company, Inc."
amextelecom.com,"American Express Travel Related Services Company, Inc."
amexteriors.net,"American Express Travel Related Services Company, Inc."
amextestsystem.com,"American Express Travel Related Services Company, Inc."
amextex.com,"American Express Travel Related Services Company, Inc."
amextext.com,"American Express Travel Related Services Company, Inc."
amexthecollection.com,"American Express Travel Related Services Company, Inc."
amexthetravelcenter.com,"American Express Travel Related Services Company, Inc."
amexthoughtstarter.com,"American Express Travel Related Services Company, Inc."
amexticket.com,"American Express Travel Related Services Company, Inc."
amextickets.com,"American Express Travel Related Services Company, Inc."
amextickets.mobi,"American Express Travel Related Services Company, Inc."
amextitle.com,"American Express Travel Related Services Company, Inc."
amextitulares.com,"American Express Travel Related Services Company, Inc."
amextix.com,"American Express Travel Related Services Company, Inc."
amextnetwork.com,"American Express Travel Related Services Company, Inc."
amextnt.com,"American Express Travel Related Services Company, Inc."
amextogo.com,"American Express Travel Related Services Company, Inc."
amextol.com,"American Express Travel Related Services Company, Inc."
amextookmyblackcard.com,"American Express Travel Related Services Company, Inc."
amextool.net,"American Express Travel Related Services Company, Inc."
amextools.com,"American Express Travel Related Services Company, Inc."
amextoptreats.com,"American Express Travel Related Services Company, Inc."
amextour.net,"American Express Travel Related Services Company, Inc."
amextour.org,"American Express Travel Related Services Company, Inc."
amextours.net,"American Express Travel Related Services Company, Inc."
amextoursandtravels.com,"American Express Travel Related Services Company, Inc."
amextowncar.com,"American Express Travel Related Services Company, Inc."
amextracker.com,"American Express Travel Related Services Company, Inc."
amextrade.info,"American Express Travel Related Services Company, Inc."
amextrader.info,"American Express Travel Related Services Company, Inc."
amextrader.mobi,"American Express Travel Related Services Company, Inc."
amextrades.com,"American Express Travel Related Services Company, Inc."
amextradex.com,"American Express Travel Related Services Company, Inc."
amextradingusa.com,"American Express Travel Related Services Company, Inc."
amextraevl.com,"American Express Travel Related Services Company, Inc."
amextransportation.com,"American Express Travel Related Services Company, Inc."
amextransportation.org,"American Express Travel Related Services Company, Inc."
amextransportsd.com,"American Express Travel Related Services Company, Inc."
amextravel.ai,"American Express Travel Related Services Company, Inc."
amextravel.com,"American Express Travel Related Services Company, Inc."
amextravel.info,"American Express Travel Related Services Company, Inc."
amextravel.mobi,"American Express Travel Related Services Company, Inc."
amextravel.net,"American Express Travel Related Services Company, Inc."
amextravel.om,"American Express Travel Related Services Company, Inc."
amextravel.org,"American Express Travel Related Services Company, Inc."
amextravel.us,"American Express Travel Related Services Company, Inc."
amextravelagency.com,"American Express Travel Related Services Company, Inc."
amextravelapp.com,"American Express Travel Related Services Company, Inc."
amextravelasia.asia,"American Express Travel Related Services Company, Inc."
amextravelassurance.com,"American Express Travel Related Services Company, Inc."
amextravelcards.com,"American Express Travel Related Services Company, Inc."
amextravelcenter.com,"American Express Travel Related Services Company, Inc."
amextravelconfirmation.com,"American Express Travel Related Services Company, Inc."
amextraveler.com,"American Express Travel Related Services Company, Inc."
amextravelesources.com,"American Express Travel Related Services Company, Inc."
amextravelhub.com,"American Express Travel Related Services Company, Inc."
amextravelhub.net,"American Express Travel Related Services Company, Inc."
amextravelid.com,"American Express Travel Related Services Company, Inc."
amextravelinquiries.com,"American Express Travel Related Services Company, Inc."
amextravelinquiries.info,"American Express Travel Related Services Company, Inc."
amextravelinquiries.net,"American Express Travel Related Services Company, Inc."
amextravelinsurance.com,"American Express Travel Related Services Company, Inc."
amextravelinsuranceclassaction.com,"American Express Travel Related Services Company, Inc."
amextravellearningvideos.com,"American Express Travel Related Services Company, Inc."
amextraveller.com,"American Express Travel Related Services Company, Inc."
amextravellerscheque.com,"American Express Travel Related Services Company, Inc."
amextravelnews.com,"American Express Travel Related Services Company, Inc."
amextravelperu.com,"American Express Travel Related Services Company, Inc."
amextravelplanner.net,"American Express Travel Related Services Company, Inc."
amextravelplanners.com,"American Express Travel Related Services Company, Inc."
amextravelplanning.com,"American Express Travel Related Services Company, Inc."
amextravelquote.com,"American Express Travel Related Services Company, Inc."
amextravelreources.com,"American Express Travel Related Services Company, Inc."
amextravelresouces.com,"American Express Travel Related Services Company, Inc."
amextravelresources.com,"American Express Travel Related Services Company, Inc."
amextravelresoures.com,"American Express Travel Related Services Company, Inc."
amextravelrewards.com,"American Express Travel Related Services Company, Inc."
amextravels.com,"American Express Travel Related Services Company, Inc."
amextravelservices.com,"American Express Travel Related Services Company, Inc."
amextraveltips.com,"American Express Travel Related Services Company, Inc."
amextraveltweetheart.com,"American Express Travel Related Services Company, Inc."
amextrends.com,"American Express Travel Related Services Company, Inc."
amextribecafestival.com,"American Express Travel Related Services Company, Inc."
amextribecatix.com,"American Express Travel Related Services Company, Inc."
amextrueblue.net,"American Express Travel Related Services Company, Inc."
amexturbo.com,"American Express Travel Related Services Company, Inc."
amexturkey.com,"American Express Travel Related Services Company, Inc."
amextutto.info,"American Express Travel Related Services Company, Inc."
amextv.org,"American Express Travel Related Services Company, Inc."
amexu.com,"American Express Travel Related Services Company, Inc."
amexub.com,"American Express Travel Related Services Company, Inc."
amexun.com,"American Express Travel Related Services Company, Inc."
amexund.com,"American Express Travel Related Services Company, Inc."
amexunstage.com,"American Express Travel Related Services Company, Inc."
amexunstaged.com,"American Express Travel Related Services Company, Inc."
amexunstagedalicia.com,"American Express Travel Related Services Company, Inc."
amexunstagedcoldplay.com,"American Express Travel Related Services Company, Inc."
amexunstageddualipa.com,"American Express Travel Related Services Company, Inc."
amexunstagedmaroon5.com,"American Express Travel Related Services Company, Inc."
amexunstagedsamsmith.com,"American Express Travel Related Services Company, Inc."
amexunstagedshawnmendes.com,"American Express Travel Related Services Company, Inc."
amexunstagedsza.com,"American Express Travel Related Services Company, Inc."
amexupdate.com,"American Express Travel Related Services Company, Inc."
amexupdatesecurity.com,"American Express Travel Related Services Company, Inc."
amexuruguay.com,"American Express Travel Related Services Company, Inc."
amexus.us,"American Express Travel Related Services Company, Inc."
amexusadelivery.com,"American Express Travel Related Services Company, Inc."
amexusx.com,"American Express Travel Related Services Company, Inc."
amexutah.com,"American Express Travel Related Services Company, Inc."
amexutahproperty.com,"American Express Travel Related Services Company, Inc."
amexutahrealestate.com,"American Express Travel Related Services Company, Inc."
amexvac.com,"American Express Travel Related Services Company, Inc."
amexvacation.com,"American Express Travel Related Services Company, Inc."
amexvacationplanning.com,"American Express Travel Related Services Company, Inc."
amexvalues.com,"American Express Travel Related Services Company, Inc."
amexvantagensparavoce.com,"American Express Travel Related Services Company, Inc."
amexvariableannuities.com,"American Express Travel Related Services Company, Inc."
amexvariableannuity.com,"American Express Travel Related Services Company, Inc."
amexvatdirect.com,"American Express Travel Related Services Company, Inc."
amexvc.com,"American Express Travel Related Services Company, Inc."
amexvcard.com,"American Express Travel Related Services Company, Inc."
amexvelocityescape.com,"American Express Travel Related Services Company, Inc."
amexvente-privee.com,"American Express Travel Related Services Company, Inc."
amexventeprivee.com,"American Express Travel Related Services Company, Inc."
amexventures.com,"American Express Travel Related Services Company, Inc."
amexverification.com,"American Express Travel Related Services Company, Inc."
amexviagra.com,"American Express Travel Related Services Company, Inc."
amexvicinity.com,"American Express Travel Related Services Company, Inc."
amexvillage.com,"American Express Travel Related Services Company, Inc."
amexvillage.net,"American Express Travel Related Services Company, Inc."
amexvip.com,"American Express Travel Related Services Company, Inc."
amexvirtualbusinessexperiences.com,"American Express Travel Related Services Company, Inc."
amexvirtualfair.com,"American Express Travel Related Services Company, Inc."
amexvirtualwallet.com,"American Express Travel Related Services Company, Inc."
amexvirtuoso.com,"American Express Travel Related Services Company, Inc."
amexvp.com,"American Express Travel Related Services Company, Inc."
amexvp.net,"American Express Travel Related Services Company, Inc."
amexvpay.com,"American Express Travel Related Services Company, Inc."
amexvpp.com,"American Express Travel Related Services Company, Inc."
amexwallet.com,"American Express Travel Related Services Company, Inc."
amexway.info,"American Express Travel Related Services Company, Inc."
amexwb.com,"American Express Travel Related Services Company, Inc."
amexweather.com,"American Express Travel Related Services Company, Inc."
amexweb.com,"American Express Travel Related Services Company, Inc."
amexweb.net,"American Express Travel Related Services Company, Inc."
amexweb.org,"American Express Travel Related Services Company, Inc."
amexwebitcard.com,"American Express Travel Related Services Company, Inc."
amexweddings.com,"American Express Travel Related Services Company, Inc."
amexweddingtravel.com,"American Express Travel Related Services Company, Inc."
amexwhite.com,"American Express Travel Related Services Company, Inc."
amexwhite.net,"American Express Travel Related Services Company, Inc."
amexwhitecard.com,"American Express Travel Related Services Company, Inc."
amexwhores.com,"American Express Travel Related Services Company, Inc."
amexwide.com,"American Express Travel Related Services Company, Inc."
amexwinestore.com,"American Express Travel Related Services Company, Inc."
amexwinterinaustria.at,"American Express Travel Related Services Company, Inc."
amexwinterinaustria.com,"American Express Travel Related Services Company, Inc."
amexwipe.info,"American Express Travel Related Services Company, Inc."
amexwireless.com,"American Express Travel Related Services Company, Inc."
amexwishlist.com,"American Express Travel Related Services Company, Inc."
amexwishlist.info,"American Express Travel Related Services Company, Inc."
amexwishlist.mobi,"American Express Travel Related Services Company, Inc."
amexwoldwide.com,"American Express Travel Related Services Company, Inc."
amexwork.com,"American Express Travel Related Services Company, Inc."
amexworldblue.com,"American Express Travel Related Services Company, Inc."
amexworldpay.com,"American Express Travel Related Services Company, Inc."
amexworldplay.com,"American Express Travel Related Services Company, Inc."
amexwsc.net,"American Express Travel Related Services Company, Inc."
amexwsc.org,"American Express Travel Related Services Company, Inc."
amexx.info,"American Express Travel Related Services Company, Inc."
amexxinsuranceagency.com,"American Express Travel Related Services Company, Inc."
amexxmortgage.com,"American Express Travel Related Services Company, Inc."
amexxnecard.com,"American Express Travel Related Services Company, Inc."
amexxonecard.com,"American Express Travel Related Services Company, Inc."
amexxpress.com,"American Express Travel Related Services Company, Inc."
amexxpress.net,"American Express Travel Related Services Company, Inc."
amexxx.com,"American Express Travel Related Services Company, Inc."
amexyearround.com,"American Express Travel Related Services Company, Inc."
amexzinc.com,"American Express Travel Related Services Company, Inc."
amexzync.biz,"American Express Travel Related Services Company, Inc."
amexzync.com,"American Express Travel Related Services Company, Inc."
amexzync.mobi,"American Express Travel Related Services Company, Inc."
amexzync.net,"American Express Travel Related Services Company, Inc."
amexzync.org,"American Express Travel Related Services Company, Inc."
amexzynccard.com,"American Express Travel Related Services Company, Inc."
amexzyncsucks.com,"American Express Travel Related Services Company, Inc."
amexzyncsucks.info,"American Express Travel Related Services Company, Inc."
amexzyncsucks.mobi,"American Express Travel Related Services Company, Inc."
amexzyncsucks.net,"American Express Travel Related Services Company, Inc."
amezicanexpress.com,"American Express Travel Related Services Company, Inc."
amgricanexpress.com,"American Express Travel Related Services Company, Inc."
amiercianexpress.com,"American Express Travel Related Services Company, Inc."
amirecanexpress.com,"American Express Travel Related Services Company, Inc."
amiricanexpress.com,"American Express Travel Related Services Company, Inc."
amiricanixpriss.com,"American Express Travel Related Services Company, Inc."
ammex.us,"American Express Travel Related Services Company, Inc."
ammexcontractors.com,"American Express Travel Related Services Company, Inc."
ammexonecard.com,"American Express Travel Related Services Company, Inc."
ammexstadium.com,"American Express Travel Related Services Company, Inc."
ammexstadium.net,"American Express Travel Related Services Company, Inc."
ammexstadiumsucks.com,"American Express Travel Related Services Company, Inc."
ammexstadiumsucks.net,"American Express Travel Related Services Company, Inc."
ammexstadiumsux.com,"American Express Travel Related Services Company, Inc."
ammexstadiumsux.net,"American Express Travel Related Services Company, Inc."
ammexstaffingsolution.com,"American Express Travel Related Services Company, Inc."
ammprivee.com,"American Express Travel Related Services Company, Inc."
ammricanexpress.com,"American Express Travel Related Services Company, Inc."
ammxonecard.com,"American Express Travel Related Services Company, Inc."
amoprivee.com,"American Express Travel Related Services Company, Inc."
amoricanexpress.com,"American Express Travel Related Services Company, Inc."
amoricanoxpross.com,"American Express Travel Related Services Company, Inc."
ampivee.com,"American Express Travel Related Services Company, Inc."
ampmg.com,"American Express Travel Related Services Company, Inc."
ampprivee.com,"American Express Travel Related Services Company, Inc."
ampreve.com,"American Express Travel Related Services Company, Inc."
amprevee.com,"American Express Travel Related Services Company, Inc."
ampriivee.com,"American Express Travel Related Services Company, Inc."
amprive.net,"American Express Travel Related Services Company, Inc."
amprive.us,"American Express Travel Related Services Company, Inc."
amprivee.net,"American Express Travel Related Services Company, Inc."
amprivee.us,"American Express Travel Related Services Company, Inc."
ampriveeblows.com,"American Express Travel Related Services Company, Inc."
ampriveecouture.com,"American Express Travel Related Services Company, Inc."
ampriveefashion.com,"American Express Travel Related Services Company, Inc."
ampriveesucks.com,"American Express Travel Related Services Company, Inc."
ampriveesux.com,"American Express Travel Related Services Company, Inc."
amprivvee.com,"American Express Travel Related Services Company, Inc."
amreicanexpress.com,"American Express Travel Related Services Company, Inc."
amreicanexpressweather.com,"American Express Travel Related Services Company, Inc."
amrianexpress.com,"American Express Travel Related Services Company, Inc."
amricanexpressrx.com,"American Express Travel Related Services Company, Inc."
amrivee.com,"American Express Travel Related Services Company, Inc."
amuricanexpress.com,"American Express Travel Related Services Company, Inc."
amuricanuxpruss.com,"American Express Travel Related Services Company, Inc."
amxeglobalbusinesstravel.com,"American Express Travel Related Services Company, Inc."
amxeglobalnetwork.com,"American Express Travel Related Services Company, Inc."
amxeonecard.com,"American Express Travel Related Services Company, Inc."
amxetravel.com,"American Express Travel Related Services Company, Inc."
amxexpresscheckout.com,"American Express Travel Related Services Company, Inc."
amxone.com,"American Express Travel Related Services Company, Inc."
amxonecard.com,"American Express Travel Related Services Company, Inc."
amxprd.com,"American Express Travel Related Services Company, Inc."
ana-amex.com,"American Express Travel Related Services Company, Inc."
ana-amex.net,"American Express Travel Related Services Company, Inc."
ana-amex.org,"American Express Travel Related Services Company, Inc."
anamericanexpresscreditcard.com,"American Express Travel Related Services Company, Inc."
anericaexpress.com,"American Express Travel Related Services Company, Inc."
anericanexpress.com,"American Express Travel Related Services Company, Inc."
anericanexpresscard.com,"American Express Travel Related Services Company, Inc."
anpreve.com,"American Express Travel Related Services Company, Inc."
anprevee.com,"American Express Travel Related Services Company, Inc."
anprive.com,"American Express Travel Related Services Company, Inc."
anprivee.com,"American Express Travel Related Services Company, Inc."
aoericanexpress.com,"American Express Travel Related Services Company, Inc."
applicationforamericanexpress.com,"American Express Travel Related Services Company, Inc."
apply4bluesky.com,"American Express Travel Related Services Company, Inc."
apply4green.com,"American Express Travel Related Services Company, Inc."
applyamericanexpress.com,"American Express Travel Related Services Company, Inc."
applyamericanexpresscard.com,"American Express Travel Related Services Company, Inc."
applyameriprisegold.com,"American Express Travel Related Services Company, Inc."
applybce.com,"American Express Travel Related Services Company, Inc."
applyblue.com,"American Express Travel Related Services Company, Inc."
applybluesky.com,"American Express Travel Related Services Company, Inc."
applyclear.com,"American Express Travel Related Services Company, Inc."
applydelta.com,"American Express Travel Related Services Company, Inc."
applyforamericanexpress.com,"American Express Travel Related Services Company, Inc."
applyforamericanexpresscreditcards.com,"American Express Travel Related Services Company, Inc."
applyforamex.com,"American Express Travel Related Services Company, Inc."
applyforamexcard.com,"American Express Travel Related Services Company, Inc."
applyforzinc.com,"American Express Travel Related Services Company, Inc."
applyforzync.com,"American Express Travel Related Services Company, Inc."
applyhhonorsamex.com,"American Express Travel Related Services Company, Inc."
applyplum.com,"American Express Travel Related Services Company, Inc."
applyprg.com,"American Express Travel Related Services Company, Inc."
approved-american-express.com,"American Express Travel Related Services Company, Inc."
appstoreadvance.com,"American Express Travel Related Services Company, Inc."
appstorefactor.com,"American Express Travel Related Services Company, Inc."
aramericanexpress.com,"American Express Travel Related Services Company, Inc."
areyouacardmember.com,"American Express Travel Related Services Company, Inc."
armericanexpress.com,"American Express Travel Related Services Company, Inc."
askamericanexpress.com,"American Express Travel Related Services Company, Inc."
askamex.app,"American Express Travel Related Services Company, Inc."
askamex.com,"American Express Travel Related Services Company, Inc."
askaxiom.com,"American Express Travel Related Services Company, Inc."
asmprivee.com,"American Express Travel Related Services Company, Inc."
aspiretoamericanexpress.com,"American Express Travel Related Services Company, Inc."
assurancevoyageamex.com,"American Express Travel Related Services Company, Inc."
atamericanexpress.com,"American Express Travel Related Services Company, Inc."
atlantablackcard.com,"American Express Travel Related Services Company, Inc."
atmaxis.com,"American Express Travel Related Services Company, Inc."
atmaxis.net,"American Express Travel Related Services Company, Inc."
atmaxis.org,"American Express Travel Related Services Company, Inc."
atmhere.com,"American Express Travel Related Services Company, Inc."
atrosenbluth.com,"American Express Travel Related Services Company, Inc."
auroramex.com,"American Express Travel Related Services Company, Inc."
aussieamex.com,"American Express Travel Related Services Company, Inc."
australiaamex.com,"American Express Travel Related Services Company, Inc."
auth-americanexpress.com,"American Express Travel Related Services Company, Inc."
avaamahdollisuudet.fi,"American Express Travel Related Services Company, Inc."
avionamericanexpress.com,"American Express Travel Related Services Company, Inc."
awarddollars.com,"American Express Travel Related Services Company, Inc."
axbtportal.com,"American Express Travel Related Services Company, Inc."
axcentis.com,"American Express Travel Related Services Company, Inc."
axeller.com,"American Express Travel Related Services Company, Inc."
axellor.com,"American Express Travel Related Services Company, Inc."
axexplore.com,"American Express Travel Related Services Company, Inc."
axexprestige.com,"American Express Travel Related Services Company, Inc."
axiommarket.com,"American Express Travel Related Services Company, Inc."
axiommarketplace.com,"American Express Travel Related Services Company, Inc."
axmeetingexpert.com,"American Express Travel Related Services Company, Inc."
axnewnorm.com,"American Express Travel Related Services Company, Inc."
axo.asia,"American Express Travel Related Services Company, Inc."
axo.mobi,"American Express Travel Related Services Company, Inc."
axo20.com,"American Express Travel Related Services Company, Inc."
axoportal.com,"American Express Travel Related Services Company, Inc."
axp.app,"American Express Travel Related Services Company, Inc."
axp.info,"American Express Travel Related Services Company, Inc."
axp.mobi,"American Express Travel Related Services Company, Inc."
axp.us,"American Express Travel Related Services Company, Inc."
axpbillpay.com,"American Express Travel Related Services Company, Inc."
axpbrandsite.com,"American Express Travel Related Services Company, Inc."
axpcampaigntoolkit.com,"American Express Travel Related Services Company, Inc."
axpcampus.com,"American Express Travel Related Services Company, Inc."
axpcard.com,"American Express Travel Related Services Company, Inc."
axpcard.info,"American Express Travel Related Services Company, Inc."
axpcard.net,"American Express Travel Related Services Company, Inc."
axpcards.com,"American Express Travel Related Services Company, Inc."
axpcards.info,"American Express Travel Related Services Company, Inc."
axpcards.net,"American Express Travel Related Services Company, Inc."
axpcards.org,"American Express Travel Related Services Company, Inc."
axpcps.com,"American Express Travel Related Services Company, Inc."
axpexplore.com,"American Express Travel Related Services Company, Inc."
axpfunds.com,"American Express Travel Related Services Company, Inc."
axpgbt.com,"American Express Travel Related Services Company, Inc."
axpgold.com,"American Express Travel Related Services Company, Inc."
axphealth.com,"American Express Travel Related Services Company, Inc."
axpinext.com,"American Express Travel Related Services Company, Inc."
axplearn.com,"American Express Travel Related Services Company, Inc."
axpmo.com,"American Express Travel Related Services Company, Inc."
axppartners.com,"American Express Travel Related Services Company, Inc."
axppmg.com,"American Express Travel Related Services Company, Inc."
axpportal.com,"American Express Travel Related Services Company, Inc."
axpretireenetwork.com,"American Express Travel Related Services Company, Inc."
axpserve.com,"American Express Travel Related Services Company, Inc."
axpsms.com,"American Express Travel Related Services Company, Inc."
axptbs.com,"American Express Travel Related Services Company, Inc."
axptext.com,"American Express Travel Related Services Company, Inc."
axtpn.com,"American Express Travel Related Services Company, Inc."
axtraweb.com,"American Express Travel Related Services Company, Inc."
axtraweb.net,"American Express Travel Related Services Company, Inc."
b-surance.com,"American Express Travel Related Services Company, Inc."
b4binsurance.com,"American Express Travel Related Services Company, Inc."
b4btelecom.com,"American Express Travel Related Services Company, Inc."
b4btrade.com,"American Express Travel Related Services Company, Inc."
backontrack-secure.com,"American Express Travel Related Services Company, Inc."
badbluebird.com,"American Express Travel Related Services Company, Inc."
badescoamex.com,"American Express Travel Related Services Company, Inc."
bank-amex.com,"American Express Travel Related Services Company, Inc."
bank-amex.net,"American Express Travel Related Services Company, Inc."
bankamericanexpress.com,"American Express Travel Related Services Company, Inc."
bankamex.com,"American Express Travel Related Services Company, Inc."
bankersamericanexpress.com,"American Express Travel Related Services Company, Inc."
bankofamericanexpress.com,"American Express Travel Related Services Company, Inc."
bceapply.com,"American Express Travel Related Services Company, Inc."
be-amex.com,"American Express Travel Related Services Company, Inc."
beamericanexpress.com,"American Express Travel Related Services Company, Inc."
benefit-cards.in,"American Express Travel Related Services Company, Inc."
benefitcard.in,"American Express Travel Related Services Company, Inc."
best-american-express.com,"American Express Travel Related Services Company, Inc."
bestamericanexpresscard.com,"American Express Travel Related Services Company, Inc."
bestamericanexpresscredit.info,"American Express Travel Related Services Company, Inc."
bestamericanexpressplatinum.info,"American Express Travel Related Services Company, Inc."
bestamexcreditcard.com,"American Express Travel Related Services Company, Inc."
bestprepaidcard.co.in,"American Express Travel Related Services Company, Inc."
bestprepaidcard.in,"American Express Travel Related Services Company, Inc."
betterthaneveramericanexpress.com,"American Express Travel Related Services Company, Inc."
bflexcard.com,"American Express Travel Related Services Company, Inc."
bflexcard.net,"American Express Travel Related Services Company, Inc."
bienplusquunecarte.com,"American Express Travel Related Services Company, Inc."
billiardo-amexo.com,"American Express Travel Related Services Company, Inc."
bitcoinamericanexpress.com,"American Express Travel Related Services Company, Inc."
biztravel.org,"American Express Travel Related Services Company, Inc."
black-amex.com,"American Express Travel Related Services Company, Inc."
black-amex.info,"American Express Travel Related Services Company, Inc."
black-amex.net,"American Express Travel Related Services Company, Inc."
black-amex.org,"American Express Travel Related Services Company, Inc."
black-amex.us,"American Express Travel Related Services Company, Inc."
black-card.com,"American Express Travel Related Services Company, Inc."
black-card.info,"American Express Travel Related Services Company, Inc."
black-card.net,"American Express Travel Related Services Company, Inc."
blackamericanexpress.com,"American Express Travel Related Services Company, Inc."
blackamericanexpress.net,"American Express Travel Related Services Company, Inc."
blackamericanexpress.org,"American Express Travel Related Services Company, Inc."
blackamericanexpresscard.com,"American Express Travel Related Services Company, Inc."
blackamericanexpresscreditcard.com,"American Express Travel Related Services Company, Inc."
blackamericanexpresscreditcards.com,"American Express Travel Related Services Company, Inc."
blackamex.info,"American Express Travel Related Services Company, Inc."
blackamexcreditcard.com,"American Express Travel Related Services Company, Inc."
blackamexhq.com,"American Express Travel Related Services Company, Inc."
blackandplatinumcard.com,"American Express Travel Related Services Company, Inc."
blackardrv.com,"American Express Travel Related Services Company, Inc."
blackbyamericanxxpress.com,"American Express Travel Related Services Company, Inc."
blackbyamericanxxxpress.com,"American Express Travel Related Services Company, Inc."
blackcard.ae,"American Express Travel Related Services Company, Inc."
blackcard.app,"American Express Travel Related Services Company, Inc."
blackcard.co.in,"American Express Travel Related Services Company, Inc."
blackcard.com.ng,"American Express Travel Related Services Company, Inc."
blackcard.com.ru,"American Express Travel Related Services Company, Inc."
blackcard.in,"American Express Travel Related Services Company, Inc."
blackcard.nyc,"American Express Travel Related Services Company, Inc."
blackcard.org,"American Express Travel Related Services Company, Inc."
blackcard.sx,"American Express Travel Related Services Company, Inc."
blackcard1.net,"American Express Travel Related Services Company, Inc."
blackcardamerica.com,"American Express Travel Related Services Company, Inc."
blackcardamex.com,"American Express Travel Related Services Company, Inc."
blackcardapp.com,"American Express Travel Related Services Company, Inc."
blackcardapplication.com,"American Express Travel Related Services Company, Inc."
blackcardapplications.com,"American Express Travel Related Services Company, Inc."
blackcardasia.com,"American Express Travel Related Services Company, Inc."
blackcardbenefits.com,"American Express Travel Related Services Company, Inc."
blackcardbook.com,"American Express Travel Related Services Company, Inc."
blackcardcares.com,"American Express Travel Related Services Company, Inc."
blackcardcares.org,"American Express Travel Related Services Company, Inc."
blackcardclub.com,"American Express Travel Related Services Company, Inc."
blackcardcollection.com,"American Express Travel Related Services Company, Inc."
blackcardcrusade.com,"American Express Travel Related Services Company, Inc."
blackcarddeal.com,"American Express Travel Related Services Company, Inc."
blackcardelite.com,"American Express Travel Related Services Company, Inc."
blackcardeurope.com,"American Express Travel Related Services Company, Inc."
blackcardexperience.com,"American Express Travel Related Services Company, Inc."
blackcardfunds.com,"American Express Travel Related Services Company, Inc."
blackcardgiveaway.com,"American Express Travel Related Services Company, Inc."
blackcardhq.com,"American Express Travel Related Services Company, Inc."
blackcardinvest.com,"American Express Travel Related Services Company, Inc."
blackcardinvestments.com,"American Express Travel Related Services Company, Inc."
blackcardlifemag.com,"American Express Travel Related Services Company, Inc."
blackcardlifestyle.com,"American Express Travel Related Services Company, Inc."
blackcardloans.com,"American Express Travel Related Services Company, Inc."
blackcardmail.com,"American Express Travel Related Services Company, Inc."
blackcardmanagement.com,"American Express Travel Related Services Company, Inc."
blackcardmanagement.info,"American Express Travel Related Services Company, Inc."
blackcardmanagement.net,"American Express Travel Related Services Company, Inc."
blackcardmanagement.org,"American Express Travel Related Services Company, Inc."
blackcardmediagroup.com,"American Express Travel Related Services Company, Inc."
blackcardmedical.com,"American Express Travel Related Services Company, Inc."
blackcardoffers.com,"American Express Travel Related Services Company, Inc."
blackcardone.net,"American Express Travel Related Services Company, Inc."
blackcardonlinecasino.com,"American Express Travel Related Services Company, Inc."
blackcardpics.com,"American Express Travel Related Services Company, Inc."
blackcardplatinum.com,"American Express Travel Related Services Company, Inc."
blackcardpr.com,"American Express Travel Related Services Company, Inc."
blackcardprestige.com,"American Express Travel Related Services Company, Inc."
blackcardproperties.com,"American Express Travel Related Services Company, Inc."
blackcardprotection.com,"American Express Travel Related Services Company, Inc."
blackcardrealty.com,"American Express Travel Related Services Company, Inc."
blackcardreplica.com,"American Express Travel Related Services Company, Inc."
blackcardreplicas.com,"American Express Travel Related Services Company, Inc."
blackcardreview.com,"American Express Travel Related Services Company, Inc."
blackcardrewards.ae,"American Express Travel Related Services Company, Inc."
blackcardrewards.co.in,"American Express Travel Related Services Company, Inc."
blackcardrewards.com,"American Express Travel Related Services Company, Inc."
blackcardrewards.in,"American Express Travel Related Services Company, Inc."
blackcardrewards.ru,"American Express Travel Related Services Company, Inc."
blackcardrv.com,"American Express Travel Related Services Company, Inc."
blackcardrv.net,"American Express Travel Related Services Company, Inc."
blackcardsolutions.com,"American Express Travel Related Services Company, Inc."
blackcardsource.com,"American Express Travel Related Services Company, Inc."
blackcardsports.com,"American Express Travel Related Services Company, Inc."
blackcardstatus.com,"American Express Travel Related Services Company, Inc."
blackcardstatus.net,"American Express Travel Related Services Company, Inc."
blackcardsuccess.com,"American Express Travel Related Services Company, Inc."
blackcardtweets.com,"American Express Travel Related Services Company, Inc."
blackcardusa.com,"American Express Travel Related Services Company, Inc."
blackcardvc.com,"American Express Travel Related Services Company, Inc."
blackcardventurecapital.com,"American Express Travel Related Services Company, Inc."
blackcardvideos.com,"American Express Travel Related Services Company, Inc."
blackcardvids.com,"American Express Travel Related Services Company, Inc."
blackcardvipcasino.com,"American Express Travel Related Services Company, Inc."
blackcardvipcasino.info,"American Express Travel Related Services Company, Inc."
blackcardvipgaming.com,"American Express Travel Related Services Company, Inc."
blackcardvipgaming.info,"American Express Travel Related Services Company, Inc."
blackcreditcard.us,"American Express Travel Related Services Company, Inc."
blkcrdstat.us,"American Express Travel Related Services Company, Inc."
blogamericanexpress.com,"American Express Travel Related Services Company, Inc."
bluamericanexpress.com,"American Express Travel Related Services Company, Inc."
blue-americanexpress.com,"American Express Travel Related Services Company, Inc."
blue-play.com,"American Express Travel Related Services Company, Inc."
blue-sky-travel-rewards.com,"American Express Travel Related Services Company, Inc."
blue.travel,"American Express Travel Related Services Company, Inc."
blueamericanexpress.com,"American Express Travel Related Services Company, Inc."
blueamericanexpress.info,"American Express Travel Related Services Company, Inc."
blueamericanexpress.ph,"American Express Travel Related Services Company, Inc."
blueamericanexpresscard.com,"American Express Travel Related Services Company, Inc."
blueamericanexpresscreditcard.com,"American Express Travel Related Services Company, Inc."
blueamex.com,"American Express Travel Related Services Company, Inc."
blueamex.mobi,"American Express Travel Related Services Company, Inc."
blueamex.net,"American Express Travel Related Services Company, Inc."
blueamex.org,"American Express Travel Related Services Company, Inc."
blueamexissuers.com,"American Express Travel Related Services Company, Inc."
bluebirdamex.com,"American Express Travel Related Services Company, Inc."
bluebirdforcollege.com,"American Express Travel Related Services Company, Inc."
bluebirdmoney.com,"American Express Travel Related Services Company, Inc."
bluecards.info,"American Express Travel Related Services Company, Inc."
bluecards.org,"American Express Travel Related Services Company, Inc."
bluecash.travel,"American Express Travel Related Services Company, Inc."
bluecashamericanexpress.com,"American Express Travel Related Services Company, Inc."
bluecashamex.com,"American Express Travel Related Services Company, Inc."
bluecashapply.com,"American Express Travel Related Services Company, Inc."
bluecasheverydayapply.com,"American Express Travel Related Services Company, Inc."
bluecashplay.com,"American Express Travel Related Services Company, Inc."
bluecashpreferredapply.com,"American Express Travel Related Services Company, Inc."
bluecerts.com,"American Express Travel Related Services Company, Inc."
bluecreativeplatform.com,"American Express Travel Related Services Company, Inc."
bluedamericanexpress.com,"American Express Travel Related Services Company, Inc."
blueforbiz.com,"American Express Travel Related Services Company, Inc."
blueforbusiness.com,"American Express Travel Related Services Company, Inc."
blueforstudents.travel,"American Express Travel Related Services Company, Inc."
bluefromamericanexpress.com,"American Express Travel Related Services Company, Inc."
bluefromamericanexpress.info,"American Express Travel Related Services Company, Inc."
blueplatform.com,"American Express Travel Related Services Company, Inc."
bluesky.travel,"American Express Travel Related Services Company, Inc."
blueskyamericanexpress.com,"American Express Travel Related Services Company, Inc."
blueskyamex.mobi,"American Express Travel Related Services Company, Inc."
blueskycreditcard.com,"American Express Travel Related Services Company, Inc."
blueskynewsletter.com,"American Express Travel Related Services Company, Inc."
blueskyrsvp.com,"American Express Travel Related Services Company, Inc."
blueskytravelreward.com,"American Express Travel Related Services Company, Inc."
blueskytravelrewards.com,"American Express Travel Related Services Company, Inc."
blueskytravelrewardz.com,"American Express Travel Related Services Company, Inc."
blvd.mobi,"American Express Travel Related Services Company, Inc."
blvdamericanexpress.com,"American Express Travel Related Services Company, Inc."
blvdamex.com,"American Express Travel Related Services Company, Inc."
bmwamericanexpress.com,"American Express Travel Related Services Company, Inc."
bodeswell.io,"American Express Travel Related Services Company, Inc."
bodeswell.us,"American Express Travel Related Services Company, Inc."
bodewellapp.com,"American Express Travel Related Services Company, Inc."
boehramexsettlement.com,"American Express Travel Related Services Company, Inc."
boh-americanexpress.com,"American Express Travel Related Services Company, Inc."
bonuspointmall.com,"American Express Travel Related Services Company, Inc."
bonuspointsemail.com,"American Express Travel Related Services Company, Inc."
bonuspointsmall.co.in,"American Express Travel Related Services Company, Inc."
bonuspointsmall.com,"American Express Travel Related Services Company, Inc."
bonvente.com,"American Express Travel Related Services Company, Inc."
bonvente.net,"American Express Travel Related Services Company, Inc."
bookofextraordinaryexperiences.com,"American Express Travel Related Services Company, Inc."
borderlessbuy.com,"American Express Travel Related Services Company, Inc."
borderlessbuys.com,"American Express Travel Related Services Company, Inc."
boredatamericanexpress.net,"American Express Travel Related Services Company, Inc."
boulevard.mobi,"American Express Travel Related Services Company, Inc."
boulevardamericanexpress.com,"American Express Travel Related Services Company, Inc."
boulevardamex.com,"American Express Travel Related Services Company, Inc."
boycottamericanexpress.com,"American Express Travel Related Services Company, Inc."
bplatupgrade.com,"American Express Travel Related Services Company, Inc."
bradecoamex.com,"American Express Travel Related Services Company, Inc."
bradescoaex.com,"American Express Travel Related Services Company, Inc."
bradescoamex.com,"American Express Travel Related Services Company, Inc."
bradesoamex.com,"American Express Travel Related Services Company, Inc."
braescoamex.com,"American Express Travel Related Services Company, Inc."
brazilianblackcard.info,"American Express Travel Related Services Company, Inc."
brazilianblackcard.mobi,"American Express Travel Related Services Company, Inc."
brazilianblackcard.net,"American Express Travel Related Services Company, Inc."
brazilianblackcard.us,"American Express Travel Related Services Company, Inc."
buelamex.com,"American Express Travel Related Services Company, Inc."
buildwithamex.com,"American Express Travel Related Services Company, Inc."
burschtravelamericanexpress.com,"American Express Travel Related Services Company, Inc."
business-flex.com,"American Express Travel Related Services Company, Inc."
business-flex.net,"American Express Travel Related Services Company, Inc."
business-flexcard.com,"American Express Travel Related Services Company, Inc."
business-flexcard.net,"American Express Travel Related Services Company, Inc."
business4business.com,"American Express Travel Related Services Company, Inc."
businessadvantage.com,"American Express Travel Related Services Company, Inc."
businessamericanexpress-rp.com,"American Express Travel Related Services Company, Inc."
businessamericanexpress.com,"American Express Travel Related Services Company, Inc."
businessblue.com,"American Express Travel Related Services Company, Inc."
businesscard-access.com,"American Express Travel Related Services Company, Inc."
businesscard-access.info,"American Express Travel Related Services Company, Inc."
businesscard-access.name,"American Express Travel Related Services Company, Inc."
businesscard-access.org,"American Express Travel Related Services Company, Inc."
businesscard-access.us,"American Express Travel Related Services Company, Inc."
businesscardapplynow.com,"American Express Travel Related Services Company, Inc."
businesscardlibrary.com,"American Express Travel Related Services Company, Inc."
businesscardlibrary.info,"American Express Travel Related Services Company, Inc."
businesscardlibrary.name,"American Express Travel Related Services Company, Inc."
businesscardlibrary.net,"American Express Travel Related Services Company, Inc."
businesscardlibrary.org,"American Express Travel Related Services Company, Inc."
businesscardlibrary.us,"American Express Travel Related Services Company, Inc."
businesscardloans.com,"American Express Travel Related Services Company, Inc."
businesscenturion.com,"American Express Travel Related Services Company, Inc."
businessfirstresort.com,"American Express Travel Related Services Company, Inc."
businessfirstresort.net,"American Express Travel Related Services Company, Inc."
businessflex.com,"American Express Travel Related Services Company, Inc."
businessflex.net,"American Express Travel Related Services Company, Inc."
businessflexcard.com,"American Express Travel Related Services Company, Inc."
businessflexcard.net,"American Express Travel Related Services Company, Inc."
businessinsurancefromamericanexpress.com,"American Express Travel Related Services Company, Inc."
businessmarket.com,"American Express Travel Related Services Company, Inc."
businessplatinumexperience.com,"American Express Travel Related Services Company, Inc."
businessplatinumupgrade.com,"American Express Travel Related Services Company, Inc."
businessroom.com,"American Express Travel Related Services Company, Inc."
businesstravelconnexions.com,"American Express Travel Related Services Company, Inc."
businesstravelexplore.com,"American Express Travel Related Services Company, Inc."
buyamericanexpress.com,"American Express Travel Related Services Company, Inc."
buyamexgiftcard.com,"American Express Travel Related Services Company, Inc."
buyamexgiftcards.com,"American Express Travel Related Services Company, Inc."
buylocalsaturday.com,"American Express Travel Related Services Company, Inc."
buylocalsaturday.net,"American Express Travel Related Services Company, Inc."
buylocalsaturday.org,"American Express Travel Related Services Company, Inc."
buyprepaidcard.co.in,"American Express Travel Related Services Company, Inc."
buyprepaidcard.in,"American Express Travel Related Services Company, Inc."
buytheamexgiftcard.com,"American Express Travel Related Services Company, Inc."
byebyeamericanexpress.com,"American Express Travel Related Services Company, Inc."
cabbage.com,"American Express Travel Related Services Company, Inc."
cableamericanexpress.com,"American Express Travel Related Services Company, Inc."
cake.money,"American Express Travel Related Services Company, Inc."
caketechnologies.com,"American Express Travel Related Services Company, Inc."
callingallbizowners.com,"American Express Travel Related Services Company, Inc."
callingallbusinessowners.com,"American Express Travel Related Services Company, Inc."
callingallowners.com,"American Express Travel Related Services Company, Inc."
camericanexpress.info,"American Express Travel Related Services Company, Inc."
can-amexpress.com,"American Express Travel Related Services Company, Inc."
carbonfreeamericanexpress.com,"American Express Travel Related Services Company, Inc."
cardamex.com,"American Express Travel Related Services Company, Inc."
carddefence.asia,"American Express Travel Related Services Company, Inc."
carddefense.com,"American Express Travel Related Services Company, Inc."
cardmembersknow.co.in,"American Express Travel Related Services Company, Inc."
cardmembersknow.com.ph,"American Express Travel Related Services Company, Inc."
cardmembersknow.in,"American Express Travel Related Services Company, Inc."
cardmembersknow.ph,"American Express Travel Related Services Company, Inc."
cardmembersvoice.com,"American Express Travel Related Services Company, Inc."
cards-americanexpress.co.in,"American Express Travel Related Services Company, Inc."
cardswelcome.com,"American Express Travel Related Services Company, Inc."
carte-airfrance-americanexpress.com,"American Express Travel Related Services Company, Inc."
carte-american-express.com,"American Express Travel Related Services Company, Inc."
carte-business-gold.com,"American Express Travel Related Services Company, Inc."
carte-business-platinum.com,"American Express Travel Related Services Company, Inc."
carteamericanexpressprepayee.com,"American Express Travel Related Services Company, Inc."
cartebusiness.com,"American Express Travel Related Services Company, Inc."
cartebusinessgold.com,"American Express Travel Related Services Company, Inc."
cartebusinessplatinum.com,"American Express Travel Related Services Company, Inc."
cartedecreditamericanexpressprepayee.com,"American Express Travel Related Services Company, Inc."
cartes-airfrance-americanexpress.com,"American Express Travel Related Services Company, Inc."
cartes-business.com,"American Express Travel Related Services Company, Inc."
cartesbusiness.com,"American Express Travel Related Services Company, Inc."
cashatatms.com,"American Express Travel Related Services Company, Inc."
cashbackamericanexpress.com,"American Express Travel Related Services Company, Inc."
cashierlane.com,"American Express Travel Related Services Company, Inc."
casinoamericanexpress.com,"American Express Travel Related Services Company, Inc."
casinoenligneamericanexpress.com,"American Express Travel Related Services Company, Inc."
casinos-accepting-american-express.com,"American Express Travel Related Services Company, Inc."
casinosamericanexpress.com,"American Express Travel Related Services Company, Inc."
casinoswebsitethatexceptamericanexpressgiftcard.us,"American Express Travel Related Services Company, Inc."
ccramericanexpress.com,"American Express Travel Related Services Company, Inc."
cdn-net.com,"American Express Travel Related Services Company, Inc."
centurianblackcard.com,"American Express Travel Related Services Company, Inc."
centuriombank.com,"American Express Travel Related Services Company, Inc."
centurion-card.at,"American Express Travel Related Services Company, Inc."
centurion-departures-mediakit.com,"American Express Travel Related Services Company, Inc."
centurion-magazine.com,"American Express Travel Related Services Company, Inc."
centurion.asia,"American Express Travel Related Services Company, Inc."
centurion.cc,"American Express Travel Related Services Company, Inc."
centurion.com,"American Express Travel Related Services Company, Inc."
centurion.global,"American Express Travel Related Services Company, Inc."
centurion.host,"American Express Travel Related Services Company, Inc."
centurion.info,"American Express Travel Related Services Company, Inc."
centurion.mobi,"American Express Travel Related Services Company, Inc."
centurion.nyc,"American Express Travel Related Services Company, Inc."
centurion.travel,"American Express Travel Related Services Company, Inc."
centurion.us,"American Express Travel Related Services Company, Inc."
centurion.website,"American Express Travel Related Services Company, Inc."
centurionamex.com,"American Express Travel Related Services Company, Inc."
centurionbank.net,"American Express Travel Related Services Company, Inc."
centurionbank.us,"American Express Travel Related Services Company, Inc."
centurionblack.world,"American Express Travel Related Services Company, Inc."
centurionblackcardreplica.com,"American Express Travel Related Services Company, Inc."
centurioncard.com,"American Express Travel Related Services Company, Inc."
centurioncard.info,"American Express Travel Related Services Company, Inc."
centurioncard.net,"American Express Travel Related Services Company, Inc."
centurioncard.org,"American Express Travel Related Services Company, Inc."
centurioncard.travel,"American Express Travel Related Services Company, Inc."
centurioncards.com,"American Express Travel Related Services Company, Inc."
centurioncards.info,"American Express Travel Related Services Company, Inc."
centurioncards.net,"American Express Travel Related Services Company, Inc."
centurioncards.org,"American Express Travel Related Services Company, Inc."
centurioncards.travel,"American Express Travel Related Services Company, Inc."
centurionconceerge.com,"American Express Travel Related Services Company, Inc."
centurionconcerge.com,"American Express Travel Related Services Company, Inc."
centurionconcierge.com,"American Express Travel Related Services Company, Inc."
centurionconcierge.travel,"American Express Travel Related Services Company, Inc."
centurionfhrdirectory.com,"American Express Travel Related Services Company, Inc."
centurionlac.com,"American Express Travel Related Services Company, Inc."
centurionmagazine.com,"American Express Travel Related Services Company, Inc."
centurionphotos.com,"American Express Travel Related Services Company, Inc."
centurionsecrets.com,"American Express Travel Related Services Company, Inc."
centurionthemagazine.com,"American Express Travel Related Services Company, Inc."
centuriontravelservice.com,"American Express Travel Related Services Company, Inc."
centuriontravelservice.info,"American Express Travel Related Services Company, Inc."
centuriontravelservices.com,"American Express Travel Related Services Company, Inc."
cfaas.org,"American Express Travel Related Services Company, Inc."
cheapamprivee.com,"American Express Travel Related Services Company, Inc."
checks-on-line.com,"American Express Travel Related Services Company, Inc."
chicagoblackcard.com,"American Express Travel Related Services Company, Inc."
chieffutureofficer.com,"American Express Travel Related Services Company, Inc."
choosezync.com,"American Express Travel Related Services Company, Inc."
cicamex.com,"American Express Travel Related Services Company, Inc."
citiamericanexpress.com,"American Express Travel Related Services Company, Inc."
citsamexglobalbusiness.com,"American Express Travel Related Services Company, Inc."
claimyourshare.org,"American Express Travel Related Services Company, Inc."
clearamericanexpress.com,"American Express Travel Related Services Company, Inc."
clearamericanexpresscard.com,"American Express Travel Related Services Company, Inc."
clearamex.mobi,"American Express Travel Related Services Company, Inc."
clickamericanexpress.com,"American Express Travel Related Services Company, Inc."
clubempyrean.com,"American Express Travel Related Services Company, Inc."
clubkaviar.com,"American Express Travel Related Services Company, Inc."
cmaxamericanexpress.com,"American Express Travel Related Services Company, Inc."
cmericanexpress.com,"American Express Travel Related Services Company, Inc."
coachnetblackcard.com,"American Express Travel Related Services Company, Inc."
coachnetblackcard.net,"American Express Travel Related Services Company, Inc."
coloradoamexcruiseplanners.com,"American Express Travel Related Services Company, Inc."
coloradoamextravelplanners.com,"American Express Travel Related Services Company, Inc."
com-americanexpress.com,"American Express Travel Related Services Company, Inc."
comamericanexpress.com,"American Express Travel Related Services Company, Inc."
companionairfare.com,"American Express Travel Related Services Company, Inc."
comparebusinessloans.com,"American Express Travel Related Services Company, Inc."
compliments-americanexpress.com,"American Express Travel Related Services Company, Inc."
concierge.americanexpress,"American Express Travel Related Services Company, Inc."
conciergeamex.com,"American Express Travel Related Services Company, Inc."
congratstoyou.com,"American Express Travel Related Services Company, Inc."
construiramericanexpress.info,"American Express Travel Related Services Company, Inc."
contextualunderwriting.com,"American Express Travel Related Services Company, Inc."
continental-amexcard.com,"American Express Travel Related Services Company, Inc."
contractauditandrecovery.com,"American Express Travel Related Services Company, Inc."
contractauditrecovery.com,"American Express Travel Related Services Company, Inc."
corpamericanexpress.org,"American Express Travel Related Services Company, Inc."
corpcard.com,"American Express Travel Related Services Company, Inc."
corporate-demo-americanexpress.com,"American Express Travel Related Services Company, Inc."
corporateamex.com,"American Express Travel Related Services Company, Inc."
corporatecardapplication.com,"American Express Travel Related Services Company, Inc."
corporatecenturion.com,"American Express Travel Related Services Company, Inc."
corporatemembershiprewards.com,"American Express Travel Related Services Company, Inc."
corporateonlinetools.com,"American Express Travel Related Services Company, Inc."
costcoamericanexpress.com,"American Express Travel Related Services Company, Inc."
costcoamericanexpress.info,"American Express Travel Related Services Company, Inc."
costcoamericanexpress.org,"American Express Travel Related Services Company, Inc."
costcoamericanexpresscard.com,"American Express Travel Related Services Company, Inc."
costcoamericanxpress.com,"American Express Travel Related Services Company, Inc."
costcoamex.com,"American Express Travel Related Services Company, Inc."
costcoconsumeramericanexpresscard.com,"American Express Travel Related Services Company, Inc."
cpamericanexpress.com,"American Express Travel Related Services Company, Inc."
cpsaccess.com,"American Express Travel Related Services Company, Inc."
cpsaccess.info,"American Express Travel Related Services Company, Inc."
cpsaccess.name,"American Express Travel Related Services Company, Inc."
cpsaccess.net,"American Express Travel Related Services Company, Inc."
cpsaccess.org,"American Express Travel Related Services Company, Inc."
cpsaccess.us,"American Express Travel Related Services Company, Inc."
credit-cards-american-express.com,"American Express Travel Related Services Company, Inc."
creditamerica-black-card.com,"American Express Travel Related Services Company, Inc."
creditamerica-blackcard.com,"American Express Travel Related Services Company, Inc."
creditamericablackcard.com,"American Express Travel Related Services Company, Inc."
creditamerican-blackcard.com,"American Express Travel Related Services Company, Inc."
creditamericanblackcard.com,"American Express Travel Related Services Company, Inc."
creditcardamericanexpress.com,"American Express Travel Related Services Company, Inc."
creditcards-amex.com,"American Express Travel Related Services Company, Inc."
creditsecure.mobi,"American Express Travel Related Services Company, Inc."
cricketchronicles.in,primary
cruisenet.com,"American Express Travel Related Services Company, Inc."
cruisesbyamex.com,"American Express Travel Related Services Company, Inc."
culturepass.com,"American Express Travel Related Services Company, Inc."
currencyfromamex.com,"American Express Travel Related Services Company, Inc."
customextras.com,"American Express Travel Related Services Company, Inc."
cwcengagementtool.com,"American Express Travel Related Services Company, Inc."
daexp-dpd.com,"American Express Travel Related Services Company, Inc."
daily-good.com,"American Express Travel Related Services Company, Inc."
daily-good.net,"American Express Travel Related Services Company, Inc."
daily-good.org,"American Express Travel Related Services Company, Inc."
dailygetawaysbuynow.com,"American Express Travel Related Services Company, Inc."
dailyrewardstracker.com,"American Express Travel Related Services Company, Inc."
dailywish.com,"American Express Travel Related Services Company, Inc."
datacontext.com,"American Express Travel Related Services Company, Inc."
datadrivenlender.com,"American Express Travel Related Services Company, Inc."
datadrivenlending.com,"American Express Travel Related Services Company, Inc."
davidjonesamericanexpress.com,"American Express Travel Related Services Company, Inc."
dcgoe.com,"American Express Travel Related Services Company, Inc."
dcgoe.net,"American Express Travel Related Services Company, Inc."
dcgoe.us,"American Express Travel Related Services Company, Inc."
dearamericanexpress.com,"American Express Travel Related Services Company, Inc."
deltaamex.net,"American Express Travel Related Services Company, Inc."
deltaskymilesamericanexpress.com,"American Express Travel Related Services Company, Inc."
deltaskymilescreditcards.com,"American Express Travel Related Services Company, Inc."
demo-amex.com,"American Express Travel Related Services Company, Inc."
democratizingcredit.com,"American Express Travel Related Services Company, Inc."
democratizingfinance.com,"American Express Travel Related Services Company, Inc."
democratizinglending.com,"American Express Travel Related Services Company, Inc."
departures-international.com,"American Express Travel Related Services Company, Inc."
departures-magazine.com,"American Express Travel Related Services Company, Inc."
departures.asia,"American Express Travel Related Services Company, Inc."
departures.com,"American Express Travel Related Services Company, Inc."
departures.mobi,"American Express Travel Related Services Company, Inc."
departuresacquireanddesire.com,"American Express Travel Related Services Company, Inc."
departuresbookofextraordinaryexperiences.com,"American Express Travel Related Services Company, Inc."
departuresclub.com,"American Express Travel Related Services Company, Inc."
departuresdesireandacquire.com,"American Express Travel Related Services Company, Inc."
departuresdestinations.com,"American Express Travel Related Services Company, Inc."
departuresglobalarts.com,"American Express Travel Related Services Company, Inc."
departuresinternational.com,"American Express Travel Related Services Company, Inc."
departuresmagazinewineclub.com,"American Express Travel Related Services Company, Inc."
departuresmagazinewinereserveclub.com,"American Express Travel Related Services Company, Inc."
departuresmagwineclub.com,"American Express Travel Related Services Company, Inc."
departuresmagwinereserveclub.com,"American Express Travel Related Services Company, Inc."
departuresmediakit.com,"American Express Travel Related Services Company, Inc."
departuresultimatelyconnected.com,"American Express Travel Related Services Company, Inc."
departureswineclub.com,"American Express Travel Related Services Company, Inc."
designmyamex.com,"American Express Travel Related Services Company, Inc."
destapa.com,"American Express Travel Related Services Company, Inc."
destapabarcelona.com,"American Express Travel Related Services Company, Inc."
destapamadrid.com,"American Express Travel Related Services Company, Inc."
destinationfamily.com,"American Express Travel Related Services Company, Inc."
devblu.com,"American Express Travel Related Services Company, Inc."
devexchange.com,"American Express Travel Related Services Company, Inc."
dierctconnectgroup.com,"American Express Travel Related Services Company, Inc."
digg-american-express.info,"American Express Travel Related Services Company, Inc."
digitalamericanexpress.com,"American Express Travel Related Services Company, Inc."
dilemmaamericanexpress.info,"American Express Travel Related Services Company, Inc."
dillardsamericanexpress.com,"American Express Travel Related Services Company, Inc."
diners-amex.com,"American Express Travel Related Services Company, Inc."
diningbyamex.com,"American Express Travel Related Services Company, Inc."
diningincentives.com,"American Express Travel Related Services Company, Inc."
dinosaurtable.com,"American Express Travel Related Services Company, Inc."
dinotable.com,"American Express Travel Related Services Company, Inc."
dircetconnectgroup.com,"American Express Travel Related Services Company, Inc."
direct2amexpub.com,"American Express Travel Related Services Company, Inc."
directcnonectgroup.com,"American Express Travel Related Services Company, Inc."
directocnnectgroup.com,"American Express Travel Related Services Company, Inc."
discovercake.com,"American Express Travel Related Services Company, Inc."
displaymanager.com,"American Express Travel Related Services Company, Inc."
disruptbanking.com,"American Express Travel Related Services Company, Inc."
disruptbanks.com,"American Express Travel Related Services Company, Inc."
disruptcommercialfinance.com,"American Express Travel Related Services Company, Inc."
disruptfinance.com,"American Express Travel Related Services Company, Inc."
disruptfinancing.com,"American Express Travel Related Services Company, Inc."
disruptingfinance.com,"American Express Travel Related Services Company, Inc."
disruptlending.com,"American Express Travel Related Services Company, Inc."
disruptpayments.com,"American Express Travel Related Services Company, Inc."
dolrs.org,"American Express Travel Related Services Company, Inc."
domore.info,"American Express Travel Related Services Company, Inc."
doortoshopsmall.com,"American Express Travel Related Services Company, Inc."
dotcomamericanexpress.com,"American Express Travel Related Services Company, Inc."
downloadmarket.com,"American Express Travel Related Services Company, Inc."
downloadresy.com,"American Express Travel Related Services Company, Inc."
dpdsync.com,"American Express Travel Related Services Company, Inc."
dragon-pass.com,"American Express Travel Related Services Company, Inc."
driectconnectgroup.com,"American Express Travel Related Services Company, Inc."
dropamericanexpress.com,"American Express Travel Related Services Company, Inc."
dvnetworks.com,"American Express Travel Related Services Company, Inc."
e-americanexpresscreditcard.com,"American Express Travel Related Services Company, Inc."
e-americanexpresscreditcards.com,"American Express Travel Related Services Company, Inc."
e-amex-account.com,"American Express Travel Related Services Company, Inc."
e-amex.com,"American Express Travel Related Services Company, Inc."
e-amexcreditcards.com,"American Express Travel Related Services Company, Inc."
eamericanexpress.com,"American Express Travel Related Services Company, Inc."
eamericanexpress.info,"American Express Travel Related Services Company, Inc."
eamericanexpress.net,"American Express Travel Related Services Company, Inc."
eamericanexpress.org,"American Express Travel Related Services Company, Inc."
earnbrilantly.com,"American Express Travel Related Services Company, Inc."
earnbrillanttly.com,"American Express Travel Related Services Company, Inc."
earncurrency.com,"American Express Travel Related Services Company, Inc."
easyreceiptmatch.com,"American Express Travel Related Services Company, Inc."
easyreceipttracker.com,"American Express Travel Related Services Company, Inc."
eclipse-advisors.com,"American Express Travel Related Services Company, Inc."
eclipseadvisors.com,"American Express Travel Related Services Company, Inc."
eclipseadvisors.net,"American Express Travel Related Services Company, Inc."
eclipseadvisors.org,"American Express Travel Related Services Company, Inc."
eclipserfp.com,"American Express Travel Related Services Company, Inc."
ecoamericanexpress.com,"American Express Travel Related Services Company, Inc."
ecommercemerchantcredit.com,"American Express Travel Related Services Company, Inc."
ecommercemerchantfinance.com,"American Express Travel Related Services Company, Inc."
ed-loan.com,"American Express Travel Related Services Company, Inc."
edacoda.com,"American Express Travel Related Services Company, Inc."
edgamericanexpress.com,"American Express Travel Related Services Company, Inc."
edwardgilligan.com,"American Express Travel Related Services Company, Inc."
eeeamericanexpress.com,"American Express Travel Related Services Company, Inc."
einvoiceandpay.com,"American Express Travel Related Services Company, Inc."
einvoicepay.com,"American Express Travel Related Services Company, Inc."
email-americanexpress.com,"American Express Travel Related Services Company, Inc."
email-americanexpressgcp.com,"American Express Travel Related Services Company, Inc."
email-americanexpressopen.com,"American Express Travel Related Services Company, Inc."
email-americanexpresspsa.com,"American Express Travel Related Services Company, Inc."
email2-americanexpress.com,"American Express Travel Related Services Company, Inc."
emailamericanexpress.com,"American Express Travel Related Services Company, Inc."
emailfromamericanexpress.com,"American Express Travel Related Services Company, Inc."
emericaexpress.com,"American Express Travel Related Services Company, Inc."
emericanexpress.com,"American Express Travel Related Services Company, Inc."
emisoresbancariosamex.com,"American Express Travel Related Services Company, Inc."
emodon.org,primary
empresstravel.com,"American Express Travel Related Services Company, Inc."
empyreanclub.net,"American Express Travel Related Services Company, Inc."
enroltoatwork.com,"American Express Travel Related Services Company, Inc."
entergreenroom.com,"American Express Travel Related Services Company, Inc."
entre.com,"American Express Travel Related Services Company, Inc."
entre.com.pr,"American Express Travel Related Services Company, Inc."
entre.mobi,"American Express Travel Related Services Company, Inc."
epcardmail.com,"American Express Travel Related Services Company, Inc."
eretaileradvice.com,"American Express Travel Related Services Company, Inc."
esamex.com,"American Express Travel Related Services Company, Inc."
esercenteplatinoamex.com,"American Express Travel Related Services Company, Inc."
etaileradvice.com,"American Express Travel Related Services Company, Inc."
etailercredit.com,"American Express Travel Related Services Company, Inc."
euroamericanexpress.com,"American Express Travel Related Services Company, Inc."
euwelcomekit.com,"American Express Travel Related Services Company, Inc."
everydaymoments.com,"American Express Travel Related Services Company, Inc."
everyreservation.com,"American Express Travel Related Services Company, Inc."
examex.com,"American Express Travel Related Services Company, Inc."
exceptionaloffers.com,"American Express Travel Related Services Company, Inc."
exceptionalprivileges.com,"American Express Travel Related Services Company, Inc."
exceptionaltraveloffers.com,"American Express Travel Related Services Company, Inc."
exclusiveblackamex.com,"American Express Travel Related Services Company, Inc."
exitlane.net,"American Express Travel Related Services Company, Inc."
expensematch.com,"American Express Travel Related Services Company, Inc."
experiencebusinessplatinum.com,"American Express Travel Related Services Company, Inc."
experiences.global,"American Express Travel Related Services Company, Inc."
experiencesbenefits.com,"American Express Travel Related Services Company, Inc."
experienciasamex.do,"American Express Travel Related Services Company, Inc."
exploerplatinum.com,"American Express Travel Related Services Company, Inc."
exploreplatinum.com,"American Express Travel Related Services Company, Inc."
exploreplatium.com,"American Express Travel Related Services Company, Inc."
exploreplatiunm.com,"American Express Travel Related Services Company, Inc."
exploreplatnium.com,"American Express Travel Related Services Company, Inc."
exploretock.com,"American Express Travel Related Services Company, Inc."
explroeplatinum.com,"American Express Travel Related Services Company, Inc."
expresscheckoutamex.com,"American Express Travel Related Services Company, Inc."
expressgood.com,"American Express Travel Related Services Company, Inc."
expresshopper.com,"American Express Travel Related Services Company, Inc."
expresslove.com,"American Express Travel Related Services Company, Inc."
expressmerchantfinancing.com,"American Express Travel Related Services Company, Inc."
expressnet.com,"American Express Travel Related Services Company, Inc."
expresspaybus.com,"American Express Travel Related Services Company, Inc."
expresspayski.com,"American Express Travel Related Services Company, Inc."
expresspaytransit.com,"American Express Travel Related Services Company, Inc."
extraamericanexpress.com,"American Express Travel Related Services Company, Inc."
ez-american-express-card.com,"American Express Travel Related Services Company, Inc."
ezeclick.com,"American Express Travel Related Services Company, Inc."
factorappsales.com,"American Express Travel Related Services Company, Inc."
factorappstore.com,"American Express Travel Related Services Company, Inc."
factoronlinesales.com,"American Express Travel Related Services Company, Inc."
falmersucks.com,"American Express Travel Related Services Company, Inc."
falmersucks.net,"American Express Travel Related Services Company, Inc."
falmersux.com,"American Express Travel Related Services Company, Inc."
falmersux.net,"American Express Travel Related Services Company, Inc."
fantasticoffersandexperiences.com,"American Express Travel Related Services Company, Inc."
farbarian.com,"American Express Travel Related Services Company, Inc."
farbeyondmiles.com,"American Express Travel Related Services Company, Inc."
farringtonamericanexpress.com,"American Express Travel Related Services Company, Inc."
farringtonamex.com,"American Express Travel Related Services Company, Inc."
favourite5.com,"American Express Travel Related Services Company, Inc."
fbamericanexpress.com,"American Express Travel Related Services Company, Inc."
fesblackcard.com,"American Express Travel Related Services Company, Inc."
fesblackcardmember.com,"American Express Travel Related Services Company, Inc."
fesblackcardmember.org,"American Express Travel Related Services Company, Inc."
fesblackcards.com,"American Express Travel Related Services Company, Inc."
fflytouramericanexpress.com,"American Express Travel Related Services Company, Inc."
fhdrigitaldirectory.com,"American Express Travel Related Services Company, Inc."
fhrandthcapply.com,"American Express Travel Related Services Company, Inc."
fhrandthcappointments.com,"American Express Travel Related Services Company, Inc."
fhrandthctraining.com,"American Express Travel Related Services Company, Inc."
fhrawards.com,"American Express Travel Related Services Company, Inc."
fhrdigitaldierctory.com,"American Express Travel Related Services Company, Inc."
fhrdigitaldirectory.com,"American Express Travel Related Services Company, Inc."
fhrdigitaldriectory.com,"American Express Travel Related Services Company, Inc."
fhrdigitalidrectory.com,"American Express Travel Related Services Company, Inc."
fhridgitaldirectory.com,"American Express Travel Related Services Company, Inc."
fhrwelcomeletter.com,"American Express Travel Related Services Company, Inc."
fiamex.com,"American Express Travel Related Services Company, Inc."
fiamex.net,"American Express Travel Related Services Company, Inc."
fiamex.org,"American Express Travel Related Services Company, Inc."
fidelityamericanexpressgoldcard.com,"American Express Travel Related Services Company, Inc."
fijiamericanexpress.com,"American Express Travel Related Services Company, Inc."
fijidiscountsamericanexpress.com,"American Express Travel Related Services Company, Inc."
financeamercianexpress.com,"American Express Travel Related Services Company, Inc."
financeamericanexpress.com,"American Express Travel Related Services Company, Inc."
financeamericanexpresscard.com,"American Express Travel Related Services Company, Inc."
financeamericnaexpress.com,"American Express Travel Related Services Company, Inc."
financeamexcard.com,"American Express Travel Related Services Company, Inc."
findamericanexpress.com,"American Express Travel Related Services Company, Inc."
findanamexatm.com,"American Express Travel Related Services Company, Inc."
findyoureverydaypark.com,"American Express Travel Related Services Company, Inc."
finehotelsresortsdigital.com,"American Express Travel Related Services Company, Inc."
fingerchargeamericanexpress.com,"American Express Travel Related Services Company, Inc."
fingerprintunderwriting.com,"American Express Travel Related Services Company, Inc."
fireamericanexpress.com,"American Express Travel Related Services Company, Inc."
firstamericanexpress.info,"American Express Travel Related Services Company, Inc."
firstcollection.com,"American Express Travel Related Services Company, Inc."
firstresortloan.com,"American Express Travel Related Services Company, Inc."
firstresortloan.net,"American Express Travel Related Services Company, Inc."
firstuniversalplatinumoffer.com,"American Express Travel Related Services Company, Inc."
fixedrateamericanexpress.com,"American Express Travel Related Services Company, Inc."
fixedrateamericanexpresscard.com,"American Express Travel Related Services Company, Inc."
flashcardamericanexpress.com,"American Express Travel Related Services Company, Inc."
flashsaleamericanexpress.com,"American Express Travel Related Services Company, Inc."
flashsaleamex.com,"American Express Travel Related Services Company, Inc."
fleetcardsusacredit.com,"American Express Travel Related Services Company, Inc."
flightandroomfinder.com,"American Express Travel Related Services Company, Inc."
flightfinderroomfinder.com,"American Express Travel Related Services Company, Inc."
flyfastest.com,"American Express Travel Related Services Company, Inc."
for-americanexpress.com,"American Express Travel Related Services Company, Inc."
foreverythingyoudo.com,"American Express Travel Related Services Company, Inc."
formulaamericanexpress.com,"American Express Travel Related Services Company, Inc."
formulaamex.com,"American Express Travel Related Services Company, Inc."
formulamericanexpress.com,"American Express Travel Related Services Company, Inc."
formulamex.com,"American Express Travel Related Services Company, Inc."
foursomechallenge.com,"American Express Travel Related Services Company, Inc."
fpsaccountmanagement.com,"American Express Travel Related Services Company, Inc."
fpsaccountmanagement.info,"American Express Travel Related Services Company, Inc."
fpsaccountmanagement.name,"American Express Travel Related Services Company, Inc."
fpsaccountmanagement.org,"American Express Travel Related Services Company, Inc."
fpsaccountmanagement.us,"American Express Travel Related Services Company, Inc."
fpsaccountmanagment.cc,"American Express Travel Related Services Company, Inc."
fpsaccountmanagment.com,"American Express Travel Related Services Company, Inc."
fpsaccountmanagment.info,"American Express Travel Related Services Company, Inc."
fpsaccountmanagment.org,"American Express Travel Related Services Company, Inc."
fpsaccountmanagment.us,"American Express Travel Related Services Company, Inc."
fraudnetmobile.com,"American Express Travel Related Services Company, Inc."
freeamericanexpress.com,"American Express Travel Related Services Company, Inc."
freeamericanexpresscreditcards.com,"American Express Travel Related Services Company, Inc."
freeamericanexpressonline.com,"American Express Travel Related Services Company, Inc."
freeamex.com,"American Express Travel Related Services Company, Inc."
freeamex.net,"American Express Travel Related Services Company, Inc."
freeamex.org,"American Express Travel Related Services Company, Inc."
freesecure-amex-card.info,"American Express Travel Related Services Company, Inc."
freespiritamericanexpress.com,"American Express Travel Related Services Company, Inc."
freespiritamex.com,"American Express Travel Related Services Company, Inc."
freshers-amex.com,"American Express Travel Related Services Company, Inc."
futureofbookings.com,"American Express Travel Related Services Company, Inc."
futureofreservations.com,"American Express Travel Related Services Company, Inc."
futuresmallbizowner.com,"American Express Travel Related Services Company, Inc."
futuresmallbusinessowner.com,"American Express Travel Related Services Company, Inc."
futuresmbowner.com,"American Express Travel Related Services Company, Inc."
futuresmeowner.com,"American Express Travel Related Services Company, Inc."
fwix.com,"American Express Travel Related Services Company, Inc."
fx4you.com,"American Express Travel Related Services Company, Inc."
fxholidaymoney.com,"American Express Travel Related Services Company, Inc."
fxholidaymoney.net,"American Express Travel Related Services Company, Inc."
fxholidaymoney.org,"American Express Travel Related Services Company, Inc."
fxippartners.com,"American Express Travel Related Services Company, Inc."
fxordersnow.com,"American Express Travel Related Services Company, Inc."
fxordersnow.net,"American Express Travel Related Services Company, Inc."
fxordersnow.org,"American Express Travel Related Services Company, Inc."
fxpaymentsamericanexpress.com,"American Express Travel Related Services Company, Inc."
gainstravelrewards.com,"American Express Travel Related Services Company, Inc."
gamecoinse.info,"American Express Travel Related Services Company, Inc."
get-american-express.com,"American Express Travel Related Services Company, Inc."
get-americanexpress.com,"American Express Travel Related Services Company, Inc."
get-amex.com,"American Express Travel Related Services Company, Inc."
getadvice.com,"American Express Travel Related Services Company, Inc."
getahead.io,"American Express Travel Related Services Company, Inc."
getahead.net,"American Express Travel Related Services Company, Inc."
getaheadkabbage.com,"American Express Travel Related Services Company, Inc."
getamericanexpres.com,"American Express Travel Related Services Company, Inc."
getamericanexpress.info,"American Express Travel Related Services Company, Inc."
getamericanexpress.net,"American Express Travel Related Services Company, Inc."
getamericanexpresscard.com,"American Express Travel Related Services Company, Inc."
getamericanexpressnow.com,"American Express Travel Related Services Company, Inc."
getamexcard.com,"American Express Travel Related Services Company, Inc."
getamexgreen.com,"American Express Travel Related Services Company, Inc."
getamexgreencard.com,"American Express Travel Related Services Company, Inc."
getanamericanexpresscard.com,"American Express Travel Related Services Company, Inc."
getbluecard.com,"American Express Travel Related Services Company, Inc."
getbusinessplatinum.com,"American Express Travel Related Services Company, Inc."
getdeltaamexcard.com,"American Express Travel Related Services Company, Inc."
getkabbage.com,"American Express Travel Related Services Company, Inc."
getplum.com,"American Express Travel Related Services Company, Inc."
getplumcard.com,"American Express Travel Related Services Company, Inc."
getskymiles.com,"American Express Travel Related Services Company, Inc."
getstarpoints.com,"American Express Travel Related Services Company, Inc."
gettheinsideedge.com,"American Express Travel Related Services Company, Inc."
gettingplum.com,"American Express Travel Related Services Company, Inc."
gettingplumcard.com,"American Express Travel Related Services Company, Inc."
getzync.com,"American Express Travel Related Services Company, Inc."
gift-card.co.in,"American Express Travel Related Services Company, Inc."
gift-card.in,"American Express Travel Related Services Company, Inc."
gift-cards.in,"American Express Travel Related Services Company, Inc."
gift-cheque.com,"American Express Travel Related Services Company, Inc."
gift-cheques.com,"American Express Travel Related Services Company, Inc."
giftabenefitcard.in,"American Express Travel Related Services Company, Inc."
giftaprepaidcard.in,"American Express Travel Related Services Company, Inc."
giftcardacceptance.com,"American Express Travel Related Services Company, Inc."
giftcardacceptence.com,"American Express Travel Related Services Company, Inc."
giftcardaceptance.com,"American Express Travel Related Services Company, Inc."
giftcardaceptence.com,"American Express Travel Related Services Company, Inc."
giftcardshop.co.in,"American Express Travel Related Services Company, Inc."
giveme5.com,"American Express Travel Related Services Company, Inc."
giveyoursix.com,"American Express Travel Related Services Company, Inc."
global-amex.com,"American Express Travel Related Services Company, Inc."
global-assist.asia,"American Express Travel Related Services Company, Inc."
global-travel-card.in,"American Express Travel Related Services Company, Inc."
globalamericanexpress.com,"American Express Travel Related Services Company, Inc."
globalamex.com,"American Express Travel Related Services Company, Inc."
globalassist.asia,"American Express Travel Related Services Company, Inc."
globalassist.info,"American Express Travel Related Services Company, Inc."
globalassist.travel,"American Express Travel Related Services Company, Inc."
globalassist.us,"American Express Travel Related Services Company, Inc."
globaldiningcollection.com,"American Express Travel Related Services Company, Inc."
globaldocumentdelivery.com,"American Express Travel Related Services Company, Inc."
globaleshop.com,"American Express Travel Related Services Company, Inc."
globalloungecollection.com,"American Express Travel Related Services Company, Inc."
globaltravelcard.in,"American Express Travel Related Services Company, Inc."
globaltraveloffers.com,"American Express Travel Related Services Company, Inc."
globaltravelprivileges.com,"American Express Travel Related Services Company, Inc."
globaltravelsheild.com,"American Express Travel Related Services Company, Inc."
globaltravelshield.com,"American Express Travel Related Services Company, Inc."
gmsleadstogcp.com,"American Express Travel Related Services Company, Inc."
gnlpezziamericanexpress.info,"American Express Travel Related Services Company, Inc."
gnsextranet.com,"American Express Travel Related Services Company, Inc."
gnsweb.com,"American Express Travel Related Services Company, Inc."
go-american-express-card.com,"American Express Travel Related Services Company, Inc."
goamericanexpress.com,"American Express Travel Related Services Company, Inc."
gobusinessplatinum.com,"American Express Travel Related Services Company, Inc."
goingonce.mobi,"American Express Travel Related Services Company, Inc."
gold-amex.com,"American Express Travel Related Services Company, Inc."
goldamericanexpresscard.info,"American Express Travel Related Services Company, Inc."
goldamex.com,"American Express Travel Related Services Company, Inc."
goldamexcard.com,"American Express Travel Related Services Company, Inc."
goldamexcards.com,"American Express Travel Related Services Company, Inc."
goldcard.travel,"American Express Travel Related Services Company, Inc."
goldcard321.com,"American Express Travel Related Services Company, Inc."
goldcarddestinations.com,"American Express Travel Related Services Company, Inc."
goldcardexperience.com,"American Express Travel Related Services Company, Inc."
goldcardhotelbenefit.com,"American Express Travel Related Services Company, Inc."
goldcashxtra.us,"American Express Travel Related Services Company, Inc."
golddeals.com,"American Express Travel Related Services Company, Inc."
goldenbeartravel.com,"American Express Travel Related Services Company, Inc."
goldentrustbanks.com,"American Express Travel Related Services Company, Inc."
goldforbusiness.com,"American Express Travel Related Services Company, Inc."
goldrewards.travel,"American Express Travel Related Services Company, Inc."
goldyearendsummary.com,"American Express Travel Related Services Company, Inc."
gomezi.com,"American Express Travel Related Services Company, Inc."
good-1st-american-express-credit-site.com,"American Express Travel Related Services Company, Inc."
good-1st-american-express-credit-site.info,"American Express Travel Related Services Company, Inc."
goshopsmall.com,"American Express Travel Related Services Company, Inc."
gotamericanexpress.com,"American Express Travel Related Services Company, Inc."
gotamericanexpress.net,"American Express Travel Related Services Company, Inc."
gotcenturion.com,"American Express Travel Related Services Company, Inc."
gotresy.com,"American Express Travel Related Services Company, Inc."
grandamericanexpress.com,"American Express Travel Related Services Company, Inc."
greatamericanexpress.com,"American Express Travel Related Services Company, Inc."
greenamericanexpress.com,"American Express Travel Related Services Company, Inc."
greencard.me,"American Express Travel Related Services Company, Inc."
greencardspecials.com,"American Express Travel Related Services Company, Inc."
greensince1958.com,"American Express Travel Related Services Company, Inc."
growpipeline.com,"American Express Travel Related Services Company, Inc."
guichetsamex.com,"American Express Travel Related Services Company, Inc."
guidance-express.com,"American Express Travel Related Services Company, Inc."
guidance-express.net,"American Express Travel Related Services Company, Inc."
guidanceexpress.com,"American Express Travel Related Services Company, Inc."
guidanceexpress.net,"American Express Travel Related Services Company, Inc."
guidancexpress.com,"American Express Travel Related Services Company, Inc."
guidancexpress.net,"American Express Travel Related Services Company, Inc."
hamericanexpress.com,"American Express Travel Related Services Company, Inc."
happynewdiwali.com,"American Express Travel Related Services Company, Inc."
hateamericanexpress.com,"American Express Travel Related Services Company, Inc."
hbmamericanexpress.com,"American Express Travel Related Services Company, Inc."
hcdigitaldierctory.com,"American Express Travel Related Services Company, Inc."
hcdigitaldirectory.com,"American Express Travel Related Services Company, Inc."
hcdigitaldriectory.com,"American Express Travel Related Services Company, Inc."
hcdigitalidrectory.com,"American Express Travel Related Services Company, Inc."
hcidgitaldirectory.com,"American Express Travel Related Services Company, Inc."
hdcigitaldirectory.com,"American Express Travel Related Services Company, Inc."
healthfinancialsolutions.com,"American Express Travel Related Services Company, Inc."
healthpayexpress.com,"American Express Travel Related Services Company, Inc."
healthpayplus.com,"American Express Travel Related Services Company, Inc."
hiltonamericanexpress.com,"American Express Travel Related Services Company, Inc."
hitmehardandsoft.live,"American Express Travel Related Services Company, Inc."
hnoeagency.com,"American Express Travel Related Services Company, Inc."
hoenagency.com,"American Express Travel Related Services Company, Inc."
hoggobinson.com,"American Express Travel Related Services Company, Inc."
hoggorbinson.com,"American Express Travel Related Services Company, Inc."
hoggrobinon.com,"American Express Travel Related Services Company, Inc."
hoggrobison.com,"American Express Travel Related Services Company, Inc."
hoggroinson.com,"American Express Travel Related Services Company, Inc."
holidayrockstar.com,"American Express Travel Related Services Company, Inc."
homamericanexpress.com,"American Express Travel Related Services Company, Inc."
home-americanexpres.com,"American Express Travel Related Services Company, Inc."
home-americanexpress.com,"American Express Travel Related Services Company, Inc."
home.americanexpress,"American Express Travel Related Services Company, Inc."
home2americanexpress.com,"American Express Travel Related Services Company, Inc."
homeadvantageamex.com,"American Express Travel Related Services Company, Inc."
homerewardsamex.com,"American Express Travel Related Services Company, Inc."
homerewardsamex.net,"American Express Travel Related Services Company, Inc."
honaegency.com,"American Express Travel Related Services Company, Inc."
honeagecny.com,"American Express Travel Related Services Company, Inc."
honeagnecy.com,"American Express Travel Related Services Company, Inc."
hotelblackcard.com,"American Express Travel Related Services Company, Inc."
hotelcollectionpartner.com,"American Express Travel Related Services Company, Inc."
howtogetanamericanexpressblackcard.com,"American Express Travel Related Services Company, Inc."
hsbcamericanexpress.com,"American Express Travel Related Services Company, Inc."
httamericanexpress.com,"American Express Travel Related Services Company, Inc."
httpsamericanexpress.com,"American Express Travel Related Services Company, Inc."
iamericanexpress.com,"American Express Travel Related Services Company, Inc."
iamericanexpresscompany.com,"American Express Travel Related Services Company, Inc."
iamprivee.com,"American Express Travel Related Services Company, Inc."
ibankamex.com,"American Express Travel Related Services Company, Inc."
iblackcard.com,"American Express Travel Related Services Company, Inc."
iblackcardapp.com,"American Express Travel Related Services Company, Inc."
icc-centurion-benefits.com,"American Express Travel Related Services Company, Inc."
iccatrium.com,"American Express Travel Related Services Company, Inc."
ics-americanexpress.com,"American Express Travel Related Services Company, Inc."
icsamericanexpress.com,"American Express Travel Related Services Company, Inc."
idchub.app,"American Express Travel Related Services Company, Inc."
iddefence.com,"American Express Travel Related Services Company, Inc."
iddefenceplatinum.com,"American Express Travel Related Services Company, Inc."
idfreeamericanexpress.com,"American Express Travel Related Services Company, Inc."
idsamericanexpress.com,"American Express Travel Related Services Company, Inc."
idsamex.com,"American Express Travel Related Services Company, Inc."
idtheftamericanexpresspr.com,"American Express Travel Related Services Company, Inc."
idtheftmembersamericanexpresspr.com,"American Express Travel Related Services Company, Inc."
igmsmarketing.com,"American Express Travel Related Services Company, Inc."
igorkalitventsev.com,primary
igotogetorganized.com,"American Express Travel Related Services Company, Inc."
igottagetorganized.com,"American Express Travel Related Services Company, Inc."
ihateamerican-expresscommunitystadium.com,"American Express Travel Related Services Company, Inc."
ihateamerican-expresscommunitystadium.net,"American Express Travel Related Services Company, Inc."
ihateamericanexprescommunitystadium.com,"American Express Travel Related Services Company, Inc."
ihateamericanexprescommunitystadium.net,"American Express Travel Related Services Company, Inc."
ihateamericanexpress.com,"American Express Travel Related Services Company, Inc."
ihateamericanexpresscommunitystadium.com,"American Express Travel Related Services Company, Inc."
ihateamericanexpresscommunitystadium.net,"American Express Travel Related Services Company, Inc."
ihateamericanexpresscomunitystadium.com,"American Express Travel Related Services Company, Inc."
ihateamericanexpresscomunitystadium.net,"American Express Travel Related Services Company, Inc."
ihateamexcommunitystadium.com,"American Express Travel Related Services Company, Inc."
ihateamexcommunitystadium.net,"American Express Travel Related Services Company, Inc."
ihateamexstadium.com,"American Express Travel Related Services Company, Inc."
ihateamexstadium.net,"American Express Travel Related Services Company, Inc."
ihateammexstadium.com,"American Express Travel Related Services Company, Inc."
ihateammexstadium.net,"American Express Travel Related Services Company, Inc."
ihatebrightonstadium.net,"American Express Travel Related Services Company, Inc."
ihatefalmer.com,"American Express Travel Related Services Company, Inc."
ihatefalmer.net,"American Express Travel Related Services Company, Inc."
ihatefalmerstadium.com,"American Express Travel Related Services Company, Inc."
ihatefalmerstadium.net,"American Express Travel Related Services Company, Inc."
ihateseagullsstadium.com,"American Express Travel Related Services Company, Inc."
ihateseagullsstadium.net,"American Express Travel Related Services Company, Inc."
ihatetheamericanexpressstadium.com,"American Express Travel Related Services Company, Inc."
ihatetheamericanexpressstadium.net,"American Express Travel Related Services Company, Inc."
ihatetheamexstadium.com,"American Express Travel Related Services Company, Inc."
ihatetheamexstadium.net,"American Express Travel Related Services Company, Inc."
ilikekabbage.com,"American Express Travel Related Services Company, Inc."
ilostmyamericanexpress.com,"American Express Travel Related Services Company, Inc."
ilostmyamericanexpress.info,"American Express Travel Related Services Company, Inc."
ilostmyamericanexpresscard.com,"American Express Travel Related Services Company, Inc."
ilostmyamericanexpresscard.info,"American Express Travel Related Services Company, Inc."
iloveamericanexpress.com,"American Express Travel Related Services Company, Inc."
ilovekabbage.com,"American Express Travel Related Services Company, Inc."
iloveshopsmall.com,"American Express Travel Related Services Company, Inc."
imacardmember.com,"American Express Travel Related Services Company, Inc."
imasamex.com,"American Express Travel Related Services Company, Inc."
imericanexpress.com,"American Express Travel Related Services Company, Inc."
in-amexpress.com,"American Express Travel Related Services Company, Inc."
incards.com,"American Express Travel Related Services Company, Inc."
indiagiftcard.in,"American Express Travel Related Services Company, Inc."
info-americanexpress.com,"American Express Travel Related Services Company, Inc."
informaamericanexpress.com,"American Express Travel Related Services Company, Inc."
innycamex.com,"American Express Travel Related Services Company, Inc."
inside-rewards.com,"American Express Travel Related Services Company, Inc."
inside-rewards.travel,"American Express Travel Related Services Company, Inc."
insidereward.net,"American Express Travel Related Services Company, Inc."
insiderewards.com,"American Express Travel Related Services Company, Inc."
insiderewards.net,"American Express Travel Related Services Company, Inc."
insiderewards.travel,"American Express Travel Related Services Company, Inc."
insiderreward.com,"American Express Travel Related Services Company, Inc."
insiderreward.net,"American Express Travel Related Services Company, Inc."
insiderrewards.com,"American Express Travel Related Services Company, Inc."
insiderrewards.net,"American Express Travel Related Services Company, Inc."
inspiratoamex.com,"American Express Travel Related Services Company, Inc."
inspiratowithamex.com,"American Express Travel Related Services Company, Inc."
insurance-edge.com,"American Express Travel Related Services Company, Inc."
insurancedge.com,"American Express Travel Related Services Company, Inc."
insurancedge.net,"American Express Travel Related Services Company, Inc."
insuranceedge.com,"American Express Travel Related Services Company, Inc."
insuranceedge.net,"American Express Travel Related Services Company, Inc."
insuranceedgefromamericanexpress.com,"American Express Travel Related Services Company, Inc."
insuranceedges.com,"American Express Travel Related Services Company, Inc."
insurancefromamericanexpress.com,"American Express Travel Related Services Company, Inc."
insureedge.com,"American Express Travel Related Services Company, Inc."
insurencedge.com,"American Express Travel Related Services Company, Inc."
insurenceedge.com,"American Express Travel Related Services Company, Inc."
interamericanaexpress.com,"American Express Travel Related Services Company, Inc."
internationalamericanexpress.com,"American Express Travel Related Services Company, Inc."
internationalblackcard.com,"American Express Travel Related Services Company, Inc."
internationaldollarcard.com,"American Express Travel Related Services Company, Inc."
ipenamericanexpress.com,"American Express Travel Related Services Company, Inc."
iramericanexpress.com,"American Express Travel Related Services Company, Inc."
iraqamericanexpress.com,"American Express Travel Related Services Company, Inc."
irewards.cz,"American Express Travel Related Services Company, Inc."
irewards.ru,"American Express Travel Related Services Company, Inc."
irewards.us,"American Express Travel Related Services Company, Inc."
isgoldrightforyou.com,"American Express Travel Related Services Company, Inc."
ishopsmall.com,"American Express Travel Related Services Company, Inc."
ishopsmall.net,"American Express Travel Related Services Company, Inc."
ishopsmall.org,"American Express Travel Related Services Company, Inc."
isopenrightforyou.com,"American Express Travel Related Services Company, Inc."
isplatinumrightforyou.com,"American Express Travel Related Services Company, Inc."
isplumrightforyou.com,"American Express Travel Related Services Company, Inc."
itamexcard.com,"American Express Travel Related Services Company, Inc."
itsaamex.com,"American Express Travel Related Services Company, Inc."
itsamex.com,"American Express Travel Related Services Company, Inc."
iwantabenefitcard.in,"American Express Travel Related Services Company, Inc."
iwantagiftcard.in,"American Express Travel Related Services Company, Inc."
jal-amex-platinum.com,"American Express Travel Related Services Company, Inc."
jal-amex.com,"American Express Travel Related Services Company, Inc."
jamericanexpress.com,"American Express Travel Related Services Company, Inc."
jbamex.com,"American Express Travel Related Services Company, Inc."
jetblueamex.com,"American Express Travel Related Services Company, Inc."
jobsatamericanexpress.com,"American Express Travel Related Services Company, Inc."
johndhayes.com,"American Express Travel Related Services Company, Inc."
joinrepnetwork.com,"American Express Travel Related Services Company, Inc."
jointock.com,"American Express Travel Related Services Company, Inc."
journeymakers.com,"American Express Travel Related Services Company, Inc."
journeyneverstops.com,"American Express Travel Related Services Company, Inc."
justaboutamericanexpress.com,"American Express Travel Related Services Company, Inc."
justeats.com,"American Express Travel Related Services Company, Inc."
justforamex.com,"American Express Travel Related Services Company, Inc."
justforonlinesellers.com,"American Express Travel Related Services Company, Inc."
kababge.com,"American Express Travel Related Services Company, Inc."
kabb.ag,"American Express Travel Related Services Company, Inc."
kabbaeg.com,"American Express Travel Related Services Company, Inc."
kabbafe.com,"American Express Travel Related Services Company, Inc."
kabbag.com,"American Express Travel Related Services Company, Inc."
kabbage-hostadvance.com,"American Express Travel Related Services Company, Inc."
kabbage.app,"American Express Travel Related Services Company, Inc."
kabbage.at,"American Express Travel Related Services Company, Inc."
kabbage.blue,"American Express Travel Related Services Company, Inc."
kabbage.buzz,"American Express Travel Related Services Company, Inc."
kabbage.capital,"American Express Travel Related Services Company, Inc."
kabbage.com,"American Express Travel Related Services Company, Inc."
kabbage.dev,"American Express Travel Related Services Company, Inc."
kabbage.farm,"American Express Travel Related Services Company, Inc."
kabbage.green,"American Express Travel Related Services Company, Inc."
kabbage.guru,"American Express Travel Related Services Company, Inc."
kabbage.in,"American Express Travel Related Services Company, Inc."
kabbage.io,"American Express Travel Related Services Company, Inc."
kabbage.org,"American Express Travel Related Services Company, Inc."
kabbage.sucks,"American Express Travel Related Services Company, Inc."
kabbage.today,"American Express Travel Related Services Company, Inc."
kabbage.us,"American Express Travel Related Services Company, Inc."
kabbage4amazon.com,"American Express Travel Related Services Company, Inc."
kabbage4etsy.com,"American Express Travel Related Services Company, Inc."
kabbagebills.com,"American Express Travel Related Services Company, Inc."
kabbagecapital.com,"American Express Travel Related Services Company, Inc."
kabbagecom.com,"American Express Travel Related Services Company, Inc."
kabbagecommercial.com,"American Express Travel Related Services Company, Inc."
kabbagecommercials.com,"American Express Travel Related Services Company, Inc."
kabbagecomplaints.com,"American Express Travel Related Services Company, Inc."
kabbagecorp.com,"American Express Travel Related Services Company, Inc."
kabbagedev.com,"American Express Travel Related Services Company, Inc."
kabbagee.com,"American Express Travel Related Services Company, Inc."
kabbageexpenses.com,"American Express Travel Related Services Company, Inc."
kabbagefactor.com,"American Express Travel Related Services Company, Inc."
kabbagefinancial.com,"American Express Travel Related Services Company, Inc."
kabbagefirstresort.com,"American Express Travel Related Services Company, Inc."
kabbagefirstresort.net,"American Express Travel Related Services Company, Inc."
kabbagefund.com,"American Express Travel Related Services Company, Inc."
kabbagefunding.com,"American Express Travel Related Services Company, Inc."
kabbagefunds.com,"American Express Travel Related Services Company, Inc."
kabbagegetahead.com,"American Express Travel Related Services Company, Inc."
kabbagegetaheadnow.com,"American Express Travel Related Services Company, Inc."
kabbagegroupinc.com,"American Express Travel Related Services Company, Inc."
kabbageinc.com,"American Express Travel Related Services Company, Inc."
kabbageindex.com,"American Express Travel Related Services Company, Inc."
kabbageinsights.com,"American Express Travel Related Services Company, Inc."
kabbageinvoices.com,"American Express Travel Related Services Company, Inc."
kabbageinvoicing.com,"American Express Travel Related Services Company, Inc."
kabbagekapital.com,"American Express Travel Related Services Company, Inc."
kabbageloan.com,"American Express Travel Related Services Company, Inc."
kabbageloans.net,"American Express Travel Related Services Company, Inc."
kabbagemail.com,"American Express Travel Related Services Company, Inc."
kabbagepatch.com,"American Express Travel Related Services Company, Inc."
kabbagepayments.com,"American Express Travel Related Services Company, Inc."
kabbageplatform.com,"American Express Travel Related Services Company, Inc."
kabbageplatform.net,"American Express Travel Related Services Company, Inc."
kabbagequestions.com,"American Express Travel Related Services Company, Inc."
kabbagereg.com,"American Express Travel Related Services Company, Inc."
kabbagereviews.com,"American Express Travel Related Services Company, Inc."
kabbages.com,"American Express Travel Related Services Company, Inc."
kabbagesandbox.com,"American Express Travel Related Services Company, Inc."
kabbageservicing.com,"American Express Travel Related Services Company, Inc."
kabbagetest.com,"American Express Travel Related Services Company, Inc."
kabbageworkingcapital.com,"American Express Travel Related Services Company, Inc."
kabbagw.com,"American Express Travel Related Services Company, Inc."
kabbahe.com,"American Express Travel Related Services Company, Inc."
kabbbage.com,"American Express Travel Related Services Company, Inc."
kabbgae.com,"American Express Travel Related Services Company, Inc."
kabbsge.com,"American Express Travel Related Services Company, Inc."
kanbage.com,"American Express Travel Related Services Company, Inc."
karrot.com,"American Express Travel Related Services Company, Inc."
karrot.sucks,"American Express Travel Related Services Company, Inc."
kauliflower.com,"American Express Travel Related Services Company, Inc."
kdsamericanexpress.com,"American Express Travel Related Services Company, Inc."
kenchenault.com,"American Express Travel Related Services Company, Inc."
kennethchenault.com,"American Express Travel Related Services Company, Inc."
kennethlchenault.com,"American Express Travel Related Services Company, Inc."
kissmyblackamex.com,"American Express Travel Related Services Company, Inc."
kkabbage.com,"American Express Travel Related Services Company, Inc."
klassickabbage.com,"American Express Travel Related Services Company, Inc."
kollards.com,"American Express Travel Related Services Company, Inc."
ksbbage.com,"American Express Travel Related Services Company, Inc."
kservicing.com,"American Express Travel Related Services Company, Inc."
kuwaitamericanexpress.com,"American Express Travel Related Services Company, Inc."
lab-centurion.com,"American Express Travel Related Services Company, Inc."
lab-departures.com,"American Express Travel Related Services Company, Inc."
laedconnectglobal.com,"American Express Travel Related Services Company, Inc."
latinamericanexpress.com,"American Express Travel Related Services Company, Inc."
latitudamex.com,"American Express Travel Related Services Company, Inc."
leacdonnectglobal.com,"American Express Travel Related Services Company, Inc."
leadcnonectglobal.com,"American Express Travel Related Services Company, Inc."
leadocnnectglobal.com,"American Express Travel Related Services Company, Inc."
ledaconnectglobal.com,"American Express Travel Related Services Company, Inc."
lefromaxp.com,"American Express Travel Related Services Company, Inc."
lendingplatform.net,"American Express Travel Related Services Company, Inc."
lendingplatforms.com,"American Express Travel Related Services Company, Inc."
lendingplatforms.net,"American Express Travel Related Services Company, Inc."
lendingtechnologysolutions.com,"American Express Travel Related Services Company, Inc."
lendingtechnologysolutions.net,"American Express Travel Related Services Company, Inc."
letstalkinenglish.us,American Express Company
lexperience-americanexpress.com,"American Express Travel Related Services Company, Inc."
liberaelpotencial.com.pr,"American Express Travel Related Services Company, Inc."
libertadparatunegocio.com,"American Express Travel Related Services Company, Inc."
limitamericanexpress.com,"American Express Travel Related Services Company, Inc."
limitamex.com,"American Express Travel Related Services Company, Inc."
lindmarksettlement.com,"American Express Travel Related Services Company, Inc."
linklikelove.asia,"American Express Travel Related Services Company, Inc."
linklikelove.co.in,"American Express Travel Related Services Company, Inc."
linklikelove.cz,"American Express Travel Related Services Company, Inc."
linklikelove.in,"American Express Travel Related Services Company, Inc."
linklikelove.mobi,"American Express Travel Related Services Company, Inc."
linklikelove.net,"American Express Travel Related Services Company, Inc."
linklikelove.ru,"American Express Travel Related Services Company, Inc."
linklikeloveonline.com,"American Express Travel Related Services Company, Inc."
lipumasettlement.com,"American Express Travel Related Services Company, Inc."
localfriday.com,"American Express Travel Related Services Company, Inc."
localfriday.net,"American Express Travel Related Services Company, Inc."
localfriday.org,"American Express Travel Related Services Company, Inc."
localmonday.com,"American Express Travel Related Services Company, Inc."
localmonday.net,"American Express Travel Related Services Company, Inc."
localsunday.com,"American Express Travel Related Services Company, Inc."
localsunday.net,"American Express Travel Related Services Company, Inc."
localsunday.org,"American Express Travel Related Services Company, Inc."
localthursday.com,"American Express Travel Related Services Company, Inc."
localthursday.net,"American Express Travel Related Services Company, Inc."
localthursday.org,"American Express Travel Related Services Company, Inc."
localtuesday.com,"American Express Travel Related Services Company, Inc."
localtuesday.net,"American Express Travel Related Services Company, Inc."
localtuesday.org,"American Express Travel Related Services Company, Inc."
localwednesday.com,"American Express Travel Related Services Company, Inc."
localwednesday.net,"American Express Travel Related Services Company, Inc."
localwednesday.org,"American Express Travel Related Services Company, Inc."
locamex.com,"American Express Travel Related Services Company, Inc."
locateanatm.com,"American Express Travel Related Services Company, Inc."
loginamericanexpress.com,"American Express Travel Related Services Company, Inc."
london2012americanexpess.com,"American Express Travel Related Services Company, Inc."
lookingforchange.com,"American Express Travel Related Services Company, Inc."
lostamericanexpress.com,"American Express Travel Related Services Company, Inc."
lostamericanexpress.info,"American Express Travel Related Services Company, Inc."
lostamericanexpresscard.com,"American Express Travel Related Services Company, Inc."
lostamericanexpresscard.info,"American Express Travel Related Services Company, Inc."
lostwalletprotector.com,"American Express Travel Related Services Company, Inc."
lostwalletprotector.net,"American Express Travel Related Services Company, Inc."
lotteamericanexperss.net,"American Express Travel Related Services Company, Inc."
lotteamericanexpess.com,"American Express Travel Related Services Company, Inc."
lotteamericanexpress.org,"American Express Travel Related Services Company, Inc."
lotteamericanexpresscard.com,"American Express Travel Related Services Company, Inc."
lotteamericanexpresscard.net,"American Express Travel Related Services Company, Inc."
lotteamex.com,"American Express Travel Related Services Company, Inc."
louisemparent.com,"American Express Travel Related Services Company, Inc."
lounge-buddy.com,"American Express Travel Related Services Company, Inc."
loungebro.com,"American Express Travel Related Services Company, Inc."
loungebuddy.ae,"American Express Travel Related Services Company, Inc."
loungebuddy.ch,American Express Company
loungebuddy.com,"American Express Travel Related Services Company, Inc."
loungebuddy.cz,"American Express Travel Related Services Company, Inc."
loungebuddy.es,American Express Company
loungebuddy.in,"American Express Travel Related Services Company, Inc."
loungebuddy.net,"American Express Travel Related Services Company, Inc."
loungebuddy.ph,"American Express Travel Related Services Company, Inc."
loungebuddyapp.com,"American Express Travel Related Services Company, Inc."
loungefriend.com,"American Express Travel Related Services Company, Inc."
loungepal.com,"American Express Travel Related Services Company, Inc."
love-amex.com,"American Express Travel Related Services Company, Inc."
lovediningamex.com,"American Express Travel Related Services Company, Inc."
lovesexamericanexpress.com,"American Express Travel Related Services Company, Inc."
lowinterestamericanexpress.com,"American Express Travel Related Services Company, Inc."
lowinterestamericanexpresscard.com,"American Express Travel Related Services Company, Inc."
loyalty-edge.com,"American Express Travel Related Services Company, Inc."
loyaltyedgeaxp.com,"American Express Travel Related Services Company, Inc."
loyaltyedgefromamericanexpress.com,"American Express Travel Related Services Company, Inc."
luxblackcard.com,"American Express Travel Related Services Company, Inc."
macartebusiness.com,"American Express Travel Related Services Company, Inc."
madepossiblebyamericanexpress.com,"American Express Travel Related Services Company, Inc."
madridsecreto.com,"American Express Travel Related Services Company, Inc."
magazineselect.com,"American Express Travel Related Services Company, Inc."
magazineselect.net,"American Express Travel Related Services Company, Inc."
mailforbiz.com,"American Express Travel Related Services Company, Inc."
mainstreetmonday.com,"American Express Travel Related Services Company, Inc."
mainstreetmonday.net,"American Express Travel Related Services Company, Inc."
mainstreetmonday.org,"American Express Travel Related Services Company, Inc."
maisprivilegios.com,"American Express Travel Related Services Company, Inc."
makeliferewarding.com,"American Express Travel Related Services Company, Inc."
mamericanexpress.com,"American Express Travel Related Services Company, Inc."
mamericanexpress.net,"American Express Travel Related Services Company, Inc."
mamericanexpress.org,"American Express Travel Related Services Company, Inc."
market3d.com,"American Express Travel Related Services Company, Inc."
marketingengagementtool.com,"American Express Travel Related Services Company, Inc."
match-amex.com,"American Express Travel Related Services Company, Inc."
maxvantage.com,"American Express Travel Related Services Company, Inc."
maxvantagemeetings.com,"American Express Travel Related Services Company, Inc."
mbnaamericanexpress.com,"American Express Travel Related Services Company, Inc."
mbnarewardsamericanexpresscard.com,"American Express Travel Related Services Company, Inc."
mcacllumprintgroup.com,"American Express Travel Related Services Company, Inc."
mccallmuprintgroup.com,"American Express Travel Related Services Company, Inc."
mccallumpirntgroup.com,"American Express Travel Related Services Company, Inc."
mccallumprintgorup.com,"American Express Travel Related Services Company, Inc."
mccallumprnitgroup.com,"American Express Travel Related Services Company, Inc."
meal-card.com,"American Express Travel Related Services Company, Inc."
meal-card.in,"American Express Travel Related Services Company, Inc."
mealcards.in,"American Express Travel Related Services Company, Inc."
mebmershiprewards.com,"American Express Travel Related Services Company, Inc."
mediamanager.com,"American Express Travel Related Services Company, Inc."
meetingesxpert.com,"American Express Travel Related Services Company, Inc."
meetingesxperttodolist.com,"American Express Travel Related Services Company, Inc."
meetingexpert.com,"American Express Travel Related Services Company, Inc."
meetingsadvantage.com,"American Express Travel Related Services Company, Inc."
meetingsadvantageexpert.com,"American Express Travel Related Services Company, Inc."
meetingsexperttdoolist.com,"American Express Travel Related Services Company, Inc."
meetingsexpret.com,"American Express Travel Related Services Company, Inc."
meetingsexprettodolist.com,"American Express Travel Related Services Company, Inc."
meetingsxepert.com,"American Express Travel Related Services Company, Inc."
meetingsxeperttodolist.com,"American Express Travel Related Services Company, Inc."
meetnigsexpert.com,"American Express Travel Related Services Company, Inc."
meetnigsexperttodolist.com,"American Express Travel Related Services Company, Inc."
memberenclosure.com,"American Express Travel Related Services Company, Inc."
memberhipsrewards.com,"American Express Travel Related Services Company, Inc."
memberproject.com,"American Express Travel Related Services Company, Inc."
memberproject.net,"American Express Travel Related Services Company, Inc."
memberproject.org,"American Express Travel Related Services Company, Inc."
memberrewardsamericanexpress.com,"American Express Travel Related Services Company, Inc."
membersgive.com,"American Express Travel Related Services Company, Inc."
membersgive.org,"American Express Travel Related Services Company, Inc."
membership-rewards.asia,"American Express Travel Related Services Company, Inc."
membershipbanking.com,"American Express Travel Related Services Company, Inc."
membershipbanking.info,"American Express Travel Related Services Company, Inc."
membershipbanking.us,"American Express Travel Related Services Company, Inc."
membershipchangeseverything.com,"American Express Travel Related Services Company, Inc."
membershipeffect.com,"American Express Travel Related Services Company, Inc."
membershipeffects.com,"American Express Travel Related Services Company, Inc."
membershipexperiences.com,"American Express Travel Related Services Company, Inc."
membershipprivileges.com,"American Express Travel Related Services Company, Inc."
membershiprewards.app,"American Express Travel Related Services Company, Inc."
membershiprewards.asia,"American Express Travel Related Services Company, Inc."
membershiprewards.at,"American Express Travel Related Services Company, Inc."
membershiprewards.cc,"American Express Travel Related Services Company, Inc."
membershiprewards.co.at,"American Express Travel Related Services Company, Inc."
membershiprewards.co.in,"American Express Travel Related Services Company, Inc."
membershiprewards.co.ug,"American Express Travel Related Services Company, Inc."
membershiprewards.com,"American Express Travel Related Services Company, Inc."
membershiprewards.info,"American Express Travel Related Services Company, Inc."
membershiprewards.mobi,"American Express Travel Related Services Company, Inc."
membershiprewards.travel,"American Express Travel Related Services Company, Inc."
membershiprewards.us,"American Express Travel Related Services Company, Inc."
membershiprewardsamericanexpress.com,"American Express Travel Related Services Company, Inc."
membershiprewardsbasic.com,"American Express Travel Related Services Company, Inc."
membershiprewardsexclusives.com,"American Express Travel Related Services Company, Inc."
membershiprewardsexpress.com,"American Express Travel Related Services Company, Inc."
membershiprewardsfirst.com,"American Express Travel Related Services Company, Inc."
membershiprewardsholiday.com,"American Express Travel Related Services Company, Inc."
membershiprewardslac.com,"American Express Travel Related Services Company, Inc."
membershiprewardsmall.com,"American Express Travel Related Services Company, Inc."
membershiprewardspr.com,"American Express Travel Related Services Company, Inc."
membershiprewardspremium.com,"American Express Travel Related Services Company, Inc."
membershiprewardsredlaser.com,"American Express Travel Related Services Company, Inc."
membershiprewardss.com,"American Express Travel Related Services Company, Inc."
membershiprewardsshopping.com,"American Express Travel Related Services Company, Inc."
membershiprewardstravel.com,"American Express Travel Related Services Company, Inc."
membershipshiprewards.com,"American Express Travel Related Services Company, Inc."
membershipsrewards.com,"American Express Travel Related Services Company, Inc."
membersince.com,"American Express Travel Related Services Company, Inc."
membersknow.co.in,"American Express Travel Related Services Company, Inc."
membersknow.com,"American Express Travel Related Services Company, Inc."
membersknow.com.ph,"American Express Travel Related Services Company, Inc."
membersknow.in,"American Express Travel Related Services Company, Inc."
membersknow.info,"American Express Travel Related Services Company, Inc."
membersknow.net,"American Express Travel Related Services Company, Inc."
membersknow.ph,"American Express Travel Related Services Company, Inc."
membersknow.us,"American Express Travel Related Services Company, Inc."
membersproject.com,"American Express Travel Related Services Company, Inc."
membersproject.net,"American Express Travel Related Services Company, Inc."
membersproject.org,"American Express Travel Related Services Company, Inc."
membersprojects.com,"American Express Travel Related Services Company, Inc."
membesrhiprewards.com,"American Express Travel Related Services Company, Inc."
membreshiprewards.com,"American Express Travel Related Services Company, Inc."
memebrshiprewards.com,"American Express Travel Related Services Company, Inc."
memmbershiprewards.com,"American Express Travel Related Services Company, Inc."
merchantfinancing.com,"American Express Travel Related Services Company, Inc."
merchantstoriesamericanexpress.com,"American Express Travel Related Services Company, Inc."
mericanexpres.com,"American Express Travel Related Services Company, Inc."
mericanexpress.com,"American Express Travel Related Services Company, Inc."
mezi.com,"American Express Travel Related Services Company, Inc."
mezi.in,"American Express Travel Related Services Company, Inc."
mezi.io,"American Express Travel Related Services Company, Inc."
mezi.us,"American Express Travel Related Services Company, Inc."
meziapp.com,"American Express Travel Related Services Company, Inc."
middleamericaexpress.com,"American Express Travel Related Services Company, Inc."
mintamex.com,"American Express Travel Related Services Company, Inc."
mintyour.com,"American Express Travel Related Services Company, Inc."
mintyourcard.com,"American Express Travel Related Services Company, Inc."
mintyourknow.com,"American Express Travel Related Services Company, Inc."
mintyourmovie.com,"American Express Travel Related Services Company, Inc."
mintyourmusic.com,"American Express Travel Related Services Company, Inc."
mintyourrewards.com,"American Express Travel Related Services Company, Inc."
mintyourride.com,"American Express Travel Related Services Company, Inc."
mintyourstyle.com,"American Express Travel Related Services Company, Inc."
misrazonesamex.com,"American Express Travel Related Services Company, Inc."
misrazonesamexmas.com,"American Express Travel Related Services Company, Inc."
mlmcv.com,"American Express Travel Related Services Company, Inc."
mm-amex.com,"American Express Travel Related Services Company, Inc."
mmchicago.com,"American Express Travel Related Services Company, Inc."
mmebershiprewards.com,"American Express Travel Related Services Company, Inc."
mmleads.com,"American Express Travel Related Services Company, Inc."
mmlifemycard.com,"American Express Travel Related Services Company, Inc."
mmmchicago.com,"American Express Travel Related Services Company, Inc."
mmmmchicago.com,"American Express Travel Related Services Company, Inc."
mmylifemycard.com,"American Express Travel Related Services Company, Inc."
mobilesyncmiddleware.com,"American Express Travel Related Services Company, Inc."
mobilextend.com,"American Express Travel Related Services Company, Inc."
moneymadepossiblebyamericanexpress.com,"American Express Travel Related Services Company, Inc."
moneynighttalk.com,"American Express Travel Related Services Company, Inc."
morepointsmoretreats.com,"American Express Travel Related Services Company, Inc."
mrbonuspoints.com,"American Express Travel Related Services Company, Inc."
mrbonuspointsmall.com,"American Express Travel Related Services Company, Inc."
mrcreativebuilder.com,"American Express Travel Related Services Company, Inc."
mrpoints.info,"American Express Travel Related Services Company, Inc."
mrpoints.net,"American Express Travel Related Services Company, Inc."
mrpoints.org,"American Express Travel Related Services Company, Inc."
my-americanexpress.com,"American Express Travel Related Services Company, Inc."
my-americanexpresscards.net,"American Express Travel Related Services Company, Inc."
my-amex.com,"American Express Travel Related Services Company, Inc."
my-life-my-credit-cards.com,"American Express Travel Related Services Company, Inc."
myaev.com,"American Express Travel Related Services Company, Inc."
myaevi.com,"American Express Travel Related Services Company, Inc."
myamericanexpress.com,"American Express Travel Related Services Company, Inc."
myamericanexpress.mobi,"American Express Travel Related Services Company, Inc."
myamericanexpress.net,"American Express Travel Related Services Company, Inc."
myamericanexpressaccount.com,"American Express Travel Related Services Company, Inc."
myamericanexpresscard.com,"American Express Travel Related Services Company, Inc."
myamericanexpresscards.com,"American Express Travel Related Services Company, Inc."
myamericanexpresscreditcard.com,"American Express Travel Related Services Company, Inc."
myamericanexpressidea.com,"American Express Travel Related Services Company, Inc."
myamex.com,"American Express Travel Related Services Company, Inc."
myamex.net,"American Express Travel Related Services Company, Inc."
myamex.org,"American Express Travel Related Services Company, Inc."
myamex.us,"American Express Travel Related Services Company, Inc."
myamexadvisor.com,"American Express Travel Related Services Company, Inc."
myamexbenefits.com,"American Express Travel Related Services Company, Inc."
myamexcard.com,"American Express Travel Related Services Company, Inc."
myamexcard.info,"American Express Travel Related Services Company, Inc."
myamexcards.com,"American Express Travel Related Services Company, Inc."
myamexcareer.com,"American Express Travel Related Services Company, Inc."
myamexcash.com,"American Express Travel Related Services Company, Inc."
myamexcashcard.com,"American Express Travel Related Services Company, Inc."
myamexcreditcard.com,"American Express Travel Related Services Company, Inc."
myamexeveryday.com,"American Express Travel Related Services Company, Inc."
myamexeverydaypreferred.com,"American Express Travel Related Services Company, Inc."
myamexevryday.com,"American Express Travel Related Services Company, Inc."
myamexgiftcard.com,"American Express Travel Related Services Company, Inc."
myamexgiftcard.in,"American Express Travel Related Services Company, Inc."
myamexhr.com,"American Express Travel Related Services Company, Inc."
myamexmealcard.com,"American Express Travel Related Services Company, Inc."
myamexmealcard.in,"American Express Travel Related Services Company, Inc."
myamexmint.com,"American Express Travel Related Services Company, Inc."
myamexsecurepaycard.com,"American Express Travel Related Services Company, Inc."
myamexshopping.com,"American Express Travel Related Services Company, Inc."
myamextravel.com,"American Express Travel Related Services Company, Inc."
myamexwallet.com,"American Express Travel Related Services Company, Inc."
myamexweb.com,"American Express Travel Related Services Company, Inc."
myamexweb.net,"American Express Travel Related Services Company, Inc."
myamexweb.org,"American Express Travel Related Services Company, Inc."
myblackcard.ae,"American Express Travel Related Services Company, Inc."
myblackcard.co.in,"American Express Travel Related Services Company, Inc."
myblackcard.com.ru,"American Express Travel Related Services Company, Inc."
myblackcard.in,"American Express Travel Related Services Company, Inc."
myblackcard.ru,"American Express Travel Related Services Company, Inc."
myblackcard.sx,"American Express Travel Related Services Company, Inc."
myblackcardrewards.ae,"American Express Travel Related Services Company, Inc."
myblackcardrewards.co.in,"American Express Travel Related Services Company, Inc."
myblackcardrewards.in,"American Express Travel Related Services Company, Inc."
myblackcardrewards.ru,"American Express Travel Related Services Company, Inc."
myblackcards.com,"American Express Travel Related Services Company, Inc."
myblackcards.mobi,"American Express Travel Related Services Company, Inc."
myblackcards.net,"American Express Travel Related Services Company, Inc."
myblackcards.org,"American Express Travel Related Services Company, Inc."
mybrazilianblackcard.com,"American Express Travel Related Services Company, Inc."
mybrazilianblackcard.info,"American Express Travel Related Services Company, Inc."
mybrazilianblackcard.mobi,"American Express Travel Related Services Company, Inc."
mybrazilianblackcard.net,"American Express Travel Related Services Company, Inc."
mybrazilianblackcard.us,"American Express Travel Related Services Company, Inc."
mycardamericanexpress.com,"American Express Travel Related Services Company, Inc."
mycardcan.com,"American Express Travel Related Services Company, Inc."
mycardcan.net,"American Express Travel Related Services Company, Inc."
mycardmylife.com,"American Express Travel Related Services Company, Inc."
mycardmylife.mobi,"American Express Travel Related Services Company, Inc."
mycardprivileges.com,"American Express Travel Related Services Company, Inc."
mycardsmylife.com,"American Express Travel Related Services Company, Inc."
mycoolplanet.com,"American Express Travel Related Services Company, Inc."
mycreativepotential.com,"American Express Travel Related Services Company, Inc."
mycreditaware.com,"American Express Travel Related Services Company, Inc."
mydacoda.com,"American Express Travel Related Services Company, Inc."
myexpresspay.com,"American Express Travel Related Services Company, Inc."
myfhr.com,"American Express Travel Related Services Company, Inc."
myfhr2.com,"American Express Travel Related Services Company, Inc."
myfhrportal.com,"American Express Travel Related Services Company, Inc."
mygreenbenefits.com,"American Express Travel Related Services Company, Inc."
myhecticlife.com,"American Express Travel Related Services Company, Inc."
myheticlife.com,"American Express Travel Related Services Company, Inc."
myindiagiftcard.co.in,"American Express Travel Related Services Company, Inc."
myindiagiftcard.in,"American Express Travel Related Services Company, Inc."
mykabbageexpenses.com,"American Express Travel Related Services Company, Inc."
mykrisflyeramericanexpresscard.com,"American Express Travel Related Services Company, Inc."
mylifeemycard.com,"American Express Travel Related Services Company, Inc."
mylifeeycard.com,"American Express Travel Related Services Company, Inc."
mylifemmcard.com,"American Express Travel Related Services Company, Inc."
mylifemmycard.com,"American Express Travel Related Services Company, Inc."
mylifemyacrd.com,"American Express Travel Related Services Company, Inc."
mylifemycaad.com,"American Express Travel Related Services Company, Inc."
mylifemycaard.com,"American Express Travel Related Services Company, Inc."
mylifemycard.com,"American Express Travel Related Services Company, Inc."
mylifemycard.info,"American Express Travel Related Services Company, Inc."
mylifemycard.mobi,"American Express Travel Related Services Company, Inc."
mylifemycard.org,"American Express Travel Related Services Company, Inc."
mylifemycard.travel,"American Express Travel Related Services Company, Inc."
mylifemycardd.com,"American Express Travel Related Services Company, Inc."
mylifemycardmobileoffers.com,"American Express Travel Related Services Company, Inc."
mylifemycards.com,"American Express Travel Related Services Company, Inc."
mylifemycards.info,"American Express Travel Related Services Company, Inc."
mylifemycards.net,"American Express Travel Related Services Company, Inc."
mylifemycards.org,"American Express Travel Related Services Company, Inc."
mylifemycarr.com,"American Express Travel Related Services Company, Inc."
mylifemycarrd.com,"American Express Travel Related Services Company, Inc."
mylifemyccard.com,"American Express Travel Related Services Company, Inc."
mylifemyccrd.com,"American Express Travel Related Services Company, Inc."
mylifemyyard.com,"American Express Travel Related Services Company, Inc."
mylifemyycard.com,"American Express Travel Related Services Company, Inc."
mylifeymcard.com,"American Express Travel Related Services Company, Inc."
myliffemycard.com,"American Express Travel Related Services Company, Inc."
myliffmycard.com,"American Express Travel Related Services Company, Inc."
mylifmeycard.com,"American Express Travel Related Services Company, Inc."
myliiemycard.com,"American Express Travel Related Services Company, Inc."
myliifemycard.com,"American Express Travel Related Services Company, Inc."
myllfemycard.com,"American Express Travel Related Services Company, Inc."
myllifemycard.com,"American Express Travel Related Services Company, Inc."
mymintamex.com,"American Express Travel Related Services Company, Inc."
mymintcard.com,"American Express Travel Related Services Company, Inc."
mymintlife.com,"American Express Travel Related Services Company, Inc."
mypinkamericanexpress.com,"American Express Travel Related Services Company, Inc."
myprepaidcard.co.in,"American Express Travel Related Services Company, Inc."
myprepaidcard.in,"American Express Travel Related Services Company, Inc."
myrewardstory.com,"American Express Travel Related Services Company, Inc."
mytermscard.com,"American Express Travel Related Services Company, Inc."
mytermscard.net,"American Express Travel Related Services Company, Inc."
mytogether.com,"American Express Travel Related Services Company, Inc."
mytraveldeals.com,"American Express Travel Related Services Company, Inc."
mytravelprivileges.com,"American Express Travel Related Services Company, Inc."
mytrueearnings.com,"American Express Travel Related Services Company, Inc."
mywishlist.mobi,"American Express Travel Related Services Company, Inc."
mywishlistamericanexpress.com,"American Express Travel Related Services Company, Inc."
myyifemycard.com,"American Express Travel Related Services Company, Inc."
myylifemycard.com,"American Express Travel Related Services Company, Inc."
myzyncmadepossiblebyamericanexpress.com,"American Express Travel Related Services Company, Inc."
naivgateyourgreat.com,"American Express Travel Related Services Company, Inc."
namericanexpress.com,"American Express Travel Related Services Company, Inc."
nasdaq-amexwebcast.com,"American Express Travel Related Services Company, Inc."
nativeamericanexpressions.com,"American Express Travel Related Services Company, Inc."
naturejunky.com,"American Express Travel Related Services Company, Inc."
navigateyorugreat.com,"American Express Travel Related Services Company, Inc."
navigateyourgerat.com,"American Express Travel Related Services Company, Inc."
navigateyuorgreat.com,"American Express Travel Related Services Company, Inc."
nectarpointsfaster.com,"American Express Travel Related Services Company, Inc."
neofuseamericanexpress.com,"American Express Travel Related Services Company, Inc."
netappsaccess.com,"American Express Travel Related Services Company, Inc."
netfunds.com,"American Express Travel Related Services Company, Inc."
netfundstest.com,"American Express Travel Related Services Company, Inc."
netserviceaccess.cc,"American Express Travel Related Services Company, Inc."
netserviceaccess.com,"American Express Travel Related Services Company, Inc."
netserviceaccess.info,"American Express Travel Related Services Company, Inc."
netserviceaccess.net,"American Express Travel Related Services Company, Inc."
netserviceaccess.org,"American Express Travel Related Services Company, Inc."
netserviceaccess.us,"American Express Travel Related Services Company, Inc."
netserviceeurope.com,"American Express Travel Related Services Company, Inc."
neverbelowzero.com,"American Express Travel Related Services Company, Inc."
newamericanexpress.com,"American Express Travel Related Services Company, Inc."
newamericanexpress.net,"American Express Travel Related Services Company, Inc."
newamericanexpressonline.com,"American Express Travel Related Services Company, Inc."
newcardgold.com,"American Express Travel Related Services Company, Inc."
newnormalquiz.com,"American Express Travel Related Services Company, Inc."
newnormquiz.com,"American Express Travel Related Services Company, Inc."
nextcontenders.com,"American Express Travel Related Services Company, Inc."
nextpedition.com,"American Express Travel Related Services Company, Inc."
nfcamericanexpress.com,"American Express Travel Related Services Company, Inc."
no1americanexpress.com,"American Express Travel Related Services Company, Inc."
noamericanexpress.com,"American Express Travel Related Services Company, Inc."
nobluebird.com,"American Express Travel Related Services Company, Inc."
nodigaspuravidasinella.com,"American Express Travel Related Services Company, Inc."
nofeeamericanexpress.com,"American Express Travel Related Services Company, Inc."
nomoreamericanexpressforme.com,"American Express Travel Related Services Company, Inc."
northamerican-express.net,"American Express Travel Related Services Company, Inc."
northamericanexpress.com,"American Express Travel Related Services Company, Inc."
northamericanexpressbancorp.com,"American Express Travel Related Services Company, Inc."
northamericanexpresstravel.com,"American Express Travel Related Services Company, Inc."
northamericanexpresstravelgroup.com,"American Express Travel Related Services Company, Inc."
northamericanrxexpress.com,"American Express Travel Related Services Company, Inc."
notsoamericanexpress.com,"American Express Travel Related Services Company, Inc."
nowopen.com,"American Express Travel Related Services Company, Inc."
nowopen.mobi,"American Express Travel Related Services Company, Inc."
nta-amexpress.com,"American Express Travel Related Services Company, Inc."
nvaigateyourgreat.com,"American Express Travel Related Services Company, Inc."
nyipz.org,"American Express Travel Related Services Company, Inc."
nyknickscard.com,"American Express Travel Related Services Company, Inc."
nyrangerscard.com,"American Express Travel Related Services Company, Inc."
oamericanexpress.com,"American Express Travel Related Services Company, Inc."
oenamericanexpress.com,"American Express Travel Related Services Company, Inc."
offer-zone.com,"American Express Travel Related Services Company, Inc."
offer-zone.net,"American Express Travel Related Services Company, Inc."
offersandexperiences.com,"American Express Travel Related Services Company, Inc."
offerswithamex.com,"American Express Travel Related Services Company, Inc."
offerzone.net,"American Express Travel Related Services Company, Inc."
officialamericanexpressvacations.com,"American Express Travel Related Services Company, Inc."
officialcard.com,"American Express Travel Related Services Company, Inc."
ofkabbage.com,"American Express Travel Related Services Company, Inc."
on-dit-yes.com,"American Express Travel Related Services Company, Inc."
on-lineamericanexpressfinancial.info,"American Express Travel Related Services Company, Inc."
onamericanexpress.net,"American Express Travel Related Services Company, Inc."
one-americanexpress.com,"American Express Travel Related Services Company, Inc."
one.travel,"American Express Travel Related Services Company, Inc."
oneamericanexpress.com,"American Express Travel Related Services Company, Inc."
oneamex.app,"American Express Travel Related Services Company, Inc."
oneamex.com,"American Express Travel Related Services Company, Inc."
oneamex.net,"American Express Travel Related Services Company, Inc."
oneamex.org,"American Express Travel Related Services Company, Inc."
oneamex.us,"American Express Travel Related Services Company, Inc."
oneamexcard.com,"American Express Travel Related Services Company, Inc."
oneamexcard.info,"American Express Travel Related Services Company, Inc."
oneamexcard.net,"American Express Travel Related Services Company, Inc."
oneamexcard.org,"American Express Travel Related Services Company, Inc."
oneamexcard.us,"American Express Travel Related Services Company, Inc."
oneamexcards.com,"American Express Travel Related Services Company, Inc."
oneamexccard.info,"American Express Travel Related Services Company, Inc."
onefromamericanexpress.com,"American Express Travel Related Services Company, Inc."
onehelping.org,"American Express Travel Related Services Company, Inc."
oneidentity.info,"American Express Travel Related Services Company, Inc."
oneidentity.us,"American Express Travel Related Services Company, Inc."
onemaexcards.com,"American Express Travel Related Services Company, Inc."
oneworldamericanexpress.com,"American Express Travel Related Services Company, Inc."
online-americanexpress.com,"American Express Travel Related Services Company, Inc."
onlineamericanexpress.com,"American Express Travel Related Services Company, Inc."
onlineamericanexpress.net,"American Express Travel Related Services Company, Inc."
onlineappfactor.com,"American Express Travel Related Services Company, Inc."
onlinecasinoacceptingamericanexpress.com,"American Express Travel Related Services Company, Inc."
onlinecasinoamericanexpress.com,"American Express Travel Related Services Company, Inc."
onlinecasinoamericanexpress.info,"American Express Travel Related Services Company, Inc."
onlinecasinoamericanexpress.net,"American Express Travel Related Services Company, Inc."
onlinecasinosacceptingamericanexpress.com,"American Express Travel Related Services Company, Inc."
onlinecasinosamericanexpress.com,"American Express Travel Related Services Company, Inc."
onlinelinklikelove.com,"American Express Travel Related Services Company, Inc."
onlinemanager.com,"American Express Travel Related Services Company, Inc."
onlinemerchantcredit.com,"American Express Travel Related Services Company, Inc."
onlinemerchantfinance.com,"American Express Travel Related Services Company, Inc."
onlinemerchantloan.com,"American Express Travel Related Services Company, Inc."
onlinemerchantloans.com,"American Express Travel Related Services Company, Inc."
onlineselleradvice.com,"American Express Travel Related Services Company, Inc."
onlinesellercredit.com,"American Express Travel Related Services Company, Inc."
onlinesellerfactor.com,"American Express Travel Related Services Company, Inc."
onlinesellerfinance.com,"American Express Travel Related Services Company, Inc."
onlinesellerloan.com,"American Express Travel Related Services Company, Inc."
onlinesellerloans.com,"American Express Travel Related Services Company, Inc."
onlinestorefactor.com,"American Express Travel Related Services Company, Inc."
onlinewednesday.com,"American Express Travel Related Services Company, Inc."
onmicomicorcsafe.xyz,primary
onmyterms.net,"American Express Travel Related Services Company, Inc."
onmytermscard.com,"American Express Travel Related Services Company, Inc."
onmytermscard.net,"American Express Travel Related Services Company, Inc."
opeamericanexpress.com,"American Express Travel Related Services Company, Inc."
opeanmericanexpress.com,"American Express Travel Related Services Company, Inc."
opemamericanexpres.com,"American Express Travel Related Services Company, Inc."
open-rocco.com,"American Express Travel Related Services Company, Inc."
open.buzz,"American Express Travel Related Services Company, Inc."
open.com,"American Express Travel Related Services Company, Inc."
open.travel,"American Express Travel Related Services Company, Inc."
openacceptpay.com,"American Express Travel Related Services Company, Inc."
openamercanexpress.com,"American Express Travel Related Services Company, Inc."
openamercianexpress.com,"American Express Travel Related Services Company, Inc."
openamerecanexpress.com,"American Express Travel Related Services Company, Inc."
openamerianexpress.com,"American Express Travel Related Services Company, Inc."
openamericaexpress.com,"American Express Travel Related Services Company, Inc."
openamericamexpress.com,"American Express Travel Related Services Company, Inc."
openamericanesxpress.com,"American Express Travel Related Services Company, Inc."
openamericanexpres.com,"American Express Travel Related Services Company, Inc."
openamericanexpress.com,"American Express Travel Related Services Company, Inc."
openamericanexpress.info,"American Express Travel Related Services Company, Inc."
openamericanexpress.net,"American Express Travel Related Services Company, Inc."
openamericanexpress.travel,"American Express Travel Related Services Company, Inc."
openamericanexpress.us,"American Express Travel Related Services Company, Inc."
openamericanexpresz.com,"American Express Travel Related Services Company, Inc."
openamericanxpress.com,"American Express Travel Related Services Company, Inc."
openamericenexpress.com,"American Express Travel Related Services Company, Inc."
openamericnaexpress.com,"American Express Travel Related Services Company, Inc."
openamericnexpress.com,"American Express Travel Related Services Company, Inc."
openamericonexpress.com,"American Express Travel Related Services Company, Inc."
openamerikanexpress.com,"American Express Travel Related Services Company, Inc."
openamerivanexpress.com,"American Express Travel Related Services Company, Inc."
openamerocanexpress.com,"American Express Travel Related Services Company, Inc."
openamerucanexpress.com,"American Express Travel Related Services Company, Inc."
openbigbreak.com,"American Express Travel Related Services Company, Inc."
openbillpay.com,"American Express Travel Related Services Company, Inc."
openbiztravel.com,"American Express Travel Related Services Company, Inc."
openbiztravel.net,"American Express Travel Related Services Company, Inc."
openbiztravel.org,"American Express Travel Related Services Company, Inc."
openbrandcenter.com,"American Express Travel Related Services Company, Inc."
openbrandcoe.com,"American Express Travel Related Services Company, Inc."
openbusinessmarket.com,"American Express Travel Related Services Company, Inc."
openbusinessowners.com,"American Express Travel Related Services Company, Inc."
openbusinessplatinum.com,"American Express Travel Related Services Company, Inc."
openbusinesstravel.com,"American Express Travel Related Services Company, Inc."
openbusinesstravel.net,"American Express Travel Related Services Company, Inc."
openbusinesstravel.org,"American Express Travel Related Services Company, Inc."
openbusinestravel.com,"American Express Travel Related Services Company, Inc."
opencardmembers.com,"American Express Travel Related Services Company, Inc."
opendialogue.biz,"American Express Travel Related Services Company, Inc."
opendialogue.info,"American Express Travel Related Services Company, Inc."
opendialogue.tv,"American Express Travel Related Services Company, Inc."
opendialogue.us,"American Express Travel Related Services Company, Inc."
openforum.com,"American Express Travel Related Services Company, Inc."
openforum.mobi,"American Express Travel Related Services Company, Inc."
openforumblog.com,"American Express Travel Related Services Company, Inc."
openforumonline.mobi,"American Express Travel Related Services Company, Inc."
openfoum.com,"American Express Travel Related Services Company, Inc."
openfromamericanexpress.com,"American Express Travel Related Services Company, Inc."
openfromamericanexpress.mobi,"American Express Travel Related Services Company, Inc."
openinboston.com,"American Express Travel Related Services Company, Inc."
openinchicago.com,"American Express Travel Related Services Company, Inc."
openinla.com,"American Express Travel Related Services Company, Inc."
openinsightexchange.com,"American Express Travel Related Services Company, Inc."
openinteractivecollateral.com,"American Express Travel Related Services Company, Inc."
openleadassist.com,"American Express Travel Related Services Company, Inc."
openmembersmarket.com,"American Express Travel Related Services Company, Inc."
opennewyorkcity.com,"American Express Travel Related Services Company, Inc."
openpayables.com,"American Express Travel Related Services Company, Inc."
openphilly.com,"American Express Travel Related Services Company, Inc."
openphoenix.com,"American Express Travel Related Services Company, Inc."
openplatinum.com,"American Express Travel Related Services Company, Inc."
openplumplus1.com,"American Express Travel Related Services Company, Inc."
openplumplusone.com,"American Express Travel Related Services Company, Inc."
openreceivables.com,"American Express Travel Related Services Company, Inc."
openrecommend.com,"American Express Travel Related Services Company, Inc."
openrocco.com,"American Express Travel Related Services Company, Inc."
opensanfrancisco.com,"American Express Travel Related Services Company, Inc."
opensavings.com,"American Express Travel Related Services Company, Inc."
opensavings.mobi,"American Express Travel Related Services Company, Inc."
opensavingsbuyer.com,"American Express Travel Related Services Company, Inc."
opensavingscalculator.com,"American Express Travel Related Services Company, Inc."
opensavingsdirect.com,"American Express Travel Related Services Company, Inc."
opensavingsmarket.com,"American Express Travel Related Services Company, Inc."
opensavingsmarketplace.com,"American Express Travel Related Services Company, Inc."
opensavingsstore.com,"American Express Travel Related Services Company, Inc."
opensearchedge.com,"American Express Travel Related Services Company, Inc."
opensearchmanager.com,"American Express Travel Related Services Company, Inc."
opensearchmarketing.com,"American Express Travel Related Services Company, Inc."
opensmallbusiness.com,"American Express Travel Related Services Company, Inc."
opensmallbusiness.info,"American Express Travel Related Services Company, Inc."
opensmericanexpress.com,"American Express Travel Related Services Company, Inc."
openyourbuzz.com,"American Express Travel Related Services Company, Inc."
operation-ae.com,"American Express Travel Related Services Company, Inc."
operationbackpack-amex.org,"American Express Travel Related Services Company, Inc."
opnamericanexpress.com,"American Express Travel Related Services Company, Inc."
opneamericanexpress.com,"American Express Travel Related Services Company, Inc."
opportunityinsight.com,"American Express Travel Related Services Company, Inc."
oprnamericanexpress.com,"American Express Travel Related Services Company, Inc."
optblue.com,"American Express Travel Related Services Company, Inc."
optblueamex.com,"American Express Travel Related Services Company, Inc."
optima.mobi,"American Express Travel Related Services Company, Inc."
optima.travel,"American Express Travel Related Services Company, Inc."
optima.us,"American Express Travel Related Services Company, Inc."
optimaamex.mobi,"American Express Travel Related Services Company, Inc."
opwnamericanexpress.com,"American Express Travel Related Services Company, Inc."
orchard-marketplace.com,"American Express Travel Related Services Company, Inc."
orchard-markets.com,"American Express Travel Related Services Company, Inc."
orchard-platform.com,"American Express Travel Related Services Company, Inc."
orchardplatform.com,"American Express Travel Related Services Company, Inc."
orchardplatformmarkets.com,"American Express Travel Related Services Company, Inc."
orderamericanexpresscard.com,"American Express Travel Related Services Company, Inc."
orders-americanexpress.com,"American Express Travel Related Services Company, Inc."
ouramericanexpress.com,"American Express Travel Related Services Company, Inc."
ousontlesguichets.com,"American Express Travel Related Services Company, Inc."
outamericanexpress.com,"American Express Travel Related Services Company, Inc."
paeve.com,"American Express Travel Related Services Company, Inc."
pamericanexpress.com,"American Express Travel Related Services Company, Inc."
panamericanexpress.com,"American Express Travel Related Services Company, Inc."
panamericanexpressmoving.com,"American Express Travel Related Services Company, Inc."
panamericanoexpress.com,"American Express Travel Related Services Company, Inc."
panamericanxpress.com,"American Express Travel Related Services Company, Inc."
partenaireamericanexpress.com,"American Express Travel Related Services Company, Inc."
partnerplus-americanexpress.com,"American Express Travel Related Services Company, Inc."
partnersamericanexpress.com,"American Express Travel Related Services Company, Inc."
partnersinpreservation.com,"American Express Travel Related Services Company, Inc."
partnersinpreservation.org,"American Express Travel Related Services Company, Inc."
partnerwithkabbage.com,"American Express Travel Related Services Company, Inc."
pasaporte-entretenimiento.com,"American Express Travel Related Services Company, Inc."
pasaporte-gourmet.com,"American Express Travel Related Services Company, Inc."
pasaporte-vip.com,"American Express Travel Related Services Company, Inc."
pasaporteamex.com,"American Express Travel Related Services Company, Inc."
pasaporteplatinum.com,"American Express Travel Related Services Company, Inc."
passaporteamex-bradesco.com,"American Express Travel Related Services Company, Inc."
passaporteamex.com,"American Express Travel Related Services Company, Inc."
passaporteamexbr.com,"American Express Travel Related Services Company, Inc."
passaporteamexbradesco.com,"American Express Travel Related Services Company, Inc."
passaporteamexglobal.com,"American Express Travel Related Services Company, Inc."
passaporteplatinum.com,"American Express Travel Related Services Company, Inc."
passaporteplatinumbr.com,"American Express Travel Related Services Company, Inc."
passaporteplatinumcard.com,"American Express Travel Related Services Company, Inc."
pavss.com,"American Express Travel Related Services Company, Inc."
payamex.com,"American Express Travel Related Services Company, Inc."
paycenter.com,"American Express Travel Related Services Company, Inc."
payitplanit.com,"American Express Travel Related Services Company, Inc."
payitplanit.info,"American Express Travel Related Services Company, Inc."
payitplanit.net,"American Express Travel Related Services Company, Inc."
paymefool.com,"American Express Travel Related Services Company, Inc."
paymyamericanexpressbill.com,"American Express Travel Related Services Company, Inc."
payplace.com,"American Express Travel Related Services Company, Inc."
paysquare.net,"American Express Travel Related Services Company, Inc."
payve.asia,American Express Company
payve.com,"American Express Travel Related Services Company, Inc."
payve.us,"American Express Travel Related Services Company, Inc."
paywithamericanexpress.com,"American Express Travel Related Services Company, Inc."
paywithamex.com,"American Express Travel Related Services Company, Inc."
paywithkabbage.com,"American Express Travel Related Services Company, Inc."
paywithmyamericanexpress.com,"American Express Travel Related Services Company, Inc."
paywithpoints.com,"American Express Travel Related Services Company, Inc."
perdiemamericanexpress.com,"American Express Travel Related Services Company, Inc."
perdiemamericanexpress.net,"American Express Travel Related Services Company, Inc."
perdiemamex.com,"American Express Travel Related Services Company, Inc."
perdiemamex.net,"American Express Travel Related Services Company, Inc."
perfectlypairedvacations.com,"American Express Travel Related Services Company, Inc."
perfectlypairedvacations.net,"American Express Travel Related Services Company, Inc."
personalamericanexpress.com,"American Express Travel Related Services Company, Inc."
personalcurrency.com,"American Express Travel Related Services Company, Inc."
personalsavingamericanexpress.com,"American Express Travel Related Services Company, Inc."
personalsavings-americanexpress.com,"American Express Travel Related Services Company, Inc."
personalsavings.com,"American Express Travel Related Services Company, Inc."
personalsavingsamericanexpress.com,"American Express Travel Related Services Company, Inc."
peterberlinamericanexpress.com,"American Express Travel Related Services Company, Inc."
pineapplepalace.com,"American Express Travel Related Services Company, Inc."
pinkamericanexpress.com,"American Express Travel Related Services Company, Inc."
pinkamericanexpresscard.com,"American Express Travel Related Services Company, Inc."
pissonamericanexpress.com,"American Express Travel Related Services Company, Inc."
planetexchange.vip,"American Express Travel Related Services Company, Inc."
platformcash.com,"American Express Travel Related Services Company, Inc."
platformkabbage.com,"American Express Travel Related Services Company, Inc."
platformlend.com,"American Express Travel Related Services Company, Inc."
platformlender.com,"American Express Travel Related Services Company, Inc."
platformlender.net,"American Express Travel Related Services Company, Inc."
platformlending.net,"American Express Travel Related Services Company, Inc."
platformlendingsolution.com,"American Express Travel Related Services Company, Inc."
platformlendingsolution.net,"American Express Travel Related Services Company, Inc."
platformlendingsolutions.com,"American Express Travel Related Services Company, Inc."
platformloan.com,"American Express Travel Related Services Company, Inc."
platformloansolution.com,"American Express Travel Related Services Company, Inc."
platformloansolutions.com,"American Express Travel Related Services Company, Inc."
platformmoney.com,"American Express Travel Related Services Company, Inc."
platinum-amex.com,"American Express Travel Related Services Company, Inc."
platinum-demo.com,"American Express Travel Related Services Company, Inc."
platinum-demo.net,"American Express Travel Related Services Company, Inc."
platinum.asia,"American Express Travel Related Services Company, Inc."
platinumamericanexpress.com,"American Express Travel Related Services Company, Inc."
platinumamex.com,"American Express Travel Related Services Company, Inc."
platinumcard.asia,"American Express Travel Related Services Company, Inc."
platinumcard.com,"American Express Travel Related Services Company, Inc."
platinumcard.fi,"American Express Travel Related Services Company, Inc."
platinumcard.info,"American Express Travel Related Services Company, Inc."
platinumcard.travel,"American Express Travel Related Services Company, Inc."
platinumcard.us,"American Express Travel Related Services Company, Inc."
platinumconcierge.travel,"American Express Travel Related Services Company, Inc."
platinumforbusiness.com,"American Express Travel Related Services Company, Inc."
platinumlac.com,"American Express Travel Related Services Company, Inc."
playamericanexpresstrivia.com,"American Express Travel Related Services Company, Inc."
playyourpointsright.com,"American Express Travel Related Services Company, Inc."
plenti.com,"American Express Travel Related Services Company, Inc."
plenti.us,"American Express Travel Related Services Company, Inc."
plenti2gether.com,"American Express Travel Related Services Company, Inc."
plentiamex.net,"American Express Travel Related Services Company, Inc."
plenticomingsoon.com,"American Express Travel Related Services Company, Inc."
plentisavings.com,"American Express Travel Related Services Company, Inc."
plentitogether.com,"American Express Travel Related Services Company, Inc."
plentiwithani.com,"American Express Travel Related Services Company, Inc."
plenty.info,"American Express Travel Related Services Company, Inc."
plenty.net,"American Express Travel Related Services Company, Inc."
plenty2gether.com,"American Express Travel Related Services Company, Inc."
plentydiscounts.com,"American Express Travel Related Services Company, Inc."
plentyflex.com,"American Express Travel Related Services Company, Inc."
plentysavings.com,"American Express Travel Related Services Company, Inc."
plentytogether.com,"American Express Travel Related Services Company, Inc."
plumamericanexpress.com,"American Express Travel Related Services Company, Inc."
plumcard.com,"American Express Travel Related Services Company, Inc."
plumcard.net,"American Express Travel Related Services Company, Inc."
plumcardplus1.com,"American Express Travel Related Services Company, Inc."
plumcardplusone.com,"American Express Travel Related Services Company, Inc."
plumforbusiness.com,"American Express Travel Related Services Company, Inc."
pluminformation.com,"American Express Travel Related Services Company, Inc."
plumplus1.com,"American Express Travel Related Services Company, Inc."
plumplus1.net,"American Express Travel Related Services Company, Inc."
plumplusone.com,"American Express Travel Related Services Company, Inc."
plumplusone.net,"American Express Travel Related Services Company, Inc."
pocket-concierge.com,"American Express Travel Related Services Company, Inc."
pocket-concierge.net,"American Express Travel Related Services Company, Inc."
pocket-menu.net,"American Express Travel Related Services Company, Inc."
podcastamericanexpress.com,"American Express Travel Related Services Company, Inc."
poenamericanexpress.com,"American Express Travel Related Services Company, Inc."
poifinance.com,"American Express Travel Related Services Company, Inc."
poifinancing.com,"American Express Travel Related Services Company, Inc."
poifunding.com,"American Express Travel Related Services Company, Inc."
poifunds.com,"American Express Travel Related Services Company, Inc."
poilending.com,"American Express Travel Related Services Company, Inc."
poiloans.com,"American Express Travel Related Services Company, Inc."
pointofinvoice.com,"American Express Travel Related Services Company, Inc."
pointofinvoicefinance.com,"American Express Travel Related Services Company, Inc."
pointofinvoicefinancing.com,"American Express Travel Related Services Company, Inc."
pointofinvoicefunding.com,"American Express Travel Related Services Company, Inc."
pointofinvoicefunds.com,"American Express Travel Related Services Company, Inc."
pointofinvoicelending.com,"American Express Travel Related Services Company, Inc."
pointofinvoiceloans.com,"American Express Travel Related Services Company, Inc."
pointsadvance.com,"American Express Travel Related Services Company, Inc."
pokerblackcard.com,"American Express Travel Related Services Company, Inc."
pol-amextravel.com,"American Express Travel Related Services Company, Inc."
polamex.net,"American Express Travel Related Services Company, Inc."
polamex.org,"American Express Travel Related Services Company, Inc."
polamextravel.com,"American Express Travel Related Services Company, Inc."
poochamericanexpress.com,"American Express Travel Related Services Company, Inc."
poodleafficionado.com,"American Express Travel Related Services Company, Inc."
portal-americanexpress.com,"American Express Travel Related Services Company, Inc."
poweredbykabbage.com,"American Express Travel Related Services Company, Inc."
powersellerconnect.com,"American Express Travel Related Services Company, Inc."
pre-paidcards.in,"American Express Travel Related Services Company, Inc."
preauth.com,"American Express Travel Related Services Company, Inc."
preferredgold.travel,"American Express Travel Related Services Company, Inc."
preferredoffers.com,"American Express Travel Related Services Company, Inc."
preferredrewardsgreen.travel,"American Express Travel Related Services Company, Inc."
prefferredgold.travel,"American Express Travel Related Services Company, Inc."
premierprivileges.com,"American Express Travel Related Services Company, Inc."
premiosmagicosamericanexpress.com,"American Express Travel Related Services Company, Inc."
premiosmagicosdeamericanexpress.com,"American Express Travel Related Services Company, Inc."
premiumreturnprotection.com,"American Express Travel Related Services Company, Inc."
premiumreturnprotection.info,"American Express Travel Related Services Company, Inc."
premiumreturnprotection.net,"American Express Travel Related Services Company, Inc."
premiumreturnprotection.org,"American Express Travel Related Services Company, Inc."
premiumtraveloffers.com,"American Express Travel Related Services Company, Inc."
premiumtravelprivileges.com,"American Express Travel Related Services Company, Inc."
premiumtravelrewards.com,"American Express Travel Related Services Company, Inc."
prepaidamericanexpress.com,"American Express Travel Related Services Company, Inc."
prepaidamericanexpresscard.com,"American Express Travel Related Services Company, Inc."
prepaidamericanexpresscards.com,"American Express Travel Related Services Company, Inc."
prepaidamericanexpressgiftcard.com,"American Express Travel Related Services Company, Inc."
prepaidcardstore.co.in,"American Express Travel Related Services Company, Inc."
prepaidcardstore.in,"American Express Travel Related Services Company, Inc."
prepaidgiftcard.co.in,"American Express Travel Related Services Company, Inc."
prepaidgiftcard.in,"American Express Travel Related Services Company, Inc."
prestigiousblackcard.com,"American Express Travel Related Services Company, Inc."
primetravel-amex.com,"American Express Travel Related Services Company, Inc."
privateblackcard.com,"American Express Travel Related Services Company, Inc."
privateclientoffers.com,"American Express Travel Related Services Company, Inc."
privatesaleamericanexpress.com,"American Express Travel Related Services Company, Inc."
privatesaleamex.com,"American Express Travel Related Services Company, Inc."
privilegearea.com,"American Express Travel Related Services Company, Inc."
privilegegifts.in,"American Express Travel Related Services Company, Inc."
privilegiidliaputeshestvuiushih.ru,"American Express Travel Related Services Company, Inc."
privilegiosamex.com,"American Express Travel Related Services Company, Inc."
productivitycard.com,"American Express Travel Related Services Company, Inc."
productivityonline.cc,"American Express Travel Related Services Company, Inc."
productivityonline.info,"American Express Travel Related Services Company, Inc."
productivityonline.us,"American Express Travel Related Services Company, Inc."
productivitypoints.com,"American Express Travel Related Services Company, Inc."
productivityrewards.com,"American Express Travel Related Services Company, Inc."
productredamericanexpress.com,"American Express Travel Related Services Company, Inc."
productresourcecentre.com,"American Express Travel Related Services Company, Inc."
programprivileges.com,"American Express Travel Related Services Company, Inc."
promocaoamericanexpress.com,"American Express Travel Related Services Company, Inc."
promocionamericanexpress.com,"American Express Travel Related Services Company, Inc."
propelamericanexpress.com,"American Express Travel Related Services Company, Inc."
propelamericanexpresscards.com,"American Express Travel Related Services Company, Inc."
psb423.com,"American Express Travel Related Services Company, Inc."
ptm-amextravel.com,"American Express Travel Related Services Company, Inc."
qaamexrsi.com,"American Express Travel Related Services Company, Inc."
qaexp-dpd.com,"American Express Travel Related Services Company, Inc."
qamericanexpress.com,"American Express Travel Related Services Company, Inc."
qramericanexpress.com,"American Express Travel Related Services Company, Inc."
qramericanexpress.info,"American Express Travel Related Services Company, Inc."
radi.us,"American Express Travel Related Services Company, Inc."
radiidevs.com,"American Express Travel Related Services Company, Inc."
radiusintel.com,"American Express Travel Related Services Company, Inc."
radiusintelligence.com,"American Express Travel Related Services Company, Inc."
radiusmail.net,"American Express Travel Related Services Company, Inc."
rallyamericanexpress.com,"American Express Travel Related Services Company, Inc."
rallyamex.com,"American Express Travel Related Services Company, Inc."
ramandeepkaur.co.in,primary
ramericanexpress.com,"American Express Travel Related Services Company, Inc."
rateamericanexpress.com,"American Express Travel Related Services Company, Inc."
rateamericanexpress.net,"American Express Travel Related Services Company, Inc."
rateamericanexpressonline.com,"American Express Travel Related Services Company, Inc."
rateyourfhrstay.com,"American Express Travel Related Services Company, Inc."
rateyourhotelcollectionstay.com,"American Express Travel Related Services Company, Inc."
razamex.com,"American Express Travel Related Services Company, Inc."
realisethepotential.asia,"American Express Travel Related Services Company, Inc."
realisethepotential.at,"American Express Travel Related Services Company, Inc."
realisethepotential.com,"American Express Travel Related Services Company, Inc."
realisethepotential.in,"American Express Travel Related Services Company, Inc."
realisethepotential.info,"American Express Travel Related Services Company, Inc."
realisethepotential.net,"American Express Travel Related Services Company, Inc."
realisethepotential.org,"American Express Travel Related Services Company, Inc."
realiseyourpotential.asia,"American Express Travel Related Services Company, Inc."
realiseyourpotential.at,"American Express Travel Related Services Company, Inc."
realiseyourpotential.in,"American Express Travel Related Services Company, Inc."
realiseyourpotential.info,"American Express Travel Related Services Company, Inc."
realisez-le-potentiel.com,"American Express Travel Related Services Company, Inc."
realisezlepotentiel.com,"American Express Travel Related Services Company, Inc."
realizethepotencial.in,"American Express Travel Related Services Company, Inc."
realizethepotential.at,"American Express Travel Related Services Company, Inc."
realizethepotential.in,"American Express Travel Related Services Company, Inc."
realizeyourpotential.asia,"American Express Travel Related Services Company, Inc."
realizeyourpotential.at,"American Express Travel Related Services Company, Inc."
realizeyourpotential.in,"American Express Travel Related Services Company, Inc."
realizeyourpotential.info,"American Express Travel Related Services Company, Inc."
recruitingforamericanexpress.com,"American Express Travel Related Services Company, Inc."
recruitsync.us,primary
redamericanexpres.com,"American Express Travel Related Services Company, Inc."
redamericanexpres.info,"American Express Travel Related Services Company, Inc."
redamericanexpress.com,"American Express Travel Related Services Company, Inc."
redamericanexpress.info,"American Express Travel Related Services Company, Inc."
redamex.com,"American Express Travel Related Services Company, Inc."
reiseland-americanepress.com,"American Express Travel Related Services Company, Inc."
reiseland-americanexpress.com,"American Express Travel Related Services Company, Inc."
rejoignez-notre-reseau.com,"American Express Travel Related Services Company, Inc."
rejoindre-le-reseau.com,"American Express Travel Related Services Company, Inc."
relationshipcare.com,"American Express Travel Related Services Company, Inc."
rentalcar-amex-charge.com,"American Express Travel Related Services Company, Inc."
rentwithamericanexpress.com,"American Express Travel Related Services Company, Inc."
replicablackamexcard.com,"American Express Travel Related Services Company, Inc."
reserve-tech.com,"American Express Travel Related Services Company, Inc."
reserve.com,"American Express Travel Related Services Company, Inc."
reservetravelprivileges.com,"American Express Travel Related Services Company, Inc."
reserveweek.com,"American Express Travel Related Services Company, Inc."
resoclubpremium.com,"American Express Travel Related Services Company, Inc."
response.americanexpress,"American Express Travel Related Services Company, Inc."
ressieapp.com,"American Express Travel Related Services Company, Inc."
resy.at,"American Express Travel Related Services Company, Inc."
resy.co.in,"American Express Travel Related Services Company, Inc."
resy.com,"American Express Travel Related Services Company, Inc."
resy.com.ru,"American Express Travel Related Services Company, Inc."
resy.dev,"American Express Travel Related Services Company, Inc."
resy.in,"American Express Travel Related Services Company, Inc."
resy.is,"American Express Travel Related Services Company, Inc."
resy.org,"American Express Travel Related Services Company, Inc."
resyapi.com,"American Express Travel Related Services Company, Inc."
resyco.com,"American Express Travel Related Services Company, Inc."
resyinc.com,"American Express Travel Related Services Company, Inc."
resynetworkinc.com,"American Express Travel Related Services Company, Inc."
resyos.com,"American Express Travel Related Services Company, Inc."
resyresy.com,"American Express Travel Related Services Company, Inc."
resyup.com,"American Express Travel Related Services Company, Inc."
returnagiftcard.com,"American Express Travel Related Services Company, Inc."
returnthatgiftcard.com,"American Express Travel Related Services Company, Inc."
revolutioncard.com,"American Express Travel Related Services Company, Inc."
revolutionmoney.com,"American Express Travel Related Services Company, Inc."
rewardinglives.com,"American Express Travel Related Services Company, Inc."
rewardsamericanexpress.com,"American Express Travel Related Services Company, Inc."
rewardsgreen.travel,"American Express Travel Related Services Company, Inc."
rewardsmanager.com,"American Express Travel Related Services Company, Inc."
rewardstoraveabout.com,"American Express Travel Related Services Company, Inc."
rezyapp.com,"American Express Travel Related Services Company, Inc."
rezzieapp.com,"American Express Travel Related Services Company, Inc."
richardkgoeltz.com,"American Express Travel Related Services Company, Inc."
root4boston.com,"American Express Travel Related Services Company, Inc."
rootforatlanta.com,"American Express Travel Related Services Company, Inc."
rootforbos.com,"American Express Travel Related Services Company, Inc."
rootforboston.com,"American Express Travel Related Services Company, Inc."
rootforchicago.com,"American Express Travel Related Services Company, Inc."
rootfordc.com,"American Express Travel Related Services Company, Inc."
rootforla.com,"American Express Travel Related Services Company, Inc."
rootforlosangeles.com,"American Express Travel Related Services Company, Inc."
rootformiami.com,"American Express Travel Related Services Company, Inc."
rootfornewyork.com,"American Express Travel Related Services Company, Inc."
rootfornewyorkcity.com,"American Express Travel Related Services Company, Inc."
rootfornyc.com,"American Express Travel Related Services Company, Inc."
rootforourcity.com,"American Express Travel Related Services Company, Inc."
rootforsanfran.com,"American Express Travel Related Services Company, Inc."
rootforsanfrancisco.com,"American Express Travel Related Services Company, Inc."
rootforsf.com,"American Express Travel Related Services Company, Inc."
rootforwashington.com,"American Express Travel Related Services Company, Inc."
rootforyourcity.com,"American Express Travel Related Services Company, Inc."
rosenblutheverywhere.com,"American Express Travel Related Services Company, Inc."
rosenblutheverywhere.net,"American Express Travel Related Services Company, Inc."
rosenblutheverywhere.org,"American Express Travel Related Services Company, Inc."
rsrv.com,"American Express Travel Related Services Company, Inc."
rsvp4bce.com,"American Express Travel Related Services Company, Inc."
rsvp4platinum.com,"American Express Travel Related Services Company, Inc."
rsvr.info,"American Express Travel Related Services Company, Inc."
rustikeer.com,"American Express Travel Related Services Company, Inc."
rvblackcard.com,"American Express Travel Related Services Company, Inc."
rvblackcard.net,"American Express Travel Related Services Company, Inc."
saerchmanager.com,"American Express Travel Related Services Company, Inc."
saettleenvelope.com,"American Express Travel Related Services Company, Inc."
safeamericanexpress.com,"American Express Travel Related Services Company, Inc."
salasamexgold.com,"American Express Travel Related Services Company, Inc."
salesreferencetool.com,"American Express Travel Related Services Company, Inc."
salutacionesamex.com,"American Express Travel Related Services Company, Inc."
samaccess.cc,"American Express Travel Related Services Company, Inc."
samaccess.com,"American Express Travel Related Services Company, Inc."
samaccess.info,"American Express Travel Related Services Company, Inc."
samaccess.name,"American Express Travel Related Services Company, Inc."
samaccess.org,"American Express Travel Related Services Company, Inc."
samaccess.us,"American Express Travel Related Services Company, Inc."
samaccessqa.com,"American Express Travel Related Services Company, Inc."
samaccessuat.com,"American Express Travel Related Services Company, Inc."
samericanexpress.com,"American Express Travel Related Services Company, Inc."
saveatamericanexpress.com,"American Express Travel Related Services Company, Inc."
savingsatwork.com,"American Express Travel Related Services Company, Inc."
screwamericanexpress.com,"American Express Travel Related Services Company, Inc."
screwedbyamericanexpress.com,"American Express Travel Related Services Company, Inc."
searchamericanexpress.com,"American Express Travel Related Services Company, Inc."
searchbooster.com,"American Express Travel Related Services Company, Inc."
searchedfor.com,"American Express Travel Related Services Company, Inc."
searchforanatm.com,"American Express Travel Related Services Company, Inc."
searchhomesnearamericanexpress.info,"American Express Travel Related Services Company, Inc."
searchmanage.com,"American Express Travel Related Services Company, Inc."
searchmanager.com,"American Express Travel Related Services Company, Inc."
searchmanagerassist.com,"American Express Travel Related Services Company, Inc."
searchmanagerlocal.com,"American Express Travel Related Services Company, Inc."
searchmanagerpro.com,"American Express Travel Related Services Company, Inc."
searchmanger.com,"American Express Travel Related Services Company, Inc."
searchmnager.com,"American Express Travel Related Services Company, Inc."
searchsimple.com,"American Express Travel Related Services Company, Inc."
searchsolution.com,"American Express Travel Related Services Company, Inc."
seattleenevlope.com,"American Express Travel Related Services Company, Inc."
seattleevnelope.com,"American Express Travel Related Services Company, Inc."
seattlenevelope.com,"American Express Travel Related Services Company, Inc."
secinnovatios.com,"American Express Travel Related Services Company, Inc."
secinnvoations.com,"American Express Travel Related Services Company, Inc."
secinonvations.com,"American Express Travel Related Services Company, Inc."
secninovations.com,"American Express Travel Related Services Company, Inc."
secure-americanexpres.com,"American Express Travel Related Services Company, Inc."
secure-americanexpress.com,"American Express Travel Related Services Company, Inc."
secure-amex-card.info,"American Express Travel Related Services Company, Inc."
securedamericanexpress.com,"American Express Travel Related Services Company, Inc."
securedamex.com,"American Express Travel Related Services Company, Inc."
securedamexcard.com,"American Express Travel Related Services Company, Inc."
securepayondelivery.com,"American Express Travel Related Services Company, Inc."
security-americanexpress.com,"American Express Travel Related Services Company, Inc."
securityamericanexpress.com,"American Express Travel Related Services Company, Inc."
seetheeclipse.com,"American Express Travel Related Services Company, Inc."
seicnnovations.com,"American Express Travel Related Services Company, Inc."
seinfeldandsupermanamericanexpress.com,"American Express Travel Related Services Company, Inc."
selects.asia,"American Express Travel Related Services Company, Inc."
selects.mobi,"American Express Travel Related Services Company, Inc."
sellamericanexpress.com,"American Express Travel Related Services Company, Inc."
sellmyamexpoints.com,"American Express Travel Related Services Company, Inc."
serchmanager.com,"American Express Travel Related Services Company, Inc."
serve-network.travel,American Express Company
serve.travel,American Express Company
servenetwork.travel,American Express Company
servevirtualenterprises.mobi,American Express Company
servicemagique.com,"American Express Travel Related Services Company, Inc."
servyapp.com,"American Express Travel Related Services Company, Inc."
seworkstation.com,"American Express Travel Related Services Company, Inc."
shareamericanexpress.com,"American Express Travel Related Services Company, Inc."
sharecurrency.com,"American Express Travel Related Services Company, Inc."
sheratoncard.com,"American Express Travel Related Services Company, Inc."
shespeaksforinsite.com,"American Express Travel Related Services Company, Inc."
shopamericanexpress.com,"American Express Travel Related Services Company, Inc."
shopamericanexpressblvd.com,"American Express Travel Related Services Company, Inc."
shopamericanexpressboulevard.com,"American Express Travel Related Services Company, Inc."
shopamericanxxpress.com,"American Express Travel Related Services Company, Inc."
shopamericanxxxpress.com,"American Express Travel Related Services Company, Inc."
shopamex-dynadirect.com,"American Express Travel Related Services Company, Inc."
shopamex.com,"American Express Travel Related Services Company, Inc."
shopamex.net,"American Express Travel Related Services Company, Inc."
shopamex.travel,"American Express Travel Related Services Company, Inc."
shopamexblvd.com,"American Express Travel Related Services Company, Inc."
shopamexboulevard.com,"American Express Travel Related Services Company, Inc."
shopamexexpress.com,"American Express Travel Related Services Company, Inc."
shopamexmr.com,"American Express Travel Related Services Company, Inc."
shopandmilesjourneys.com,"American Express Travel Related Services Company, Inc."
shopblackcard.com,"American Express Travel Related Services Company, Inc."
shopelevations.com,"American Express Travel Related Services Company, Inc."
shopmembershiprewards.com,"American Express Travel Related Services Company, Inc."
shopmsallaustralia.com,"American Express Travel Related Services Company, Inc."
shopping-noel-americanexpress.com,"American Express Travel Related Services Company, Inc."
shoppingconnection.com,"American Express Travel Related Services Company, Inc."
shopplenty.us,"American Express Travel Related Services Company, Inc."
shopriteamex.com,"American Express Travel Related Services Company, Inc."
shopriteamexcard.com,"American Express Travel Related Services Company, Inc."
shopsamllaustralia.com,"American Express Travel Related Services Company, Inc."
shopsmall.app,"American Express Travel Related Services Company, Inc."
shopsmall.com,"American Express Travel Related Services Company, Inc."
shopsmall.org,"American Express Travel Related Services Company, Inc."
shopsmallasutralia.com,"American Express Travel Related Services Company, Inc."
shopsmallaustarlia.com,"American Express Travel Related Services Company, Inc."
shopsmallaustralia.com,"American Express Travel Related Services Company, Inc."
shopsmallgiftcard.com,"American Express Travel Related Services Company, Inc."
shopsmallgiftcards.com,"American Express Travel Related Services Company, Inc."
shopsmallmovement.com,"American Express Travel Related Services Company, Inc."
shopsmallnow.com,"American Express Travel Related Services Company, Inc."
shopsmallpopup.com,"American Express Travel Related Services Company, Inc."
shopsmallpr.com,"American Express Travel Related Services Company, Inc."
shopsmallspotlights.com,"American Express Travel Related Services Company, Inc."
shopsmalluastralia.com,"American Express Travel Related Services Company, Inc."
showatms.com,"American Express Travel Related Services Company, Inc."
sidedoor.com,"American Express Travel Related Services Company, Inc."
signandtravel.com,"American Express Travel Related Services Company, Inc."
simplycashamericanexpress.com,"American Express Travel Related Services Company, Inc."
singleamericanexpress.com,"American Express Travel Related Services Company, Inc."
singleamericanexpress.info,"American Express Travel Related Services Company, Inc."
singleamericanexpress.net,"American Express Travel Related Services Company, Inc."
singleamericanexpress.org,"American Express Travel Related Services Company, Inc."
singleamericanexpress.us,"American Express Travel Related Services Company, Inc."
singleid.info,"American Express Travel Related Services Company, Inc."
singleidamericanexpress.com,"American Express Travel Related Services Company, Inc."
singleidamericanexpress.info,"American Express Travel Related Services Company, Inc."
singleidamericanexpress.net,"American Express Travel Related Services Company, Inc."
singleidamericanexpress.org,"American Express Travel Related Services Company, Inc."
singleidamericanexpress.us,"American Express Travel Related Services Company, Inc."
singleidamex.com,"American Express Travel Related Services Company, Inc."
singleidamex.info,"American Express Travel Related Services Company, Inc."
singleidamex.net,"American Express Travel Related Services Company, Inc."
singleidamex.org,"American Express Travel Related Services Company, Inc."
singleidamex.us,"American Express Travel Related Services Company, Inc."
singleidentity.com,"American Express Travel Related Services Company, Inc."
singleidentity.info,"American Express Travel Related Services Company, Inc."
singleidentity.net,"American Express Travel Related Services Company, Inc."
singleidentity.us,"American Express Travel Related Services Company, Inc."
skyblueamex.mobi,"American Express Travel Related Services Company, Inc."
small-business-saturday.com,"American Express Travel Related Services Company, Inc."
small-business-saturday.net,"American Express Travel Related Services Company, Inc."
small-business-saturday.org,"American Express Travel Related Services Company, Inc."
small-business-saturdays.com,"American Express Travel Related Services Company, Inc."
small-business-saturdays.net,"American Express Travel Related Services Company, Inc."
smallbizfriday.com,"American Express Travel Related Services Company, Inc."
smallbizfriday.net,"American Express Travel Related Services Company, Inc."
smallbizfriday.org,"American Express Travel Related Services Company, Inc."
smallbizmonday.com,"American Express Travel Related Services Company, Inc."
smallbizmonday.net,"American Express Travel Related Services Company, Inc."
smallbizmonday.org,"American Express Travel Related Services Company, Inc."
smallbizsunday.com,"American Express Travel Related Services Company, Inc."
smallbizsunday.net,"American Express Travel Related Services Company, Inc."
smallbizthursday.com,"American Express Travel Related Services Company, Inc."
smallbizthursday.net,"American Express Travel Related Services Company, Inc."
smallbizthursday.org,"American Express Travel Related Services Company, Inc."
smallbiztuesday.com,"American Express Travel Related Services Company, Inc."
smallbiztuesday.net,"American Express Travel Related Services Company, Inc."
smallbizwednesday.com,"American Express Travel Related Services Company, Inc."
smallbizwednesday.net,"American Express Travel Related Services Company, Inc."
smallbizwednesday.org,"American Express Travel Related Services Company, Inc."
smallbusinessaturday.com,"American Express Travel Related Services Company, Inc."
smallbusinessaturday.net,"American Express Travel Related Services Company, Inc."
smallbusinessaturday.org,"American Express Travel Related Services Company, Inc."
smallbusinessaturdays.com,"American Express Travel Related Services Company, Inc."
smallbusinessaturdays.net,"American Express Travel Related Services Company, Inc."
smallbusinessaturdays.org,"American Express Travel Related Services Company, Inc."
smallbusinessessaturday.com,"American Express Travel Related Services Company, Inc."
smallbusinessessaturday.net,"American Express Travel Related Services Company, Inc."
smallbusinessessaturday.org,"American Express Travel Related Services Company, Inc."
smallbusinessessaturdays.com,"American Express Travel Related Services Company, Inc."
smallbusinessessaturdays.net,"American Express Travel Related Services Company, Inc."
smallbusinessessaturdays.org,"American Express Travel Related Services Company, Inc."
smallbusinessfirstresort.com,"American Express Travel Related Services Company, Inc."
smallbusinessfriday.com,"American Express Travel Related Services Company, Inc."
smallbusinessfriday.net,"American Express Travel Related Services Company, Inc."
smallbusinessfriday.org,"American Express Travel Related Services Company, Inc."
smallbusinessmonday.com,"American Express Travel Related Services Company, Inc."
smallbusinessmonday.net,"American Express Travel Related Services Company, Inc."
smallbusinessmonday.org,"American Express Travel Related Services Company, Inc."
smallbusinesssaturday.app,"American Express Travel Related Services Company, Inc."
smallbusinesssaturday.com,"American Express Travel Related Services Company, Inc."
smallbusinesssaturday.net,"American Express Travel Related Services Company, Inc."
smallbusinesssaturday.org,"American Express Travel Related Services Company, Inc."
smallbusinesssaturdays.com,"American Express Travel Related Services Company, Inc."
smallbusinesssaturdays.net,"American Express Travel Related Services Company, Inc."
smallbusinesssaturdays.org,"American Express Travel Related Services Company, Inc."
smallbusinesssunday.com,"American Express Travel Related Services Company, Inc."
smallbusinesssunday.net,"American Express Travel Related Services Company, Inc."
smallbusinesssunday.org,"American Express Travel Related Services Company, Inc."
smallbusinessthursday.com,"American Express Travel Related Services Company, Inc."
smallbusinessthursday.net,"American Express Travel Related Services Company, Inc."
smallbusinessthursday.org,"American Express Travel Related Services Company, Inc."
smallbusinesstuesday.com,"American Express Travel Related Services Company, Inc."
smallbusinesstuesday.net,"American Express Travel Related Services Company, Inc."
smallbusinesswednesday.com,"American Express Travel Related Services Company, Inc."
smallbusinesswednesday.net,"American Express Travel Related Services Company, Inc."
smallbusinesswednesday.org,"American Express Travel Related Services Company, Inc."
smallsaturday.net,"American Express Travel Related Services Company, Inc."
smallsaturday.org,"American Express Travel Related Services Company, Inc."
smallsaturdays.com,"American Express Travel Related Services Company, Inc."
smallsaturdays.net,"American Express Travel Related Services Company, Inc."
smartconciergefromamericanexpress.com,"American Express Travel Related Services Company, Inc."
smartexpensemanagement.com,"American Express Travel Related Services Company, Inc."
smartreceipttracker.com,"American Express Travel Related Services Company, Inc."
socialcurrency.com,"American Express Travel Related Services Company, Inc."
solicitudenlinea.com,"American Express Travel Related Services Company, Inc."
solutinos-mobiles-americanexpress.com,"American Express Travel Related Services Company, Inc."
solutions-mobiles-americanexpess.com,"American Express Travel Related Services Company, Inc."
solutions-mobiles-americanexpres.com,"American Express Travel Related Services Company, Inc."
solutions-mobiles-americanexpress.com,"American Express Travel Related Services Company, Inc."
solutiosn-mobiles-americanexpress.com,"American Express Travel Related Services Company, Inc."
solutoins-mobiles-americanexpress.com,"American Express Travel Related Services Company, Inc."
something-clicked.com,"American Express Travel Related Services Company, Inc."
somethingclickedpodcast.com,"American Express Travel Related Services Company, Inc."
sometimesonlycashwilldo.com,"American Express Travel Related Services Company, Inc."
source-to-settle.com,"American Express Travel Related Services Company, Inc."
source-to-settle.info,"American Express Travel Related Services Company, Inc."
source-to-settle.mobi,"American Express Travel Related Services Company, Inc."
source-to-settle.net,"American Express Travel Related Services Company, Inc."
source-to-settle.org,"American Express Travel Related Services Company, Inc."
source-to-settle.us,"American Express Travel Related Services Company, Inc."
source2settle.com,"American Express Travel Related Services Company, Inc."
sourcetosettle.info,"American Express Travel Related Services Company, Inc."
sourcetosettle.mobi,"American Express Travel Related Services Company, Inc."
sourcetosettle.net,"American Express Travel Related Services Company, Inc."
sourcetosettle.org,"American Express Travel Related Services Company, Inc."
sourcetosettle.us,"American Express Travel Related Services Company, Inc."
sourcewise.com,"American Express Travel Related Services Company, Inc."
southamerican-express.net,"American Express Travel Related Services Company, Inc."
southamericanexpress.com,"American Express Travel Related Services Company, Inc."
specialpurchaseaccount.com,"American Express Travel Related Services Company, Inc."
spentdocumentary.com,"American Express Travel Related Services Company, Inc."
spentmovie.com,"American Express Travel Related Services Company, Inc."
spentthedocumentary.com,"American Express Travel Related Services Company, Inc."
spentthemovie.com,"American Express Travel Related Services Company, Inc."
spgamex.com,"American Express Travel Related Services Company, Inc."
sphostedapps.com,"American Express Travel Related Services Company, Inc."
spproviderhostedapps.com,"American Express Travel Related Services Company, Inc."
ssoamericanexpress.com,"American Express Travel Related Services Company, Inc."
stand-for-small.com,"American Express Travel Related Services Company, Inc."
stand-small.com,"American Express Travel Related Services Company, Inc."
stand4small.com,"American Express Travel Related Services Company, Inc."
stand4smalls.com,"American Express Travel Related Services Company, Inc."
standforsmall.com,"American Express Travel Related Services Company, Inc."
standforsmalls.com,"American Express Travel Related Services Company, Inc."
standforsmallsucks.com,"American Express Travel Related Services Company, Inc."
standfoursmall.com,"American Express Travel Related Services Company, Inc."
stands4small.com,"American Express Travel Related Services Company, Inc."
standsforsmall.com,"American Express Travel Related Services Company, Inc."
starwoodamericanexpress.com,"American Express Travel Related Services Company, Inc."
static-aexp.com,"American Express Travel Related Services Company, Inc."
status.com,"American Express Travel Related Services Company, Inc."
steamextravelinsurance.com,"American Express Travel Related Services Company, Inc."
stephenjosephsqueri.us,"American Express Travel Related Services Company, Inc."
stephenjsqueri.us,"American Express Travel Related Services Company, Inc."
stephensqueri.us,"American Express Travel Related Services Company, Inc."
stevejsqueri.us,"American Express Travel Related Services Company, Inc."
stevesqueri.ai,"American Express Travel Related Services Company, Inc."
stevesqueri.club,"American Express Travel Related Services Company, Inc."
stevesqueri.io,"American Express Travel Related Services Company, Inc."
stevesqueri.me,"American Express Travel Related Services Company, Inc."
stevesqueri.us,"American Express Travel Related Services Company, Inc."
stevesqueri.xyz,"American Express Travel Related Services Company, Inc."
studentsamericanexpress.com,"American Express Travel Related Services Company, Inc."
sudamericaexpress.net,"American Express Travel Related Services Company, Inc."
sudamex.com,"American Express Travel Related Services Company, Inc."
sue-american-express-com.com,"American Express Travel Related Services Company, Inc."
sunandsandvacations.com,"American Express Travel Related Services Company, Inc."
sunandsandvacations.net,"American Express Travel Related Services Company, Inc."
supplierlearning.com,"American Express Travel Related Services Company, Inc."
supplierpayment.com,"American Express Travel Related Services Company, Inc."
supplierpayment.info,"American Express Travel Related Services Company, Inc."
supplierpayment.net,"American Express Travel Related Services Company, Inc."
supplierpayment.org,"American Express Travel Related Services Company, Inc."
suppliervpayment.com,"American Express Travel Related Services Company, Inc."
suppliervpayment.info,"American Express Travel Related Services Company, Inc."
suppliervpayment.net,"American Express Travel Related Services Company, Inc."
suppliervpayment.org,"American Express Travel Related Services Company, Inc."
surpassamex.com,"American Express Travel Related Services Company, Inc."
switchtobluesky.com,"American Express Travel Related Services Company, Inc."
syncamericanexpress.com,"American Express Travel Related Services Company, Inc."
takeamericanexpress.com,"American Express Travel Related Services Company, Inc."
takeamex.com,"American Express Travel Related Services Company, Inc."
takeamexcards.com,"American Express Travel Related Services Company, Inc."
takecharge.com,"American Express Travel Related Services Company, Inc."
takeoffwithamex.com,"American Express Travel Related Services Company, Inc."
takezinc.com,"American Express Travel Related Services Company, Inc."
takezync.com,"American Express Travel Related Services Company, Inc."
tamericanexpress.com,"American Express Travel Related Services Company, Inc."
tarjetadeamericanexpress.com,"American Express Travel Related Services Company, Inc."
tarjetas-americanexpress.com,"American Express Travel Related Services Company, Inc."
tarjetasamericanexpress.com,"American Express Travel Related Services Company, Inc."
tasteblazer.com,"American Express Travel Related Services Company, Inc."
tata-amex.com,"American Express Travel Related Services Company, Inc."
tataamex.com,"American Express Travel Related Services Company, Inc."
taxamericanexpress.com,"American Express Travel Related Services Company, Inc."
tc-amex.com,"American Express Travel Related Services Company, Inc."
tcamericanexpress.com,"American Express Travel Related Services Company, Inc."
tcbonus.com,"American Express Travel Related Services Company, Inc."
tcs-amex.com,"American Express Travel Related Services Company, Inc."
teamingamerica.com,"American Express Travel Related Services Company, Inc."
teamingamerica.net,"American Express Travel Related Services Company, Inc."
teamingamerica.org,"American Express Travel Related Services Company, Inc."
teamingusa.com,"American Express Travel Related Services Company, Inc."
teamingusa.net,"American Express Travel Related Services Company, Inc."
technologydrivenlender.com,"American Express Travel Related Services Company, Inc."
technologydrivenlending.com,"American Express Travel Related Services Company, Inc."
teenamex.com,"American Express Travel Related Services Company, Inc."
tempsamaccess.com,"American Express Travel Related Services Company, Inc."
testamericanexpress.com,"American Express Travel Related Services Company, Inc."
testingamericanexpress.com,"American Express Travel Related Services Company, Inc."
textmyamex.com,"American Express Travel Related Services Company, Inc."
thaiamericanexpresscuisine.com,"American Express Travel Related Services Company, Inc."
thcwelcomeletter.com,"American Express Travel Related Services Company, Inc."
the-amex-store.com,"American Express Travel Related Services Company, Inc."
the-amex.com,"American Express Travel Related Services Company, Inc."
theamerican-expresscommunitystadium.com,"American Express Travel Related Services Company, Inc."
theamerican-expresscommunitystadium.net,"American Express Travel Related Services Company, Inc."
theamerican-expresscommunitystadium.org,"American Express Travel Related Services Company, Inc."
theamerican-expressstadium.com,"American Express Travel Related Services Company, Inc."
theamerican-expressstadium.net,"American Express Travel Related Services Company, Inc."
theamericanexpress.co.uk,"American Express Travel Related Services Company, Inc."
theamericanexpress.com,"American Express Travel Related Services Company, Inc."
theamericanexpress.org,"American Express Travel Related Services Company, Inc."
theamericanexpresscommunitystadium.com,"American Express Travel Related Services Company, Inc."
theamericanexpresscommunitystadium.net,"American Express Travel Related Services Company, Inc."
theamericanexpresspharmacy.com,"American Express Travel Related Services Company, Inc."
theamericanexpresss.com,"American Express Travel Related Services Company, Inc."
theamericanexpressstadium.com,"American Express Travel Related Services Company, Inc."
theamericanexpressstadium.net,"American Express Travel Related Services Company, Inc."
theamericanexpressstadiumsucks.com,"American Express Travel Related Services Company, Inc."
theamericanexpressstadiumsucks.net,"American Express Travel Related Services Company, Inc."
theamericanexpressstadiumsux.com,"American Express Travel Related Services Company, Inc."
theamericanexpressstadiumsux.net,"American Express Travel Related Services Company, Inc."
theamericanxpres.com,"American Express Travel Related Services Company, Inc."
theamericanxpress.com,"American Express Travel Related Services Company, Inc."
theamex.com,"American Express Travel Related Services Company, Inc."
theamexgiftcard.co.in,"American Express Travel Related Services Company, Inc."
theamexgiftcard.com,"American Express Travel Related Services Company, Inc."
theamexgiftcard.in,"American Express Travel Related Services Company, Inc."
theamexgolf.com,"American Express Travel Related Services Company, Inc."
theamexmealcard.co.in,"American Express Travel Related Services Company, Inc."
theamexmealcard.com,"American Express Travel Related Services Company, Inc."
theamexmealcard.in,"American Express Travel Related Services Company, Inc."
theamexnetwork.com,"American Express Travel Related Services Company, Inc."
theamexonecard.com,"American Express Travel Related Services Company, Inc."
theamexpresscard.com,"American Express Travel Related Services Company, Inc."
theamexstadium.com,"American Express Travel Related Services Company, Inc."
theamexstadium.net,"American Express Travel Related Services Company, Inc."
theamexstadiumsucks.com,"American Express Travel Related Services Company, Inc."
theamexstadiumsucks.net,"American Express Travel Related Services Company, Inc."
theamexstadiumsux.com,"American Express Travel Related Services Company, Inc."
theamexstadiumsux.net,"American Express Travel Related Services Company, Inc."
theamexstore.com,"American Express Travel Related Services Company, Inc."
thebestamericanexpresstravel.info,"American Express Travel Related Services Company, Inc."
theblackamexcard.com,"American Express Travel Related Services Company, Inc."
theblackcard.net,"American Express Travel Related Services Company, Inc."
thebluecash.com,"American Express Travel Related Services Company, Inc."
thebookofextraordinaryexperiences.com,"American Express Travel Related Services Company, Inc."
thecakeapp.com,"American Express Travel Related Services Company, Inc."
thecenturiancard.ai,"American Express Travel Related Services Company, Inc."
thecenturion.world,"American Express Travel Related Services Company, Inc."
thecenturioncard.ai,"American Express Travel Related Services Company, Inc."
thecenturioncard.com,"American Express Travel Related Services Company, Inc."
thecenturionlounge.com,"American Express Travel Related Services Company, Inc."
thedentalbusinesscard.com,"American Express Travel Related Services Company, Inc."
thegift-card.com,"American Express Travel Related Services Company, Inc."
thegiftcard.in,"American Express Travel Related Services Company, Inc."
thegiftcards.in,"American Express Travel Related Services Company, Inc."
thegiftcardstore.co.in,"American Express Travel Related Services Company, Inc."
thegiftcardstore.in,"American Express Travel Related Services Company, Inc."
thegloballoungecollection.com,"American Express Travel Related Services Company, Inc."
thegreatspoon.com,"American Express Travel Related Services Company, Inc."
thejourneyneverstops.com,"American Express Travel Related Services Company, Inc."
themealcard.co.in,"American Express Travel Related Services Company, Inc."
themealcard.in,"American Express Travel Related Services Company, Inc."
themealcardstore.co.in,"American Express Travel Related Services Company, Inc."
themealcardstore.com,"American Express Travel Related Services Company, Inc."
themealcardstore.in,"American Express Travel Related Services Company, Inc."
thememberproject.com,"American Express Travel Related Services Company, Inc."
thememberproject.net,"American Express Travel Related Services Company, Inc."
thememberproject.org,"American Express Travel Related Services Company, Inc."
themembershipeffect.com,"American Express Travel Related Services Company, Inc."
themembersproject.com,"American Express Travel Related Services Company, Inc."
themembersproject.net,"American Express Travel Related Services Company, Inc."
themembersproject.org,"American Express Travel Related Services Company, Inc."
theopenappcenter.com,"American Express Travel Related Services Company, Inc."
thepinkamericanexpresscard.com,"American Express Travel Related Services Company, Inc."
theplumcard.net,"American Express Travel Related Services Company, Inc."
theplumcardplus1.com,"American Express Travel Related Services Company, Inc."
theplumcardplusone.com,"American Express Travel Related Services Company, Inc."
theresyapp.com,"American Express Travel Related Services Company, Inc."
thesmallbusinessloan.com,"American Express Travel Related Services Company, Inc."
thesocialcurrency.com,"American Express Travel Related Services Company, Inc."
thetravelcenteramex.com,"American Express Travel Related Services Company, Inc."
thevirtualcard.com,"American Express Travel Related Services Company, Inc."
thezincard.com,"American Express Travel Related Services Company, Inc."
thezynccard.com,"American Express Travel Related Services Company, Inc."
thingsandthangs.com,"American Express Travel Related Services Company, Inc."
thinkamericanexpress.com,"American Express Travel Related Services Company, Inc."
thomasville-american-expressions-bedroom.com,"American Express Travel Related Services Company, Inc."
tickettock.com,"American Express Travel Related Services Company, Inc."
titaniumamericanexpress.com,"American Express Travel Related Services Company, Inc."
tlscentral.com,"American Express Travel Related Services Company, Inc."
tlsmysteryshop.com,"American Express Travel Related Services Company, Inc."
tlsprogramsupport.com,"American Express Travel Related Services Company, Inc."
tlssuppliervisits.com,"American Express Travel Related Services Company, Inc."
to-american-express-credit-site-info-stuff.info,"American Express Travel Related Services Company, Inc."
tock-it.com,"American Express Travel Related Services Company, Inc."
tock.community,"American Express Travel Related Services Company, Inc."
tock.design,"American Express Travel Related Services Company, Inc."
tock.io,"American Express Travel Related Services Company, Inc."
tock.restaurant,"American Express Travel Related Services Company, Inc."
tock.reviews,"American Express Travel Related Services Company, Inc."
tock.software,"American Express Travel Related Services Company, Inc."
tock2us.com,"American Express Travel Related Services Company, Inc."
tockbooking.com,"American Express Travel Related Services Company, Inc."
tockbookings.com,"American Express Travel Related Services Company, Inc."
tockevents.com,"American Express Travel Related Services Company, Inc."
tockexp.com,"American Express Travel Related Services Company, Inc."
tockhq.com,"American Express Travel Related Services Company, Inc."
tockreservations.com,"American Express Travel Related Services Company, Inc."
tocktastings.com,"American Express Travel Related Services Company, Inc."
tockticket.com,"American Express Travel Related Services Company, Inc."
tocktix.com,"American Express Travel Related Services Company, Inc."
tocktogo.com,"American Express Travel Related Services Company, Inc."
togetherrewards.com,"American Express Travel Related Services Company, Inc."
totalreceiptmatch.com,"American Express Travel Related Services Company, Inc."
totestamericanexpress.com,"American Express Travel Related Services Company, Inc."
touchultra.com,"American Express Travel Related Services Company, Inc."
tourmyamericanexpress.com,"American Express Travel Related Services Company, Inc."
towwwamericanexpresscom.info,"American Express Travel Related Services Company, Inc."
tradeamericanexpress.com,"American Express Travel Related Services Company, Inc."
transamericaexpress.com,"American Express Travel Related Services Company, Inc."
transamericanexpress.com,"American Express Travel Related Services Company, Inc."
travel-americanexpress.com,"American Express Travel Related Services Company, Inc."
travel-card.in,"American Express Travel Related Services Company, Inc."
travelacxessvoyage.com,"American Express Travel Related Services Company, Inc."
travelagencyamericanexpress.com,"American Express Travel Related Services Company, Inc."
travelamericanexpress.com,"American Express Travel Related Services Company, Inc."
travelamericanexpress.net,"American Express Travel Related Services Company, Inc."
travelamex.net,"American Express Travel Related Services Company, Inc."
travelbaun.com,"American Express Travel Related Services Company, Inc."
travelbhan.com,"American Express Travel Related Services Company, Inc."
travelcenteramex.com,"American Express Travel Related Services Company, Inc."
travelchecks.net,"American Express Travel Related Services Company, Inc."
travelcheques.net,"American Express Travel Related Services Company, Inc."
travelcoamericanexpress.com,"American Express Travel Related Services Company, Inc."
travelercheques.com,"American Express Travel Related Services Company, Inc."
travelercheques.net,"American Express Travel Related Services Company, Inc."
travelerschecks.net,"American Express Travel Related Services Company, Inc."
travelerschequecard.travel,"American Express Travel Related Services Company, Inc."
travelingchecks.com,"American Express Travel Related Services Company, Inc."
travelingchecks.net,"American Express Travel Related Services Company, Inc."
travelinsuranceamericanexpress.info,"American Express Travel Related Services Company, Inc."
travellercheques.net,"American Express Travel Related Services Company, Inc."
travellingchecks.com,"American Express Travel Related Services Company, Inc."
travellingchecks.net,"American Express Travel Related Services Company, Inc."
travellingcheques.com,"American Express Travel Related Services Company, Inc."
travellingcheques.net,"American Express Travel Related Services Company, Inc."
travelmoneynow.com,"American Express Travel Related Services Company, Inc."
travelmoneynow.net,"American Express Travel Related Services Company, Inc."
travelmoneynow.org,"American Express Travel Related Services Company, Inc."
travelmoneyonlineamericanexpress.com,"American Express Travel Related Services Company, Inc."
travelmoneyorders.com,"American Express Travel Related Services Company, Inc."
travelmoneyorders.net,"American Express Travel Related Services Company, Inc."
travelmoneyorders.org,"American Express Travel Related Services Company, Inc."
travelprivileges.ru,"American Express Travel Related Services Company, Inc."
travelprivilegesnorway.com,"American Express Travel Related Services Company, Inc."
travelrepnetwork.com,"American Express Travel Related Services Company, Inc."
travelsceneamericanexpress.com,"American Express Travel Related Services Company, Inc."
travelsceneamericanexpress.net,"American Express Travel Related Services Company, Inc."
travelsceneamericanexpress.travel,"American Express Travel Related Services Company, Inc."
travelsceneamex.com,"American Express Travel Related Services Company, Inc."
travelsceneamex.net,"American Express Travel Related Services Company, Inc."
travelteambyamericanexpress.com,"American Express Travel Related Services Company, Inc."
traveltrader.com,"American Express Travel Related Services Company, Inc."
travelwithamex.com,"American Express Travel Related Services Company, Inc."
travelwithamex.net,"American Express Travel Related Services Company, Inc."
travelwithmyamericanexpresscard.com,"American Express Travel Related Services Company, Inc."
trouverunguichet.com,"American Express Travel Related Services Company, Inc."
trueblueamex.com,"American Express Travel Related Services Company, Inc."
turismoamericanexpress.com,"American Express Travel Related Services Company, Inc."
turnamericanexpress.com,"American Express Travel Related Services Company, Inc."
two-ten-sixty-card.com,"American Express Travel Related Services Company, Inc."
two-ten-sixty-card.net,"American Express Travel Related Services Company, Inc."
two-ten-sixty.com,"American Express Travel Related Services Company, Inc."
two-ten-sixty.net,"American Express Travel Related Services Company, Inc."
two-ten-sixtycard.com,"American Express Travel Related Services Company, Inc."
two-ten-sixtycard.net,"American Express Travel Related Services Company, Inc."
two1060.com,"American Express Travel Related Services Company, Inc."
two1060.net,"American Express Travel Related Services Company, Inc."
two1060card.com,"American Express Travel Related Services Company, Inc."
two1060card.net,"American Express Travel Related Services Company, Inc."
two10sixty.com,"American Express Travel Related Services Company, Inc."
two10sixty.net,"American Express Travel Related Services Company, Inc."
two10sixtycard.com,"American Express Travel Related Services Company, Inc."
two10sixtycard.net,"American Express Travel Related Services Company, Inc."
twoten60.com,"American Express Travel Related Services Company, Inc."
twoten60.net,"American Express Travel Related Services Company, Inc."
twoten60card.com,"American Express Travel Related Services Company, Inc."
twoten60card.net,"American Express Travel Related Services Company, Inc."
twotennetsixty.com,"American Express Travel Related Services Company, Inc."
twotennetsixty.net,"American Express Travel Related Services Company, Inc."
twotennetsixtycard.com,"American Express Travel Related Services Company, Inc."
twotennetsixtycard.net,"American Express Travel Related Services Company, Inc."
twotensixty.com,"American Express Travel Related Services Company, Inc."
twotensixty.net,"American Express Travel Related Services Company, Inc."
twotensixtycard.com,"American Express Travel Related Services Company, Inc."
twotensixtycard.net,"American Express Travel Related Services Company, Inc."
ubetamex.com,"American Express Travel Related Services Company, Inc."
ultimatetodolist.com,"American Express Travel Related Services Company, Inc."
umipz.com,"American Express Travel Related Services Company, Inc."
umipz.org,"American Express Travel Related Services Company, Inc."
unanocheentreamigos.com,"American Express Travel Related Services Company, Inc."
understandingatm.com,"American Express Travel Related Services Company, Inc."
understandingblue.com,"American Express Travel Related Services Company, Inc."
understandingcash.com,"American Express Travel Related Services Company, Inc."
understandingcenturion.com,"American Express Travel Related Services Company, Inc."
understandinggold.com,"American Express Travel Related Services Company, Inc."
understandinggreen.com,"American Express Travel Related Services Company, Inc."
understandingplatinum.com,"American Express Travel Related Services Company, Inc."
universalamericanexpress.com,"American Express Travel Related Services Company, Inc."
universalmiles.com,"American Express Travel Related Services Company, Inc."
universaltravelcard.in,"American Express Travel Related Services Company, Inc."
unsecuredamex.com,"American Express Travel Related Services Company, Inc."
unsecuredamexcard.com,"American Express Travel Related Services Company, Inc."
unstaged.com,"American Express Travel Related Services Company, Inc."
unstaged.info,"American Express Travel Related Services Company, Inc."
unstaged.me,"American Express Travel Related Services Company, Inc."
unstaged.net,"American Express Travel Related Services Company, Inc."
unstaged.us,"American Express Travel Related Services Company, Inc."
unstagedconcertfilms.com,"American Express Travel Related Services Company, Inc."
unstagedconcertseries.com,"American Express Travel Related Services Company, Inc."
unstagedmusic.com,"American Express Travel Related Services Company, Inc."
unstagedrecording.com,"American Express Travel Related Services Company, Inc."
unstagedseries.com,"American Express Travel Related Services Company, Inc."
unstagedtv.com,"American Express Travel Related Services Company, Inc."
unstagedvideos.com,"American Express Travel Related Services Company, Inc."
unstagedworship.com,"American Express Travel Related Services Company, Inc."
updatesbankofamex.com,"American Express Travel Related Services Company, Inc."
upgradetobplat.com,"American Express Travel Related Services Company, Inc."
upgradetobusinessplatinum.com,"American Express Travel Related Services Company, Inc."
urbanterior.in,primary
usdtloans.vip,"American Express Travel Related Services Company, Inc."
useamericanexpress.com,"American Express Travel Related Services Company, Inc."
useamex.com,"American Express Travel Related Services Company, Inc."
useamex.net,"American Express Travel Related Services Company, Inc."
uslbrandsite.com,"American Express Travel Related Services Company, Inc."
uswelcomekit.com,"American Express Travel Related Services Company, Inc."
uswelcomekitbx.com,"American Express Travel Related Services Company, Inc."
uswelcomekitcmc.com,"American Express Travel Related Services Company, Inc."
uswelcomekitcpc.com,"American Express Travel Related Services Company, Inc."
uswelcomekitexecutive.com,"American Express Travel Related Services Company, Inc."
uswelcomekitgreen.com,"American Express Travel Related Services Company, Inc."
uswelcomekitgreenv2.com,"American Express Travel Related Services Company, Inc."
v-payment.com,"American Express Travel Related Services Company, Inc."
valium2givewithamericanexpress.com,"American Express Travel Related Services Company, Inc."
valium2paywithamericanexpress.com,"American Express Travel Related Services Company, Inc."
valiumtogivewithamericanexpress.com,"American Express Travel Related Services Company, Inc."
valiumtopaywithamericanexpress.com,"American Express Travel Related Services Company, Inc."
valiumtopaywithamericanexpresshouse.com,"American Express Travel Related Services Company, Inc."
valiumtopaywithamericanexpressinternational.com,"American Express Travel Related Services Company, Inc."
valiumtopaywithamericanexpressnow.com,"American Express Travel Related Services Company, Inc."
valiumtopaywithamericanexpressschool.com,"American Express Travel Related Services Company, Inc."
valiumtopaywithamericanexpresssoftware.com,"American Express Travel Related Services Company, Inc."
valiumtopaywithamericanexpresstravel.com,"American Express Travel Related Services Company, Inc."
valiumtopaywithamericanexpressyou.com,"American Express Travel Related Services Company, Inc."
valueclub.com,"American Express Travel Related Services Company, Inc."
valvulasvamex.com,"American Express Travel Related Services Company, Inc."
vamericanexpress.com,"American Express Travel Related Services Company, Inc."
vblackcard.com,"American Express Travel Related Services Company, Inc."
veaamericanexpress.com,"American Express Travel Related Services Company, Inc."
vente-privee-american-express.com,"American Express Travel Related Services Company, Inc."
vente-privee-american-express.net,"American Express Travel Related Services Company, Inc."
vente-priveeamericanexpress.com,"American Express Travel Related Services Company, Inc."
vente-priveeamex.com,"American Express Travel Related Services Company, Inc."
vente-priveebyamericanexpress.com,"American Express Travel Related Services Company, Inc."
vente-priveebyamex.com,"American Express Travel Related Services Company, Inc."
vente-priveefromamericanexpress.com,"American Express Travel Related Services Company, Inc."
vente-priveefromamex.com,"American Express Travel Related Services Company, Inc."
vente-priveewithamericanexpress.com,"American Express Travel Related Services Company, Inc."
vente-priveewithamex.com,"American Express Travel Related Services Company, Inc."
ventepriveeamericanexpress.com,"American Express Travel Related Services Company, Inc."
ventepriveeamex.com,"American Express Travel Related Services Company, Inc."
ventepriveebyamericanexpress.com,"American Express Travel Related Services Company, Inc."
ventepriveebyamex.com,"American Express Travel Related Services Company, Inc."
ventepriveefromamericanexpress.com,"American Express Travel Related Services Company, Inc."
ventepriveefromamex.com,"American Express Travel Related Services Company, Inc."
ventepriveewithamericanexpress.com,"American Express Travel Related Services Company, Inc."
ventepriveewithamex.com,"American Express Travel Related Services Company, Inc."
viabramex.com,"American Express Travel Related Services Company, Inc."
videomanager.com,"American Express Travel Related Services Company, Inc."
vineschool.com,"American Express Travel Related Services Company, Inc."
vineschools.com,"American Express Travel Related Services Company, Inc."
vip-blackcard.com,"American Express Travel Related Services Company, Inc."
vipgovtcontracting.com,"American Express Travel Related Services Company, Inc."
vipsubscriptions.com,"American Express Travel Related Services Company, Inc."
virtualamericanexpress.com,"American Express Travel Related Services Company, Inc."
visa-amex-mastercard.com,"American Express Travel Related Services Company, Inc."
visa-amex-mastercard.net,"American Express Travel Related Services Company, Inc."
visa-master-amex.com,"American Express Travel Related Services Company, Inc."
visa-mastercard-amex.com,"American Express Travel Related Services Company, Inc."
visanotamericanexpress.com,"American Express Travel Related Services Company, Inc."
visanotamericanexpress.info,"American Express Travel Related Services Company, Inc."
visanotamericanexpress.net,"American Express Travel Related Services Company, Inc."
visanotamericanexpress.org,"American Express Travel Related Services Company, Inc."
visitamericanexpress.com,"American Express Travel Related Services Company, Inc."
visitopen.com,"American Express Travel Related Services Company, Inc."
visitopen.mobi,"American Express Travel Related Services Company, Inc."
visitplum.com,"American Express Travel Related Services Company, Inc."
voipamericanexpress.com,"American Express Travel Related Services Company, Inc."
votre-carte-au-quotidien.com,"American Express Travel Related Services Company, Inc."
votre-carte-au-quotidien.net,"American Express Travel Related Services Company, Inc."
votre-compte-mobile-americanexpress.com,"American Express Travel Related Services Company, Inc."
votre-reservation-live-bar.com,"American Express Travel Related Services Company, Inc."
votrecarteauquotidien.com,"American Express Travel Related Services Company, Inc."
votrecarteauquotidien.net,"American Express Travel Related Services Company, Inc."
voyagesamericanexpress.com,"American Express Travel Related Services Company, Inc."
vpamericanexpress.com,"American Express Travel Related Services Company, Inc."
vpamericanexpress.net,"American Express Travel Related Services Company, Inc."
vpaymentaccess.com,"American Express Travel Related Services Company, Inc."
walmartamericanexpress.info,"American Express Travel Related Services Company, Inc."
weacceptamericanexpress.com,"American Express Travel Related Services Company, Inc."
weamex.com,"American Express Travel Related Services Company, Inc."
web-american-express.com,"American Express Travel Related Services Company, Inc."
web-americanexpress.com,"American Express Travel Related Services Company, Inc."
web2-americanexpress.com,"American Express Travel Related Services Company, Inc."
webmail-amex.com,"American Express Travel Related Services Company, Inc."
wedeclarewaronamericanexpress.com,"American Express Travel Related Services Company, Inc."
wehateamericanexpress.com,"American Express Travel Related Services Company, Inc."
wehateamex.com,"American Express Travel Related Services Company, Inc."
welcomeaexp.com,"American Express Travel Related Services Company, Inc."
welcomeamex.com,"American Express Travel Related Services Company, Inc."
welcomein.com,"American Express Travel Related Services Company, Inc."
welcometoamericanexpress.com,"American Express Travel Related Services Company, Inc."
weprocessamericanexpress.com,"American Express Travel Related Services Company, Inc."
weramericanexpress.com,"American Express Travel Related Services Company, Inc."
weshopsmall.com,"American Express Travel Related Services Company, Inc."
whatisablackcard.com,"American Express Travel Related Services Company, Inc."
wherewillmembershiptakeyou.com,"American Express Travel Related Services Company, Inc."
whoelsethinksamericanexpresssucks.com,"American Express Travel Related Services Company, Inc."
whoelsethinksamericanexpresssucks.info,"American Express Travel Related Services Company, Inc."
whoelsethinksamericanexpresssucks.net,"American Express Travel Related Services Company, Inc."
whoelsethinksamericanexpresssucks.org,"American Express Travel Related Services Company, Inc."
whoisgettingone.com,"American Express Travel Related Services Company, Inc."
whoisgettingplum.com,"American Express Travel Related Services Company, Inc."
whoisgettingtheplum.com,"American Express Travel Related Services Company, Inc."
whotakesamericanexpress.com,"American Express Travel Related Services Company, Inc."
whothinksamericanexpresssucks.com,"American Express Travel Related Services Company, Inc."
whothinksamericanexpresssucks.info,"American Express Travel Related Services Company, Inc."
whothinksamericanexpresssucks.net,"American Express Travel Related Services Company, Inc."
whothinksamericanexpresssucks.org,"American Express Travel Related Services Company, Inc."
whowillgetplum.com,"American Express Travel Related Services Company, Inc."
whyamericanexpress.com,"American Express Travel Related Services Company, Inc."
whybusinessplatinum.com,"American Express Travel Related Services Company, Inc."
whygobusinessplatinum.com,"American Express Travel Related Services Company, Inc."
whythebusinessplatinumcard.com,"American Express Travel Related Services Company, Inc."
wikiamericanexpress.com,"American Express Travel Related Services Company, Inc."
winnamex.com,"American Express Travel Related Services Company, Inc."
wirelessamericanexpress.com,"American Express Travel Related Services Company, Inc."
withkabbage.com,"American Express Travel Related Services Company, Inc."
workingcapitalterms.com,"American Express Travel Related Services Company, Inc."
worldamericanexpress.com,"American Express Travel Related Services Company, Inc."
worldamex.com,"American Express Travel Related Services Company, Inc."
worldsamericanexpress.com,"American Express Travel Related Services Company, Inc."
wshpfromamericanexpress.com,"American Express Travel Related Services Company, Inc."
wwamericanexpress.net,"American Express Travel Related Services Company, Inc."
www-american-express.com,"American Express Travel Related Services Company, Inc."
www-americanexpress.com,"American Express Travel Related Services Company, Inc."
www-americanexpress.net,"American Express Travel Related Services Company, Inc."
www-americanexpress.org,"American Express Travel Related Services Company, Inc."
www-americanexpress.us,"American Express Travel Related Services Company, Inc."
www-americanexpresscard.com,"American Express Travel Related Services Company, Inc."
www-amex.com,"American Express Travel Related Services Company, Inc."
www.americanexpress,"American Express Travel Related Services Company, Inc."
www201americanexpress.com,"American Express Travel Related Services Company, Inc."
wwwamercanexpress.com,"American Express Travel Related Services Company, Inc."
wwwamercianexpress.com,"American Express Travel Related Services Company, Inc."
wwwamerican-express.com,"American Express Travel Related Services Company, Inc."
wwwamericaneexpress.com,"American Express Travel Related Services Company, Inc."
wwwamericanexpres.com,"American Express Travel Related Services Company, Inc."
wwwamericanexpress-travel.com,"American Express Travel Related Services Company, Inc."
wwwamericanexpress.com,"American Express Travel Related Services Company, Inc."
wwwamericanexpress.info,"American Express Travel Related Services Company, Inc."
wwwamericanexpress.net,"American Express Travel Related Services Company, Inc."
wwwamericanexpress.org,"American Express Travel Related Services Company, Inc."
wwwamericanexpress.us,"American Express Travel Related Services Company, Inc."
wwwamericanexpresscard.com,"American Express Travel Related Services Company, Inc."
wwwamericanexpresscard.net,"American Express Travel Related Services Company, Inc."
wwwamericanexpresscardcom.com,"American Express Travel Related Services Company, Inc."
wwwamericanexpresscardcom.net,"American Express Travel Related Services Company, Inc."
wwwamericanexpresscenturionbank.com,"American Express Travel Related Services Company, Inc."
wwwamericanexpresscom.com,"American Express Travel Related Services Company, Inc."
wwwamericanexpresscreditcard.com,"American Express Travel Related Services Company, Inc."
wwwamericanexpresss.com,"American Express Travel Related Services Company, Inc."
wwwamericanexpresstravel.com,"American Express Travel Related Services Company, Inc."
wwwamericanexpressvacations.com,"American Express Travel Related Services Company, Inc."
wwwamericanrxpress.com,"American Express Travel Related Services Company, Inc."
wwwamericansexpress.com,"American Express Travel Related Services Company, Inc."
wwwamericanxpress.com,"American Express Travel Related Services Company, Inc."
wwwameriicanexpress.com,"American Express Travel Related Services Company, Inc."
wwwinsurancedge.com,"American Express Travel Related Services Company, Inc."
wwwinsuranceedge.com,"American Express Travel Related Services Company, Inc."
wwwlinklikelove.com,"American Express Travel Related Services Company, Inc."
wwwmyblackcard.com,"American Express Travel Related Services Company, Inc."
wwwopenamericanexpress.com,"American Express Travel Related Services Company, Inc."
wwwtravelamericanexpress.com,"American Express Travel Related Services Company, Inc."
x-american-express-x.com,"American Express Travel Related Services Company, Inc."
xamericanexpress.com,"American Express Travel Related Services Company, Inc."
xmericanexpresx.com,"American Express Travel Related Services Company, Inc."
xn--55qx5ddz6gqia.xn--ses554g,"American Express Travel Related Services Company, Inc."
xn--55qx5dhyd315dv8qyma.xn--ses554g,"American Express Travel Related Services Company, Inc."
xn--cck0a4a0b6j.app,"American Express Travel Related Services Company, Inc."
xn--cckmij4da3svc1dza6eye.app,"American Express Travel Related Services Company, Inc."
xn--doq22d51cjue5t1a8t7abubx60az3pfvau14b02d.xn--ses554g,"American Express Travel Related Services Company, Inc."
xn--doq22d51cjuea367vkh3b61bq41dfva065c4d.xn--ses554g,"American Express Travel Related Services Company, Inc."
xn--fiqr8sba1562bv8qyma.xn--ses554g,"American Express Travel Related Services Company, Inc."
xn--kck7as8lza5ce.app,"American Express Travel Related Services Company, Inc."
xn--vuq28ffzdxw7bh4ksxx2oa.xn--ses554g,"American Express Travel Related Services Company, Inc."
xpressamerican.com,"American Express Travel Related Services Company, Inc."
yadavcraneservice.net,primary
yamericanexpress.com,"American Express Travel Related Services Company, Inc."
yoimpulso.com,"American Express Travel Related Services Company, Inc."
yoimpulsoacolombia.com,"American Express Travel Related Services Company, Inc."
yoimpulsoacostarica.com,"American Express Travel Related Services Company, Inc."
yoimpulsoaecuador.com,"American Express Travel Related Services Company, Inc."
yoimpulsoaelsalvador.com,"American Express Travel Related Services Company, Inc."
yoimpulsoaguatemala.com,"American Express Travel Related Services Company, Inc."
yoimpulsoahonduras.com,"American Express Travel Related Services Company, Inc."
yoimpulsoamipais.com,"American Express Travel Related Services Company, Inc."
yoimpulsoanicaragua.com,"American Express Travel Related Services Company, Inc."
yoimpulsoarepublicadominicana.com,"American Express Travel Related Services Company, Inc."
yoimpulsoavenezuela.com,"American Express Travel Related Services Company, Inc."
yomuevoamipais.com,"American Express Travel Related Services Company, Inc."
yomuevoarepublicadominicana.com,"American Express Travel Related Services Company, Inc."
yorbuzz.com,"American Express Travel Related Services Company, Inc."
your-american-express.com,"American Express Travel Related Services Company, Inc."
your-amex.com,"American Express Travel Related Services Company, Inc."
youramericanexpressions.com,"American Express Travel Related Services Company, Inc."
youramex.com,"American Express Travel Related Services Company, Inc."
yourbiztv.com,"American Express Travel Related Services Company, Inc."
yourbusinesstv.com,"American Express Travel Related Services Company, Inc."
yourbuz.com,"American Express Travel Related Services Company, Inc."
yourbuzz.com,"American Express Travel Related Services Company, Inc."
yourbuzz.net,"American Express Travel Related Services Company, Inc."
yourbzz.com,"American Express Travel Related Services Company, Inc."
yourbzzz.com,"American Express Travel Related Services Company, Inc."
yourcardfeatures.com,"American Express Travel Related Services Company, Inc."
yourcardfeaturesgold.com,"American Express Travel Related Services Company, Inc."
yourcardfeaturesgreen.com,"American Express Travel Related Services Company, Inc."
yourcardfeaturesplatinum.com,"American Express Travel Related Services Company, Inc."
yourcitytoanywhere.com,"American Express Travel Related Services Company, Inc."
yourebuz.com,"American Express Travel Related Services Company, Inc."
yourebuzz.com,"American Express Travel Related Services Company, Inc."
youropenbook.com,"American Express Travel Related Services Company, Inc."
yourrewardscard.com,"American Express Travel Related Services Company, Inc."
ysbsqa-amex-test-prepod.com,"American Express Travel Related Services Company, Inc."
ysbsqa-amex-test-prepod.net,"American Express Travel Related Services Company, Inc."
ystavatarjous.fi,"American Express Travel Related Services Company, Inc."
yurbuzz.com,"American Express Travel Related Services Company, Inc."
zamericanexpress.com,"American Express Travel Related Services Company, Inc."
zapper-vip.org,"American Express Travel Related Services Company, Inc."
zincbyamex.com,"American Express Travel Related Services Company, Inc."
zincfromamex.com,"American Express Travel Related Services Company, Inc."
zmericanexpresx.com,"American Express Travel Related Services Company, Inc."
zyncamericanexpress.com,"American Express Travel Related Services Company, Inc."
zyncbyamex.com,"American Express Travel Related Services Company, Inc."
zynccard.com,"American Express Travel Related Services Company, Inc."
zyncfromamex.com,"American Express Travel Related Services Company, Inc."
zyncguide.com,"American Express Travel Related Services Company, Inc."
zyncmadepossiblebyamericanexpress.com,"American Express Travel Related Services Company, Inc."
zyncmix.com,"American Express Travel Related Services Company, Inc."
zynctank.com,"American Express Travel Related Services Company, Inc."
