domain,sources
1-800-thankyou.com,"Citibank, N.A."
1-800thankyou.com,"Citibank, N.A."
1-fee.com,"Citibank, N.A."
1800citi.com,"Citibank, N.A."
1800thankyou.com,"Citibank, N.A."
1800thebank.com,"Citibank, N.A."
199.67.203.142,Citigroup; Citigroup Inc.
1citi.info,"Citibank, N.A."
1citi.net,"Citibank, N.A."
1feehomeloan.com,"Citibank, N.A."
1stciti.com,"Citibank, N.A."
1stciti.net,"Citibank, N.A."
1stcitimortgage.com,"Citibank, N.A."
1stcitimortgage.net,"Citibank, N.A."
1stcitimortgage.org,"Citibank, N.A."
1stcitimortgagebanc.com,"Citibank, N.A."
1stcitimortgagebanc.net,"Citibank, N.A."
1stcitimortgagebanc.org,"Citibank, N.A."
1stcitymortgage.com,"Citibank, N.A."
1sticitimortgagebanc.org,"Citibank, N.A."
1stmtg.com,"Citibank, N.A."
1stmtg.info,"Citibank, N.A."
1stmtg.org,"Citibank, N.A."
1stmtg.us,"Citibank, N.A."
3percentcashback.com,"Citibank, N.A."
3percentcashback.net,"Citibank, N.A."
777gym.com,Citigroup
800home800.com,"Citibank, N.A."
800home800.info,"Citibank, N.A."
800home800.net,"Citibank, N.A."
800home800.org,"Citibank, N.A."
800thankyou.com,"Citibank, N.A."
a-com-s.com,"Citibank, N.A."
a-comsolutions.com,"Citibank, N.A."
abfdealer.com,"Citibank, N.A."
aboutcititrade.com,"Citibank, N.A."
aboutloanstatus.com,"Citibank, N.A."
aboutmycititrade.com,"Citibank, N.A."
aboutonefee.biz,"Citibank, N.A."
aboutonefee.com,"Citibank, N.A."
aboutonefee.info,"Citibank, N.A."
aboutonefee.net,"Citibank, N.A."
aboutonefee.org,"Citibank, N.A."
aboutonefee.us,"Citibank, N.A."
acbcards.com,"Citibank, N.A."
accbanken.com,"Citibank, N.A."
accessquotealerts.com,"Citibank, N.A."
accigame.com,"Citibank, N.A."
accitrade.com,"Citibank, N.A."
accival.com,"Citibank, N.A."
accountonline.com,"Citibank, N.A."
accountonline.mobi,"Citibank, N.A."
accountupdate-citibank.com,"Citibank, N.A."
acoms.net,"Citibank, N.A."
adacard.com,"Citibank, N.A."
administrativeagent.com,"Citibank, N.A."
administrativeagent.net,"Citibank, N.A."
administrativeagent.org,"Citibank, N.A."
adminsource.com,"Citibank, N.A."
adminsource.info,"Citibank, N.A."
afcc.com,"Citibank, N.A."
aforecitibanamex.com,"Citibank, N.A."
afsindia.com,"Citibank, N.A."
agentsite.com,"Citibank, N.A."
ahes.com,"Citibank, N.A."
ahfresalecenter.com,"Citibank, N.A."
akconnect-tr.com,primary
allaboutcititrade.com,"Citibank, N.A."
allaboutmycititrade.com,"Citibank, N.A."
allcitimortgage.com,"Citibank, N.A."
allcitimortgage.net,"Citibank, N.A."
allegiancetrust.com,"Citibank, N.A."
americancancercard.com,"Citibank, N.A."
anbcards.com,"Citibank, N.A."
anticitibank.com,"Citibank, N.A."
apartmentfinance.com,"Citibank, N.A."
apartmentfinance.info,"Citibank, N.A."
apartmentfinance.us,"Citibank, N.A."
apartmentlending.com,"Citibank, N.A."
apartmentlending.info,"Citibank, N.A."
apartmentlending.org,"Citibank, N.A."
apartmentlending.us,"Citibank, N.A."
apartmentloan.com,"Citibank, N.A."
apartmentloanlink.com,"Citibank, N.A."
apartmentmortgage.com,"Citibank, N.A."
apartmentmortgage.info,"Citibank, N.A."
apartmentmortgage.net,"Citibank, N.A."
apartmentmortgage.org,"Citibank, N.A."
apartmentmortgage.us,"Citibank, N.A."
apartmentowners.com,"Citibank, N.A."
apiatciti.com,"Citibank, N.A."
aplyonlineciticards.com,"Citibank, N.A."
apply-citicards.com,"Citibank, N.A."
applyaacard.com,"Citibank, N.A."
applyforaclassiccard.com,"Citibank, N.A."
applyforagoldcard.com,"Citibank, N.A."
applyforaplatinumcard.com,"Citibank, N.A."
applyforavisacard.com,"Citibank, N.A."
applyforyourcard.com,"Citibank, N.A."
applyforyourvisa.com,"Citibank, N.A."
applygoodyearcreditcard.com,"Citibank, N.A."
applynowciticards.com,"Citibank, N.A."
applynowlciticards.com,"Citibank, N.A."
applyonlineciticards.com,"Citibank, N.A."
arcadiafinancial.com,"Citibank, N.A."
arcadiafinancialltd.com,"Citibank, N.A."
arpitsharma.dev,primary
askciti.com,"Citibank, N.A."
askciti.us,"Citibank, N.A."
aststockplan.com,"Citibank, N.A."
atlanticmortgage.com,"Citibank, N.A."
atnatres.com,"Citibank, N.A."
auto1.us,"Citibank, N.A."
autonote.com,"Citibank, N.A."
autoone.com,"Citibank, N.A."
autoone.net,"Citibank, N.A."
autoone.us,"Citibank, N.A."
autoonejobs.com,"Citibank, N.A."
balancetransferciticards.com,"Citibank, N.A."
banamex.app,"Citibank, N.A."
banamex.careers,"Citibank, N.A."
banamex.com,"Citibank, N.A."
banamex.enterprises,"Citibank, N.A."
banamex.help,"Citibank, N.A."
banamex.market,"Citibank, N.A."
banamex.mortgage,"Citibank, N.A."
banamex.mov,"Citibank, N.A."
banamex.property,"Citibank, N.A."
banamex.tips,"Citibank, N.A."
banamex.zip,"Citibank, N.A."
banamexdirecto.com,"Citibank, N.A."
banamexfx.com,"Citibank, N.A."
banamexfxspeed.com,"Citibank, N.A."
banamexinversiones.com,"Citibank, N.A."
banamexmortgage.com,"Citibank, N.A."
banamexmovil.com,"Citibank, N.A."
banamexsso.net,"Citibank, N.A."
banamexusamiles.com,"Citibank, N.A."
bancanet-empresarial.com,"Citibank, N.A."
bancanet.com,"Citibank, N.A."
bancanet.net,"Citibank, N.A."
bancanet.org,"Citibank, N.A."
bancanetbanamex.com,"Citibank, N.A."
bancanetempresarial.com,"Citibank, N.A."
bankcitigroup.com,"Citibank, N.A."
bankerscapital.com,"Citibank, N.A."
bankersleasing.com,"Citibank, N.A."
bastiondev.net,"Citibank, N.A."
becsonline.com,"Citibank, N.A."
becsonline.net,"Citibank, N.A."
believe-n-beyond.com,primary
benefitaccess.info,"Citibank, N.A."
bertumbuh.co,Citigroup
bestmortgagepackage.com,"Citibank, N.A."
bestmortgagepackage.info,"Citibank, N.A."
bestmortgagepackage.net,"Citibank, N.A."
bestmortgagepackage.org,"Citibank, N.A."
bestmortgagepackage.us,"Citibank, N.A."
bitcoinciti.org,"Citibank, N.A."
biweeklyadvantage.com,"Citibank, N.A."
bldnetfin.com,"Citibank, N.A."
boqrewards.com,"Citibank, N.A."
botagui.com,"Citibank, N.A."
bridgebuiltbyciti.com,"Citibank, N.A."
bridgebyciti.com,"Citibank, N.A."
brokercitimortgage.com,"Citibank, N.A."
buildyourbalancetransfer.com,"Citibank, N.A."
buscandofactorene.com,Citigroup
businessaccountonline.com,"Citibank, N.A."
buycititrade.com,"Citibank, N.A."
buymycititrade.com,"Citibank, N.A."
c-i-t-i-b-a-n-k.com,"Citibank, N.A."
c-tracksetns.com,"Citibank, N.A."
cal-ud.com,"Citibank, N.A."
calud.com,"Citibank, N.A."
canadabondexchange.com,Citigroup
canadaratemarket.com,Citigroup
capitalciti.com,"Citibank, N.A."
captainmortgage.com,"Citibank, N.A."
captainmortgage.info,"Citibank, N.A."
captainmortgage.org,"Citibank, N.A."
captainmortgage.us,"Citibank, N.A."
cardenroll.com,"Citibank, N.A."
cardforcollege.com,"Citibank, N.A."
cardmembercentral.com,"Citibank, N.A."
cardmembercentral.net,"Citibank, N.A."
cardmembercentral.org,"Citibank, N.A."
cardservicesdirectrewards.com.au,Citigroup
cardwithcashback.com,"Citibank, N.A."
careersciticards.com,"Citibank, N.A."
careerscitifinancial.com,"Citibank, N.A."
caserosprestamos.com,"Citibank, N.A."
caserosprestamos.info,"Citibank, N.A."
caserosprestamos.net,"Citibank, N.A."
caserosprestamos.org,"Citibank, N.A."
caserosprestamos.us,"Citibank, N.A."
catlend.com,"Citibank, N.A."
cbolweb.com,"Citibank, N.A."
cdcla.com,"Citibank, N.A."
cebssbiller.com,"Citibank, N.A."
cebssbillertest.com,"Citibank, N.A."
centi.us,primary
centrodeinformacionintegral.com,primary
cfsc-b2b.net,"Citibank, N.A."
cfscdirect.com,"Citibank, N.A."
cfsi.com.ph,"Citibank, N.A."
cg-uk.com,Citigroup
cgfax.com,"Citibank, N.A."
cgfax1.com,"Citibank, N.A."
cgfax2.com,"Citibank, N.A."
cgfax3.com,"Citibank, N.A."
cgfax4.com,"Citibank, N.A."
cgfax5.com,"Citibank, N.A."
cgfax6.com,"Citibank, N.A."
charmcitycard.com,"Citibank, N.A."
chiefdealer.com,"Citibank, N.A."
chiefdealer.info,"Citibank, N.A."
chiefdealer.org,"Citibank, N.A."
chinnyxo.com,primary
chisweb.jp,Citigroup
chnsoi.net,"Citibank, N.A."
chnsoirf.net,"Citibank, N.A."
cicicards.com,"Citibank, N.A."
ciicards.com,"Citibank, N.A."
ciitcards.com,"Citibank, N.A."
ciitibankonline.com,"Citibank, N.A."
ciiticards.com,"Citibank, N.A."
circulodeoro2021.com,"Citibank, N.A."
citbankcreditcard.com,"Citibank, N.A."
citcard.com,"Citibank, N.A."
citcards.com,"Citibank, N.A."
citcbank.com,"Citibank, N.A."
citcentercareers.com,"Citibank, N.A."
citgocards.com,"Citibank, N.A."
citgocelebrity.com,"Citibank, N.A."
citi-actvity.info,"Citibank, N.A."
citi-ads.com,"Citibank, N.A."
citi-advertising.com,"Citibank, N.A."
citi-advertising.net,"Citibank, N.A."
citi-advertising.org,"Citibank, N.A."
citi-alert.net,"Citibank, N.A."
citi-alert.org,"Citibank, N.A."
citi-card-online.com,"Citibank, N.A."
citi-cards.com,"Citibank, N.A."
citi-commerce.com,"Citibank, N.A."
citi-corp.com,primary
citi-costco.net,primary
citi-credicard.com,"Citibank, N.A."
citi-credit.com,"Citibank, N.A."
citi-dev.com,primary
citi-exchange.com,"Citibank, N.A."
citi-financial.com,"Citibank, N.A."
citi-fx-pro.com,"Citibank, N.A."
citi-fx.com,"Citibank, N.A."
citi-fxlink.com,"Citibank, N.A."
citi-fxpro.com,"Citibank, N.A."
citi-group.com,"Citibank, N.A."
citi-holdings.com,"Citibank, N.A."
citi-holdings.net,"Citibank, N.A."
citi-hub.info,"Citibank, N.A."
citi-hub.net,"Citibank, N.A."
citi-hub.org,"Citibank, N.A."
citi-immo.fr,primary
citi-insurance.com,"Citibank, N.A."
citi-insured01.com,"Citibank, N.A."
citi-insured01.info,"Citibank, N.A."
citi-insured01.net,"Citibank, N.A."
citi-insured01.org,"Citibank, N.A."
citi-krediet.com,"Citibank, N.A."
citi-listens.com,"Citibank, N.A."
citi-login.org,"Citibank, N.A."
citi-mobile.com,"Citibank, N.A."
citi-mobile.info,"Citibank, N.A."
citi-mobile.net,"Citibank, N.A."
citi-mobile.org,"Citibank, N.A."
citi-mobile.us,"Citibank, N.A."
citi-national.com,"Citibank, N.A."
citi-nri.com,"Citibank, N.A."
citi-protected.info,"Citibank, N.A."
citi-rewards.com,"Citibank, N.A."
citi-secure.info,"Citibank, N.A."
citi-secure.net,"Citibank, N.A."
citi-secure.org,"Citibank, N.A."
citi-secured.com,"Citibank, N.A."
citi-secured.info,"Citibank, N.A."
citi-secured.net,"Citibank, N.A."
citi-secured.org,"Citibank, N.A."
citi-security.info,"Citibank, N.A."
citi-security.net,"Citibank, N.A."
citi-security.org,"Citibank, N.A."
citi-street.com,"Citibank, N.A."
citi-support.info,"Citibank, N.A."
citi-trade.com,"Citibank, N.A."
citi-trade.net,"Citibank, N.A."
citi-trade.org,"Citibank, N.A."
citi-traders.com,"Citibank, N.A."
citi-tx.com,primary
citi-users-0724.com,"Citibank, N.A."
citi-users-0724.info,"Citibank, N.A."
citi-users-0724.net,"Citibank, N.A."
citi-users-0724.org,"Citibank, N.A."
citi-users4.com,"Citibank, N.A."
citi-users4.info,"Citibank, N.A."
citi-users4.net,"Citibank, N.A."
citi-users4.org,"Citibank, N.A."
citi-verify.info,"Citibank, N.A."
citi-verify.net,"Citibank, N.A."
citi-verify.org,"Citibank, N.A."
citi-warants.com,"Citibank, N.A."
citi-warrants.net,"Citibank, N.A."
citi-web.info,"Citibank, N.A."
citi-web.net,"Citibank, N.A."
citi-web.org,"Citibank, N.A."
citi-websecure.com,"Citibank, N.A."
citi-websecure.info,"Citibank, N.A."
citi-websecure.net,"Citibank, N.A."
citi-websecure.org,"Citibank, N.A."
citi.ai,"Citibank, N.A."
citi.app,"Citibank, N.A."
citi.asia,"Citibank, N.A."
citi.at,"Citibank, N.A."
citi.bank,"Citibank, N.A."
citi.bi,"Citibank, N.A."
citi.bike,"Citibank, N.A."
citi.broker,"Citibank, N.A."
citi.buzz,"Citibank, N.A."
citi.center,"Citibank, N.A."
citi.ceo,"Citibank, N.A."
citi.cl,"Citibank, N.A."
citi.click,"Citibank, N.A."
citi.cloud,"Citibank, N.A."
citi.club,"Citibank, N.A."
citi.co.at,"Citibank, N.A."
citi.co.bi,"Citibank, N.A."
citi.co.cr,"Citibank, N.A."
citi.co.in,"Citibank, N.A."
citi.co.jp,Citigroup
citi.co.mu,"Citibank, N.A."
citi.co.th,Citigroup
citi.co.ug,"Citibank, N.A."
citi.com,"Citibank, N.A."
citi.com.ai,"Citibank, N.A."
citi.com.do,"Citibank, N.A."
citi.com.kz,"Citibank, N.A."
citi.com.mu,"Citibank, N.A."
citi.com.ph,"Citibank, N.A."
citi.com.pl,"Citibank, N.A."
citi.com.pr,"Citibank, N.A."
citi.company,"Citibank, N.A."
citi.cr,"Citibank, N.A."
citi.cz,"Citibank, N.A."
citi.directory,"Citibank, N.A."
citi.do,"Citibank, N.A."
citi.email,"Citibank, N.A."
citi.enterprises,"Citibank, N.A."
citi.fans,"Citibank, N.A."
citi.forex,"Citibank, N.A."
citi.forum,"Citibank, N.A."
citi.game,"Citibank, N.A."
citi.giving,"Citibank, N.A."
citi.global,"Citibank, N.A."
citi.guru,"Citibank, N.A."
citi.help,"Citibank, N.A."
citi.holdings,"Citibank, N.A."
citi.immobilien,"Citibank, N.A."
citi.in,"Citibank, N.A."
citi.info,"Citibank, N.A."
citi.is,"Citibank, N.A."
citi.jobs,"Citibank, N.A."
citi.kz,"Citibank, N.A."
citi.lgbt,"Citibank, N.A."
citi.live,"Citibank, N.A."
citi.london,"Citibank, N.A."
citi.love,"Citibank, N.A."
citi.management,"Citibank, N.A."
citi.market,"Citibank, N.A."
citi.markets,"Citibank, N.A."
citi.me,"Citibank, N.A."
citi.menu,"Citibank, N.A."
citi.miami,"Citibank, N.A."
citi.mobi,"Citibank, N.A."
citi.mobile,"Citibank, N.A."
citi.mortgage,"Citibank, N.A."
citi.mov,"Citibank, N.A."
citi.mu,"Citibank, N.A."
citi.net,Citigroup
citi.news,"Citibank, N.A."
citi.online,"Citibank, N.A."
citi.ooo,"Citibank, N.A."
citi.org,"Citibank, N.A."
citi.ph,"Citibank, N.A."
citi.pr,"Citibank, N.A."
citi.press,"Citibank, N.A."
citi.property,"Citibank, N.A."
citi.red,"Citibank, N.A."
citi.review,"Citibank, N.A."
citi.reviews,"Citibank, N.A."
citi.shop,"Citibank, N.A."
citi.site,"Citibank, N.A."
citi.soccer,"Citibank, N.A."
citi.social,"Citibank, N.A."
citi.software,"Citibank, N.A."
citi.systems,"Citibank, N.A."
citi.tc,"Citibank, N.A."
citi.tech,"Citibank, N.A."
citi.tel,"Citibank, N.A."
citi.trade,"Citibank, N.A."
citi.trading,"Citibank, N.A."
citi.uno,"Citibank, N.A."
citi.us,"Citibank, N.A."
citi.vet,"Citibank, N.A."
citi.vg,"Citibank, N.A."
citi.vu,"Citibank, N.A."
citi.website,"Citibank, N.A."
citi.wiki,"Citibank, N.A."
citi.work,"Citibank, N.A."
citi.xin,"Citibank, N.A."
citi.xyz,"Citibank, N.A."
citi.zip,"Citibank, N.A."
citi0nline.com,"Citibank, N.A."
citi1stfinancial.com,"Citibank, N.A."
citi24.com,"Citibank, N.A."
citi24group.com,"Citibank, N.A."
citi401k.com,"Citibank, N.A."
citi666.com,"Citibank, N.A."
citiaadvantage.com,"Citibank, N.A."
citiaccess.com,"Citibank, N.A."
citiaccess.info,"Citibank, N.A."
citiactions.com,"Citibank, N.A."
citiadvance.co.th,Citigroup
citiadvantage.com,"Citibank, N.A."
citiadvantagemastercard.com,"Citibank, N.A."
citiadvertising.net,"Citibank, N.A."
citiadvisoradvantage.com,"Citibank, N.A."
citiagent.com,"Citibank, N.A."
citiai.com,"Citibank, N.A."
citialternativeinvestments.com,"Citibank, N.A."
citialternativeinvestments.info,"Citibank, N.A."
citialternativeinvestments.mobi,"Citibank, N.A."
citialternativeinvestments.net,"Citibank, N.A."
citialternativeinvestments.org,"Citibank, N.A."
citialternativeinvestments.ru,"Citibank, N.A."
citialternatives.com,"Citibank, N.A."
citialumninetwork.com,"Citibank, N.A."
citiankonline.com,"Citibank, N.A."
citiappraisal.com,"Citibank, N.A."
citiards.com,"Citibank, N.A."
citiassest.com,"Citibank, N.A."
citiassetmanagement.com,"Citibank, N.A."
citiassist.com,"Citibank, N.A."
citiassurance.com,"Citibank, N.A."
citiassurecard.com,"Citibank, N.A."
citiatm.com,"Citibank, N.A."
citiatwork.com,"Citibank, N.A."
citiatwork.cz,"Citibank, N.A."
citiatworkbanking.com,"Citibank, N.A."
citiatworksite.com,"Citibank, N.A."
citiaustralia.com,"Citibank, N.A."
citiautofinance.com,"Citibank, N.A."
citiautowrap.com,"Citibank, N.A."
citiawards.com,"Citibank, N.A."
citib.com.au,Citigroup
citiback.com,"Citibank, N.A."
citibamk.com,"Citibank, N.A."
citibamk.net,"Citibank, N.A."
citiban.com,"Citibank, N.A."
citibanamex.com,"Citibank, N.A."
citibanamex.digital,"Citibank, N.A."
citibanamex.email,"Citibank, N.A."
citibanamex.finance,"Citibank, N.A."
citibanamex.info,"Citibank, N.A."
citibanamex.lat,"Citibank, N.A."
citibanamex.mov,"Citibank, N.A."
citibanamex.online,"Citibank, N.A."
citibanamex.org,"Citibank, N.A."
citibanamex.review,"Citibank, N.A."
citibanamex.zip,"Citibank, N.A."
citibanamexassetmanagement.com,"Citibank, N.A."
citibanamexbancanet.com,"Citibank, N.A."
citibanamexbancanet.info,"Citibank, N.A."
citibanamexbancanet.net,"Citibank, N.A."
citibanamexbancanet.org,"Citibank, N.A."
citibanamexcard.com,"Citibank, N.A."
citibanamexcards.com,"Citibank, N.A."
citibanamexcasadebolsa.com,"Citibank, N.A."
citibanamexconecta.com,"Citibank, N.A."
citibanamexpromociones.com,"Citibank, N.A."
citibanamexseguros.com,"Citibank, N.A."
citibanamexseguros.lat,"Citibank, N.A."
citibanamextransfer.com,"Citibank, N.A."
citibancards.com,"Citibank, N.A."
citibancks.com,"Citibank, N.A."
citibancreditcard.com,"Citibank, N.A."
citibani.com,"Citibank, N.A."
citibank-card.com,"Citibank, N.A."
citibank-cards.net,"Citibank, N.A."
citibank-credicard.com,"Citibank, N.A."
citibank-e-business.com,"Citibank, N.A."
citibank-ebilling.com,"Citibank, N.A."
citibank-escucha.com,"Citibank, N.A."
citibank-icard.com,"Citibank, N.A."
citibank-listens-my.com,"Citibank, N.A."
citibank-listens.com,"Citibank, N.A."
citibank-maghreb.com,"Citibank, N.A."
citibank-morocco.com,"Citibank, N.A."
citibank-online.com,"Citibank, N.A."
citibank-online.cz,"Citibank, N.A."
citibank-online.net,"Citibank, N.A."
citibank-slucha.com,"Citibank, N.A."
citibank-sluzby.cz,"Citibank, N.A."
citibank-visa.com,"Citibank, N.A."
citibank.ae,"Citibank, N.A."
citibank.ai,"Citibank, N.A."
citibank.app,"Citibank, N.A."
citibank.asia,"Citibank, N.A."
citibank.at,"Citibank, N.A."
citibank.bank,"Citibank, N.A."
citibank.black,"Citibank, N.A."
citibank.broker,"Citibank, N.A."
citibank.buzz,"Citibank, N.A."
citibank.cat,"Citibank, N.A."
citibank.center,"Citibank, N.A."
citibank.ceo,"Citibank, N.A."
citibank.click,"Citibank, N.A."
citibank.cloud,"Citibank, N.A."
citibank.co.at,"Citibank, N.A."
citibank.co.cr,"Citibank, N.A."
citibank.co.in,"Citibank, N.A."
citibank.co.ug,"Citibank, N.A."
citibank.com,"Citibank, N.A."
citibank.com.au,Citigroup
citibank.com.do,"Citibank, N.A."
citibank.com.kz,"Citibank, N.A."
citibank.com.ph,"Citibank, N.A."
citibank.com.pr,"Citibank, N.A."
citibank.company,"Citibank, N.A."
citibank.cr,"Citibank, N.A."
citibank.cz,"Citibank, N.A."
citibank.email,"Citibank, N.A."
citibank.enterprises,"Citibank, N.A."
citibank.fans,"Citibank, N.A."
citibank.forex,"Citibank, N.A."
citibank.forum,"Citibank, N.A."
citibank.giving,"Citibank, N.A."
citibank.help,"Citibank, N.A."
citibank.host,"Citibank, N.A."
citibank.immobilien,"Citibank, N.A."
citibank.in,"Citibank, N.A."
citibank.info,"Citibank, N.A."
citibank.ink,"Citibank, N.A."
citibank.jobs,"Citibank, N.A."
citibank.kim,"Citibank, N.A."
citibank.kz,"Citibank, N.A."
citibank.lgbt,"Citibank, N.A."
citibank.love,"Citibank, N.A."
citibank.management,"Citibank, N.A."
citibank.market,"Citibank, N.A."
citibank.markets,"Citibank, N.A."
citibank.me,"Citibank, N.A."
citibank.miami,"Citibank, N.A."
citibank.mobi,"Citibank, N.A."
citibank.mobile,"Citibank, N.A."
citibank.mov,"Citibank, N.A."
citibank.name,"Citibank, N.A."
citibank.net,"Citibank, N.A."
citibank.news,"Citibank, N.A."
citibank.nyc,"Citibank, N.A."
citibank.online,"Citibank, N.A."
citibank.org,"Citibank, N.A."
citibank.ph,"Citibank, N.A."
citibank.pink,"Citibank, N.A."
citibank.pr,"Citibank, N.A."
citibank.pro,"Citibank, N.A."
citibank.property,"Citibank, N.A."
citibank.pub,"Citibank, N.A."
citibank.review,"Citibank, N.A."
citibank.reviews,"Citibank, N.A."
citibank.ru,"Citibank, N.A."
citibank.sale,"Citibank, N.A."
citibank.site,"Citibank, N.A."
citibank.soccer,"Citibank, N.A."
citibank.social,"Citibank, N.A."
citibank.systems,"Citibank, N.A."
citibank.tech,"Citibank, N.A."
citibank.tel,"Citibank, N.A."
citibank.tickets,"Citibank, N.A."
citibank.trade,"Citibank, N.A."
citibank.trading,"Citibank, N.A."
citibank.us,"Citibank, N.A."
citibank.vet,"Citibank, N.A."
citibank.website,"Citibank, N.A."
citibank.work,"Citibank, N.A."
citibank.xin,"Citibank, N.A."
citibank.xyz,"Citibank, N.A."
citibank.zip,"Citibank, N.A."
citibank1.com,"Citibank, N.A."
citibank1.net,"Citibank, N.A."
citibank666.com,"Citibank, N.A."
citibankaccountonline.com,"Citibank, N.A."
citibankalbania.com,"Citibank, N.A."
citibankargentina.com,"Citibank, N.A."
citibankatwork.com,"Citibank, N.A."
citibankatwork.cz,"Citibank, N.A."
citibankautofinance.com,"Citibank, N.A."
citibankautofinanee.com,"Citibank, N.A."
citibankautoloan.com,"Citibank, N.A."
citibankautoloans.com,"Citibank, N.A."
citibankbanamex.com,"Citibank, N.A."
citibankbangladesh.com,"Citibank, N.A."
citibankberhad.com,"Citibank, N.A."
citibankbillmanager.com,"Citibank, N.A."
citibankbrazil.com,"Citibank, N.A."
citibankbroker.com,"Citibank, N.A."
citibankbrokerage.com,"Citibank, N.A."
citibankbulgaria.com,"Citibank, N.A."
citibankbusinesscard.com,"Citibank, N.A."
citibankbusinessonline.com,"Citibank, N.A."
citibankc.com,"Citibank, N.A."
citibankcanada.com,"Citibank, N.A."
citibankcard.com,"Citibank, N.A."
citibankcard.net,"Citibank, N.A."
citibankcard.org,"Citibank, N.A."
citibankcards.com,"Citibank, N.A."
citibankcardservices.com,"Citibank, N.A."
citibankcareers.com,"Citibank, N.A."
citibankcashreturn.com,"Citibank, N.A."
citibankcashreturncard.com,"Citibank, N.A."
citibankcashreturns.com,"Citibank, N.A."
citibankcashreturnscard.com,"Citibank, N.A."
citibankcerditcard.com,"Citibank, N.A."
citibankchile.cl,"Citibank, N.A."
citibankchile.com,"Citibank, N.A."
citibankchina.com,"Citibank, N.A."
citibankcolombia.com,"Citibank, N.A."
citibankcrdeitcard.com,"Citibank, N.A."
citibankcredicard.com,"Citibank, N.A."
citibankcredit.com,"Citibank, N.A."
citibankcreditcard.com,"Citibank, N.A."
citibankcreditcardmastertrust.com,"Citibank, N.A."
citibankcreditcardonline.com,"Citibank, N.A."
citibankcreditcards.com,"Citibank, N.A."
citibankcreditmonitoringservice.com,"Citibank, N.A."
citibankcreditreport.com,"Citibank, N.A."
citibankcreitcard.com,"Citibank, N.A."
citibankcuentatransfer.com,"Citibank, N.A."
citibankcuentatransfer.com.do,"Citibank, N.A."
citibankcuentatransfer.com.pr,"Citibank, N.A."
citibankcuentatransfer.cr,"Citibank, N.A."
citibankcuentatransfer.do,"Citibank, N.A."
citibankcuentatransfer.pr,"Citibank, N.A."
citibankcuentatransfer.us,"Citibank, N.A."
citibankcustomerservice.com,"Citibank, N.A."
citibankd.com,"Citibank, N.A."
citibankdebt.com,"Citibank, N.A."
citibankdenmark.com,"Citibank, N.A."
citibankdiamond.com,"Citibank, N.A."
citibankdining.com.au,Citigroup
citibankdiningprogram.com.au,Citigroup
citibankdirect.com,"Citibank, N.A."
citibankdirect.net,"Citibank, N.A."
citibankdirectaccess.com,"Citibank, N.A."
citibankdiversity.com,"Citibank, N.A."
citibankdividend.com,"Citibank, N.A."
citibankebilling.com,"Citibank, N.A."
citibankemployment.com,"Citibank, N.A."
citibankequity.com,"Citibank, N.A."
citibankesavings.com,"Citibank, N.A."
citibankespanol.com,"Citibank, N.A."
citibankeurope.pl,"Citibank, N.A."
citibankfinancial.com,"Citibank, N.A."
citibankfinancialservices.com,"Citibank, N.A."
citibankfinland.com,"Citibank, N.A."
citibankforeigncurrency.com,"Citibank, N.A."
citibankforeignexchange.com,"Citibank, N.A."
citibankfrance.com,"Citibank, N.A."
citibankfsb.com,"Citibank, N.A."
citibankfundtransfer.com,"Citibank, N.A."
citibankfxlink.com,"Citibank, N.A."
citibankgermany.com,"Citibank, N.A."
citibankgoldcard.com,"Citibank, N.A."
citibankgreece.com,"Citibank, N.A."
citibankgroup.com,"Citibank, N.A."
citibankguam.com,"Citibank, N.A."
citibankhandlowy.com,"Citibank, N.A."
citibankhandlowy.com.pl,"Citibank, N.A."
citibankhandlowy.pl,"Citibank, N.A."
citibankhelp.com,"Citibank, N.A."
citibankhilton.com,"Citibank, N.A."
citibankhiltoncard.com,"Citibank, N.A."
citibankhiltonhhonors.com,"Citibank, N.A."
citibankhiltonhonors.com,"Citibank, N.A."
citibankhomeequity.com,"Citibank, N.A."
citibankhomeequityloan.com,"Citibank, N.A."
citibankhomeloans.com,"Citibank, N.A."
citibankhongkong.com,"Citibank, N.A."
citibankhotel.com,"Citibank, N.A."
citibankhungary.com,"Citibank, N.A."
citibanki.ru,Citigroup; Citigroup Inc.
citibankindia.com,"Citibank, N.A."
citibankindia.org,"Citibank, N.A."
citibankindonesia.com,"Citibank, N.A."
citibanking.info,"Citibank, N.A."
citibanking.us,"Citibank, N.A."
citibankingonline.com,"Citibank, N.A."
citibankinsurance.com,"Citibank, N.A."
citibankinsurance.com.au,Citigroup
citibankinterestrates.com,"Citibank, N.A."
citibankinternational.com,"Citibank, N.A."
citibankinternational.pl,"Citibank, N.A."
citibankinternetbanking.com,"Citibank, N.A."
citibankinvestments.com,"Citibank, N.A."
citibankiran.com,"Citibank, N.A."
citibankiraq.com,"Citibank, N.A."
citibankireland.com,"Citibank, N.A."
citibankitaly.com,"Citibank, N.A."
citibankjamaica.com,"Citibank, N.A."
citibankjapan.com,"Citibank, N.A."
citibankjordan.com,"Citibank, N.A."
citibankkenya.com,"Citibank, N.A."
citibankkorea.com,"Citibank, N.A."
citibankkuwait.com,"Citibank, N.A."
citibankloan.com,"Citibank, N.A."
citibankloans.com,"Citibank, N.A."
citibanklondon.com,"Citibank, N.A."
citibankmail.in,"Citibank, N.A."
citibankmalaysia.com,"Citibank, N.A."
citibankmaldives.com,"Citibank, N.A."
citibankmerchantservices.com,"Citibank, N.A."
citibankmexico.com,"Citibank, N.A."
citibankmobile.pl,"Citibank, N.A."
citibankmongolia.com,"Citibank, N.A."
citibankmonitoring.com,"Citibank, N.A."
citibankmonitoringservice.com,"Citibank, N.A."
citibankmortgage.com,"Citibank, N.A."
citibankmortgagerate.com,"Citibank, N.A."
citibankmtg.com,"Citibank, N.A."
citibankmx.com,"Citibank, N.A."
citibankna.com,"Citibank, N.A."
citibanknepal.com,"Citibank, N.A."
citibanknetherlands.com,"Citibank, N.A."
citibanknetnews.com,"Citibank, N.A."
citibanknewzealand.com,"Citibank, N.A."
citibanknigeria.com,"Citibank, N.A."
citibanknline.com,"Citibank, N.A."
citibanknorge.com,"Citibank, N.A."
citibanknorway.com,"Citibank, N.A."
citibanknri.com,"Citibank, N.A."
citibankny.com,"Citibank, N.A."
citibankoman.com,"Citibank, N.A."
citibankon-line.com,"Citibank, N.A."
citibankoneline.com,"Citibank, N.A."
citibankonie.com,"Citibank, N.A."
citibankonilne.com,"Citibank, N.A."
citibankonlien.com,"Citibank, N.A."
citibankonlime.com,"Citibank, N.A."
citibankonline.com,"Citibank, N.A."
citibankonline.com.au,Citigroup
citibankonline.cz,"Citibank, N.A."
citibankonline.net,"Citibank, N.A."
citibankonline.org,"Citibank, N.A."
citibankonlinebanking.com,"Citibank, N.A."
citibankonlinecom.com,"Citibank, N.A."
citibankonlineqa.com,"Citibank, N.A."
citibankonlinne.com,"Citibank, N.A."
citibankorg.com,"Citibank, N.A."
citibankpakistan.com,"Citibank, N.A."
citibankpaylink.com,"Citibank, N.A."
citibankpayment.com,"Citibank, N.A."
citibankpayments.com,"Citibank, N.A."
citibankpensions.com,"Citibank, N.A."
citibankperu.com,"Citibank, N.A."
citibankphilippines.com,"Citibank, N.A."
citibankplatinum.com,"Citibank, N.A."
citibankplatinumcard.com,"Citibank, N.A."
citibankplatinummastercard.com,"Citibank, N.A."
citibankplatinumselect.com,"Citibank, N.A."
citibankplc.com,"Citibank, N.A."
citibankpoland.com,"Citibank, N.A."
citibankpr.com,"Citibank, N.A."
citibankpreferredcard.com,"Citibank, N.A."
citibankprivatebank.com,"Citibank, N.A."
citibankproducts.com,"Citibank, N.A."
citibankprofessional.com,"Citibank, N.A."
citibankprofessionalcard.com,"Citibank, N.A."
citibankrates.com,"Citibank, N.A."
citibankromania.com,"Citibank, N.A."
citibankrussia.com,"Citibank, N.A."
citibanks.com,"Citibank, N.A."
citibanksa.com,"Citibank, N.A."
citibanksa.info,"Citibank, N.A."
citibanksa.net,"Citibank, N.A."
citibanksa.org,"Citibank, N.A."
citibanksaudiarabia.com,"Citibank, N.A."
citibanksavings.com,"Citibank, N.A."
citibanksavings.com.ph,"Citibank, N.A."
citibankscard.com,"Citibank, N.A."
citibankseguros.com,"Citibank, N.A."
citibankselect.com,"Citibank, N.A."
citibankservice.com,"Citibank, N.A."
citibanksharedealing.com,"Citibank, N.A."
citibankshares.com,"Citibank, N.A."
citibanksingapore.com,"Citibank, N.A."
citibanksouthafrica.com,"Citibank, N.A."
citibankspain.com,"Citibank, N.A."
citibanksrilanka.com,"Citibank, N.A."
citibankstockmarket.com,"Citibank, N.A."
citibankstudent.com,"Citibank, N.A."
citibankstudentcard.com,"Citibank, N.A."
citibanksupport.com,"Citibank, N.A."
citibanksustainability.com,"Citibank, N.A."
citibanksverige.com,"Citibank, N.A."
citibanksweden.com,"Citibank, N.A."
citibankswitzerland.com,"Citibank, N.A."
citibanktaiwan.com,"Citibank, N.A."
citibanktarjetas.com,"Citibank, N.A."
citibankthailand.com,"Citibank, N.A."
citibankthankyou.com,"Citibank, N.A."
citibankthankyourewards.com,"Citibank, N.A."
citibanktoday.com,"Citibank, N.A."
citibanktoolbar.com,"Citibank, N.A."
citibanktransfer.com,"Citibank, N.A."
citibanktransfer.com.do,"Citibank, N.A."
citibanktransfer.com.pr,"Citibank, N.A."
citibanktransfer.cr,"Citibank, N.A."
citibanktransfer.do,"Citibank, N.A."
citibanktransfer.pr,"Citibank, N.A."
citibanktransfer.us,"Citibank, N.A."
citibanktravel.com,"Citibank, N.A."
citibanktrust.com,"Citibank, N.A."
citibankturkey.com,"Citibank, N.A."
citibankturkiye.com,"Citibank, N.A."
citibankuk.com,"Citibank, N.A."
citibankukraine.com,"Citibank, N.A."
citibankupromise.com,"Citibank, N.A."
citibankus.com,"Citibank, N.A."
citibankusa.com,"Citibank, N.A."
citibankusa.org,"Citibank, N.A."
citibankusacards.com,"Citibank, N.A."
citibankusana.com,"Citibank, N.A."
citibankvenezuela.com,"Citibank, N.A."
citibankvisacard.com,"Citibank, N.A."
citibankwarrant.com,"Citibank, N.A."
citibankwarrant.net,"Citibank, N.A."
citibankwarrants.com,"Citibank, N.A."
citibankwarrants.net,"Citibank, N.A."
citibankwelcomewhatsnext.com,"Citibank, N.A."
citibankworldlink.com,"Citibank, N.A."
citibankworldwide.com,"Citibank, N.A."
citibankworldwide.net,"Citibank, N.A."
citibankyatirim.com,"Citibank, N.A."
citibankzimbabwe.com,"Citibank, N.A."
citibanlk.com,"Citibank, N.A."
citibanlonline.com,"Citibank, N.A."
citibannkonline.com,"Citibank, N.A."
citibanonline.com,"Citibank, N.A."
citibard.com,"Citibank, N.A."
citibears.com,"Citibank, N.A."
citibenefit.com,"Citibank, N.A."
citibenefits.com,"Citibank, N.A."
citibenefitsonline.com,"Citibank, N.A."
citibest.com,"Citibank, N.A."
citibeyond.com,"Citibank, N.A."
citibike.app,"Citibank, N.A."
citibike.net,"Citibank, N.A."
citibikeforgood.com,"Citibank, N.A."
citibikeforgood.nyc,"Citibank, N.A."
citibikejc.com,"Citibank, N.A."
citibikejerseycity.com,"Citibank, N.A."
citibikemiami.com,"Citibank, N.A."
citibikenyc.com,"Citibank, N.A."
citibikeshares.nyc,"Citibank, N.A."
citibillboard.com,"Citibank, N.A."
citibillboards.com,"Citibank, N.A."
citibiller.com,"Citibank, N.A."
citibinvestors.com,"Citibank, N.A."
citibitcoin.org,"Citibank, N.A."
citiblock.com,"Citibank, N.A."
citibnankonline.com,"Citibank, N.A."
citibonds.com,"Citibank, N.A."
citibonline.com,"Citibank, N.A."
citibooks.com,"Citibank, N.A."
citibrasil.com,"Citibank, N.A."
citibrazil.com,"Citibank, N.A."
citibuilders.com,"Citibank, N.A."
citibuisnesscreditcards.com,"Citibank, N.A."
citibusiness.com,"Citibank, N.A."
citibusiness.com.ai,"Citibank, N.A."
citibusiness.com.kz,"Citibank, N.A."
citibusiness.com.ph,"Citibank, N.A."
citibusiness.com.pr,"Citibank, N.A."
citibusiness.com.ru,"Citibank, N.A."
citibusiness.cz,"Citibank, N.A."
citibusiness.info,"Citibank, N.A."
citibusiness.mobi,"Citibank, N.A."
citibusiness.org,"Citibank, N.A."
citibusiness.ph,"Citibank, N.A."
citibusiness.us,"Citibank, N.A."
citibusinesscard.com,"Citibank, N.A."
citibusinesscards.com,"Citibank, N.A."
citibusinesscditcards.com,"Citibank, N.A."
citibusinesscreditcard.com,"Citibank, N.A."
citibusinesscreditcards.com,"Citibank, N.A."
citibusinessdirect.com,"Citibank, N.A."
citibusinessonline.com,"Citibank, N.A."
citibusinessonline.mobi,"Citibank, N.A."
citibusisnesscreditcards.com,"Citibank, N.A."
citibussinesscreditcards.com,"Citibank, N.A."
citicaard.com,"Citibank, N.A."
citicaards.com,"Citibank, N.A."
citicads.com,"Citibank, N.A."
citicalorifuge.com,primary
citicalorifuge.fr,primary
citicanvas.com,"Citibank, N.A."
citicapital.com,"Citibank, N.A."
citicapital.info,"Citibank, N.A."
citicapitaladvisors.com,"Citibank, N.A."
citicapitalmortgage.com,"Citibank, N.A."
citicapitalstrategies.com,"Citibank, N.A."
citicar5d.com,"Citibank, N.A."
citicaras.com,"Citibank, N.A."
citicard-credicard.com,"Citibank, N.A."
citicard.cc,"Citibank, N.A."
citicard.com,"Citibank, N.A."
citicard.info,"Citibank, N.A."
citicard.mobi,"Citibank, N.A."
citicard.us,"Citibank, N.A."
citicardcom.net,"Citibank, N.A."
citicardcredicard.com,"Citibank, N.A."
citicarde.com,"Citibank, N.A."
citicardlogin.com,"Citibank, N.A."
citicardmember.com,"Citibank, N.A."
citicards.ae,"Citibank, N.A."
citicards.app,"Citibank, N.A."
citicards.cc,"Citibank, N.A."
citicards.co.jp,Citigroup
citicards.com,"Citibank, N.A."
citicards.com.ph,"Citibank, N.A."
citicards.info,"Citibank, N.A."
citicards.mobi,"Citibank, N.A."
citicards.ph,"Citibank, N.A."
citicards.us,"Citibank, N.A."
citicardsa.com,"Citibank, N.A."
citicardsaccountonline.com,"Citibank, N.A."
citicardsavings.com,"Citibank, N.A."
citicardscom.com,"Citibank, N.A."
citicardscom.net,"Citibank, N.A."
citicardsde.com,"Citibank, N.A."
citicardsonline.com,"Citibank, N.A."
citicardsrewards.com,"Citibank, N.A."
citicardss.com,"Citibank, N.A."
citicardssavings.com,"Citibank, N.A."
citicardssucks.com,"Citibank, N.A."
citicardsthankyou.com,"Citibank, N.A."
citicardsucks.com,"Citibank, N.A."
citicardthankyou.com,"Citibank, N.A."
citicardusa.com,"Citibank, N.A."
citicared.com,"Citibank, N.A."
citicareers.com,"Citibank, N.A."
citicarfds.com,"Citibank, N.A."
citicarrds.com,"Citibank, N.A."
citicarts.com,"Citibank, N.A."
citicarwrap.com,"Citibank, N.A."
citicash.com,"Citibank, N.A."
citicashback.com,"Citibank, N.A."
citicashcard.com,"Citibank, N.A."
citicashloans.com,"Citibank, N.A."
citicashmanagement.com,"Citibank, N.A."
citicashreturn.com,"Citibank, N.A."
citicashreturncard.com,"Citibank, N.A."
citicashreturns.com,"Citibank, N.A."
citicashreturnscard.com,"Citibank, N.A."
citicatrds.com,"Citibank, N.A."
citiccards.com,"Citibank, N.A."
citicds.com,"Citibank, N.A."
citicentercareer.com,"Citibank, N.A."
citicentercareers.com,"Citibank, N.A."
citicgroup.com,"Citibank, N.A."
citichairmancard.com,"Citibank, N.A."
citichat.com,"Citibank, N.A."
citichile.cl,"Citibank, N.A."
citichina.com,"Citibank, N.A."
citicib.org,"Citibank, N.A."
citicib.ru,"Citibank, N.A."
citiciticards.com,"Citibank, N.A."
citicloud.net,"Citibank, N.A."
citicomgroup.com,"Citibank, N.A."
citicommerce.com,"Citibank, N.A."
citicommercialbankcardsolutions.com,"Citibank, N.A."
citicommercialbanking.com,"Citibank, N.A."
citicommercialcard.com,"Citibank, N.A."
citicommercialcards.com,"Citibank, N.A."
citicommerciallending.com,"Citibank, N.A."
citicommunitycapital.com,"Citibank, N.A."
citicommunitydevelopment.com,"Citibank, N.A."
citicomplaints.com,"Citibank, N.A."
citiconferences.com,"Citibank, N.A."
citiconnect.com,"Citibank, N.A."
citiconnect.info,"Citibank, N.A."
citiconnect.net,"Citibank, N.A."
citiconnect.org,"Citibank, N.A."
citiconnect.us,"Citibank, N.A."
citiconnectionfordentists.com,"Citibank, N.A."
citiconsolidate.com,"Citibank, N.A."
citiconsumer.com,"Citibank, N.A."
citiconsumer.info,"Citibank, N.A."
citiconsumer.mobi,"Citibank, N.A."
citiconsumer.net,"Citibank, N.A."
citiconsumer.org,"Citibank, N.A."
citiconsumer.ru,"Citibank, N.A."
citicorp.ae,"Citibank, N.A."
citicorp.app,"Citibank, N.A."
citicorp.asia,"Citibank, N.A."
citicorp.at,"Citibank, N.A."
citicorp.bz,"Citibank, N.A."
citicorp.cc,"Citibank, N.A."
citicorp.co.cr,"Citibank, N.A."
citicorp.co.in,"Citibank, N.A."
citicorp.co.ug,"Citibank, N.A."
citicorp.com,"Citibank, N.A."
citicorp.com.do,"Citibank, N.A."
citicorp.com.ph,"Citibank, N.A."
citicorp.com.pr,"Citibank, N.A."
citicorp.cr,"Citibank, N.A."
citicorp.cz,"Citibank, N.A."
citicorp.fi,"Citibank, N.A."
citicorp.in,"Citibank, N.A."
citicorp.info,"Citibank, N.A."
citicorp.is,"Citibank, N.A."
citicorp.jobs,"Citibank, N.A."
citicorp.kz,"Citibank, N.A."
citicorp.me,"Citibank, N.A."
citicorp.mobi,"Citibank, N.A."
citicorp.name,"Citibank, N.A."
citicorp.net,"Citibank, N.A."
citicorp.net.au,Citigroup
citicorp.online,"Citibank, N.A."
citicorp.org,"Citibank, N.A."
citicorp.ph,"Citibank, N.A."
citicorp.pr,"Citibank, N.A."
citicorp.ru,"Citibank, N.A."
citicorp.site,"Citibank, N.A."
citicorp.tel,"Citibank, N.A."
citicorp.us,"Citibank, N.A."
citicorpbiz.com,"Citibank, N.A."
citicorpbusinessbrokers.com,"Citibank, N.A."
citicorpcentral.com,"Citibank, N.A."
citicorpfinance.co.in,"Citibank, N.A."
citicorpinvestmentservices.com,"Citibank, N.A."
citicorpinvestmentsvcs.com,"Citibank, N.A."
citicorpmortgage.com,"Citibank, N.A."
citicorporateandinvestmentbanking.com,"Citibank, N.A."
citicorporateandinvestmentbanking.info,"Citibank, N.A."
citicorporateandinvestmentbanking.mobi,"Citibank, N.A."
citicorporateandinvestmentbanking.net,"Citibank, N.A."
citicorporateandinvestmentbanking.org,"Citibank, N.A."
citicorporateandinvestmentbanking.ru,"Citibank, N.A."
citicorporatebanking.com,"Citibank, N.A."
citicorpsavings.com,"Citibank, N.A."
citicorpselect.com,"Citibank, N.A."
citicorptrustbank.com,"Citibank, N.A."
citicrads.com,"Citibank, N.A."
citicredicard.com,"Citibank, N.A."
citicredit.com,"Citibank, N.A."
citicredit.net,"Citibank, N.A."
citicreditbank.com,"Citibank, N.A."
citicreditcard.com,"Citibank, N.A."
citicreditcard.org,"Citibank, N.A."
citicreditcardfees.com,"Citibank, N.A."
citicreditcardoffers.com,"Citibank, N.A."
citicreditcardpayment.com,"Citibank, N.A."
citicreditcardrates.com,"Citibank, N.A."
citicreditcards.com,"Citibank, N.A."
citicreditcardssuck.com,"Citibank, N.A."
citicreditmotoring.com,"Citibank, N.A."
citicreditstrategies.com,"Citibank, N.A."
citicsrds.com,"Citibank, N.A."
citicuentatransfer.com,"Citibank, N.A."
citicuentatransfer.com.do,"Citibank, N.A."
citicuentatransfer.com.pr,"Citibank, N.A."
citicuentatransfer.cr,"Citibank, N.A."
citicuentatransfer.do,"Citibank, N.A."
citicuentatransfer.pr,"Citibank, N.A."
citicuentatransfer.us,"Citibank, N.A."
citicvards.com,"Citibank, N.A."
citicxard.com,"Citibank, N.A."
citidank.com,"Citibank, N.A."
citidebit.com,"Citibank, N.A."
citidebitcard.com,"Citibank, N.A."
citidebitcards.com,"Citibank, N.A."
citidebt.com,"Citibank, N.A."
citideposit.com,"Citibank, N.A."
citidev.net,"Citibank, N.A."
citidiamondcreditcard.com,"Citibank, N.A."
citidiamondpreferred.com,"Citibank, N.A."
citidiamondpreferredrewardscard.com,"Citibank, N.A."
citidiningprogram.com.au,Citigroup
citidirct.com,"Citibank, N.A."
citidirect-ccs.com,"Citibank, N.A."
citidirect-eb.com,"Citibank, N.A."
citidirect-gcs.com,"Citibank, N.A."
citidirect-online.com,"Citibank, N.A."
citidirect.app,"Citibank, N.A."
citidirect.com,"Citibank, N.A."
citidirect.cz,"Citibank, N.A."
citidirect.info,"Citibank, N.A."
citidirect.kz,"Citibank, N.A."
citidirect.net,"Citibank, N.A."
citidirect.org,"Citibank, N.A."
citidirect.us,"Citibank, N.A."
citidirectbankingcorp.com,"Citibank, N.A."
citidirectbe.com,"Citibank, N.A."
citidirectbe.pl,"Citibank, N.A."
citidirecteb.com,"Citibank, N.A."
citidividend.com,"Citibank, N.A."
citidividendcard.com,"Citibank, N.A."
citidividendmerchants.com,"Citibank, N.A."
citidollar.com,"Citibank, N.A."
citidriversedgecard.com,"Citibank, N.A."
citiearlycareers.com,primary
citieasydeals.com,"Citibank, N.A."
citieasydealsbonuscenter.com,"Citibank, N.A."
citiebill.com,"Citibank, N.A."
citiebilling.com,"Citibank, N.A."
citielectronicbills.com,"Citibank, N.A."
citientertainment.com,"Citibank, N.A."
citiesmart.com,"Citibank, N.A."
citiesmart.net,"Citibank, N.A."
citiet.org,primary
citievents.com,"Citibank, N.A."
citieverystep.com,"Citibank, N.A."
citiexchange.com,"Citibank, N.A."
citiexpressbank.com,"Citibank, N.A."
citifactors.com,"Citibank, N.A."
citifancialauto.com,"Citibank, N.A."
citifeed.com,"Citibank, N.A."
citifexpro.com,"Citibank, N.A."
citifi.com,"Citibank, N.A."
citifi.kz,"Citibank, N.A."
citifiancial.com,"Citibank, N.A."
citifield.app,"Citibank, N.A."
citifield.com,"Citibank, N.A."
citifield.tickets,"Citibank, N.A."
citifieldballpark.com,"Citibank, N.A."
citifieldpark.com,"Citibank, N.A."
citifin.com,"Citibank, N.A."
citifinacial.com,"Citibank, N.A."
citifinacial.net,"Citibank, N.A."
citifinacialmortgage.com,"Citibank, N.A."
citifinacnial.com,"Citibank, N.A."
citifinancail.com,"Citibank, N.A."
citifinancal.com,"Citibank, N.A."
citifinance.co.in,"Citibank, N.A."
citifinance.com,"Citibank, N.A."
citifinance.net,"Citibank, N.A."
citifinanceauto.com,"Citibank, N.A."
citifinancial-sf.com,"Citibank, N.A."
citifinancial.co.in,"Citibank, N.A."
citifinancial.com,"Citibank, N.A."
citifinancial.com.au,Citigroup
citifinancial.com.ph,"Citibank, N.A."
citifinancial.com.pr,"Citibank, N.A."
citifinancial.in,"Citibank, N.A."
citifinancial.info,"Citibank, N.A."
citifinancial.net,"Citibank, N.A."
citifinancial.pr,"Citibank, N.A."
citifinancial.us,"Citibank, N.A."
citifinancial.vc,"Citibank, N.A."
citifinancialauto.com,"Citibank, N.A."
citifinancialcareers.com,"Citibank, N.A."
citifinancialgroup.com,"Citibank, N.A."
citifinancialinclusion.com,"Citibank, N.A."
citifinancialinclusion.info,"Citibank, N.A."
citifinancialinclusion.org,"Citibank, N.A."
citifinancialinclusion.us,"Citibank, N.A."
citifinancialindonesia.com,"Citibank, N.A."
citifinancialmorgage.com,"Citibank, N.A."
citifinancialmortgage.com,"Citibank, N.A."
citifinancialplanning.com,"Citibank, N.A."
citifinancialplus.com.pr,"Citibank, N.A."
citifinancialquto.com,"Citibank, N.A."
citifinancialremarketing.com,"Citibank, N.A."
citifinancialretail.com,"Citibank, N.A."
citifinancialretailservices.com,"Citibank, N.A."
citifinancialservices.com,"Citibank, N.A."
citifinancialservicesinc.com,"Citibank, N.A."
citifinancialservicing.com,"Citibank, N.A."
citifinanciere.org,"Citibank, N.A."
citifinaneialquto.com,"Citibank, N.A."
citifinangrp.info,"Citibank, N.A."
citifinanialauto.com,"Citibank, N.A."
citifinanical.com,"Citibank, N.A."
citifiniance.com,"Citibank, N.A."
citifinicial.com,"Citibank, N.A."
citifininancialauto.com,"Citibank, N.A."
citifirst.at,"Citibank, N.A."
citifirst.com,"Citibank, N.A."
citifirst.com.au,Citigroup; Citigroup Inc.
citifirst.it,Citigroup
citifirst.net,"Citibank, N.A."
citifirst.org,"Citibank, N.A."
citifirst.us,"Citibank, N.A."
citifirstfinancial.com,"Citibank, N.A."
citifirsthk.com,"Citibank, N.A."
citiflexlineofcredit.com,"Citibank, N.A."
citifone.us,"Citibank, N.A."
citiforcities.asia,"Citibank, N.A."
citiforcities.biz,"Citibank, N.A."
citiforeigncurrency.com,"Citibank, N.A."
citiforeignexchange.com,"Citibank, N.A."
citiforex.com,"Citibank, N.A."
citiforfaiting.com,"Citibank, N.A."
citiforward.com,"Citibank, N.A."
citiforwardcard.com,"Citibank, N.A."
citiforwardcreditcard.com,"Citibank, N.A."
citifoundation.com,"Citibank, N.A."
citifoundation.giving,"Citibank, N.A."
citifoundation.org,"Citibank, N.A."
citifunding.com,"Citibank, N.A."
citifunds.com,"Citibank, N.A."
citifutures.asia,"Citibank, N.A."
citifutures.cc,"Citibank, N.A."
citifutures.com,"Citibank, N.A."
citifutures.info,"Citibank, N.A."
citifutures.net,"Citibank, N.A."
citifutures.org,"Citibank, N.A."
citifutures.us,"Citibank, N.A."
citifx-pro.com,"Citibank, N.A."
citifx.com,"Citibank, N.A."
citifx.info,"Citibank, N.A."
citifx.net,"Citibank, N.A."
citifx.org,"Citibank, N.A."
citifxclick.com,"Citibank, N.A."
citifxexcess.co.in,"Citibank, N.A."
citifxinstitute.com,"Citibank, N.A."
citifxlink.com,"Citibank, N.A."
citifxmargintrading.com,"Citibank, N.A."
citifxpro.asia,"Citibank, N.A."
citifxpro.at,"Citibank, N.A."
citifxpro.co.in,"Citibank, N.A."
citifxpro.com,"Citibank, N.A."
citifxpro.com.au,Citigroup
citifxpro.com.ph,"Citibank, N.A."
citifxpro.info,"Citibank, N.A."
citifxpro.mobi,"Citibank, N.A."
citifxpro.net,"Citibank, N.A."
citifxpro.org,"Citibank, N.A."
citifxpro.ru,"Citibank, N.A."
citifxpro.tel,"Citibank, N.A."
citifxpro.us,"Citibank, N.A."
citifxpros.com,"Citibank, N.A."
citifxpulse.com,"Citibank, N.A."
citifxpulse.kz,"Citibank, N.A."
citifxtrader.com,"Citibank, N.A."
citifxtradestream.com,"Citibank, N.A."
citifxtrading.com,"Citibank, N.A."
citifxvelocity.com,"Citibank, N.A."
citigeneral.net,"Citibank, N.A."
citigfx.com,"Citibank, N.A."
citiggroup.com,"Citibank, N.A."
citiglobalbankingcollaboration.com,"Citibank, N.A."
citiglobalevents.com,"Citibank, N.A."
citiglobalmarkets.co.jp,Citigroup
citiglobalmarkets.ru,Citigroup
citiglobalwealth.com,"Citibank, N.A."
citiglobalwealth.org,"Citibank, N.A."
citiglobalwealthatwork.com,"Citibank, N.A."
citiglobalwealthmanagement.com,"Citibank, N.A."
citigold-restauracje.pl,"Citibank, N.A."
citigold.app,"Citibank, N.A."
citigold.com.au,Citigroup
citigold.com.ph,"Citibank, N.A."
citigold.cz,"Citibank, N.A."
citigold.in,"Citibank, N.A."
citigold.info,"Citibank, N.A."
citigold.net,"Citibank, N.A."
citigold.ru,"Citibank, N.A."
citigold.tel,"Citibank, N.A."
citigold.us,"Citibank, N.A."
citigoldcard.com,"Citibank, N.A."
citigoldprivateclient.com,"Citibank, N.A."
citigoldselect.com,"Citibank, N.A."
citigorup.com,"Citibank, N.A."
citigoup.net,"Citibank, N.A."
citigreece.com,"Citibank, N.A."
citigreenfund.com,"Citibank, N.A."
citigrooup.com,"Citibank, N.A."
citigrou.net,"Citibank, N.A."
citigroup-inc.com,"Citibank, N.A."
citigroup-int.com,"Citibank, N.A."
citigroup-int.net,"Citibank, N.A."
citigroup-int.org,"Citibank, N.A."
citigroup-online.com,"Citibank, N.A."
citigroup-uk.com,Citigroup
citigroup.ae,"Citibank, N.A."
citigroup.ai,"Citibank, N.A."
citigroup.app,"Citibank, N.A."
citigroup.asia,"Citibank, N.A."
citigroup.at,"Citibank, N.A."
citigroup.broker,"Citibank, N.A."
citigroup.buzz,"Citibank, N.A."
citigroup.career,"Citibank, N.A."
citigroup.cc,"Citibank, N.A."
citigroup.center,"Citibank, N.A."
citigroup.ceo,"Citibank, N.A."
citigroup.click,"Citibank, N.A."
citigroup.cloud,"Citibank, N.A."
citigroup.club,"Citibank, N.A."
citigroup.co.cr,"Citibank, N.A."
citigroup.co.in,"Citibank, N.A."
citigroup.co.ug,"Citibank, N.A."
citigroup.com,"Citibank, N.A."
citigroup.com.au,Citigroup
citigroup.com.do,"Citibank, N.A."
citigroup.com.kz,"Citibank, N.A."
citigroup.com.ph,"Citibank, N.A."
citigroup.com.pr,"Citibank, N.A."
citigroup.company,"Citibank, N.A."
citigroup.cr,"Citibank, N.A."
citigroup.cz,"Citibank, N.A."
citigroup.do,"Citibank, N.A."
citigroup.email,"Citibank, N.A."
citigroup.enterprises,"Citibank, N.A."
citigroup.fans,"Citibank, N.A."
citigroup.fi,"Citibank, N.A."
citigroup.forex,"Citibank, N.A."
citigroup.forum,"Citibank, N.A."
citigroup.giving,"Citibank, N.A."
citigroup.global,"Citibank, N.A."
citigroup.help,"Citibank, N.A."
citigroup.holdings,"Citibank, N.A."
citigroup.immobilien,"Citibank, N.A."
citigroup.in,"Citibank, N.A."
citigroup.info,"Citibank, N.A."
citigroup.is,"Citibank, N.A."
citigroup.jobs,"Citibank, N.A."
citigroup.lgbt,"Citibank, N.A."
citigroup.love,"Citibank, N.A."
citigroup.management,"Citibank, N.A."
citigroup.market,"Citibank, N.A."
citigroup.markets,"Citibank, N.A."
citigroup.me,"Citibank, N.A."
citigroup.miami,"Citibank, N.A."
citigroup.mobi,"Citibank, N.A."
citigroup.mobile,"Citibank, N.A."
citigroup.mov,"Citibank, N.A."
citigroup.name,"Citibank, N.A."
citigroup.net,"Citibank, N.A."
citigroup.news,"Citibank, N.A."
citigroup.nyc,"Citibank, N.A."
citigroup.online,"Citibank, N.A."
citigroup.org,"Citibank, N.A."
citigroup.ph,"Citibank, N.A."
citigroup.pr,"Citibank, N.A."
citigroup.property,"Citibank, N.A."
citigroup.pub,"Citibank, N.A."
citigroup.review,"Citibank, N.A."
citigroup.reviews,"Citibank, N.A."
citigroup.ru,"Citibank, N.A."
citigroup.sbs,"Citibank, N.A."
citigroup.site,"Citibank, N.A."
citigroup.soccer,"Citibank, N.A."
citigroup.social,"Citibank, N.A."
citigroup.space,"Citibank, N.A."
citigroup.systems,"Citibank, N.A."
citigroup.tech,"Citibank, N.A."
citigroup.technology,"Citibank, N.A."
citigroup.tel,"Citibank, N.A."
citigroup.tickets,"Citibank, N.A."
citigroup.tr,Citigroup
citigroup.trade,"Citibank, N.A."
citigroup.trading,"Citibank, N.A."
citigroup.us,"Citibank, N.A."
citigroup.vet,"Citibank, N.A."
citigroup.website,"Citibank, N.A."
citigroup.xyz,"Citibank, N.A."
citigroup.zip,"Citibank, N.A."
citigroupai.com,"Citibank, N.A."
citigroupalternativeinvestments.com,"Citibank, N.A."
citigroupam.com,"Citibank, N.A."
citigroupam.com.au,Citigroup
citigroupassetmanagement.cl,"Citibank, N.A."
citigroupassetmanagement.com,"Citibank, N.A."
citigroupbank.com,"Citibank, N.A."
citigroupbanking.com,"Citibank, N.A."
citigroupcapital.com,"Citibank, N.A."
citigroupcapitalmarkets.com,"Citibank, N.A."
citigroupcapitalstrategies.com,"Citibank, N.A."
citigroupcentral.com,"Citibank, N.A."
citigroupcentral.net,"Citibank, N.A."
citigroupcentre.com,"Citibank, N.A."
citigroupchairmancard.com,"Citibank, N.A."
citigroupcib.com,"Citibank, N.A."
citigroupcitivision.com,"Citibank, N.A."
citigroupcorporateandinvestingbank.com,"Citibank, N.A."
citigroupcorporateandinvestmentbank.com,"Citibank, N.A."
citigroupcorporateandinvestmentbank.info,"Citibank, N.A."
citigroupcorporateandinvestmentbank.net,"Citibank, N.A."
citigroupcorporateandinvestmentbank.org,"Citibank, N.A."
citigroupcorporateandinvestmentbanks.com,"Citibank, N.A."
citigroupcorporateandinvestmentsbank.com,"Citibank, N.A."
citigroupcreditcard.com,"Citibank, N.A."
citigroupcreditcards.com,"Citibank, N.A."
citigroupdev.net,"Citibank, N.A."
citigroupfi.com,"Citibank, N.A."
citigroupfinancial.com,"Citibank, N.A."
citigroupfinancial.org,"Citibank, N.A."
citigroupfinancialservices.com,"Citibank, N.A."
citigroupfoundation.com,"Citibank, N.A."
citigroupfoundation.org,"Citibank, N.A."
citigroupfundservices.com,"Citibank, N.A."
citigroupgcib.com,"Citibank, N.A."
citigroupgeo.com,"Citibank, N.A."
citigroupglobal.com,"Citibank, N.A."
citigroupglobalmarkets.co.jp,Citigroup
citigroupglobalservice.com,"Citibank, N.A."
citigroupinc.com,"Citibank, N.A."
citigroupinc.net,"Citibank, N.A."
citigroupinfo.com,"Citibank, N.A."
citigroupinsurances.com,"Citibank, N.A."
citigroupinternational.com,"Citibank, N.A."
citigroupinternational.net,"Citibank, N.A."
citigroupinternational.org,"Citibank, N.A."
citigroupintl.com,"Citibank, N.A."
citigroupintl.net,"Citibank, N.A."
citigroupintl.org,"Citibank, N.A."
citigroupinvesting.com,"Citibank, N.A."
citigroupkids.com,"Citibank, N.A."
citigroupmexico.com,"Citibank, N.A."
citigroupmortgage.com,"Citibank, N.A."
citigroupmortgages.com,"Citibank, N.A."
citigroupmx.com,"Citibank, N.A."
citigrouponthenet.com,"Citibank, N.A."
citigroupp.com,"Citibank, N.A."
citigrouppb.com,"Citibank, N.A."
citigroupprivatebank.com,"Citibank, N.A."
citigroupproducts.com,"Citibank, N.A."
citigroupproperty.com.au,Citigroup
citigrouppropertyinvestors.com,"Citibank, N.A."
citigrouprealestate.com,"Citibank, N.A."
citigrouprealty.net,"Citibank, N.A."
citigrouprealty.org,"Citibank, N.A."
citigrouprivatebank.com,"Citibank, N.A."
citigroups.com,"Citibank, N.A."
citigroupsportsmarketing.com,"Citibank, N.A."
citigroupswiss.com,Citigroup
citigrouptrade.com,"Citibank, N.A."
citigroupvisa.com,"Citibank, N.A."
citigroupwealthadvisers.com.au,Citigroup
citigroupwealthadvisors.co.in,"Citibank, N.A."
citigroupwealthadvisors.com,"Citibank, N.A."
citigroupwealthadvisors.com.au,Citigroup
citigroupwelcomewhatsnext.com,"Citibank, N.A."
citigrp.com.au,Citigroup
citigrpup.co,"Citibank, N.A."
citigrpup.net,"Citibank, N.A."
citigrpup.online,"Citibank, N.A."
citigrpup.org,"Citibank, N.A."
citigrpup.us,"Citibank, N.A."
citigrpup.xyz,"Citibank, N.A."
citigrroup.com,"Citibank, N.A."
citigruop.com,"Citibank, N.A."
citigts.com,"Citibank, N.A."
citiguam.com,"Citibank, N.A."
citiguard.net,"Citibank, N.A."
citiguide.com,"Citibank, N.A."
citihandlowy.com,"Citibank, N.A."
citihandlowy.com.pl,"Citibank, N.A."
citihelp.org,"Citibank, N.A."
citihilton.com,"Citibank, N.A."
citihiltoncard.com,"Citibank, N.A."
citihiltonhhonors.com,"Citibank, N.A."
citihiltonhonors.com,"Citibank, N.A."
citiholdings.org,"Citibank, N.A."
citihomeequity.com,"Citibank, N.A."
citihomemortgage.com,"Citibank, N.A."
citihotelprivileges.com,"Citibank, N.A."
citihotels.com,"Citibank, N.A."
citihungary.com,"Citibank, N.A."
citiicard.com,"Citibank, N.A."
citiidentitymonitor.com,"Citibank, N.A."
citiidmonitor.com,"Citibank, N.A."
citiifxpro.com,"Citibank, N.A."
citiigroup.com,"Citibank, N.A."
citiinclusivefinance.com,"Citibank, N.A."
citiinclusivefinance.net,"Citibank, N.A."
citiindex.com,"Citibank, N.A."
citiinstitute.com,"Citibank, N.A."
citiinsurance.com,"Citibank, N.A."
citiinsurance.info,"Citibank, N.A."
citiinsurance.us,"Citibank, N.A."
citiinsurances.com,"Citibank, N.A."
citiinsurnace.us,"Citibank, N.A."
citiinterestrates.com,"Citibank, N.A."
citiinterestratesy.com,"Citibank, N.A."
citiinternational.com,"Citibank, N.A."
citiinternational.info,"Citibank, N.A."
citiinternet.com,"Citibank, N.A."
citiinternetbanking.com,"Citibank, N.A."
citiinvestment.com,"Citibank, N.A."
citiinvestmentbank.com,"Citibank, N.A."
citiinvestmentbanking.com,"Citibank, N.A."
citiinvestmentresearch.co.in,"Citibank, N.A."
citiinvestmentresearch.com.au,Citigroup
citiinvestmentresearch.in,"Citibank, N.A."
citiinvestmentresearch.info,"Citibank, N.A."
citiinvestmentresearch.mobi,"Citibank, N.A."
citiinvestmentresearch.net,"Citibank, N.A."
citiinvestmentresearch.org,"Citibank, N.A."
citiinvestmentresearch.ru,"Citibank, N.A."
citiinvestorsbank.com,"Citibank, N.A."
citiireland.com,"Citibank, N.A."
citiislamic.com,"Citibank, N.A."
citiislamicbank.com,"Citibank, N.A."
citiislamicbanking.com,"Citibank, N.A."
citiislamicfinance.com,"Citibank, N.A."
citiislamicinvestmentbank.com,"Citibank, N.A."
citiisrael.com,"Citibank, N.A."
citijapan.com,"Citibank, N.A."
citikorea.com,"Citibank, N.A."
citikredi.com,"Citibank, N.A."
citikrediet.com,"Citibank, N.A."
citilatitude.com,"Citibank, N.A."
citilawsuit.com,"Citibank, N.A."
citilawsuits.com,"Citibank, N.A."
citilconsulting.com,"Citibank, N.A."
citilend.com,"Citibank, N.A."
citilending.com,"Citibank, N.A."
citilinemortgage.com,"Citibank, N.A."
citilines.com,"Citibank, N.A."
citilinkmortgageconsultants.com,"Citibank, N.A."
citiliving.com,"Citibank, N.A."
citilmlm.com,"Citibank, N.A."
citilogin.com,"Citibank, N.A."
citilogin.net,"Citibank, N.A."
citilynks.net,"Citibank, N.A."
citimacmortgage.com,"Citibank, N.A."
citimail.net,"Citibank, N.A."
citimaildev.net,"Citibank, N.A."
citimailna.net,"Citibank, N.A."
citimailuat.net,"Citibank, N.A."
citimalaysia.com,"Citibank, N.A."
citimanagedidentity.com,"Citibank, N.A."
citimanager.app,"Citibank, N.A."
citimanager.com,"Citibank, N.A."
citimanager.net,"Citibank, N.A."
citimanager.org,"Citibank, N.A."
citimarketinglibrary.com,"Citibank, N.A."
citimarkets.com,"Citibank, N.A."
citimarkets.tel,"Citibank, N.A."
citimastercardonline.com,"Citibank, N.A."
citimax.com,"Citibank, N.A."
citimax.net,"Citibank, N.A."
citimax.org,"Citibank, N.A."
citimaxx.com,"Citibank, N.A."
citimaxx.net,"Citibank, N.A."
citimaxx.org,"Citibank, N.A."
citimb.com,"Citibank, N.A."
citimb.net,"Citibank, N.A."
citimcard.com,"Citibank, N.A."
citimchecks.com,"Citibank, N.A."
citimeetingservices.com,"Citibank, N.A."
citimenkuldegerler.com,"Citibank, N.A."
citimenkuldegerler.net,"Citibank, N.A."
citimenkuldegerler.org,"Citibank, N.A."
citimerchantservices.com,"Citibank, N.A."
citimfi.com,"Citibank, N.A."
citimicroawards.com,"Citibank, N.A."
citimicrofinance.com,"Citibank, N.A."
citimiles.com,"Citibank, N.A."
citimobile.ae,"Citibank, N.A."
citimobile.app,"Citibank, N.A."
citimobile.cc,"Citibank, N.A."
citimobile.com,"Citibank, N.A."
citimobile.cz,"Citibank, N.A."
citimobile.info,"Citibank, N.A."
citimobile.mobi,"Citibank, N.A."
citimobile.net,"Citibank, N.A."
citimobile.org,"Citibank, N.A."
citimobile.pl,"Citibank, N.A."
citimobile.tel,"Citibank, N.A."
citimobilechallenge.com,"Citibank, N.A."
citimoney2.com,"Citibank, N.A."
citimoneymarket.com,"Citibank, N.A."
citimoneysquared.com,"Citibank, N.A."
citimonitoring.com,"Citibank, N.A."
citimorg.com,"Citibank, N.A."
citimorgage.com,"Citibank, N.A."
citimortage.com,"Citibank, N.A."
citimortagge.com,"Citibank, N.A."
citimortgag.com,"Citibank, N.A."
citimortgage-loan-modification.net,"Citibank, N.A."
citimortgage.com,"Citibank, N.A."
citimortgage.net,"Citibank, N.A."
citimortgage.us,"Citibank, N.A."
citimortgagebrokers.com,"Citibank, N.A."
citimortgageloan.com,"Citibank, N.A."
citimortgagembs.com,"Citibank, N.A."
citimortgagesrates.com,"Citibank, N.A."
citimortgate.com,"Citibank, N.A."
citimortgqge.com,"Citibank, N.A."
citimortrgage.com,"Citibank, N.A."
citimotrgage.com,"Citibank, N.A."
citims.com,"Citibank, N.A."
citimx.com,"Citibank, N.A."
citinationwide.com,"Citibank, N.A."
citinationwide.net,"Citibank, N.A."
citinationwide.org,"Citibank, N.A."
citinetmortage.com,"Citibank, N.A."
citineversleep.com,"Citibank, N.A."
citineversleeps.com,"Citibank, N.A."
citinews.app,"Citibank, N.A."
citinri.com,"Citibank, N.A."
citinsurance.com,"Citibank, N.A."
citinversiones.com,"Citibank, N.A."
citinversiones.com.do,"Citibank, N.A."
citiocards.com,"Citibank, N.A."
citione.cz,"Citibank, N.A."
citionerealty.com,"Citibank, N.A."
citionlin.com,"Citibank, N.A."
citionline.com,"Citibank, N.A."
citionline.info,"Citibank, N.A."
citionline.net,"Citibank, N.A."
citionline.org,"Citibank, N.A."
citionlineremit.in,"Citibank, N.A."
citionlinesupport.biz,Citigroup
citionthenet.com,"Citibank, N.A."
citiopen.tickets,"Citibank, N.A."
citiopentennis.com,"Citibank, N.A."
citiorient-securities.com,"Citibank, N.A."
citiorient.com,"Citibank, N.A."
citiorientsecurities.com,"Citibank, N.A."
citipac.com,"Citibank, N.A."
citipack.com,"Citibank, N.A."
citipages.com,"Citibank, N.A."
citipakistan.com,"Citibank, N.A."
citiparks.com,"Citibank, N.A."
citipawn.com,"Citibank, N.A."
citipay.app,"Citibank, N.A."
citipay.com,"Citibank, N.A."
citipaycare.com,"Citibank, N.A."
citipayment.com,"Citibank, N.A."
citipayments.com,"Citibank, N.A."
citipe.com,"Citibank, N.A."
citipersonalbanking.com,"Citibank, N.A."
citipersonalloans.com,"Citibank, N.A."
citiphilippines.com,"Citibank, N.A."
citiphone.info,"Citibank, N.A."
citiphone.tel,"Citibank, N.A."
citiphone.us,"Citibank, N.A."
citiplatinumselect.in,"Citibank, N.A."
citipoland.com,"Citibank, N.A."
citipond.com,"Citibank, N.A."
citipreapproved.com,"Citibank, N.A."
citipreferred.com,"Citibank, N.A."
citipremier.com,"Citibank, N.A."
citipremiermiles.com,"Citibank, N.A."
citipremierpass.com,"Citibank, N.A."
citiprestige.app,"Citibank, N.A."
citipricerewind.com,"Citibank, N.A."
citiprimerica.net,"Citibank, N.A."
citipriority.com,"Citibank, N.A."
citiprivatebank.ae,"Citibank, N.A."
citiprivatebank.co.in,"Citibank, N.A."
citiprivatebank.com,"Citibank, N.A."
citiprivatebank.com.au,Citigroup
citiprivatebank.com.ph,"Citibank, N.A."
citiprivatebank.in,"Citibank, N.A."
citiprivatebank.info,"Citibank, N.A."
citiprivatebank.mobi,"Citibank, N.A."
citiprivatebank.net,"Citibank, N.A."
citiprivatebank.net.in,"Citibank, N.A."
citiprivatebank.net.ph,"Citibank, N.A."
citiprivatebank.ngo.ph,"Citibank, N.A."
citiprivatebank.org,"Citibank, N.A."
citiprivatebank.org.in,"Citibank, N.A."
citiprivatebank.org.ph,"Citibank, N.A."
citiprivatebank.ph,"Citibank, N.A."
citiprivatebank.ru,"Citibank, N.A."
citiprivatebankinview.com,"Citibank, N.A."
citiprivateequity.com,"Citibank, N.A."
citiprivatepass.com,"Citibank, N.A."
citiprivileges.com,"Citibank, N.A."
citiprofessional.com,"Citibank, N.A."
citiprofessionalmastercard.com,"Citibank, N.A."
citipromotions.com,"Citibank, N.A."
citipropertyinvestors.com,"Citibank, N.A."
citiprotected.info,"Citibank, N.A."
citiqatar.com,"Citibank, N.A."
citiquickremit.com,"Citibank, N.A."
citiquikremit.com,"Citibank, N.A."
citiremarketing.com,"Citibank, N.A."
citirentals.com,"Citibank, N.A."
citiresearch.com,"Citibank, N.A."
citiresidentiallend.com,"Citibank, N.A."
citiretail.com,"Citibank, N.A."
citiretailservices.com,"Citibank, N.A."
citirewards.com,"Citibank, N.A."
citirl.com,"Citibank, N.A."
citiromania.com,"Citibank, N.A."
citisafe.com,"Citibank, N.A."
citisalutes.com,"Citibank, N.A."
citisalutes.vet,"Citibank, N.A."
citiscard.com,"Citibank, N.A."
citisdfinancialcenter.com,"Citibank, N.A."
citisdfinancialcenter.net,"Citibank, N.A."
citisdfinancialcenter.org,"Citibank, N.A."
citisears.com,"Citibank, N.A."
citisecure.com,"Citibank, N.A."
citisecureaccess.com,"Citibank, N.A."
citisecureddeposit.com,"Citibank, N.A."
citisecurities.co.in,"Citibank, N.A."
citiselect.ru,"Citibank, N.A."
citiservice.com,"Citibank, N.A."
citiservice.info,"Citibank, N.A."
citiserviceinitiative.com,"Citibank, N.A."
citisettlement.com,"Citibank, N.A."
citisettlements.com,"Citibank, N.A."
citishellcard.com,"Citibank, N.A."
citishoppers.com,"Citibank, N.A."
citishoppingzone.com,"Citibank, N.A."
citishops.net,"Citibank, N.A."
citisimplicity.app,"Citibank, N.A."
citisimplicity.com,"Citibank, N.A."
citismartbanking.com,"Citibank, N.A."
citisource.com,"Citibank, N.A."
citispace.com,"Citibank, N.A."
citispaces.net,"Citibank, N.A."
citispecials.com,"Citibank, N.A."
citisponsorships.com,"Citibank, N.A."
citistar123.com,"Citibank, N.A."
citistockbroking.com,"Citibank, N.A."
citistreet.us,"Citibank, N.A."
citistreets.com,"Citibank, N.A."
citistudent.com,"Citibank, N.A."
citistudentcard.com,"Citibank, N.A."
citisucks.com,"Citibank, N.A."
citisugar.com,"Citibank, N.A."
citisweden.com,"Citibank, N.A."
cititaiwan.com,"Citibank, N.A."
cititbusinessonline.com,"Citibank, N.A."
cititcard.com,"Citibank, N.A."
cititcards.com,"Citibank, N.A."
cititgroup.com,"Citibank, N.A."
citithanksyou.com,"Citibank, N.A."
citithankyou.com,"Citibank, N.A."
citithankyoucard.com,"Citibank, N.A."
citithankyoucards.com,"Citibank, N.A."
citithankyoupoints.com,"Citibank, N.A."
citithankyousweeps.com,"Citibank, N.A."
cititoppicks.com,"Citibank, N.A."
cititoppickslive.com,"Citibank, N.A."
cititrade.com,"Citibank, N.A."
cititrade.info,"Citibank, N.A."
cititrade.org,"Citibank, N.A."
cititrade.us,"Citibank, N.A."
cititradeauction.com,"Citibank, N.A."
cititradebiz.com,"Citibank, N.A."
cititradebusiness.com,"Citibank, N.A."
cititradedot.com,"Citibank, N.A."
cititradefinance.com,"Citibank, N.A."
cititradefirm.com,"Citibank, N.A."
cititradeoffice.com,"Citibank, N.A."
cititradeonline.com,"Citibank, N.A."
cititradequotealerts.com,"Citibank, N.A."
cititrader.com,"Citibank, N.A."
cititrader.com.au,Citigroup
cititradesearch.com,"Citibank, N.A."
cititradesite.com,"Citibank, N.A."
cititradestore.com,"Citibank, N.A."
cititransfer.com,"Citibank, N.A."
cititransfer.com.do,"Citibank, N.A."
cititransfer.com.pr,"Citibank, N.A."
cititransfer.cr,"Citibank, N.A."
cititransfer.do,"Citibank, N.A."
cititransfer.pr,"Citibank, N.A."
cititransfer.us,"Citibank, N.A."
cititravel.com,"Citibank, N.A."
cititravel.info,"Citibank, N.A."
cititravel.net,"Citibank, N.A."
cititravel.org,"Citibank, N.A."
cititravel.us,"Citibank, N.A."
cititreasury.com,"Citibank, N.A."
cititrips.com,"Citibank, N.A."
cititrips.net,"Citibank, N.A."
cititrust.info,"Citibank, N.A."
cititrust.mobi,"Citibank, N.A."
cititrust.org,"Citibank, N.A."
cititrust.ru,"Citibank, N.A."
cititrustbank.com,"Citibank, N.A."
cititrustfinancial.com,"Citibank, N.A."
cititrustmortgage.com,"Citibank, N.A."
cititrustmortgageservices.com,"Citibank, N.A."
citiuae.com,"Citibank, N.A."
citiuat.com,"Citibank, N.A."
citiuat.net,"Citibank, N.A."
citiubankonline.com,"Citibank, N.A."
citiuk.com,"Citibank, N.A."
citiukraine.com,"Citibank, N.A."
citiultima.ae,"Citibank, N.A."
citiultima.pl,"Citibank, N.A."
citiultima.ru,"Citibank, N.A."
citiunitedstates.com,"Citibank, N.A."
citiuniversalcard.com,"Citibank, N.A."
citiupromise.com,"Citibank, N.A."
citiusacards.com,"Citibank, N.A."
citiusers01.com,"Citibank, N.A."
citiusers01.info,"Citibank, N.A."
citiusers01.net,"Citibank, N.A."
citiusers01.org,"Citibank, N.A."
citivalores-sa-co.com,"Citibank, N.A."
citivalores.com,"Citibank, N.A."
citivcard.com,"Citibank, N.A."
citivelocity.com,"Citibank, N.A."
citivelocity.kz,"Citibank, N.A."
citiventurecapital.com,"Citibank, N.A."
citiventurecapital.in,"Citibank, N.A."
citivirtualcards.com,"Citibank, N.A."
citivisa.com,"Citibank, N.A."
citiwalk.com,"Citibank, N.A."
citiwallet.com,"Citibank, N.A."
citiwallethk.com,"Citibank, N.A."
citiwarehouselending.com,"Citibank, N.A."
citiwarrants.at,"Citibank, N.A."
citiwarrants.com,"Citibank, N.A."
citiwarrants.com.au,Citigroup
citiwarrants.com.tw,"Citibank, N.A."
citiwarrants.info,"Citibank, N.A."
citiwarrants.it,Citigroup
citiwarrants.net,"Citibank, N.A."
citiwarrants.us,"Citibank, N.A."
citiwarrantsandcertificates.com,"Citibank, N.A."
citiwealth.com,"Citibank, N.A."
citiwealthadvisors.co.in,"Citibank, N.A."
citiwealthadvisors.com,"Citibank, N.A."
citiwealthatwork.com,"Citibank, N.A."
citiwealthmanagement.com,"Citibank, N.A."
citiwebdesk.com,"Citibank, N.A."
citiwebdesk.info,"Citibank, N.A."
citiwebdesk.net,"Citibank, N.A."
citiwelcomenext.com,"Citibank, N.A."
citiwelcomewhatisnext.com,"Citibank, N.A."
citiwelcomewhatsnext.com,"Citibank, N.A."
citiwelcomewhatsnext.info,"Citibank, N.A."
citiwelcomewhatsnext.net,"Citibank, N.A."
citiwelcomewhatsnext.org,"Citibank, N.A."
citiwide.com,"Citibank, N.A."
citiwidefinancialgroup.com,"Citibank, N.A."
citiwidelenders.com,"Citibank, N.A."
citiwidelendersinc.com,"Citibank, N.A."
citiworldlink.com,"Citibank, N.A."
citiworldprivileges.com,"Citibank, N.A."
citiworldtrade.com,"Citibank, N.A."
citiyibank.com,"Citibank, N.A."
citiyibank.info,"Citibank, N.A."
citiyibank.net,"Citibank, N.A."
citiyibank.online,"Citibank, N.A."
citiyibank.org,"Citibank, N.A."
citiyou.com,"Citibank, N.A."
citizone.com,"Citibank, N.A."
citmorgage.com,"Citibank, N.A."
citricards.com,"Citibank, N.A."
citshoppingzone.com,"Citibank, N.A."
cittcard.com,"Citibank, N.A."
city-bankonline.com,"Citibank, N.A."
city-fxpro.com,"Citibank, N.A."
citybank-online.com,"Citibank, N.A."
citybank.org,"Citibank, N.A."
citybankvirtual.cl,"Citibank, N.A."
citybanonline.com,"Citibank, N.A."
citybikes.nyc,"Citibank, N.A."
citycard.com,"Citibank, N.A."
citycentercarers.com,"Citibank, N.A."
citycentercreers.com,"Citibank, N.A."
citycorp.cl,"Citibank, N.A."
citycreditcard.com,"Citibank, N.A."
cityfexpro.com,"Citibank, N.A."
cityfinacial.com,"Citibank, N.A."
cityfx-pro.com,"Citibank, N.A."
cityfxpro.com,"Citibank, N.A."
cityfxro.com,"Citibank, N.A."
cityfzpro.com,"Citibank, N.A."
cityicards.com,"Citibank, N.A."
cityidentitymonitor.com,"Citibank, N.A."
citymastercard.com,"Citibank, N.A."
citymotrgage.com,"Citibank, N.A."
citytradeonline.com,"Citibank, N.A."
citytradesite.com,"Citibank, N.A."
citywarrants.com,"Citibank, N.A."
clarklend.com,"Citibank, N.A."
click4aa.com,"Citibank, N.A."
clicktopayciticards.com,"Citibank, N.A."
clientmessagecenter.com,"Citibank, N.A."
cnhkg.net,"Citibank, N.A."
cnhkgplex.net,"Citibank, N.A."
cnhkgrfn.net,"Citibank, N.A."
cnhkguat.net,"Citibank, N.A."
cnmortgage.us,"Citibank, N.A."
commcredit.com,"Citibank, N.A."
commercetransac.com,"Citibank, N.A."
commercetransac.net,"Citibank, N.A."
commercialcredit.com,"Citibank, N.A."
computerciticorp.com,"Citibank, N.A."
confidentialloan.com,"Citibank, N.A."
corporaciondeportivafp.com,primary
corporaterelocation.net,"Citibank, N.A."
creativecitigroup.com,"Citibank, N.A."
credcardciti.com,"Citibank, N.A."
credicard-citi.com,"Citibank, N.A."
credicard-citibank.com,"Citibank, N.A."
credicard-citicard.com,"Citibank, N.A."
credicardciti.com,"Citibank, N.A."
credicardcitibank.com,"Citibank, N.A."
credicardciticard.com,"Citibank, N.A."
creditcardforcollege.com,"Citibank, N.A."
creditcardsciti.com,"Citibank, N.A."
creditcardsvcs.com,"Citibank, N.A."
creditstructures.com,"Citibank, N.A."
csroot.net,"Citibank, N.A."
cticreditcard.com,"Citibank, N.A."
ctitcards.com,"Citibank, N.A."
ctitibank.com,"Citibank, N.A."
cuentatransfer.com.do,"Citibank, N.A."
cuentatransfer.com.pr,"Citibank, N.A."
cuentatransfer.cr,"Citibank, N.A."
cuentatransfer.do,"Citibank, N.A."
cuentatransfer.pr,"Citibank, N.A."
cuentatransfer.us,"Citibank, N.A."
cuentatransferciti.com,"Citibank, N.A."
cuentatransferciti.com.do,"Citibank, N.A."
cuentatransferciti.com.pr,"Citibank, N.A."
cuentatransferciti.cr,"Citibank, N.A."
cuentatransferciti.do,"Citibank, N.A."
cuentatransferciti.pr,"Citibank, N.A."
cuentatransferciti.us,"Citibank, N.A."
cuentatransfercitibank.com,"Citibank, N.A."
cuentatransfercitibank.com.do,"Citibank, N.A."
cuentatransfercitibank.com.pr,"Citibank, N.A."
cuentatransfercitibank.cr,"Citibank, N.A."
cuentatransfercitibank.do,"Citibank, N.A."
cuentatransfercitibank.pr,"Citibank, N.A."
cuentatransfercitibank.us,"Citibank, N.A."
cuidatucredito.com,"Citibank, N.A."
cuidaturcredito.com,"Citibank, N.A."
currencycrossing.com,"Citibank, N.A."
customerserviceinfo.com,"Citibank, N.A."
customerserviceplatform.com,"Citibank, N.A."
cybercititrade.com,"Citibank, N.A."
cybermycititrade.com,"Citibank, N.A."
daypoint.mobi,"Citibank, N.A."
daypoint.org,"Citibank, N.A."
daypointfinancial.info,"Citibank, N.A."
daypointfinancial.mobi,"Citibank, N.A."
daypointfinancial.net,"Citibank, N.A."
daypointfinancial.org,"Citibank, N.A."
dealer-plus.com,"Citibank, N.A."
dealerfinancingonline.com,"Citibank, N.A."
dealers-choice.com,"Citibank, N.A."
desktopmortgage.com,"Citibank, N.A."
desktopmortgages.com,"Citibank, N.A."
diamondpreferred.com,"Citibank, N.A."
diamondpreferredrewards.com,"Citibank, N.A."
diamondpreferredrewardstravelcenter.com,"Citibank, N.A."
dinersclubrewards.com.au,Citigroup
dmbh.pl,"Citibank, N.A."
dmzroot.net,"Citibank, N.A."
dmzroot1.net,"Citibank, N.A."
dmzroot2.net,"Citibank, N.A."
dmzroot3.net,"Citibank, N.A."
dmzroot4.net,"Citibank, N.A."
dmzroot5.net,"Citibank, N.A."
dmzroot6.net,"Citibank, N.A."
dmzroot7.net,"Citibank, N.A."
dmzroot8.net,"Citibank, N.A."
dmzroot9.net,"Citibank, N.A."
dolbrasil.com,"Citibank, N.A."
drivehome.com,"Citibank, N.A."
drivehomecheck.com,"Citibank, N.A."
e-citi.com,"Citibank, N.A."
e-citi.net,"Citibank, N.A."
e-fastfunds.com,"Citibank, N.A."
e-lease.net,"Citibank, N.A."
e-loancenter.com,"Citibank, N.A."
e-loanstatus.com,"Citibank, N.A."
e-ratelock.com,"Citibank, N.A."
e-ratelock.net,"Citibank, N.A."
e-ratelock.org,"Citibank, N.A."
eab.net,"Citibank, N.A."
eabbank.com,"Citibank, N.A."
eabonline.com,"Citibank, N.A."
eabwebaccess.com,"Citibank, N.A."
earns-it.com,"Citibank, N.A."
earnsit.com,"Citibank, N.A."
eastersealscard.com,"Citibank, N.A."
easyaccessloan.com,"Citibank, N.A."
easyaccessloan.info,"Citibank, N.A."
easyaccessloan.net,"Citibank, N.A."
easyaccessloan.org,"Citibank, N.A."
easyaccessloan.us,"Citibank, N.A."
easyaccessloans.com,"Citibank, N.A."
easyaccessloans.info,"Citibank, N.A."
easyaccessloans.net,"Citibank, N.A."
easyaccessloans.org,"Citibank, N.A."
easyaccessloans.us,"Citibank, N.A."
easycititrade.com,"Citibank, N.A."
easymycititrade.com,"Citibank, N.A."
ecardapply.com,"Citibank, N.A."
ecardprogram.com,"Citibank, N.A."
eciti.org,"Citibank, N.A."
ecitioncampus.com,"Citibank, N.A."
ecititrade.com,"Citibank, N.A."
edefensecard.com,"Citibank, N.A."
efastfunds.com,"Citibank, N.A."
efsource.com,"Citibank, N.A."
ehomesalemortgage.com,"Citibank, N.A."
electronicsappliancescard.com,"Citibank, N.A."
electronicsapplicancescard.com,"Citibank, N.A."
elects.com,"Citibank, N.A."
elects.net,"Citibank, N.A."
elects.org,"Citibank, N.A."
elmenucitibank.com,"Citibank, N.A."
emandatedirectdebit.com,"Citibank, N.A."
emycititrade.com,"Citibank, N.A."
end-to-end.com,"Citibank, N.A."
engineerscard.com,"Citibank, N.A."
enterranet.com,"Citibank, N.A."
environmentaldefensecard.com,"Citibank, N.A."
envision-res.com,"Citibank, N.A."
envisionpresentations.com,"Citibank, N.A."
ereponet.com,"Citibank, N.A."
esiteconnection.com,"Citibank, N.A."
esiteconnection.net,"Citibank, N.A."
esiteconnection.org,"Citibank, N.A."
esitewizard.com,"Citibank, N.A."
esitewizard.info,"Citibank, N.A."
esitewizard.net,"Citibank, N.A."
esitewizard.org,"Citibank, N.A."
esitewizard.us,"Citibank, N.A."
eureka-securitization.com,"Citibank, N.A."
eureka-securitsation.com,"Citibank, N.A."
exemayatours.com,primary
exlaborg.com,"Citibank, N.A."
exmat.com,"Citibank, N.A."
extendedwarrantycare.com,"Citibank, N.A."
extraciticash.com,"Citibank, N.A."
exxonmobilcard.com,"Citibank, N.A."
exxonmobilsave6.com,"Citibank, N.A."
exxonmobilsmallbusiness.com,"Citibank, N.A."
ezcititrade.com,"Citibank, N.A."
ezmortgagecenter.com,"Citibank, N.A."
ezmortgagecenter.info,"Citibank, N.A."
ezmortgagecenter.net,"Citibank, N.A."
ezmortgagecenter.org,"Citibank, N.A."
ezmortgagecenter.us,"Citibank, N.A."
ezmycititrade.com,"Citibank, N.A."
facturacionelectronicacitibanamex.com,"Citibank, N.A."
fcitibank.com,"Citibank, N.A."
fidelityleasing.com,"Citibank, N.A."
fiduciariobanamex.com,"Citibank, N.A."
finance.com,"Citibank, N.A."
financefromfriends.com,"Citibank, N.A."
financialeducationsummit.org,"Citibank, N.A."
financialinclusion.us,"Citibank, N.A."
financialinclusionforum.com,"Citibank, N.A."
financialinclusionforum.info,"Citibank, N.A."
financialinclusionforum.org,"Citibank, N.A."
financialinclusionforum.us,"Citibank, N.A."
financialinclusioninitiative.com,"Citibank, N.A."
financialinclusioninitiative.info,"Citibank, N.A."
financialinclusioninitiative.org,"Citibank, N.A."
financialinclusioninitiative.us,"Citibank, N.A."
financialinclusionnetwork.com,"Citibank, N.A."
financialinclusionnetwork.info,"Citibank, N.A."
financialinclusionnetwork.org,"Citibank, N.A."
financialinclusionnetwork.us,"Citibank, N.A."
financiallifeservices.com,"Citibank, N.A."
financialsolutions.com,"Citibank, N.A."
financialtransition.com,"Citibank, N.A."
findcititrade.com,"Citibank, N.A."
findmyciti.com,"Citibank, N.A."
findmycititrade.com,"Citibank, N.A."
finedx.org,"Citibank, N.A."
firstcitibank.com,"Citibank, N.A."
firstfamily.com,"Citibank, N.A."
firstinlandsolution.com,primary
firstnationwide.com,"Citibank, N.A."
firstnationwidemortgage.us,"Citibank, N.A."
flexroot.net,"Citibank, N.A."
flexrootdev.net,"Citibank, N.A."
flexrootuat.net,"Citibank, N.A."
floatindex.com,"Citibank, N.A."
flucarecards.com,"Citibank, N.A."
fnbank.com,"Citibank, N.A."
fninvestment.com,"Citibank, N.A."
fnmc.com,"Citibank, N.A."
fnmc.info,"Citibank, N.A."
fnmc.us,"Citibank, N.A."
fnmcbond.com,"Citibank, N.A."
fnmcbond.info,"Citibank, N.A."
fnmcbond.us,"Citibank, N.A."
fnmcbroker.com,"Citibank, N.A."
fnmcbroker.info,"Citibank, N.A."
fnmcbroker.net,"Citibank, N.A."
fnmcbroker.org,"Citibank, N.A."
fnmccorr.com,"Citibank, N.A."
fnmccorrespondent.com,"Citibank, N.A."
fnmcjobs.com,"Citibank, N.A."
fnmortgage.com,"Citibank, N.A."
fnmortgage.info,"Citibank, N.A."
fnmortgage.us,"Citibank, N.A."
fondosbanamex.com,"Citibank, N.A."
fondoshorizontes.com,"Citibank, N.A."
fuckthankyou.com,"Citibank, N.A."
fuelsmallbusiness.com,"Citibank, N.A."
fxcrossing.com,"Citibank, N.A."
fxpulse.com,"Citibank, N.A."
gadmz.net,"Citibank, N.A."
gadmzcnhkg.net,"Citibank, N.A."
gadmzdev.net,"Citibank, N.A."
gadmzuat.net,"Citibank, N.A."
gascardsfast.com,"Citibank, N.A."
gasolinerebates.com,"Citibank, N.A."
genevaco.com,"Citibank, N.A."
genevaco.info,"Citibank, N.A."
genevacompanies.com,"Citibank, N.A."
genevacompanies.info,"Citibank, N.A."
genevainvestmentmanagement.com,"Citibank, N.A."
genevaseminar.com,"Citibank, N.A."
genevaseminars.com,"Citibank, N.A."
genevaseminars.info,"Citibank, N.A."
genglobalnetwork.com,"Citibank, N.A."
getciticards.com,"Citibank, N.A."
getgascards.com,"Citibank, N.A."
getgasrebates.com,"Citibank, N.A."
getuniversalcard.com,"Citibank, N.A."
gfb.com,"Citibank, N.A."
gfcitibank.com,"Citibank, N.A."
globalbeneficiaryservices.com,"Citibank, N.A."
globalcititrade.com,"Citibank, N.A."
globaldigitalbank.com,"Citibank, N.A."
globaldigitalbank.net,"Citibank, N.A."
globaldigitalbank.org,"Citibank, N.A."
globalmycititrade.com,"Citibank, N.A."
globalwealthatwork.com,"Citibank, N.A."
gocititrade.com,"Citibank, N.A."
gogascards.com,"Citibank, N.A."
goldcardcitibank.com,"Citibank, N.A."
governmentlease.com,"Citibank, N.A."
governmentvisasolution.com,"Citibank, N.A."
gssmexico.com,"Citibank, N.A."
gtevisa.com,"Citibank, N.A."
gtl-online.com,"Citibank, N.A."
han-isnt-solo.tech,primary
handy-loans.com,"Citibank, N.A."
healthsavingssolutions.com,"Citibank, N.A."
hipoteca.com,"Citibank, N.A."
homeborrow.com,"Citibank, N.A."
homefurnishingscard.com,"Citibank, N.A."
homeloans-my-way.com,"Citibank, N.A."
homeloansmyway.com,"Citibank, N.A."
homeownersupport.com,"Citibank, N.A."
homeownersupport.net,"Citibank, N.A."
homeownersupportcommunity.com,"Citibank, N.A."
hotelprivileges.com,"Citibank, N.A."
hudmortgagepackage.com,"Citibank, N.A."
hudmortgagepackage.info,"Citibank, N.A."
hudmortgagepackage.net,"Citibank, N.A."
hudmortgagepackage.org,"Citibank, N.A."
hudmortgagepackage.us,"Citibank, N.A."
humanefund.net,"Citibank, N.A."
humanefund.org,"Citibank, N.A."
hyslend.com,"Citibank, N.A."
i-own.com,"Citibank, N.A."
i-own.net,"Citibank, N.A."
iampreferredleasing.com,"Citibank, N.A."
ibankatciti.net,"Citibank, N.A."
ibpay.com,"Citibank, N.A."
ibpayws.com,"Citibank, N.A."
idenitymonitor.com,"Citibank, N.A."
identitymonitorcity.com,"Citibank, N.A."
identityplus.com,"Citibank, N.A."
identiymonitor.com,"Citibank, N.A."
identymonitor.com,"Citibank, N.A."
ihatecitigroup.com,"Citibank, N.A."
ihatethankyou.com,"Citibank, N.A."
indexshares.com.au,Citigroup
informaciondebeneficios.com,"Citibank, N.A."
infotransac.com,"Citibank, N.A."
insideciti.com,"Citibank, N.A."
insideciti.net,"Citibank, N.A."
insuranceciti.com,"Citibank, N.A."
insuremybike.com,"Citibank, N.A."
insuremybike.net,"Citibank, N.A."
inter1st.com,"Citibank, N.A."
inter1st.us,"Citibank, N.A."
interactivecititrade.com,"Citibank, N.A."
interactivemycititrade.com,"Citibank, N.A."
interfirstrocks.com,"Citibank, N.A."
interfirsttango.com,"Citibank, N.A."
internationalcititrade.com,"Citibank, N.A."
internationalmycititrade.com,"Citibank, N.A."
internetcititrade.com,"Citibank, N.A."
internetmycititrade.com,"Citibank, N.A."
inversionesbanamex.com,"Citibank, N.A."
invitation2apply.com,"Citibank, N.A."
iown.com,"Citibank, N.A."
iown.net,"Citibank, N.A."
irfinance.com,"Citibank, N.A."
isiloans.net,"Citibank, N.A."
jamaicamoneytransfer.com,"Citibank, N.A."
janefraser.ceo,"Citibank, N.A."
janefraser.com,"Citibank, N.A."
janefraser.info,"Citibank, N.A."
janefraser.name,"Citibank, N.A."
janefraser.org,"Citibank, N.A."
janefraser.sucks,"Citibank, N.A."
janefraser.us,"Citibank, N.A."
janefraser.xyz,"Citibank, N.A."
jewelersreserve.com,"Citibank, N.A."
jewelstonesystems.com,"Citibank, N.A."
jfpportal.com,"Citibank, N.A."
joincitibank.com,"Citibank, N.A."
jp-hub.com,"Citibank, N.A."
jpmefs.com,"Citibank, N.A."
kalodipikir.com,Citigroup
kentuckyfinance.com,"Citibank, N.A."
kiodnsbmx.com,"Citibank, N.A."
knighttransition.com,"Citibank, N.A."
komlend.com,"Citibank, N.A."
labdmz.com,"Citibank, N.A."
labdmz.net,"Citibank, N.A."
labdmz1.com,"Citibank, N.A."
labdmz2.com,"Citibank, N.A."
labdmz3.com,"Citibank, N.A."
landingatciti.com,"Citibank, N.A."
laquintacard.com,"Citibank, N.A."
lavaflowecn.com,"Citibank, N.A."
lavatrading.com,"Citibank, N.A."
lavatrading.net,"Citibank, N.A."
leavingyourjob.com,"Citibank, N.A."
lendingconnect.net,"Citibank, N.A."
lendingnetwork.com,"Citibank, N.A."
lessworkforyou.com,"Citibank, N.A."
lessworkforyou.info,"Citibank, N.A."
lessworkforyou.net,"Citibank, N.A."
lessworkforyou.org,"Citibank, N.A."
lessworkforyou.us,"Citibank, N.A."
letsfly.com,"Citibank, N.A."
letsgetitdone.com,"Citibank, N.A."
leveragedshares.com.au,Citigroup
lifegoalsmortgage.com,"Citibank, N.A."
lifttruckfinance.com,"Citibank, N.A."
lifttruckfinance.net,"Citibank, N.A."
lighthouseschool.jp,Citigroup
lindlend.com,"Citibank, N.A."
livewellatciti.com,"Citibank, N.A."
loan-hub.net,"Citibank, N.A."
loanadminagent.com,"Citibank, N.A."
loanadminagent.net,"Citibank, N.A."
loanadminagent.org,"Citibank, N.A."
loanprocess.com,"Citibank, N.A."
loanprocess.info,"Citibank, N.A."
loanprocess.org,"Citibank, N.A."
loanprocess.us,"Citibank, N.A."
loans-my-way.com,"Citibank, N.A."
loans-my-way.info,"Citibank, N.A."
loans-my-way.net,"Citibank, N.A."
loans-my-way.org,"Citibank, N.A."
loans-my-way.us,"Citibank, N.A."
loanstatuscentral.com,"Citibank, N.A."
loanstatusonline.com,"Citibank, N.A."
loanwire.com,"Citibank, N.A."
loanwire.info,"Citibank, N.A."
loanwire.net,"Citibank, N.A."
loanwire.org,"Citibank, N.A."
loanwire.us,"Citibank, N.A."
locavia-acc.com,"Citibank, N.A."
lockrate.info,"Citibank, N.A."
lockrate.net,"Citibank, N.A."
lockrate.org,"Citibank, N.A."
lockrate.us,"Citibank, N.A."
lsdisc.com,"Citibank, N.A."
lsdisc.net,"Citibank, N.A."
m-citi.com,"Citibank, N.A."
macysmyrate.com,"Citibank, N.A."
makelifebetterloan.com,"Citibank, N.A."
marketatlas.com,"Citibank, N.A."
marketatlas.net,"Citibank, N.A."
marketatlas.org,"Citibank, N.A."
me-online.org,"Citibank, N.A."
merchandiserewards.com,"Citibank, N.A."
michaelcorbat.com,"Citibank, N.A."
michaelcorbat.info,"Citibank, N.A."
michaelcorbat.name,"Citibank, N.A."
michaelcorbat.net,"Citibank, N.A."
michaelcorbat.org,"Citibank, N.A."
michaelcorbat.sucks,"Citibank, N.A."
michaelcorbat.us,"Citibank, N.A."
michaellcorbat.sucks,"Citibank, N.A."
miciti.com,"Citibank, N.A."
micredito.com,"Citibank, N.A."
mikecorbat.ceo,"Citibank, N.A."
mikecorbat.com,"Citibank, N.A."
mikecorbat.info,"Citibank, N.A."
mikecorbat.net,"Citibank, N.A."
mikecorbat.org,"Citibank, N.A."
mikecorbat.sucks,"Citibank, N.A."
mikecorbat.us,"Citibank, N.A."
mikelcorbat.sucks,"Citibank, N.A."
minervayjose.com,primary
mispagosaldia.com,"Citibank, N.A."
mitlend.com,"Citibank, N.A."
money2.com,"Citibank, N.A."
money2.net,"Citibank, N.A."
moneysquared.com,"Citibank, N.A."
moneysquared.net,"Citibank, N.A."
monitorciti.com,"Citibank, N.A."
mortgage-pages.com,"Citibank, N.A."
mortgage-pages.info,"Citibank, N.A."
mortgage-pages.net,"Citibank, N.A."
mortgage-pages.org,"Citibank, N.A."
mortgage-pages.us,"Citibank, N.A."
mortgage-realestate.com,"Citibank, N.A."
mortgage.com,"Citibank, N.A."
mortgageciti.com,"Citibank, N.A."
mortgages-my-way.com,"Citibank, N.A."
mortgageservicingcenter.com,"Citibank, N.A."
mortgageservicingcenter.info,"Citibank, N.A."
mortgageshopping.info,"Citibank, N.A."
mortgageshopping.us,"Citibank, N.A."
mortgagesmyway.com,"Citibank, N.A."
msciti.com,"Citibank, N.A."
msguat.com,"Citibank, N.A."
msguat.net,"Citibank, N.A."
msiciti-life.com,"Citibank, N.A."
multipremios.com,"Citibank, N.A."
mybankgroup.com,"Citibank, N.A."
mybenefitaccess.com,"Citibank, N.A."
mybiznesscard.com,"Citibank, N.A."
myciti.at,"Citibank, N.A."
myciti.co.at,"Citibank, N.A."
myciti.com,"Citibank, N.A."
myciti.com.do,"Citibank, N.A."
myciti.com.pr,"Citibank, N.A."
mycitibankdirect.com,"Citibank, N.A."
mycitibankonline.com,"Citibank, N.A."
myciticard.com,"Citibank, N.A."
myciticards.com,"Citibank, N.A."
mycitigruop.com,"Citibank, N.A."
mycitimortgage.com,"Citibank, N.A."
mycitirealty.com,"Citibank, N.A."
mycitistreet.com,"Citibank, N.A."
mycitistreetonline.com,"Citibank, N.A."
mycititest.com,"Citibank, N.A."
mycititrade.com,"Citibank, N.A."
mycititrade.net,"Citibank, N.A."
mycititrade.org,"Citibank, N.A."
mycititradeauction.com,"Citibank, N.A."
mycititradebiz.com,"Citibank, N.A."
mycititradebusiness.com,"Citibank, N.A."
mycititradedot.com,"Citibank, N.A."
mycititradefirm.com,"Citibank, N.A."
mycititradeoffice.com,"Citibank, N.A."
mycititradeonline.com,"Citibank, N.A."
mycititradesearch.com,"Citibank, N.A."
mycititradesite.com,"Citibank, N.A."
mycititradestore.com,"Citibank, N.A."
mycitytrade.com,"Citibank, N.A."
mycreditcardonline.com,"Citibank, N.A."
myfi.com,"Citibank, N.A."
myfi.info,"Citibank, N.A."
myfxbench.com,"Citibank, N.A."
myhomeequity.com,"Citibank, N.A."
myhomequity.com,"Citibank, N.A."
myiciti.com,"Citibank, N.A."
myloananswers.com,"Citibank, N.A."
myloananswers.info,"Citibank, N.A."
myloananswers.net,"Citibank, N.A."
myloananswers.org,"Citibank, N.A."
myloananswers.us,"Citibank, N.A."
myloanhelp.com,"Citibank, N.A."
myloanhelp.info,"Citibank, N.A."
myloanhelp.net,"Citibank, N.A."
myloanhelp.org,"Citibank, N.A."
myloanhelp.us,"Citibank, N.A."
myloanhub.com,"Citibank, N.A."
myloanhub.info,"Citibank, N.A."
myloanhub.net,"Citibank, N.A."
myloanhub.org,"Citibank, N.A."
myloanhub.us,"Citibank, N.A."
myloanoffer.com,"Citibank, N.A."
myloansolution.com,"Citibank, N.A."
myloanwatch.com,"Citibank, N.A."
myloanwatch.info,"Citibank, N.A."
myloanwatch.net,"Citibank, N.A."
myloanwatch.org,"Citibank, N.A."
myloanwatch.us,"Citibank, N.A."
mymortgage.com,"Citibank, N.A."
mymortgage.net,"Citibank, N.A."
mymortgagepackage.com,"Citibank, N.A."
mymycititrade.com,"Citibank, N.A."
mynewamococard.com,"Citibank, N.A."
mynewshellcard.com,"Citibank, N.A."
mynewtexacocard.com,"Citibank, N.A."
myonefee.com,"Citibank, N.A."
mysavingsaccount.com,"Citibank, N.A."
mysavingsaccount.info,"Citibank, N.A."
mysavingsaccount.net,"Citibank, N.A."
mysavingsaccount.org,"Citibank, N.A."
myshellselectcard.com,"Citibank, N.A."
mytexacocard.com,"Citibank, N.A."
myvirtualaccountnumbers.com,"Citibank, N.A."
nationalbondexchange.com,Citigroup
nationalciti.com,"Citibank, N.A."
nationalciytbank.com,"Citibank, N.A."
neighborway.mobi,"Citibank, N.A."
neighborwayfinancial.com,"Citibank, N.A."
neighborwayfinancial.info,"Citibank, N.A."
neighborwayfinancial.mobi,"Citibank, N.A."
neighborwayfinancial.net,"Citibank, N.A."
neighborwayfinancial.org,"Citibank, N.A."
neighborwayfinancialracing.com,"Citibank, N.A."
netloancentral.com,"Citibank, N.A."
newciti.com,"Citibank, N.A."
newunitregistryonline.com,"Citibank, N.A."
nikko-citi.com,"Citibank, N.A."
nikko-citigroup.com,"Citibank, N.A."
nikkociti.com,"Citibank, N.A."
nikkocitigroup.com,"Citibank, N.A."
nikkosalomonsmithbarney.com,"Citibank, N.A."
nislend.com,"Citibank, N.A."
nsroot.com,"Citibank, N.A."
nsroot.net,"Citibank, N.A."
nsroot.org,"Citibank, N.A."
nsroot1.net,"Citibank, N.A."
nsroot1.org,"Citibank, N.A."
nsroot2.com,"Citibank, N.A."
nsroot2.net,"Citibank, N.A."
nsroot2.org,"Citibank, N.A."
nsroot3.com,"Citibank, N.A."
nsroot3.net,"Citibank, N.A."
nsrootappdev.net,"Citibank, N.A."
nsrootappuat.net,"Citibank, N.A."
nsrootdev.net,"Citibank, N.A."
nsrootdev3.net,"Citibank, N.A."
nsrootdev8.net,"Citibank, N.A."
nsrootuat.net,"Citibank, N.A."
nssb-bond.com,"Citibank, N.A."
nssb-direct.com,"Citibank, N.A."
nssb-hub.com,"Citibank, N.A."
nssb-idirect.com,"Citibank, N.A."
nssb.co.jp,Citigroup
nssb.net,"Citibank, N.A."
nssbgeo.com,"Citibank, N.A."
nssmb.com,"Citibank, N.A."
nssmb.net,"Citibank, N.A."
nssmb.org,"Citibank, N.A."
oakline.info,"Citibank, N.A."
oakline.mobi,"Citibank, N.A."
oakline.net,"Citibank, N.A."
oakline.org,"Citibank, N.A."
oaklinefinancial.com,"Citibank, N.A."
oaklinefinancial.info,"Citibank, N.A."
oaklinefinancial.mobi,"Citibank, N.A."
oaklinefinancial.net,"Citibank, N.A."
oaklinefinancial.org,"Citibank, N.A."
oneciti.com,"Citibank, N.A."
oneciti.info,"Citibank, N.A."
oneciti.net,"Citibank, N.A."
onefeeloan.com,"Citibank, N.A."
online-citi.info,"Citibank, N.A."
online-citi.org,"Citibank, N.A."
onlinecapitalusa.com,"Citibank, N.A."
onlineremitindia.com,"Citibank, N.A."
onlyfee.com,"Citibank, N.A."
orientciti-securities.com,"Citibank, N.A."
orientciti.com,"Citibank, N.A."
orientcitisecurities.com,"Citibank, N.A."
ourciti.com,"Citibank, N.A."
ouvidoria-recadastramento.com,primary
ownerstoolkit.com,"Citibank, N.A."
perfectgiftidea.com,"Citibank, N.A."
personalinsure.com,"Citibank, N.A."
personalinsure.net,"Citibank, N.A."
pfscitigroup.com,"Citibank, N.A."
phillip66creditcard.com,"Citibank, N.A."
phillips66conoco76commercialcard.com,"Citibank, N.A."
pingbackmetrics.com,"Citibank, N.A."
platnumselect.com,"Citibank, N.A."
portalbanamexohs.com,"Citibank, N.A."
poweraccessnetwork.com.ph,"Citibank, N.A."
poweredbyciti.com,"Citibank, N.A."
poweredbyciti.net,"Citibank, N.A."
poweredbyciti.org,"Citibank, N.A."
ppgecm.com,"Citibank, N.A."
preapprvnaps.com,"Citibank, N.A."
preferreddealer.com,"Citibank, N.A."
preferreddealers.com,"Citibank, N.A."
presentandpay.com,"Citibank, N.A."
presentandpay.mobi,"Citibank, N.A."
presentandpay.net,"Citibank, N.A."
prestamodelweb.com,"Citibank, N.A."
prestamodelweb.info,"Citibank, N.A."
prestamodelweb.net,"Citibank, N.A."
prestamodelweb.org,"Citibank, N.A."
prestamodelweb.us,"Citibank, N.A."
pricefirstquote.com,"Citibank, N.A."
pricinghub.com,"Citibank, N.A."
primericacitigroup.com,"Citibank, N.A."
privatepass.app,"Citibank, N.A."
privatepass.com,"Citibank, N.A."
privatepass.tickets,"Citibank, N.A."
privatepassciti.com,"Citibank, N.A."
procurementconnection.com,"Citibank, N.A."
procurementconnection.net,"Citibank, N.A."
procurementconnection.org,"Citibank, N.A."
progressmaker.com,"Citibank, N.A."
progressmakers.com,"Citibank, N.A."
prohaktivinc.in,primary
promocionescitibanamex.com,"Citibank, N.A."
proxymityonline.com,"Citibank, N.A."
proxymityvoting.com,"Citibank, N.A."
quickcititrade.com,"Citibank, N.A."
quickmycititrade.com,"Citibank, N.A."
quikremit.com,"Citibank, N.A."
quotemaker.com,"Citibank, N.A."
rapidremitsvc.com,"Citibank, N.A."
rcapp.com,"Citibank, N.A."
realestatemovies.net,"Citibank, N.A."
realtordesktop.com,"Citibank, N.A."
realtorloanlink.com,"Citibank, N.A."
realtorloanlink.info,"Citibank, N.A."
realtorloanlink.net,"Citibank, N.A."
realtorloanlink.org,"Citibank, N.A."
realtorloanlink.us,"Citibank, N.A."
registermyaccount.com,"Citibank, N.A."
registermycc.com,"Citibank, N.A."
remit2world.com,"Citibank, N.A."
remitasyouearn.com,"Citibank, N.A."
remitasyouearn.net,"Citibank, N.A."
remitasyouearn.org,"Citibank, N.A."
research-docs.com,"Citibank, N.A."
restrictedstock.info,"Citibank, N.A."
rootds.net,"Citibank, N.A."
rootds1.net,"Citibank, N.A."
rootds2.net,"Citibank, N.A."
rootds3.net,"Citibank, N.A."
rootds4.net,"Citibank, N.A."
rootns.net,"Citibank, N.A."
rootns1.net,"Citibank, N.A."
rootns2.net,"Citibank, N.A."
rootns3.net,"Citibank, N.A."
rootns4.net,"Citibank, N.A."
rshdocs.com,"Citibank, N.A."
russoi.net,"Citibank, N.A."
safeplace4.me,primary
salomonbrothers.com,"Citibank, N.A."
salomonbrothers.us,"Citibank, N.A."
salomonbrothersanddesign.us,"Citibank, N.A."
salomonglobal.net,"Citibank, N.A."
salomonresearch.com,"Citibank, N.A."
sanfordiweill.com,"Citibank, N.A."
savewithsunoco.com,"Citibank, N.A."
sazad.net,"Citibank, N.A."
sazaduat.net,"Citibank, N.A."
schroderssb.com,"Citibank, N.A."
schroderssmb.com,"Citibank, N.A."
secure-app.com,"Citibank, N.A."
secure-app.info,"Citibank, N.A."
secure-app.net,"Citibank, N.A."
secure-app.org,"Citibank, N.A."
secure-app.us,"Citibank, N.A."
secured-application.com,"Citibank, N.A."
secured-application.info,"Citibank, N.A."
secured-application.net,"Citibank, N.A."
secured-application.org,"Citibank, N.A."
secured-application.us,"Citibank, N.A."
securitieshub.net,"Citibank, N.A."
securitiesprod.com,"Citibank, N.A."
securitiesuat.com,"Citibank, N.A."
segurosbanamex.com,"Citibank, N.A."
seguroscuscatlan.com,"Citibank, N.A."
sellcititrade.com,"Citibank, N.A."
sellmycititrade.com,"Citibank, N.A."
sendcashtomexico.com,"Citibank, N.A."
sendmoneytopakistan.com,"Citibank, N.A."
sendmynewshellcard.com,"Citibank, N.A."
seroot.net,"Citibank, N.A."
servicingcenter.com,"Citibank, N.A."
servicingcenter.info,"Citibank, N.A."
servicingcenter.net,"Citibank, N.A."
servicingcenter.org,"Citibank, N.A."
servicingcenter.us,"Citibank, N.A."
shameoncitigroup.com,"Citibank, N.A."
shellcreditcard.com,"Citibank, N.A."
sifnet.com,"Citibank, N.A."
simplefees.com,"Citibank, N.A."
simplefees.info,"Citibank, N.A."
simplefees.net,"Citibank, N.A."
simplefees.org,"Citibank, N.A."
simplefees.us,"Citibank, N.A."
sirindit.org,primary
siroot.net,"Citibank, N.A."
skillcafe.in,primary
smaeducation.com,"Citibank, N.A."
smartprogram.net,"Citibank, N.A."
smb.com,"Citibank, N.A."
smbleasingsolutions.com,"Citibank, N.A."
solucionesbanamex.com,"Citibank, N.A."
sonomamortgage.com,"Citibank, N.A."
sonomamortgage.info,"Citibank, N.A."
sonomamortgage.net,"Citibank, N.A."
sonomamortgage.org,"Citibank, N.A."
sonomamortgage.us,"Citibank, N.A."
sourcemyrate.com,Citigroup
specialratemortgage.com,"Citibank, N.A."
specialratemortgage.info,"Citibank, N.A."
specialratemortgage.net,"Citibank, N.A."
specialratemortgage.org,"Citibank, N.A."
specialratemortgage.us,"Citibank, N.A."
speedcollect.com.pl,"Citibank, N.A."
speedmortgage.com,"Citibank, N.A."
speedmortgage.info,"Citibank, N.A."
speedmortgage.net,"Citibank, N.A."
speedmortgage.org,"Citibank, N.A."
speedmortgage.us,"Citibank, N.A."
ssmb.com,"Citibank, N.A."
ssmb.com.au,Citigroup
startciti.net,"Citibank, N.A."
startciti.org,"Citibank, N.A."
stephanieannbevilacqua.com,primary
stephaniehiles.com,primary
stockplansdesktop.com,"Citibank, N.A."
studentcreditcard.com,"Citibank, N.A."
sucursalescitibanamex.com,"Citibank, N.A."
suddenlysillinesssocks.com,primary
suncorpbankrewards.com.au,Citigroup
sunocobusinesscard.com,"Citibank, N.A."
sunococorporatecard.com,"Citibank, N.A."
tahnkyou.com,"Citibank, N.A."
tarjetasciti.com,"Citibank, N.A."
tcfunding.com,"Citibank, N.A."
tcmlend.com,"Citibank, N.A."
teamciti.com,"Citibank, N.A."
testclientmessagecenter.com,"Citibank, N.A."
thankyou.app,"Citibank, N.A."
thankyou.com,"Citibank, N.A."
thankyouciti.com,"Citibank, N.A."
thankyoucitibank.com,"Citibank, N.A."
thankyoucompanion.com,"Citibank, N.A."
thankyoumerchant.com,"Citibank, N.A."
thankyoumerchants.com,"Citibank, N.A."
thankyounetwork.ae,"Citibank, N.A."
thankyounetwork.cl,"Citibank, N.A."
thankyounetwork.co.in,"Citibank, N.A."
thankyounetwork.com,"Citibank, N.A."
thankyounetwork.com.au,Citigroup
thankyounetwork.com.ph,"Citibank, N.A."
thankyounetwork.ph,"Citibank, N.A."
thankyounetwork.pl,"Citibank, N.A."
thankyouredemption.com,"Citibank, N.A."
thankyouredemptionnetwork.com,"Citibank, N.A."
thankyouredemptions.com,"Citibank, N.A."
thankyouredemtion.com,"Citibank, N.A."
thankyouredemtions.com,"Citibank, N.A."
thankyouredemtionsnetwork.com,"Citibank, N.A."
thankyourewards.com,"Citibank, N.A."
thankyousucks.com,"Citibank, N.A."
the-citicard.info,"Citibank, N.A."
thecardforstudents.com,"Citibank, N.A."
theciti-card.info,"Citibank, N.A."
thecitibankprivatebank.com,"Citibank, N.A."
thecitigroupprivatebank.com,"Citibank, N.A."
thecitiprivatebank.com,"Citibank, N.A."
thegenevacompanies.com,"Citibank, N.A."
thegenevacompanies.info,"Citibank, N.A."
themortgagepackage.com,"Citibank, N.A."
themortgagepackage.info,"Citibank, N.A."
themortgagepackage.net,"Citibank, N.A."
themortgagepackage.org,"Citibank, N.A."
themortgagepackage.us,"Citibank, N.A."
theworldsciti.com,"Citibank, N.A."
tipsforfinance.com,"Citibank, N.A."
tipsforhomes.com,"Citibank, N.A."
tipsformortgage.com,"Citibank, N.A."
tipsfornewhomes.com,"Citibank, N.A."
tjapkentjana.com,Citigroup
toppickslive.com,"Citibank, N.A."
totalcomponline.com,"Citibank, N.A."
tradecontracts.com,"Citibank, N.A."
tradelava.com,"Citibank, N.A."
tradelava.info,"Citibank, N.A."
tradelava.net,"Citibank, N.A."
tradelava.org,"Citibank, N.A."
tradelava.tv,"Citibank, N.A."
tradeonlineservices.com,"Citibank, N.A."
transfer.com.do,"Citibank, N.A."
transfer.com.pr,"Citibank, N.A."
transfer.cr,"Citibank, N.A."
transfer.do,"Citibank, N.A."
transfer.pr,"Citibank, N.A."
transfercitibanamex.com,"Citibank, N.A."
transfernet.com.do,"Citibank, N.A."
transfernet.com.pr,"Citibank, N.A."
transfernet.cr,"Citibank, N.A."
transfernet.do,"Citibank, N.A."
transfernet.pr,"Citibank, N.A."
transfernet.us,"Citibank, N.A."
transferred.com.do,"Citibank, N.A."
transferred.com.pr,"Citibank, N.A."
transferred.cr,"Citibank, N.A."
transferred.do,"Citibank, N.A."
transferred.pr,"Citibank, N.A."
transouthfinance.com,"Citibank, N.A."
transouthfinancial.com,"Citibank, N.A."
travelciti.com,"Citibank, N.A."
travelerewards.com,"Citibank, N.A."
travelermiles.com,"Citibank, N.A."
travelermilesplus.com,"Citibank, N.A."
travelersannuity.com,"Citibank, N.A."
travelersbankandtrust.com,"Citibank, N.A."
travelersbankusa.com,"Citibank, N.A."
travelersmortgage.com,"Citibank, N.A."
traveltransac.com,"Citibank, N.A."
traveltransac.net,"Citibank, N.A."
treasuryvision.com,"Citibank, N.A."
tribecaglobalmanagement.com,"Citibank, N.A."
truckassociates.com,"Citibank, N.A."
truedave.net,primary
uatdealerfinancingonline.com,"Citibank, N.A."
unisen.info,"Citibank, N.A."
unisen.net,"Citibank, N.A."
unisen.org,"Citibank, N.A."
unisen.us,"Citibank, N.A."
unitedcitybank.com,"Citibank, N.A."
unitregistryonline.com,"Citibank, N.A."
universalacrd.com,"Citibank, N.A."
universalbusinesscard.com,"Citibank, N.A."
universalcard.com,"Citibank, N.A."
universalcard.mobi,"Citibank, N.A."
universalcardapply.com,"Citibank, N.A."
universalcards.com,"Citibank, N.A."
universalcards.mobi,"Citibank, N.A."
universalcardtest.com,"Citibank, N.A."
universalcollege.com,"Citibank, N.A."
universalcollegenow.com,"Citibank, N.A."
universalcollegenow1.com,"Citibank, N.A."
universaline.com,"Citibank, N.A."
universalplatinum.com,"Citibank, N.A."
universalsavings.com,"Citibank, N.A."
universalstudentreward.com,"Citibank, N.A."
unversalcard.com,"Citibank, N.A."
urdellrelo.com,"Citibank, N.A."
usecreditwisely.com,"Citibank, N.A."
valorcitibanamex.com,"Citibank, N.A."
vfexchange.com,"Citibank, N.A."
vip-cititrader.com,"Citibank, N.A."
warrantcitibank.com,"Citibank, N.A."
warrantcitibank.net,"Citibank, N.A."
warrantscitibank.com,"Citibank, N.A."
warrantscitibank.net,"Citibank, N.A."
wascoleasing.com,"Citibank, N.A."
watchguardplus.com,"Citibank, N.A."
watchguardpremier.com,"Citibank, N.A."
watchguardregistrationservices.com,"Citibank, N.A."
web-ratelock.com,"Citibank, N.A."
webcititrade.com,"Citibank, N.A."
webindexer.com,"Citibank, N.A."
webmycititrade.com,"Citibank, N.A."
webratemortgage.com,"Citibank, N.A."
welcomenetwork.com,"Citibank, N.A."
welcometocitibank.com,"Citibank, N.A."
welcomewhatsnext.com,"Citibank, N.A."
westernassetmanagement.com.au,Citigroup
winwithcitibank.com,"Citibank, N.A."
womanandco.com,"Citibank, N.A."
womanandco.org,"Citibank, N.A."
womanandcompany.com,"Citibank, N.A."
womanandcompany.org,"Citibank, N.A."
womenandco.com,"Citibank, N.A."
womenandco.us,"Citibank, N.A."
womenandcompany.com,"Citibank, N.A."
womenandcompany.us,"Citibank, N.A."
worldlink-products.com,"Citibank, N.A."
worldlink.com,"Citibank, N.A."
worldlink.info,"Citibank, N.A."
worldlink.us,"Citibank, N.A."
www-citibank-com.loan,"Citibank, N.A."
www-citicards.com,"Citibank, N.A."
wwwciti.com,"Citibank, N.A."
wwwciti.net,"Citibank, N.A."
wwwcitibank.cl,"Citibank, N.A."
wwwcitibankcards.com,"Citibank, N.A."
wwwcitibankmastercard.com,"Citibank, N.A."
wwwcitibankonline.com,"Citibank, N.A."
wwwcitibusinesscreditcard.com,"Citibank, N.A."
wwwciticorp.com,"Citibank, N.A."
wwwcitifinancial.com,"Citibank, N.A."
wwwcitifxpro.com,"Citibank, N.A."
wwwcitigroup.com,"Citibank, N.A."
wwwcitigroup.net,"Citibank, N.A."
wwwcitimortgage.com,"Citibank, N.A."
wwwcitycentercareers.com,"Citibank, N.A."
wwwlcitigroup.com,"Citibank, N.A."
wwwlcitimortgage.com,"Citibank, N.A."
wwwnewciti.com,"Citibank, N.A."
wwwthankyounetwork.com,"Citibank, N.A."
wwwwcitibankonline.com,"Citibank, N.A."
xn--2i0bs2skyjh0n.com,"Citibank, N.A."
xn--2i0bs2skyjh0n.net,"Citibank, N.A."
xn--2i0bs2skyjh0n.org,"Citibank, N.A."
xn--3bsx16acyvb6eevrurc.com,"Citibank, N.A."
xn--3bsx16acyvb6eevrurc.net,"Citibank, N.A."
xn--3bsx16acyvu0r.xn--6frz82g,"Citibank, N.A."
xn--55qx5dd20adh1a.com,"Citibank, N.A."
xn--55qx5dd20adh1a.net,"Citibank, N.A."
xn--80abuamrxj.xn--80asehdb,"Citibank, N.A."
xn--9cs136hgnfgrd.com,"Citibank, N.A."
xn--9cs136hgnfgrd.net,"Citibank, N.A."
xn--9cs136htucfufz0ejne.com,"Citibank, N.A."
xn--9cs136htucfufz0ejne.net,"Citibank, N.A."
xn--9rqp8u.com,"Citibank, N.A."
xn--9rqp8u.net,"Citibank, N.A."
xn--chq51t856b8dep4djpj.com,"Citibank, N.A."
xn--chq51t856b8dep4djpj.net,"Citibank, N.A."
xn--chq51t8o1cmoc.com,"Citibank, N.A."
xn--chq51t8o1cmoc.net,"Citibank, N.A."
xn--eck4ak4dtevk.com,"Citibank, N.A."
xn--eck4ak4dtevk.net,"Citibank, N.A."
xn--eckk4b6cb4guh7b.com,"Citibank, N.A."
xn--eckk4b6cb4guh7b.net,"Citibank, N.A."
xn--eckub5b.com,"Citibank, N.A."
xn--eckub5b.net,"Citibank, N.A."
xn--eckwaw4d8b4m.com,"Citibank, N.A."
xn--eckwaw4d8b4m.net,"Citibank, N.A."
xn--eckwaw4dtetf1e.com,"Citibank, N.A."
xn--eckwaw4dtetf1e.net,"Citibank, N.A."
xn--igv255d.net,"Citibank, N.A."
xn--igv255d.xn--6frz82g,"Citibank, N.A."
xn--igv255db1dr8l.net,"Citibank, N.A."
xn--igv255db1dr8o.com,"Citibank, N.A."
xn--igv255db1dr8o.xn--6frz82g,"Citibank, N.A."
xn--ndsz65acyvb6ee9nuhg.com,"Citibank, N.A."
xn--ndsz65acyvb6ee9nuhg.net,"Citibank, N.A."
xn--ndsz65acyvu0r.com,"Citibank, N.A."
xn--ndsz65acyvu0r.net,"Citibank, N.A."
xn--od5b25w.com,"Citibank, N.A."
xn--od5b25w.net,"Citibank, N.A."
xn--od5b29pg1c3uc.com,"Citibank, N.A."
xn--od5b29pg1c3uc.net,"Citibank, N.A."
xn--od5b29pg1c3uc.org,"Citibank, N.A."
xn--od5bi2bp9rbsc.org,"Citibank, N.A."
xn--oi3bn6niwjtpc.net,"Citibank, N.A."
xn--oi3bn6niwjtpc.org,"Citibank, N.A."
yallend.com,"Citibank, N.A."
yesbanker.com,"Citibank, N.A."
yesbroker.com,"Citibank, N.A."
yeshomeequity.com,"Citibank, N.A."
yobrosayho.com,primary
yourciti.com,"Citibank, N.A."
yourciti.net,"Citibank, N.A."
yourhealthcredit.com,"Citibank, N.A."
yourhealthcredit.info,"Citibank, N.A."
yourhealthcredit.net,"Citibank, N.A."
yourhealthcredit.org,"Citibank, N.A."
zaocitibank.com,"Citibank, N.A."
