domain,sources
1-rakuten.com,"Rakuten Group, Inc."
1-rakuten.jp,"Rakuten Group, Inc."
1-rakuten.net,"Rakuten Group, Inc."
1189.mobi,"Rakuten, Inc."
1rakuten.jp,"Rakuten Group, Inc."
1rakuten.net,"Rakuten Group, Inc."
24-rakuten.com,"Rakuten Group, Inc."
24-rakuten.jp,"Rakuten Group, Inc."
24rakuten.com,"Rakuten Group, Inc."
24rakuten.jp,"Rakuten Group, Inc."
advertisewithrakuten.com,"Rakuten Group, Inc."
ag1.jp,"Rakuten Group, Inc."
aip-sg.com,"Rakuten Group, Inc."
akuten-email.com,"Rakuten Group, Inc."
akuten-email.jp,"Rakuten Group, Inc."
akuten-email.net,"Rakuten Group, Inc."
akuten-mail.com,"Rakuten Group, Inc."
akuten-mail.jp,"Rakuten Group, Inc."
akuten-mail.net,"Rakuten Group, Inc."
akuten-ml.com,"Rakuten Group, Inc."
akuten-ml.jp,"Rakuten Group, Inc."
akuten-ml.net,"Rakuten Group, Inc."
akuten-mobile.com,"Rakuten Group, Inc."
akuten-mobile.jp,"Rakuten Group, Inc."
akuten-mobile.net,"Rakuten Group, Inc."
akuten.jp,"Rakuten Group, Inc."
akuten.net,"Rakuten Group, Inc."
akuten.online,"Rakuten Group, Inc."
akuten.xyz,"Rakuten Group, Inc."
akutenemail.com,"Rakuten Group, Inc."
akutenemail.jp,"Rakuten Group, Inc."
akutenemail.net,"Rakuten Group, Inc."
akutenmail.jp,"Rakuten Group, Inc."
akutenmail.net,"Rakuten Group, Inc."
akutenmailmobile-rakuten.com,"Rakuten Group, Inc."
akutenml.jp,"Rakuten Group, Inc."
akutenml.net,"Rakuten Group, Inc."
akutenmlemail-akuten.com,"Rakuten Group, Inc."
akutenmobile.com,"Rakuten Group, Inc."
akutenmobile.jp,"Rakuten Group, Inc."
akutenmobile.net,"Rakuten Group, Inc."
anshin-stay-iot.jp,"Rakuten Group, Inc."
aquafadas.asia,"Rakuten Group, Inc."
arkuten.info,"Rakuten Group, Inc."
arkuten.jp,"Rakuten Group, Inc."
arkuten.net,"Rakuten Group, Inc."
arkuten.online,"Rakuten Group, Inc."
arkuten.xyz,"Rakuten Group, Inc."
asia-rakuten.asia,"Rakuten, Inc."
asia-rakuten.com,"Rakuten, Inc."
at-eagles.com,"Rakuten Group, Inc."
au-rakuten.asia,"Rakuten, Inc."
au-rakuten.com,"Rakuten, Inc."
au-rakuten.xyz,"Rakuten, Inc."
bank-rakuten.com,"Rakuten Group, Inc."
bankrakuten.com,"Rakuten Group, Inc."
big-rakuten.com,"Rakuten Group, Inc."
big-rakuten.jp,"Rakuten Group, Inc."
big-rakuten.net,"Rakuten Group, Inc."
bigrakuten.com,"Rakuten Group, Inc."
bigrakuten.jp,"Rakuten Group, Inc."
bigrakuten.net,"Rakuten Group, Inc."
bisiness-mobile-rakuten.biz,"Rakuten Group, Inc."
bisiness-mobile-rakuten.com,"Rakuten Group, Inc."
bisiness-mobile-rakuten.info,"Rakuten Group, Inc."
bisiness-mobile-rakuten.jp,"Rakuten Group, Inc."
bisiness-mobile-rakuten.net,"Rakuten Group, Inc."
bisinessmobile-rakuten.com,"Rakuten Group, Inc."
bisinessmobile-rakuten.info,"Rakuten Group, Inc."
bisinessmobile-rakuten.jp,"Rakuten Group, Inc."
bisinessmobile-rakuten.net,"Rakuten Group, Inc."
bisinessmobilerakuten.com,"Rakuten Group, Inc."
bisinessmobilerakuten.info,"Rakuten Group, Inc."
bisinessmobilerakuten.jp,"Rakuten Group, Inc."
bisinessmobilerakuten.net,"Rakuten Group, Inc."
biz-mobile-rakuten.biz,"Rakuten Group, Inc."
biz-mobile-rakuten.com,"Rakuten Group, Inc."
biz-mobile-rakuten.info,"Rakuten Group, Inc."
biz-mobile-rakuten.jp,"Rakuten Group, Inc."
biz-mobile-rakuten.net,"Rakuten Group, Inc."
bizmobile-rakuten.biz,"Rakuten Group, Inc."
bizmobile-rakuten.com,"Rakuten Group, Inc."
bizmobile-rakuten.info,"Rakuten Group, Inc."
bizmobile-rakuten.jp,"Rakuten Group, Inc."
bizmobile-rakuten.net,"Rakuten Group, Inc."
bizmobilerakuten.biz,"Rakuten Group, Inc."
bizmobilerakuten.com,"Rakuten Group, Inc."
bizmobilerakuten.info,"Rakuten Group, Inc."
bizmobilerakuten.jp,"Rakuten Group, Inc."
bizmobilerakuten.net,"Rakuten Group, Inc."
book-rakuten.com,"Rakuten Group, Inc."
book-rakuten.jp,"Rakuten Group, Inc."
book-rakuten.net,"Rakuten Group, Inc."
bookrakuten.com,"Rakuten Group, Inc."
bookrakuten.jp,"Rakuten Group, Inc."
bookrakuten.net,"Rakuten Group, Inc."
books-rakuten.com,"Rakuten Group, Inc."
books-rakuten.jp,"Rakuten Group, Inc."
books-rakuten.net,"Rakuten Group, Inc."
booksrakuten.com,"Rakuten Group, Inc."
booksrakuten.jp,"Rakuten Group, Inc."
booksrakuten.net,"Rakuten Group, Inc."
boss-oms.jp,"Rakuten Group, Inc."
br-rakuten.asia,"Rakuten, Inc."
br-rakuten.net,"Rakuten, Inc."
br-rakuten.xyz,"Rakuten, Inc."
brakuten.com,"Rakuten Group, Inc."
browser-rakuten.biz,"Rakuten Group, Inc."
browser-rakuten.com,"Rakuten Group, Inc."
browser-rakuten.net,"Rakuten Group, Inc."
browser-rakuten.org,"Rakuten Group, Inc."
browserrakuten.biz,"Rakuten Group, Inc."
browserrakuten.org,"Rakuten Group, Inc."
business-rakuten.com,"Rakuten Group, Inc."
business-rakuten.jp,"Rakuten Group, Inc."
business-rakuten.net,"Rakuten Group, Inc."
businessrakuten.jp,"Rakuten Group, Inc."
businessrakuten.net,"Rakuten Group, Inc."
buy-back-rakuten.com,"Rakuten, Inc."
buy-back-rakuten.net,"Rakuten, Inc."
buy-backrakuten.com,"Rakuten, Inc."
buy-backrakuten.net,"Rakuten, Inc."
buy.com,"Rakuten Group, Inc."
buyback-rakuten.com,"Rakuten, Inc."
buyback-rakuten.net,"Rakuten, Inc."
buybackrakuten.com,"Rakuten, Inc."
buybackrakuten.net,"Rakuten, Inc."
buys.com,"Rakuten Group, Inc."
ca-rakuten.asia,"Rakuten, Inc."
ca-rakuten.com,"Rakuten, Inc."
ca-rakuten.xyz,"Rakuten, Inc."
calendar-rakuten.biz,"Rakuten Group, Inc."
calendar-rakuten.com,"Rakuten Group, Inc."
calendar-rakuten.info,"Rakuten Group, Inc."
calendar-rakuten.jp,"Rakuten Group, Inc."
calendar-rakuten.net,"Rakuten Group, Inc."
calendar-rakuten.org,"Rakuten Group, Inc."
calendarrakuten.biz,"Rakuten Group, Inc."
calendarrakuten.com,"Rakuten Group, Inc."
calendarrakuten.info,"Rakuten Group, Inc."
calendarrakuten.jp,"Rakuten Group, Inc."
calendarrakuten.net,"Rakuten Group, Inc."
calendarrakuten.org,"Rakuten Group, Inc."
card--rakuten.app,"Rakuten Group, Inc."
card--rakuten.biz,"Rakuten Group, Inc."
card--rakuten.com,"Rakuten Group, Inc."
card--rakuten.info,"Rakuten Group, Inc."
card--rakuten.jp,"Rakuten Group, Inc."
card--rakuten.net,"Rakuten Group, Inc."
card--rakuten.org,"Rakuten Group, Inc."
card--rakuten.page,"Rakuten Group, Inc."
card--rakuten.website,"Rakuten Group, Inc."
card--rakuten.xyz,"Rakuten Group, Inc."
card-rakuten.app,"Rakuten Group, Inc."
card-rakuten.com,"Rakuten Group, Inc."
card-rakuten.info,"Rakuten Group, Inc."
card-rakuten.jp,"Rakuten Group, Inc."
card-rakuten.net,"Rakuten Group, Inc."
card-rakuten.org,"Rakuten Group, Inc."
card-rakuten.page,"Rakuten Group, Inc."
card-rakuten.website,"Rakuten Group, Inc."
card-rakuten.xyz,"Rakuten Group, Inc."
card-support-rakuten.app,"Rakuten Group, Inc."
card-support-rakuten.biz,"Rakuten Group, Inc."
card-support-rakuten.com,"Rakuten Group, Inc."
card-support-rakuten.info,"Rakuten Group, Inc."
card-support-rakuten.jp,"Rakuten Group, Inc."
card-support-rakuten.net,"Rakuten Group, Inc."
card-support-rakuten.org,"Rakuten Group, Inc."
card-support-rakuten.page,"Rakuten Group, Inc."
cardman-rakuten.com,"Rakuten Group, Inc."
cardmanrakuten.com,"Rakuten Group, Inc."
cardrakuten.app,"Rakuten Group, Inc."
cardrakuten.com,"Rakuten Group, Inc."
cardrakuten.info,"Rakuten Group, Inc."
cardrakuten.jp,"Rakuten Group, Inc."
cardrakuten.net,"Rakuten Group, Inc."
cardrakuten.org,"Rakuten Group, Inc."
cardrakuten.page,"Rakuten Group, Inc."
cardrakuten.website,"Rakuten Group, Inc."
cardrakuten.xyz,"Rakuten Group, Inc."
cards--rakuten.app,"Rakuten Group, Inc."
cards--rakuten.biz,"Rakuten Group, Inc."
cards--rakuten.com,"Rakuten Group, Inc."
cards--rakuten.info,"Rakuten Group, Inc."
cards--rakuten.jp,"Rakuten Group, Inc."
cards--rakuten.net,"Rakuten Group, Inc."
cards--rakuten.org,"Rakuten Group, Inc."
cards--rakuten.page,"Rakuten Group, Inc."
cards-rakuten.app,"Rakuten Group, Inc."
cards-rakuten.biz,"Rakuten Group, Inc."
cards-rakuten.com,"Rakuten Group, Inc."
cards-rakuten.info,"Rakuten Group, Inc."
cards-rakuten.jp,"Rakuten Group, Inc."
cards-rakuten.net,"Rakuten Group, Inc."
cards-rakuten.org,"Rakuten Group, Inc."
cards-rakuten.page,"Rakuten Group, Inc."
cardsrakuten.app,"Rakuten Group, Inc."
cardsrakuten.com,"Rakuten Group, Inc."
cardsrakuten.info,"Rakuten Group, Inc."
cardsrakuten.jp,"Rakuten Group, Inc."
cardsrakuten.net,"Rakuten Group, Inc."
cardsrakuten.org,"Rakuten Group, Inc."
cardsrakuten.page,"Rakuten Group, Inc."
cardsupport-rakuten.app,"Rakuten Group, Inc."
cardsupport-rakuten.biz,"Rakuten Group, Inc."
cardsupport-rakuten.com,"Rakuten Group, Inc."
cardsupport-rakuten.info,"Rakuten Group, Inc."
cardsupport-rakuten.jp,"Rakuten Group, Inc."
cardsupport-rakuten.net,"Rakuten Group, Inc."
cardsupport-rakuten.org,"Rakuten Group, Inc."
cardsupport-rakuten.page,"Rakuten Group, Inc."
cardsupportrakuten.app,"Rakuten Group, Inc."
cardsupportrakuten.biz,"Rakuten Group, Inc."
cardsupportrakuten.com,"Rakuten Group, Inc."
cardsupportrakuten.info,"Rakuten Group, Inc."
cardsupportrakuten.jp,"Rakuten Group, Inc."
cardsupportrakuten.net,"Rakuten Group, Inc."
cardsupportrakuten.org,"Rakuten Group, Inc."
cardsupportrakuten.page,"Rakuten Group, Inc."
carshare-rakuten.jp,"Rakuten Group, Inc."
carsharerakuten.jp,"Rakuten Group, Inc."
carsharing-rakuten.jp,"Rakuten Group, Inc."
carsharingrakuten.jp,"Rakuten Group, Inc."
clips.jp,"Rakuten Group, Inc."
clipsws.com,"Rakuten Group, Inc."
cn-rakuten.asia,"Rakuten, Inc."
cn-rakuten.com,"Rakuten, Inc."
cn-rakuten.xyz,"Rakuten, Inc."
comm-rakuten.com,"Rakuten Group, Inc."
comm-rakuten.jp,"Rakuten Group, Inc."
comm-rakuten.net,"Rakuten Group, Inc."
commerce-rakuten.com,"Rakuten Group, Inc."
commerce-rakuten.jp,"Rakuten Group, Inc."
commerce-rakuten.net,"Rakuten Group, Inc."
commerce-rakuten.org,"Rakuten Group, Inc."
commercerakuten.com,"Rakuten Group, Inc."
commercerakuten.jp,"Rakuten Group, Inc."
commercerakuten.net,"Rakuten Group, Inc."
commercerakuten.org,"Rakuten Group, Inc."
commrakuten.com,"Rakuten Group, Inc."
commrakuten.jp,"Rakuten Group, Inc."
commrakuten.net,"Rakuten Group, Inc."
compass-100.com,"Rakuten Group, Inc."
compass-next.com,"Rakuten Group, Inc."
credit--rakuten.app,"Rakuten Group, Inc."
credit--rakuten.biz,"Rakuten Group, Inc."
credit--rakuten.com,"Rakuten Group, Inc."
credit--rakuten.info,"Rakuten Group, Inc."
credit--rakuten.jp,"Rakuten Group, Inc."
credit--rakuten.net,"Rakuten Group, Inc."
credit--rakuten.org,"Rakuten Group, Inc."
credit--rakuten.page,"Rakuten Group, Inc."
credit-rakuten.app,"Rakuten Group, Inc."
credit-rakuten.biz,"Rakuten Group, Inc."
credit-rakuten.com,"Rakuten Group, Inc."
credit-rakuten.info,"Rakuten Group, Inc."
credit-rakuten.jp,"Rakuten Group, Inc."
credit-rakuten.net,"Rakuten Group, Inc."
credit-rakuten.org,"Rakuten Group, Inc."
credit-rakuten.page,"Rakuten Group, Inc."
creditcard--rakuten.app,"Rakuten Group, Inc."
creditcard--rakuten.biz,"Rakuten Group, Inc."
creditcard--rakuten.com,"Rakuten Group, Inc."
creditcard--rakuten.info,"Rakuten Group, Inc."
creditcard--rakuten.jp,"Rakuten Group, Inc."
creditcard--rakuten.net,"Rakuten Group, Inc."
creditcard--rakuten.org,"Rakuten Group, Inc."
creditcard--rakuten.page,"Rakuten Group, Inc."
creditcard-rakuten.app,"Rakuten Group, Inc."
creditcard-rakuten.biz,"Rakuten Group, Inc."
creditcard-rakuten.com,"Rakuten Group, Inc."
creditcard-rakuten.info,"Rakuten Group, Inc."
creditcard-rakuten.jp,"Rakuten Group, Inc."
creditcard-rakuten.net,"Rakuten Group, Inc."
creditcard-rakuten.org,"Rakuten Group, Inc."
creditcard-rakuten.page,"Rakuten Group, Inc."
creditcardrakuten.app,"Rakuten Group, Inc."
creditcardrakuten.biz,"Rakuten Group, Inc."
creditcardrakuten.com,"Rakuten Group, Inc."
creditcardrakuten.info,"Rakuten Group, Inc."
creditcardrakuten.jp,"Rakuten Group, Inc."
creditcardrakuten.net,"Rakuten Group, Inc."
creditcardrakuten.org,"Rakuten Group, Inc."
creditcardrakuten.page,"Rakuten Group, Inc."
creditrakuten.app,"Rakuten Group, Inc."
creditrakuten.biz,"Rakuten Group, Inc."
creditrakuten.com,"Rakuten Group, Inc."
creditrakuten.info,"Rakuten Group, Inc."
creditrakuten.jp,"Rakuten Group, Inc."
creditrakuten.net,"Rakuten Group, Inc."
creditrakuten.org,"Rakuten Group, Inc."
creditrakuten.page,"Rakuten Group, Inc."
d-m-rakuten.biz,"Rakuten Group, Inc."
d-m-rakuten.org,"Rakuten Group, Inc."
d-mkt-rakuten.biz,"Rakuten Group, Inc."
d-mkt-rakuten.info,"Rakuten Group, Inc."
d-mkt-rakuten.org,"Rakuten Group, Inc."
d-mktrakuten.biz,"Rakuten Group, Inc."
d-mktrakuten.info,"Rakuten Group, Inc."
d-mktrakuten.org,"Rakuten Group, Inc."
dakuten.com,"Rakuten Group, Inc."
dakuten.info,"Rakuten Group, Inc."
dakuten.net,"Rakuten Group, Inc."
dakuten.online,"Rakuten Group, Inc."
dakuten.xyz,"Rakuten Group, Inc."
dakutenbank.com,"Rakuten Group, Inc."
dakutencard.com,"Rakuten Group, Inc."
data-marketing-rakuten.biz,"Rakuten Group, Inc."
data-marketing-rakuten.com,"Rakuten Group, Inc."
data-marketing-rakuten.info,"Rakuten Group, Inc."
data-marketing-rakuten.net,"Rakuten Group, Inc."
data-marketing-rakuten.org,"Rakuten Group, Inc."
data-mkt-rakuten.biz,"Rakuten Group, Inc."
data-mkt-rakuten.org,"Rakuten Group, Inc."
datadock.co.jp,"Rakuten Group, Inc."
datamarketing-rakuten.biz,"Rakuten Group, Inc."
datamarketing-rakuten.com,"Rakuten Group, Inc."
datamarketing-rakuten.info,"Rakuten Group, Inc."
datamarketing-rakuten.net,"Rakuten Group, Inc."
datamarketing-rakuten.org,"Rakuten Group, Inc."
datamarketingrakuten.biz,"Rakuten Group, Inc."
datamarketingrakuten.info,"Rakuten Group, Inc."
de-rakuten.asia,"Rakuten, Inc."
de-rakuten.com,"Rakuten, Inc."
de-rakuten.xyz,"Rakuten, Inc."
digipa.com,"Rakuten Group, Inc."
digipanet.com,"Rakuten Group, Inc."
dining.jp,"Rakuten Group, Inc."
dpclk.net,"Rakuten Group, Inc."
dpclk.us,"Rakuten Group, Inc."
drive-rakuten.com,"Rakuten Group, Inc."
driverakuten.com,"Rakuten Group, Inc."
drone-rakuten.biz,"Rakuten Group, Inc."
drone-rakuten.com,"Rakuten Group, Inc."
drone-rakuten.info,"Rakuten Group, Inc."
drone-rakuten.jp,"Rakuten Group, Inc."
drone-rakuten.net,"Rakuten Group, Inc."
drone-rakuten.org,"Rakuten Group, Inc."
dronerakuten.com,"Rakuten Group, Inc."
dronerakuten.net,"Rakuten Group, Inc."
eakuten.com,"Rakuten Group, Inc."
eakuten.info,"Rakuten Group, Inc."
eakuten.net,"Rakuten Group, Inc."
eakuten.online,"Rakuten Group, Inc."
eakuten.xyz,"Rakuten Group, Inc."
eakutenbank.com,"Rakuten Group, Inc."
eakutencard.com,"Rakuten Group, Inc."
ecommerce-rakuten.com,"Rakuten Group, Inc."
ecommerce-rakuten.jp,"Rakuten Group, Inc."
ecommerce-rakuten.net,"Rakuten Group, Inc."
ecommerce-rakuten.org,"Rakuten Group, Inc."
ecommercerakuten.com,"Rakuten Group, Inc."
ecommercerakuten.jp,"Rakuten Group, Inc."
ecommercerakuten.net,"Rakuten Group, Inc."
ecommercerakuten.org,"Rakuten Group, Inc."
edy-rakuten.com,"Rakuten Group, Inc."
edypara.jp,"Rakuten Group, Inc."
edyrakuten.com,"Rakuten Group, Inc."
email-akuten.com,"Rakuten Group, Inc."
email-akuten.jp,"Rakuten Group, Inc."
email-akuten.net,"Rakuten Group, Inc."
email-raku.com,"Rakuten Group, Inc."
email-raku.jp,"Rakuten Group, Inc."
email-raku.net,"Rakuten Group, Inc."
email-raku10.com,"Rakuten Group, Inc."
email-raku10.jp,"Rakuten Group, Inc."
email-raku10.net,"Rakuten Group, Inc."
email-rakuten.com,"Rakuten Group, Inc."
email-rakuten.jp,"Rakuten Group, Inc."
email-rakuten.net,"Rakuten Group, Inc."
emailakuten.com,"Rakuten Group, Inc."
emailakuten.jp,"Rakuten Group, Inc."
emailakuten.net,"Rakuten Group, Inc."
emailraku.com,"Rakuten Group, Inc."
emailraku.jp,"Rakuten Group, Inc."
emailraku.net,"Rakuten Group, Inc."
emailraku10.com,"Rakuten Group, Inc."
emailraku10.jp,"Rakuten Group, Inc."
emailraku10.net,"Rakuten Group, Inc."
emailrakuten.com,"Rakuten Group, Inc."
emailrakuten.jp,"Rakuten Group, Inc."
emailrakuten.net,"Rakuten Group, Inc."
es-rakuten.asia,"Rakuten, Inc."
es-rakuten.bid,"Rakuten, Inc."
es-rakuten.com,"Rakuten, Inc."
es-rakuten.xyz,"Rakuten, Inc."
estmob.com,"Rakuten Group, Inc."
europe-rakuten.asia,"Rakuten, Inc."
europe-rakuten.bid,"Rakuten, Inc."
europe-rakuten.xyz,"Rakuten, Inc."
event-rakuten.com,"Rakuten Group, Inc."
event-rakuten.jp,"Rakuten Group, Inc."
event-rakuten.net,"Rakuten Group, Inc."
event-rakuten.org,"Rakuten Group, Inc."
eventrakuten.com,"Rakuten Group, Inc."
eventrakuten.jp,"Rakuten Group, Inc."
eventrakuten.net,"Rakuten Group, Inc."
eventrakuten.org,"Rakuten Group, Inc."
events-rakuten.com,"Rakuten Group, Inc."
events-rakuten.jp,"Rakuten Group, Inc."
events-rakuten.net,"Rakuten Group, Inc."
events-rakuten.org,"Rakuten Group, Inc."
eventsrakuten.com,"Rakuten Group, Inc."
eventsrakuten.jp,"Rakuten Group, Inc."
eventsrakuten.net,"Rakuten Group, Inc."
eventsrakuten.org,"Rakuten Group, Inc."
express-rakuten.com,"Rakuten, Inc."
express-rakuten.info,"Rakuten, Inc."
express-rakuten.net,"Rakuten, Inc."
expressrakuten.net,"Rakuten, Inc."
fablic.co.jp,"Rakuten Group, Inc."
fakuten.com,"Rakuten Group, Inc."
fakuten.info,"Rakuten Group, Inc."
fakuten.net,"Rakuten Group, Inc."
fakuten.online,"Rakuten Group, Inc."
fakuten.xyz,"Rakuten Group, Inc."
fakutenbank.com,"Rakuten Group, Inc."
fakutencard.com,"Rakuten Group, Inc."
fastraffic.io,"Rakuten Group, Inc."
fintech-rakuten.com,"Rakuten Group, Inc."
fintechrakuten.com,"Rakuten Group, Inc."
flam.mobi,"Rakuten, Inc."
flea-market-rakuten.com,"Rakuten Group, Inc."
flea-market-rakuten.jp,"Rakuten Group, Inc."
fleamarket-rakuten.com,"Rakuten Group, Inc."
fleamarket-rakuten.jp,"Rakuten Group, Inc."
fleamarketrakuten.com,"Rakuten Group, Inc."
flip-browser.com,"Rakuten Group, Inc."
fr-rakuten.bid,"Rakuten, Inc."
fr-rakuten.net,"Rakuten, Inc."
fr-rakuten.xyz,"Rakuten, Inc."
free-market-rakuten.com,"Rakuten Group, Inc."
free-market-rakuten.jp,"Rakuten Group, Inc."
freemarket-rakuten.com,"Rakuten Group, Inc."
freemarket-rakuten.jp,"Rakuten Group, Inc."
freemarketrakuten.com,"Rakuten Group, Inc."
freetel.jp,"Rakuten Group, Inc."
fril.jp,"Rakuten Group, Inc."
funpay-rakuten.app,"Rakuten Group, Inc."
funpay-rakuten.biz,"Rakuten Group, Inc."
funpay-rakuten.com,"Rakuten Group, Inc."
funpay-rakuten.info,"Rakuten Group, Inc."
funpay-rakuten.jp,"Rakuten Group, Inc."
funpay-rakuten.net,"Rakuten Group, Inc."
funpay-rakuten.org,"Rakuten Group, Inc."
funpay-rakuten.page,"Rakuten Group, Inc."
funpay.biz,"Rakuten Group, Inc."
funpay.jp,"Rakuten Group, Inc."
funpay.page,"Rakuten Group, Inc."
funpayrakuten.app,"Rakuten Group, Inc."
funpayrakuten.biz,"Rakuten Group, Inc."
funpayrakuten.com,"Rakuten Group, Inc."
funpayrakuten.info,"Rakuten Group, Inc."
funpayrakuten.jp,"Rakuten Group, Inc."
funpayrakuten.net,"Rakuten Group, Inc."
funpayrakuten.org,"Rakuten Group, Inc."
funpayrakuten.page,"Rakuten Group, Inc."
gift-rakuten.com,"Rakuten Group, Inc."
giftrakuten.com,"Rakuten Group, Inc."
gol.com,"Rakuten Group, Inc."
govoyagin.asia,"Rakuten Group, Inc."
govoyagin.com,"Rakuten Group, Inc."
govoyagin.jp,"Rakuten Group, Inc."
group-holdings-rakuten.biz,"Rakuten Group, Inc."
group-holdings-rakuten.co.in,"Rakuten Group, Inc."
group-holdings-rakuten.com,"Rakuten Group, Inc."
group-holdings-rakuten.icu,"Rakuten Group, Inc."
group-holdings-rakuten.in,"Rakuten Group, Inc."
group-holdings-rakuten.info,"Rakuten Group, Inc."
group-holdings-rakuten.jp,"Rakuten Group, Inc."
group-holdings-rakuten.net,"Rakuten Group, Inc."
group-holdings-rakuten.org,"Rakuten Group, Inc."
group-holdings-rakuten.us,"Rakuten Group, Inc."
group-holdings-rakuten.xyz,"Rakuten Group, Inc."
group-holdingsrakuten.biz,"Rakuten Group, Inc."
group-holdingsrakuten.co.in,"Rakuten Group, Inc."
group-holdingsrakuten.com,"Rakuten Group, Inc."
group-holdingsrakuten.icu,"Rakuten Group, Inc."
group-holdingsrakuten.in,"Rakuten Group, Inc."
group-holdingsrakuten.info,"Rakuten Group, Inc."
group-holdingsrakuten.jp,"Rakuten Group, Inc."
group-holdingsrakuten.net,"Rakuten Group, Inc."
group-holdingsrakuten.org,"Rakuten Group, Inc."
group-holdingsrakuten.us,"Rakuten Group, Inc."
group-holdingsrakuten.xyz,"Rakuten Group, Inc."
group-rakuten-holdings.biz,"Rakuten Group, Inc."
group-rakuten-holdings.co.in,"Rakuten Group, Inc."
group-rakuten-holdings.com,"Rakuten Group, Inc."
group-rakuten-holdings.icu,"Rakuten Group, Inc."
group-rakuten-holdings.in,"Rakuten Group, Inc."
group-rakuten-holdings.info,"Rakuten Group, Inc."
group-rakuten-holdings.jp,"Rakuten Group, Inc."
group-rakuten-holdings.net,"Rakuten Group, Inc."
group-rakuten-holdings.org,"Rakuten Group, Inc."
group-rakuten-holdings.us,"Rakuten Group, Inc."
group-rakuten-holdings.xyz,"Rakuten Group, Inc."
group-rakuten.biz,"Rakuten Group, Inc."
group-rakuten.co.in,"Rakuten Group, Inc."
group-rakuten.com,"Rakuten Group, Inc."
group-rakuten.icu,"Rakuten Group, Inc."
group-rakuten.in,"Rakuten Group, Inc."
group-rakuten.info,"Rakuten Group, Inc."
group-rakuten.jp,"Rakuten Group, Inc."
group-rakuten.net,"Rakuten Group, Inc."
group-rakuten.org,"Rakuten Group, Inc."
group-rakuten.us,"Rakuten Group, Inc."
group-rakuten.xyz,"Rakuten Group, Inc."
group-rakutenholdings.biz,"Rakuten Group, Inc."
group-rakutenholdings.co.in,"Rakuten Group, Inc."
group-rakutenholdings.com,"Rakuten Group, Inc."
group-rakutenholdings.icu,"Rakuten Group, Inc."
group-rakutenholdings.in,"Rakuten Group, Inc."
group-rakutenholdings.info,"Rakuten Group, Inc."
group-rakutenholdings.jp,"Rakuten Group, Inc."
group-rakutenholdings.net,"Rakuten Group, Inc."
group-rakutenholdings.org,"Rakuten Group, Inc."
group-rakutenholdings.us,"Rakuten Group, Inc."
group-rakutenholdings.xyz,"Rakuten Group, Inc."
groupholdings-rakuten.biz,"Rakuten Group, Inc."
groupholdings-rakuten.co.in,"Rakuten Group, Inc."
groupholdings-rakuten.com,"Rakuten Group, Inc."
groupholdings-rakuten.icu,"Rakuten Group, Inc."
groupholdings-rakuten.in,"Rakuten Group, Inc."
groupholdings-rakuten.info,"Rakuten Group, Inc."
groupholdings-rakuten.jp,"Rakuten Group, Inc."
groupholdings-rakuten.net,"Rakuten Group, Inc."
groupholdings-rakuten.org,"Rakuten Group, Inc."
groupholdings-rakuten.us,"Rakuten Group, Inc."
groupholdings-rakuten.xyz,"Rakuten Group, Inc."
groupholdingsrakuten.biz,"Rakuten Group, Inc."
groupholdingsrakuten.co.in,"Rakuten Group, Inc."
groupholdingsrakuten.com,"Rakuten Group, Inc."
groupholdingsrakuten.icu,"Rakuten Group, Inc."
groupholdingsrakuten.in,"Rakuten Group, Inc."
groupholdingsrakuten.info,"Rakuten Group, Inc."
groupholdingsrakuten.jp,"Rakuten Group, Inc."
groupholdingsrakuten.net,"Rakuten Group, Inc."
groupholdingsrakuten.org,"Rakuten Group, Inc."
groupholdingsrakuten.us,"Rakuten Group, Inc."
groupholdingsrakuten.xyz,"Rakuten Group, Inc."
grouprakuten-holdings.biz,"Rakuten Group, Inc."
grouprakuten-holdings.co.in,"Rakuten Group, Inc."
grouprakuten-holdings.com,"Rakuten Group, Inc."
grouprakuten-holdings.icu,"Rakuten Group, Inc."
grouprakuten-holdings.in,"Rakuten Group, Inc."
grouprakuten-holdings.info,"Rakuten Group, Inc."
grouprakuten-holdings.jp,"Rakuten Group, Inc."
grouprakuten-holdings.net,"Rakuten Group, Inc."
grouprakuten-holdings.org,"Rakuten Group, Inc."
grouprakuten-holdings.us,"Rakuten Group, Inc."
grouprakuten-holdings.xyz,"Rakuten Group, Inc."
grouprakuten.biz,"Rakuten Group, Inc."
grouprakuten.co.in,"Rakuten Group, Inc."
grouprakuten.com,"Rakuten Group, Inc."
grouprakuten.icu,"Rakuten Group, Inc."
grouprakuten.in,"Rakuten Group, Inc."
grouprakuten.info,"Rakuten Group, Inc."
grouprakuten.jp,"Rakuten Group, Inc."
grouprakuten.net,"Rakuten Group, Inc."
grouprakuten.org,"Rakuten Group, Inc."
grouprakuten.us,"Rakuten Group, Inc."
grouprakuten.xyz,"Rakuten Group, Inc."
grouprakutenholdings.biz,"Rakuten Group, Inc."
grouprakutenholdings.co.in,"Rakuten Group, Inc."
grouprakutenholdings.com,"Rakuten Group, Inc."
grouprakutenholdings.icu,"Rakuten Group, Inc."
grouprakutenholdings.in,"Rakuten Group, Inc."
grouprakutenholdings.info,"Rakuten Group, Inc."
grouprakutenholdings.jp,"Rakuten Group, Inc."
grouprakutenholdings.net,"Rakuten Group, Inc."
grouprakutenholdings.org,"Rakuten Group, Inc."
grouprakutenholdings.us,"Rakuten Group, Inc."
grouprakutenholdings.xyz,"Rakuten Group, Inc."
holdings-group-rakuten.biz,"Rakuten Group, Inc."
holdings-group-rakuten.co.in,"Rakuten Group, Inc."
holdings-group-rakuten.com,"Rakuten Group, Inc."
holdings-group-rakuten.icu,"Rakuten Group, Inc."
holdings-group-rakuten.in,"Rakuten Group, Inc."
holdings-group-rakuten.info,"Rakuten Group, Inc."
holdings-group-rakuten.jp,"Rakuten Group, Inc."
holdings-group-rakuten.net,"Rakuten Group, Inc."
holdings-group-rakuten.org,"Rakuten Group, Inc."
holdings-group-rakuten.us,"Rakuten Group, Inc."
holdings-group-rakuten.xyz,"Rakuten Group, Inc."
holdings-grouprakuten.biz,"Rakuten Group, Inc."
holdings-grouprakuten.co.in,"Rakuten Group, Inc."
holdings-grouprakuten.com,"Rakuten Group, Inc."
holdings-grouprakuten.icu,"Rakuten Group, Inc."
holdings-grouprakuten.in,"Rakuten Group, Inc."
holdings-grouprakuten.info,"Rakuten Group, Inc."
holdings-grouprakuten.jp,"Rakuten Group, Inc."
holdings-grouprakuten.net,"Rakuten Group, Inc."
holdings-grouprakuten.org,"Rakuten Group, Inc."
holdings-grouprakuten.us,"Rakuten Group, Inc."
holdings-grouprakuten.xyz,"Rakuten Group, Inc."
holdings-rakuten-group.biz,"Rakuten Group, Inc."
holdings-rakuten-group.co.in,"Rakuten Group, Inc."
holdings-rakuten-group.com,"Rakuten Group, Inc."
holdings-rakuten-group.icu,"Rakuten Group, Inc."
holdings-rakuten-group.in,"Rakuten Group, Inc."
holdings-rakuten-group.info,"Rakuten Group, Inc."
holdings-rakuten-group.jp,"Rakuten Group, Inc."
holdings-rakuten-group.net,"Rakuten Group, Inc."
holdings-rakuten-group.org,"Rakuten Group, Inc."
holdings-rakuten-group.us,"Rakuten Group, Inc."
holdings-rakuten-group.xyz,"Rakuten Group, Inc."
holdings-rakuten.co.in,"Rakuten Group, Inc."
holdings-rakuten.com,"Rakuten Group, Inc."
holdings-rakuten.icu,"Rakuten Group, Inc."
holdings-rakuten.in,"Rakuten Group, Inc."
holdings-rakuten.info,"Rakuten Group, Inc."
holdings-rakuten.org,"Rakuten Group, Inc."
holdings-rakuten.us,"Rakuten Group, Inc."
holdings-rakuten.xyz,"Rakuten Group, Inc."
holdings-rakutengroup.biz,"Rakuten Group, Inc."
holdings-rakutengroup.co.in,"Rakuten Group, Inc."
holdings-rakutengroup.com,"Rakuten Group, Inc."
holdings-rakutengroup.icu,"Rakuten Group, Inc."
holdings-rakutengroup.in,"Rakuten Group, Inc."
holdings-rakutengroup.info,"Rakuten Group, Inc."
holdings-rakutengroup.jp,"Rakuten Group, Inc."
holdings-rakutengroup.net,"Rakuten Group, Inc."
holdings-rakutengroup.org,"Rakuten Group, Inc."
holdings-rakutengroup.us,"Rakuten Group, Inc."
holdings-rakutengroup.xyz,"Rakuten Group, Inc."
holdingsgroup-rakuten.biz,"Rakuten Group, Inc."
holdingsgroup-rakuten.co.in,"Rakuten Group, Inc."
holdingsgroup-rakuten.com,"Rakuten Group, Inc."
holdingsgroup-rakuten.icu,"Rakuten Group, Inc."
holdingsgroup-rakuten.in,"Rakuten Group, Inc."
holdingsgroup-rakuten.info,"Rakuten Group, Inc."
holdingsgroup-rakuten.jp,"Rakuten Group, Inc."
holdingsgroup-rakuten.net,"Rakuten Group, Inc."
holdingsgroup-rakuten.org,"Rakuten Group, Inc."
holdingsgroup-rakuten.us,"Rakuten Group, Inc."
holdingsgroup-rakuten.xyz,"Rakuten Group, Inc."
holdingsgrouprakuten.biz,"Rakuten Group, Inc."
holdingsgrouprakuten.co.in,"Rakuten Group, Inc."
holdingsgrouprakuten.com,"Rakuten Group, Inc."
holdingsgrouprakuten.icu,"Rakuten Group, Inc."
holdingsgrouprakuten.in,"Rakuten Group, Inc."
holdingsgrouprakuten.info,"Rakuten Group, Inc."
holdingsgrouprakuten.jp,"Rakuten Group, Inc."
holdingsgrouprakuten.net,"Rakuten Group, Inc."
holdingsgrouprakuten.org,"Rakuten Group, Inc."
holdingsgrouprakuten.us,"Rakuten Group, Inc."
holdingsgrouprakuten.xyz,"Rakuten Group, Inc."
holdingsrakuten-group.biz,"Rakuten Group, Inc."
holdingsrakuten-group.co.in,"Rakuten Group, Inc."
holdingsrakuten-group.com,"Rakuten Group, Inc."
holdingsrakuten-group.icu,"Rakuten Group, Inc."
holdingsrakuten-group.in,"Rakuten Group, Inc."
holdingsrakuten-group.info,"Rakuten Group, Inc."
holdingsrakuten-group.jp,"Rakuten Group, Inc."
holdingsrakuten-group.net,"Rakuten Group, Inc."
holdingsrakuten-group.org,"Rakuten Group, Inc."
holdingsrakuten-group.us,"Rakuten Group, Inc."
holdingsrakuten-group.xyz,"Rakuten Group, Inc."
holdingsrakuten.co.in,"Rakuten Group, Inc."
holdingsrakuten.icu,"Rakuten Group, Inc."
holdingsrakuten.in,"Rakuten Group, Inc."
holdingsrakuten.info,"Rakuten Group, Inc."
holdingsrakuten.org,"Rakuten Group, Inc."
holdingsrakuten.us,"Rakuten Group, Inc."
holdingsrakuten.xyz,"Rakuten Group, Inc."
holdingsrakutengroup.biz,"Rakuten Group, Inc."
holdingsrakutengroup.co.in,"Rakuten Group, Inc."
holdingsrakutengroup.com,"Rakuten Group, Inc."
holdingsrakutengroup.icu,"Rakuten Group, Inc."
holdingsrakutengroup.in,"Rakuten Group, Inc."
holdingsrakutengroup.info,"Rakuten Group, Inc."
holdingsrakutengroup.jp,"Rakuten Group, Inc."
holdingsrakutengroup.net,"Rakuten Group, Inc."
holdingsrakutengroup.org,"Rakuten Group, Inc."
holdingsrakutengroup.us,"Rakuten Group, Inc."
holdingsrakutengroup.xyz,"Rakuten Group, Inc."
hytdis.com,"Rakuten Group, Inc."
ichiba-rakuten.com,"Rakuten Group, Inc."
ichiba-rakuten.jp,"Rakuten Group, Inc."
ichiba-rakuten.net,"Rakuten Group, Inc."
ichiba-rakuten.org,"Rakuten Group, Inc."
ichibarakuten.com,"Rakuten Group, Inc."
ichibarakuten.jp,"Rakuten Group, Inc."
ichibarakuten.net,"Rakuten Group, Inc."
ichibarakuten.org,"Rakuten Group, Inc."
iink--rakuten.com,"Rakuten Group, Inc."
iink--rakuten.jp,"Rakuten Group, Inc."
iink--rakuten.net,"Rakuten Group, Inc."
iink-rakuten.com,"Rakuten Group, Inc."
iink-rakuten.jp,"Rakuten Group, Inc."
iink-rakuten.net,"Rakuten Group, Inc."
iinkrakuten.com,"Rakuten Group, Inc."
iinkrakuten.jp,"Rakuten Group, Inc."
iinkrakuten.net,"Rakuten Group, Inc."
ilnk--rakuten.com,"Rakuten Group, Inc."
ilnk--rakuten.jp,"Rakuten Group, Inc."
ilnk--rakuten.net,"Rakuten Group, Inc."
ilnk-rakuten.com,"Rakuten Group, Inc."
ilnk-rakuten.jp,"Rakuten Group, Inc."
ilnk-rakuten.net,"Rakuten Group, Inc."
ilnk.jp,"Rakuten Group, Inc."
ilnkrakuten.com,"Rakuten Group, Inc."
ilnkrakuten.jp,"Rakuten Group, Inc."
ilnkrakuten.net,"Rakuten Group, Inc."
in-rakuten.asia,"Rakuten, Inc."
in-rakuten.bid,"Rakuten, Inc."
in-rakuten.xyz,"Rakuten, Inc."
infoforesight.com,"Rakuten Group, Inc."
infoseek.asia,"Rakuten Group, Inc."
infoseek.co.jp,"Rakuten Group, Inc."
infoseek.jp,"Rakuten Group, Inc."
infoseeknews.com,"Rakuten Group, Inc."
infoseeknews.jp,"Rakuten Group, Inc."
innoeye.com,"Rakuten Group, Inc."
internet-rakuten.com,"Rakuten Group, Inc."
internetrakuten.com,"Rakuten Group, Inc."
jmpm.jp,"Rakuten Group, Inc."
jp-rakuten.asia,"Rakuten, Inc."
jp-rakuten.bid,"Rakuten, Inc."
jp-rakuten.xyz,"Rakuten, Inc."
jprakuten-rakuten.com,"Rakuten Group, Inc."
jprakuten-rakuten.jp,"Rakuten Group, Inc."
jprakutenlogistics-rakuten.com,"Rakuten Group, Inc."
jprakutenlogistics-rakuten.jp,"Rakuten Group, Inc."
jprakutenlogisticsrakuten.com,"Rakuten Group, Inc."
jprakutenlogisticsrakuten.jp,"Rakuten Group, Inc."
jprakutenrakuten.com,"Rakuten Group, Inc."
jprakutenrakuten.jp,"Rakuten Group, Inc."
jrebank-rakuten-bank.jp,"Rakuten Group, Inc."
katogolf.com,"Rakuten Group, Inc."
kenko.com,"Rakuten Group, Inc."
krakuten.com,"Rakuten Group, Inc."
lakuten.jp,"Rakuten Group, Inc."
lekutian.com,"Rakuten Group, Inc."
lekutian.net,"Rakuten Group, Inc."
link--rakuten.com,"Rakuten Group, Inc."
link--rakuten.jp,"Rakuten Group, Inc."
link--rakuten.net,"Rakuten Group, Inc."
link-rakuten.com,"Rakuten Group, Inc."
link-rakuten.jp,"Rakuten Group, Inc."
link-rakuten.net,"Rakuten Group, Inc."
linkrakuten.com,"Rakuten Group, Inc."
linkrakuten.jp,"Rakuten Group, Inc."
linkrakuten.net,"Rakuten Group, Inc."
linkshare.at,"Rakuten Group, Inc."
linkshare.co.in,"Rakuten Group, Inc."
linkshare.jp,"Rakuten Group, Inc."
linkshare.net,"Rakuten Group, Inc."
linkshareaffiliates.com,"Rakuten Group, Inc."
linkshareblog.com,"Rakuten Group, Inc."
linksharenetwork.com,"Rakuten Group, Inc."
linksharenetwork.net,"Rakuten Group, Inc."
linksharenetwork.org,"Rakuten Group, Inc."
llnk--rakuten.com,"Rakuten Group, Inc."
llnk--rakuten.jp,"Rakuten Group, Inc."
llnk--rakuten.net,"Rakuten Group, Inc."
llnk-rakuten.com,"Rakuten Group, Inc."
llnk-rakuten.jp,"Rakuten Group, Inc."
llnk-rakuten.net,"Rakuten Group, Inc."
llnk.jp,"Rakuten Group, Inc."
llnkrakuten.com,"Rakuten Group, Inc."
llnkrakuten.jp,"Rakuten Group, Inc."
llnkrakuten.net,"Rakuten Group, Inc."
logistics-rakuten.com,"Rakuten Group, Inc."
logistics-rakuten.jp,"Rakuten Group, Inc."
logisticsrakuten.com,"Rakuten Group, Inc."
logisticsrakuten.jp,"Rakuten Group, Inc."
loverakuten.com,"Rakuten Group, Inc."
lu-rakuten.asia,"Rakuten, Inc."
lu-rakuten.bid,"Rakuten, Inc."
lu-rakuten.com,"Rakuten, Inc."
mail-akuten.com,"Rakuten Group, Inc."
mail-akuten.jp,"Rakuten Group, Inc."
mail-akuten.net,"Rakuten Group, Inc."
mail-raku.com,"Rakuten Group, Inc."
mail-raku.jp,"Rakuten Group, Inc."
mail-raku.net,"Rakuten Group, Inc."
mail-raku10.com,"Rakuten Group, Inc."
mail-raku10.jp,"Rakuten Group, Inc."
mail-raku10.net,"Rakuten Group, Inc."
mail-rakuten.com,"Rakuten Group, Inc."
mail-rakuten.jp,"Rakuten Group, Inc."
mail-rakuten.net,"Rakuten Group, Inc."
mailakuten.com,"Rakuten Group, Inc."
mailakuten.jp,"Rakuten Group, Inc."
mailakuten.net,"Rakuten Group, Inc."
mailraku.com,"Rakuten Group, Inc."
mailraku.jp,"Rakuten Group, Inc."
mailraku.net,"Rakuten Group, Inc."
mailraku10.com,"Rakuten Group, Inc."
mailraku10.jp,"Rakuten Group, Inc."
mailraku10.net,"Rakuten Group, Inc."
mailrakuten.jp,"Rakuten Group, Inc."
mailrakuten.net,"Rakuten Group, Inc."
master-rakuten.com,"Rakuten Group, Inc."
masterrakuten.com,"Rakuten Group, Inc."
mcappgate.jp,"Rakuten Group, Inc."
mediaforge.us,"Rakuten Group, Inc."
mediaforgedb.com,"Rakuten Group, Inc."
mediaforgereports.com,"Rakuten Group, Inc."
mediaforgews.com,"Rakuten Group, Inc."
men-vi.com,"Rakuten Group, Inc."
minibaito-rakuten.com,"Rakuten Group, Inc."
minibaitorakuten.com,"Rakuten Group, Inc."
minijob-rakuten.com,"Rakuten Group, Inc."
minijobrakuten.com,"Rakuten Group, Inc."
ml-akuten.com,"Rakuten Group, Inc."
ml-akuten.jp,"Rakuten Group, Inc."
ml-akuten.net,"Rakuten Group, Inc."
ml-raku.com,"Rakuten Group, Inc."
ml-raku.jp,"Rakuten Group, Inc."
ml-raku.net,"Rakuten Group, Inc."
ml-raku10.com,"Rakuten Group, Inc."
ml-raku10.jp,"Rakuten Group, Inc."
ml-raku10.net,"Rakuten Group, Inc."
ml-rakuten.com,"Rakuten Group, Inc."
ml-rakuten.jp,"Rakuten Group, Inc."
ml-rakuten.net,"Rakuten Group, Inc."
mlakuten.com,"Rakuten Group, Inc."
mlakuten.jp,"Rakuten Group, Inc."
mlakuten.net,"Rakuten Group, Inc."
mlraku.com,"Rakuten Group, Inc."
mlraku.jp,"Rakuten Group, Inc."
mlraku.net,"Rakuten Group, Inc."
mlraku10.com,"Rakuten Group, Inc."
mlraku10.jp,"Rakuten Group, Inc."
mlraku10.net,"Rakuten Group, Inc."
mlrakuten.com,"Rakuten Group, Inc."
mlrakuten.jp,"Rakuten Group, Inc."
mlrakuten.net,"Rakuten Group, Inc."
mobile-akuten.com,"Rakuten Group, Inc."
mobile-akuten.jp,"Rakuten Group, Inc."
mobile-akuten.net,"Rakuten Group, Inc."
mobile-biz-rakuten.com,"Rakuten Group, Inc."
mobile-biz-rakuten.info,"Rakuten Group, Inc."
mobile-biz-rakuten.jp,"Rakuten Group, Inc."
mobile-biz-rakuten.net,"Rakuten Group, Inc."
mobile-houjin-rakuten.biz,"Rakuten Group, Inc."
mobile-houjin-rakuten.com,"Rakuten Group, Inc."
mobile-houjin-rakuten.info,"Rakuten Group, Inc."
mobile-houjin-rakuten.jp,"Rakuten Group, Inc."
mobile-houjin-rakuten.net,"Rakuten Group, Inc."
mobile-network-rakuten.com,"Rakuten Group, Inc."
mobile-network-rakuten.info,"Rakuten Group, Inc."
mobile-network-rakuten.jp,"Rakuten Group, Inc."
mobile-network-rakuten.net,"Rakuten Group, Inc."
mobile-network-rakuten.org,"Rakuten Group, Inc."
mobile-network-rakuten.porn,"Rakuten, Inc."
mobile-network-rakuten.sex,"Rakuten, Inc."
mobile-raku.com,"Rakuten Group, Inc."
mobile-raku.jp,"Rakuten Group, Inc."
mobile-raku.net,"Rakuten Group, Inc."
mobile-raku10.com,"Rakuten Group, Inc."
mobile-raku10.jp,"Rakuten Group, Inc."
mobile-raku10.net,"Rakuten Group, Inc."
mobile-rakuten.biz,"Rakuten Group, Inc."
mobile-rakuten.com,"Rakuten Group, Inc."
mobile-rakuten.jp,"Rakuten Group, Inc."
mobile-rakuten.net,"Rakuten Group, Inc."
mobile-rakuten.org,"Rakuten Group, Inc."
mobile-rakuten.porn,"Rakuten, Inc."
mobile-rakuten.sex,"Rakuten, Inc."
mobileakuten.com,"Rakuten Group, Inc."
mobileakuten.jp,"Rakuten Group, Inc."
mobileakuten.net,"Rakuten Group, Inc."
mobilebiz-rakuten.biz,"Rakuten Group, Inc."
mobilebiz-rakuten.com,"Rakuten Group, Inc."
mobilebiz-rakuten.info,"Rakuten Group, Inc."
mobilebiz-rakuten.jp,"Rakuten Group, Inc."
mobilebiz-rakuten.net,"Rakuten Group, Inc."
mobilebizrakuten.biz,"Rakuten Group, Inc."
mobilebizrakuten.com,"Rakuten Group, Inc."
mobilebizrakuten.info,"Rakuten Group, Inc."
mobilebizrakuten.jp,"Rakuten Group, Inc."
mobilebizrakuten.net,"Rakuten Group, Inc."
mobilehoujin-rakuten.biz,"Rakuten Group, Inc."
mobilehoujin-rakuten.com,"Rakuten Group, Inc."
mobilehoujin-rakuten.info,"Rakuten Group, Inc."
mobilehoujin-rakuten.jp,"Rakuten Group, Inc."
mobilehoujin-rakuten.net,"Rakuten Group, Inc."
mobilehoujinrakuten.biz,"Rakuten Group, Inc."
mobilehoujinrakuten.com,"Rakuten Group, Inc."
mobilehoujinrakuten.info,"Rakuten Group, Inc."
mobilehoujinrakuten.jp,"Rakuten Group, Inc."
mobilehoujinrakuten.net,"Rakuten Group, Inc."
mobilenetworkrakuten.porn,"Rakuten, Inc."
mobilenetworkrakuten.sex,"Rakuten, Inc."
mobileraku.jp,"Rakuten Group, Inc."
mobileraku.net,"Rakuten Group, Inc."
mobileraku10.com,"Rakuten Group, Inc."
mobileraku10.jp,"Rakuten Group, Inc."
mobileraku10.net,"Rakuten Group, Inc."
mobilerakuten.jp,"Rakuten Group, Inc."
mobilerakuten.net,"Rakuten Group, Inc."
moraerumall.com,"Rakuten Group, Inc."
music-rakuten.com,"Rakuten Group, Inc."
music-rakuten.jp,"Rakuten Group, Inc."
music-rakuten.net,"Rakuten Group, Inc."
musicrakuten.com,"Rakuten Group, Inc."
musicrakuten.jp,"Rakuten Group, Inc."
musicrakuten.net,"Rakuten Group, Inc."
mvno-rakuten.com,"Rakuten Group, Inc."
mvnorakuten.com,"Rakuten Group, Inc."
mvo-rakuten.com,"Rakuten Group, Inc."
mvorakuten.com,"Rakuten Group, Inc."
mvp-dev.com,"Rakuten Group, Inc."
my-rakuten.asia,"Rakuten, Inc."
myinfo-rakuten.com,"Rakuten Group, Inc."
myinforakuten.com,"Rakuten Group, Inc."
myrakutenbank.com,"Rakuten Group, Inc."
mytrip.net,"Rakuten Group, Inc."
mytrip.org,"Rakuten Group, Inc."
nakuten.com,"Rakuten Group, Inc."
nakuten.jp,"Rakuten Group, Inc."
nba-rakuten.biz,"Rakuten Group, Inc."
nba-rakuten.com,"Rakuten Group, Inc."
nba-rakuten.info,"Rakuten Group, Inc."
nba-rakuten.jp,"Rakuten Group, Inc."
nba-rakuten.net,"Rakuten Group, Inc."
nba-rakuten.org,"Rakuten Group, Inc."
nbarakuten.biz,"Rakuten Group, Inc."
nbarakuten.com,"Rakuten Group, Inc."
nbarakuten.info,"Rakuten Group, Inc."
nbarakuten.jp,"Rakuten Group, Inc."
nbarakuten.net,"Rakuten Group, Inc."
nbarakuten.org,"Rakuten Group, Inc."
neo-rakuten.app,"Rakuten Group, Inc."
neo-rakuten.com,"Rakuten Group, Inc."
neo-rakuten.jp,"Rakuten Group, Inc."
neorakuten.com,"Rakuten Group, Inc."
neppan.com,"Rakuten Group, Inc."
neppan.net,"Rakuten Group, Inc."
netbabyworld.jp,"Rakuten Group, Inc."
netvelocity.net,"Rakuten Group, Inc."
network-rakuten.biz,"Rakuten Group, Inc."
network-rakuten.com,"Rakuten Group, Inc."
network-rakuten.info,"Rakuten Group, Inc."
network-rakuten.jp,"Rakuten Group, Inc."
network-rakuten.net,"Rakuten Group, Inc."
network-rakuten.org,"Rakuten Group, Inc."
networkrakuten.jp,"Rakuten Group, Inc."
nextperformance.at,"Rakuten Group, Inc."
one-rakuten.com,"Rakuten Group, Inc."
one-rakuten.jp,"Rakuten Group, Inc."
one-rakuten.net,"Rakuten Group, Inc."
onerakuten.jp,"Rakuten Group, Inc."
onerakuten.net,"Rakuten Group, Inc."
online-rakuten.com,"Rakuten Group, Inc."
online-rakuten.jp,"Rakuten Group, Inc."
online-rakuten.net,"Rakuten Group, Inc."
online-rakuten.org,"Rakuten Group, Inc."
onlinejp-rakuten.com,"Rakuten Group, Inc."
onlinejprakuten.com,"Rakuten Group, Inc."
onlinerakuten.com,"Rakuten Group, Inc."
onlinerakuten.jp,"Rakuten Group, Inc."
onlinerakuten.net,"Rakuten Group, Inc."
onlinerakuten.org,"Rakuten Group, Inc."
open-rakuten.com,"Rakuten Group, Inc."
openrakuten.com,"Rakuten Group, Inc."
order-rakuten.com,"Rakuten Group, Inc."
order-rakuten.jp,"Rakuten Group, Inc."
order-rakuten.net,"Rakuten Group, Inc."
order-rakuten.org,"Rakuten Group, Inc."
orderrakuten.com,"Rakuten Group, Inc."
orderrakuten.jp,"Rakuten Group, Inc."
orderrakuten.net,"Rakuten Group, Inc."
orderrakuten.org,"Rakuten Group, Inc."
outlet-rakuten.com,"Rakuten Group, Inc."
outlet-rakuten.jp,"Rakuten Group, Inc."
outlet-rakuten.net,"Rakuten Group, Inc."
outlet-rakuten.org,"Rakuten Group, Inc."
outletrakuten.com,"Rakuten Group, Inc."
outletrakuten.jp,"Rakuten Group, Inc."
outletrakuten.net,"Rakuten Group, Inc."
outletrakuten.org,"Rakuten Group, Inc."
pet-ops.com,primary
phatng.dev,primary
play.com,"Rakuten Group, Inc."
play.name,"Rakuten Group, Inc."
play.ru.com,"Rakuten Group, Inc."
play.tel,"Rakuten Group, Inc."
play.us.com,"Rakuten Group, Inc."
play247.com,"Rakuten Group, Inc."
playdigital.com,"Rakuten Group, Inc."
playeurope.com,"Rakuten Group, Inc."
playfunds.com,"Rakuten Group, Inc."
playfunds.net,"Rakuten Group, Inc."
playjersey.com,"Rakuten Group, Inc."
playpayments.com,"Rakuten Group, Inc."
playpayments.net,"Rakuten Group, Inc."
playsecureserver1.com,"Rakuten Group, Inc."
playserver1.com,"Rakuten Group, Inc."
playtrade.com,"Rakuten Group, Inc."
playwebservices.com,"Rakuten Group, Inc."
plazarakuten.com,"Rakuten Group, Inc."
plazarakuten.jp,"Rakuten Group, Inc."
plz-confirm.com,"Rakuten Group, Inc."
pocemail.com,"Rakuten Group, Inc."
point-g-rakuten.biz,"Rakuten Group, Inc."
point-g-rakuten.com,"Rakuten Group, Inc."
point-g-rakuten.info,"Rakuten Group, Inc."
point-g-rakuten.jp,"Rakuten Group, Inc."
point-g-rakuten.net,"Rakuten Group, Inc."
point-g-rakuten.org,"Rakuten Group, Inc."
point-gallery-rakuten.biz,"Rakuten Group, Inc."
point-gallery-rakuten.com,"Rakuten Group, Inc."
point-gallery-rakuten.info,"Rakuten Group, Inc."
point-gallery-rakuten.jp,"Rakuten Group, Inc."
point-gallery-rakuten.net,"Rakuten Group, Inc."
point-gallery-rakuten.org,"Rakuten Group, Inc."
point-galleryrakuten.biz,"Rakuten Group, Inc."
point-galleryrakuten.com,"Rakuten Group, Inc."
point-galleryrakuten.info,"Rakuten Group, Inc."
point-galleryrakuten.jp,"Rakuten Group, Inc."
point-galleryrakuten.net,"Rakuten Group, Inc."
point-galleryrakuten.org,"Rakuten Group, Inc."
point-grakuten.biz,"Rakuten Group, Inc."
point-grakuten.com,"Rakuten Group, Inc."
point-grakuten.info,"Rakuten Group, Inc."
point-grakuten.jp,"Rakuten Group, Inc."
point-grakuten.net,"Rakuten Group, Inc."
point-grakuten.org,"Rakuten Group, Inc."
point-rakuten.com,"Rakuten Group, Inc."
point-rakuten.jp,"Rakuten Group, Inc."
point-rakuten.net,"Rakuten Group, Inc."
point-rakuten.org,"Rakuten Group, Inc."
pointgallery-rakuten.biz,"Rakuten Group, Inc."
pointgallery-rakuten.com,"Rakuten Group, Inc."
pointgallery-rakuten.info,"Rakuten Group, Inc."
pointgallery-rakuten.jp,"Rakuten Group, Inc."
pointgallery-rakuten.net,"Rakuten Group, Inc."
pointgallery-rakuten.org,"Rakuten Group, Inc."
pointgalleryrakuten.biz,"Rakuten Group, Inc."
pointgalleryrakuten.com,"Rakuten Group, Inc."
pointgalleryrakuten.info,"Rakuten Group, Inc."
pointgalleryrakuten.jp,"Rakuten Group, Inc."
pointgalleryrakuten.net,"Rakuten Group, Inc."
pointgalleryrakuten.org,"Rakuten Group, Inc."
pointrakuten.com,"Rakuten Group, Inc."
pointrakuten.jp,"Rakuten Group, Inc."
pointrakuten.net,"Rakuten Group, Inc."
pointrakuten.org,"Rakuten Group, Inc."
quickcheckin.net,"Rakuten Group, Inc."
r-bimi-test.com,"Rakuten Group, Inc."
r-corppartners.net,"Rakuten Group, Inc."
r-griffin.com,"Rakuten Group, Inc."
r-griffin1.com,"Rakuten Group, Inc."
r-griffin2.com,"Rakuten Group, Inc."
r-int.net,"Rakuten Group, Inc."
r-local.net,"Rakuten Group, Inc."
r-mobile-network.biz,"Rakuten Group, Inc."
r-mobile-network.com,"Rakuten Group, Inc."
r-mobile-network.info,"Rakuten Group, Inc."
r-mobile-network.jp,"Rakuten Group, Inc."
r-mobile-network.net,"Rakuten Group, Inc."
r-mobile-network.org,"Rakuten Group, Inc."
r-sso.net,"Rakuten Group, Inc."
r-t.jp,"Rakuten Group, Inc."
r-toon.biz,"Rakuten Group, Inc."
r-toon.com,"Rakuten Group, Inc."
r-toon.info,"Rakuten Group, Inc."
r-toon.net,"Rakuten Group, Inc."
r-toon.org,"Rakuten Group, Inc."
r-vpn.net,"Rakuten Group, Inc."
r-with.biz,"Rakuten Group, Inc."
r-with.info,"Rakuten Group, Inc."
r-with.jp,"Rakuten Group, Inc."
r-with.net,"Rakuten Group, Inc."
r-with.org,"Rakuten Group, Inc."
r10-email.com,"Rakuten Group, Inc."
r10-email.jp,"Rakuten Group, Inc."
r10-email.net,"Rakuten Group, Inc."
r10-mail.com,"Rakuten Group, Inc."
r10-mail.jp,"Rakuten Group, Inc."
r10-mail.net,"Rakuten Group, Inc."
r10-ml.com,"Rakuten Group, Inc."
r10-ml.jp,"Rakuten Group, Inc."
r10-ml.net,"Rakuten Group, Inc."
r10-mobile.com,"Rakuten Group, Inc."
r10-mobile.jp,"Rakuten Group, Inc."
r10-mobile.net,"Rakuten Group, Inc."
r10c.jp,"Rakuten Group, Inc."
r10email.com,"Rakuten Group, Inc."
r10email.jp,"Rakuten Group, Inc."
r10email.net,"Rakuten Group, Inc."
r10mail.jp,"Rakuten Group, Inc."
r10mail.net,"Rakuten Group, Inc."
r10ml.com,"Rakuten Group, Inc."
r10ml.jp,"Rakuten Group, Inc."
r10ml.net,"Rakuten Group, Inc."
r10mobile.com,"Rakuten Group, Inc."
r10mobile.jp,"Rakuten Group, Inc."
r10mobile.net,"Rakuten Group, Inc."
r10s.com,"Rakuten Group, Inc."
r10s.jp,"Rakuten Group, Inc."
ra-wallet.com,"Rakuten Group, Inc."
raakuten.info,"Rakuten Group, Inc."
raakuten.jp,"Rakuten Group, Inc."
raakuten.net,"Rakuten Group, Inc."
raakuten.online,"Rakuten Group, Inc."
raakuten.xyz,"Rakuten Group, Inc."
rahuten.com,"Rakuten Group, Inc."
rahuten.jp,"Rakuten Group, Inc."
raiuten.info,"Rakuten Group, Inc."
raiuten.net,"Rakuten Group, Inc."
raiuten.online,"Rakuten Group, Inc."
raiuten.xyz,"Rakuten Group, Inc."
rajuten.com,"Rakuten Group, Inc."
rajuten.info,"Rakuten Group, Inc."
rajuten.jp,"Rakuten Group, Inc."
rajuten.net,"Rakuten Group, Inc."
rajuten.online,"Rakuten Group, Inc."
rajuten.xyz,"Rakuten Group, Inc."
rajutenbank.com,"Rakuten Group, Inc."
rajutencard.com,"Rakuten Group, Inc."
raka10.com,"Rakuten Group, Inc."
raka10.net,"Rakuten Group, Inc."
raka10.org,"Rakuten Group, Inc."
rakapi.com,"Rakuten Group, Inc."
rakatan.com,"Rakuten Group, Inc."
rakatan.net,"Rakuten Group, Inc."
rakatan.org,"Rakuten Group, Inc."
rakatang.com,"Rakuten Group, Inc."
rakatang.net,"Rakuten Group, Inc."
rakatang.org,"Rakuten Group, Inc."
rakaten.jp,"Rakuten Group, Inc."
rakaten.net,"Rakuten Group, Inc."
rakaten.org,"Rakuten Group, Inc."
rakauten.com,"Rakuten Group, Inc."
raketen.jp,"Rakuten Group, Inc."
rakeuten.com,"Rakuten Group, Inc."
rakhten.info,"Rakuten Group, Inc."
rakhten.net,"Rakuten Group, Inc."
rakhten.online,"Rakuten Group, Inc."
rakhten.xyz,"Rakuten Group, Inc."
raki10.com,"Rakuten Group, Inc."
raki10.net,"Rakuten Group, Inc."
raki10.org,"Rakuten Group, Inc."
rakit10.com,"Rakuten Group, Inc."
rakit10.net,"Rakuten Group, Inc."
rakit10.org,"Rakuten Group, Inc."
rakiten.info,"Rakuten Group, Inc."
rakiten.net,"Rakuten Group, Inc."
rakiten.online,"Rakuten Group, Inc."
rakiten.org,"Rakuten Group, Inc."
rakitten.com,"Rakuten Group, Inc."
rakitten.net,"Rakuten Group, Inc."
rakitten.org,"Rakuten Group, Inc."
rakiuten.com,"Rakuten Group, Inc."
rakjten.info,"Rakuten Group, Inc."
rakjten.net,"Rakuten Group, Inc."
rakjten.online,"Rakuten Group, Inc."
rakjten.xyz,"Rakuten Group, Inc."
rakkatan.com,"Rakuten Group, Inc."
rakkatan.net,"Rakuten Group, Inc."
rakkatan.org,"Rakuten Group, Inc."
rakkuten.info,"Rakuten Group, Inc."
rakkuten.jp,"Rakuten Group, Inc."
rakkuten.net,"Rakuten Group, Inc."
rakkuten.online,"Rakuten Group, Inc."
rakoo10.com,"Rakuten Group, Inc."
rakoo10.net,"Rakuten Group, Inc."
rakoo10.org,"Rakuten Group, Inc."
rakooten.net,"Rakuten Group, Inc."
rakooten.org,"Rakuten Group, Inc."
rakoten.com,"Rakuten Group, Inc."
raksdtd.com,"Rakuten Group, Inc."
rakten.info,"Rakuten Group, Inc."
rakten.jp,"Rakuten Group, Inc."
rakten.online,"Rakuten Group, Inc."
raktuen.info,"Rakuten Group, Inc."
raktuen.net,"Rakuten Group, Inc."
raktuen.online,"Rakuten Group, Inc."
raktuen.xyz,"Rakuten Group, Inc."
raktuenbank.com,"Rakuten Group, Inc."
raktuencard.com,"Rakuten Group, Inc."
raktuten.com,"Rakuten Group, Inc."
raku-email.com,"Rakuten Group, Inc."
raku-email.jp,"Rakuten Group, Inc."
raku-email.net,"Rakuten Group, Inc."
raku-en.com,"Rakuten Group, Inc."
raku-mail.jp,"Rakuten Group, Inc."
raku-ml.com,"Rakuten Group, Inc."
raku-ml.jp,"Rakuten Group, Inc."
raku-ml.net,"Rakuten Group, Inc."
raku-mobile.jp,"Rakuten Group, Inc."
raku-mobile.net,"Rakuten Group, Inc."
raku-ten.com,"Rakuten Group, Inc."
raku10-email.com,"Rakuten Group, Inc."
raku10-email.jp,"Rakuten Group, Inc."
raku10-email.net,"Rakuten Group, Inc."
raku10-mail.com,"Rakuten Group, Inc."
raku10-mail.jp,"Rakuten Group, Inc."
raku10-mail.net,"Rakuten Group, Inc."
raku10-ml.com,"Rakuten Group, Inc."
raku10-ml.jp,"Rakuten Group, Inc."
raku10-ml.net,"Rakuten Group, Inc."
raku10-mobile.com,"Rakuten Group, Inc."
raku10-mobile.jp,"Rakuten Group, Inc."
raku10-mobile.net,"Rakuten Group, Inc."
raku10email.com,"Rakuten Group, Inc."
raku10email.jp,"Rakuten Group, Inc."
raku10email.net,"Rakuten Group, Inc."
raku10mail.jp,"Rakuten Group, Inc."
raku10mail.net,"Rakuten Group, Inc."
raku10mailmobile-raku.com,"Rakuten Group, Inc."
raku10ml.com,"Rakuten Group, Inc."
raku10ml.jp,"Rakuten Group, Inc."
raku10ml.net,"Rakuten Group, Inc."
raku10mobile.com,"Rakuten Group, Inc."
raku10mobile.jp,"Rakuten Group, Inc."
raku10mobile.net,"Rakuten Group, Inc."
rakuben.net,"Rakuten Group, Inc."
rakuden.jp,"Rakuten Group, Inc."
rakuemail.com,"Rakuten Group, Inc."
rakuemail.jp,"Rakuten Group, Inc."
rakuemail.net,"Rakuten Group, Inc."
rakueten.com,"Rakuten Group, Inc."
rakuetn.info,"Rakuten Group, Inc."
rakuetn.jp,"Rakuten Group, Inc."
rakuetn.net,"Rakuten Group, Inc."
rakuetn.online,"Rakuten Group, Inc."
rakuetn.xyz,"Rakuten Group, Inc."
rakufen.com,"Rakuten Group, Inc."
rakufen.info,"Rakuten Group, Inc."
rakufen.net,"Rakuten Group, Inc."
rakufen.online,"Rakuten Group, Inc."
rakufen.xyz,"Rakuten Group, Inc."
rakufenbank.com,"Rakuten Group, Inc."
rakufencard.com,"Rakuten Group, Inc."
rakugen.info,"Rakuten Group, Inc."
rakugen.online,"Rakuten Group, Inc."
rakuhen.jp,"Rakuten Group, Inc."
rakuiten.com,"Rakuten Group, Inc."
rakulen.com,"Rakuten Group, Inc."
rakulen.jp,"Rakuten Group, Inc."
rakuma-rakuten.com,"Rakuten Group, Inc."
rakuma-rakuten.jp,"Rakuten, Inc."
rakuma-rakuten.net,"Rakuten Group, Inc."
rakumail.com,"Rakuten Group, Inc."
rakumail.jp,"Rakuten Group, Inc."
rakumail.net,"Rakuten Group, Inc."
rakumailmobile-akuten.com,"Rakuten Group, Inc."
rakumarakuten.com,"Rakuten Group, Inc."
rakumarakuten.net,"Rakuten Group, Inc."
rakuml.jp,"Rakuten Group, Inc."
rakuml.net,"Rakuten Group, Inc."
rakumlemail-raku.com,"Rakuten Group, Inc."
rakumobile.jp,"Rakuten Group, Inc."
rakumobile.net,"Rakuten Group, Inc."
rakupen.com,"Rakuten Group, Inc."
rakuren.info,"Rakuten Group, Inc."
rakuren.online,"Rakuten Group, Inc."
rakuren.xyz,"Rakuten Group, Inc."
rakurten.com,"Rakuten Group, Inc."
rakutdn.com,"Rakuten Group, Inc."
rakutdn.info,"Rakuten Group, Inc."
rakutdn.net,"Rakuten Group, Inc."
rakutdn.online,"Rakuten Group, Inc."
rakute.info,"Rakuten Group, Inc."
rakute.net,"Rakuten Group, Inc."
rakute.online,"Rakuten Group, Inc."
rakuteb.com,"Rakuten Group, Inc."
rakuteb.info,"Rakuten Group, Inc."
rakuteb.net,"Rakuten Group, Inc."
rakuteb.online,"Rakuten Group, Inc."
rakutebbank.com,"Rakuten Group, Inc."
rakutebcard.com,"Rakuten Group, Inc."
rakuteen.info,"Rakuten Group, Inc."
rakuteen.jp,"Rakuten, Inc."
rakuteen.net,"Rakuten Group, Inc."
rakuteenbank.com,"Rakuten Group, Inc."
rakuteh.info,"Rakuten Group, Inc."
rakuteh.jp,"Rakuten, Inc."
rakuteh.net,"Rakuten Group, Inc."
rakuteh.online,"Rakuten Group, Inc."
rakuteh.xyz,"Rakuten Group, Inc."
rakutein.com,"Rakuten Group, Inc."
rakutej.info,"Rakuten Group, Inc."
rakutej.net,"Rakuten Group, Inc."
rakutej.online,"Rakuten Group, Inc."
rakutej.xyz,"Rakuten Group, Inc."
rakutem.jp,"Rakuten, Inc."
rakutemu.com,"Rakuten Group, Inc."
rakuten--card.app,"Rakuten Group, Inc."
rakuten--card.biz,"Rakuten Group, Inc."
rakuten--card.com,"Rakuten Group, Inc."
rakuten--card.jp,"Rakuten, Inc."
rakuten--card.net,"Rakuten Group, Inc."
rakuten--card.org,"Rakuten Group, Inc."
rakuten--card.page,"Rakuten Group, Inc."
rakuten--card.website,"Rakuten Group, Inc."
rakuten--card.xyz,"Rakuten Group, Inc."
rakuten--cards.app,"Rakuten Group, Inc."
rakuten--cards.biz,"Rakuten Group, Inc."
rakuten--cards.jp,"Rakuten, Inc."
rakuten--cards.net,"Rakuten Group, Inc."
rakuten--cards.org,"Rakuten Group, Inc."
rakuten--cards.page,"Rakuten Group, Inc."
rakuten--credit.app,"Rakuten Group, Inc."
rakuten--credit.biz,"Rakuten Group, Inc."
rakuten--credit.com,"Rakuten Group, Inc."
rakuten--credit.info,"Rakuten Group, Inc."
rakuten--credit.jp,"Rakuten, Inc."
rakuten--credit.net,"Rakuten Group, Inc."
rakuten--credit.org,"Rakuten Group, Inc."
rakuten--credit.page,"Rakuten Group, Inc."
rakuten--creditcard.app,"Rakuten Group, Inc."
rakuten--creditcard.biz,"Rakuten Group, Inc."
rakuten--creditcard.com,"Rakuten Group, Inc."
rakuten--creditcard.info,"Rakuten Group, Inc."
rakuten--creditcard.jp,"Rakuten, Inc."
rakuten--creditcard.net,"Rakuten Group, Inc."
rakuten--creditcard.org,"Rakuten Group, Inc."
rakuten--creditcard.page,"Rakuten Group, Inc."
rakuten--iink.com,"Rakuten Group, Inc."
rakuten--iink.jp,"Rakuten, Inc."
rakuten--iink.net,"Rakuten Group, Inc."
rakuten--ilnk.com,"Rakuten Group, Inc."
rakuten--ilnk.jp,"Rakuten, Inc."
rakuten--ilnk.net,"Rakuten Group, Inc."
rakuten--link.com,"Rakuten Group, Inc."
rakuten--link.jp,"Rakuten, Inc."
rakuten--link.net,"Rakuten Group, Inc."
rakuten--llnk.com,"Rakuten Group, Inc."
rakuten--llnk.jp,"Rakuten, Inc."
rakuten--llnk.net,"Rakuten Group, Inc."
rakuten-1.com,"Rakuten Group, Inc."
rakuten-1.jp,"Rakuten, Inc."
rakuten-1.net,"Rakuten Group, Inc."
rakuten-24.com,"Rakuten Group, Inc."
rakuten-24.jp,"Rakuten, Inc."
rakuten-adroll.com,"Rakuten Group, Inc."
rakuten-advertising.com,"Rakuten Group, Inc."
rakuten-advertising.net,"Rakuten Group, Inc."
rakuten-advertising.org,"Rakuten Group, Inc."
rakuten-advertising.tv,"Rakuten Group, Inc."
rakuten-advertising.us,"Rakuten Group, Inc."
rakuten-affiliate.jp,"Rakuten, Inc."
rakuten-asia.asia,"Rakuten, Inc."
rakuten-asia.bid,"Rakuten, Inc."
rakuten-asia.info,"Rakuten Group, Inc."
rakuten-asia.net,"Rakuten Group, Inc."
rakuten-asia.org,"Rakuten Group, Inc."
rakuten-asia.xyz,"Rakuten, Inc."
rakuten-au.asia,"Rakuten, Inc."
rakuten-au.bid,"Rakuten, Inc."
rakuten-au.com,"Rakuten Group, Inc."
rakuten-au.info,"Rakuten Group, Inc."
rakuten-au.net,"Rakuten Group, Inc."
rakuten-au.org,"Rakuten Group, Inc."
rakuten-au.xyz,"Rakuten, Inc."
rakuten-bank.jp,"Rakuten, Inc."
rakuten-bank.net,"Rakuten Group, Inc."
rakuten-big.com,"Rakuten Group, Inc."
rakuten-big.jp,"Rakuten, Inc."
rakuten-big.net,"Rakuten Group, Inc."
rakuten-bisiness-mobile.biz,"Rakuten Group, Inc."
rakuten-bisiness-mobile.com,"Rakuten Group, Inc."
rakuten-bisiness-mobile.info,"Rakuten Group, Inc."
rakuten-bisiness-mobile.jp,"Rakuten Group, Inc."
rakuten-bisiness-mobile.net,"Rakuten Group, Inc."
rakuten-bisinessmobile.com,"Rakuten Group, Inc."
rakuten-bisinessmobile.info,"Rakuten Group, Inc."
rakuten-bisinessmobile.jp,"Rakuten Group, Inc."
rakuten-bisinessmobile.net,"Rakuten Group, Inc."
rakuten-biz-mobile.biz,"Rakuten Group, Inc."
rakuten-biz-mobile.com,"Rakuten Group, Inc."
rakuten-biz-mobile.info,"Rakuten Group, Inc."
rakuten-biz-mobile.jp,"Rakuten Group, Inc."
rakuten-biz-mobile.net,"Rakuten Group, Inc."
rakuten-bizmobile.biz,"Rakuten Group, Inc."
rakuten-bizmobile.com,"Rakuten Group, Inc."
rakuten-bizmobile.info,"Rakuten Group, Inc."
rakuten-bizmobile.jp,"Rakuten Group, Inc."
rakuten-bizmobile.net,"Rakuten Group, Inc."
rakuten-book.com,"Rakuten Group, Inc."
rakuten-book.jp,"Rakuten, Inc."
rakuten-book.net,"Rakuten Group, Inc."
rakuten-books.jp,"Rakuten, Inc."
rakuten-books.net,"Rakuten Group, Inc."
rakuten-br.asia,"Rakuten, Inc."
rakuten-br.bid,"Rakuten, Inc."
rakuten-br.com,"Rakuten Group, Inc."
rakuten-br.info,"Rakuten Group, Inc."
rakuten-br.net,"Rakuten Group, Inc."
rakuten-br.org,"Rakuten Group, Inc."
rakuten-browser.biz,"Rakuten Group, Inc."
rakuten-browser.org,"Rakuten Group, Inc."
rakuten-business.com,"Rakuten Group, Inc."
rakuten-business.jp,"Rakuten Group, Inc."
rakuten-business.net,"Rakuten Group, Inc."
rakuten-buy-back.net,"Rakuten, Inc."
rakuten-buyback.com,"Rakuten, Inc."
rakuten-buyback.net,"Rakuten, Inc."
rakuten-ca.com,"Rakuten Group, Inc."
rakuten-ca.info,"Rakuten Group, Inc."
rakuten-ca.net,"Rakuten Group, Inc."
rakuten-ca.org,"Rakuten Group, Inc."
rakuten-calendar.biz,"Rakuten Group, Inc."
rakuten-calendar.com,"Rakuten Group, Inc."
rakuten-calendar.info,"Rakuten Group, Inc."
rakuten-calendar.jp,"Rakuten, Inc."
rakuten-calendar.net,"Rakuten Group, Inc."
rakuten-calendar.org,"Rakuten Group, Inc."
rakuten-card-support.app,"Rakuten Group, Inc."
rakuten-card-support.biz,"Rakuten Group, Inc."
rakuten-card-support.jp,"Rakuten, Inc."
rakuten-card-support.net,"Rakuten Group, Inc."
rakuten-card-support.org,"Rakuten Group, Inc."
rakuten-card-support.page,"Rakuten Group, Inc."
rakuten-card.app,"Rakuten Group, Inc."
rakuten-card.biz,"Rakuten Group, Inc."
rakuten-card.com,"Rakuten Group, Inc."
rakuten-card.info,"Rakuten Group, Inc."
rakuten-card.net,"Rakuten Group, Inc."
rakuten-card.org,"Rakuten Group, Inc."
rakuten-card.page,"Rakuten Group, Inc."
rakuten-card.website,"Rakuten Group, Inc."
rakuten-card.xyz,"Rakuten Group, Inc."
rakuten-cardman.com,"Rakuten Group, Inc."
rakuten-cards.app,"Rakuten Group, Inc."
rakuten-cards.biz,"Rakuten Group, Inc."
rakuten-cards.net,"Rakuten Group, Inc."
rakuten-cards.org,"Rakuten Group, Inc."
rakuten-cards.page,"Rakuten Group, Inc."
rakuten-cardsupport.app,"Rakuten Group, Inc."
rakuten-cardsupport.biz,"Rakuten Group, Inc."
rakuten-cardsupport.com,"Rakuten Group, Inc."
rakuten-cardsupport.info,"Rakuten Group, Inc."
rakuten-cardsupport.jp,"Rakuten, Inc."
rakuten-cardsupport.net,"Rakuten Group, Inc."
rakuten-cardsupport.org,"Rakuten Group, Inc."
rakuten-cardsupport.page,"Rakuten Group, Inc."
rakuten-carshare.jp,"Rakuten Group, Inc."
rakuten-carsharing.jp,"Rakuten Group, Inc."
rakuten-checkout.at,"Rakuten Group, Inc."
rakuten-cn.com,"Rakuten Group, Inc."
rakuten-cn.info,"Rakuten Group, Inc."
rakuten-cn.net,"Rakuten Group, Inc."
rakuten-cn.org,"Rakuten Group, Inc."
rakuten-comm.com,"Rakuten Group, Inc."
rakuten-comm.jp,"Rakuten, Inc."
rakuten-comm.net,"Rakuten Group, Inc."
rakuten-commerce.com,"Rakuten Group, Inc."
rakuten-commerce.jp,"Rakuten, Inc."
rakuten-commerce.net,"Rakuten Group, Inc."
rakuten-commerce.org,"Rakuten Group, Inc."
rakuten-communications.com,"Rakuten Group, Inc."
rakuten-communications.jp,"Rakuten, Inc."
rakuten-communications.net,"Rakuten Group, Inc."
rakuten-corp.com,"Rakuten Group, Inc."
rakuten-corporate.com,"Rakuten Group, Inc."
rakuten-corporation.com,"Rakuten Group, Inc."
rakuten-credit-union.net,"Rakuten Group, Inc."
rakuten-credit-union.org,"Rakuten Group, Inc."
rakuten-credit.app,"Rakuten Group, Inc."
rakuten-credit.com,"Rakuten Group, Inc."
rakuten-credit.info,"Rakuten Group, Inc."
rakuten-credit.net,"Rakuten Group, Inc."
rakuten-credit.org,"Rakuten Group, Inc."
rakuten-credit.page,"Rakuten Group, Inc."
rakuten-creditcard.app,"Rakuten Group, Inc."
rakuten-creditcard.biz,"Rakuten Group, Inc."
rakuten-creditcard.com,"Rakuten Group, Inc."
rakuten-creditcard.info,"Rakuten Group, Inc."
rakuten-creditcard.jp,"Rakuten, Inc."
rakuten-creditcard.net,"Rakuten Group, Inc."
rakuten-creditcard.org,"Rakuten Group, Inc."
rakuten-creditcard.page,"Rakuten Group, Inc."
rakuten-creditunion.com,"Rakuten Group, Inc."
rakuten-creditunion.org,"Rakuten Group, Inc."
rakuten-crypto-asset.com,"Rakuten Group, Inc."
rakuten-crypto-asset.info,"Rakuten Group, Inc."
rakuten-crypto-asset.jp,"Rakuten, Inc."
rakuten-crypto-asset.net,"Rakuten Group, Inc."
rakuten-crypto-assets.com,"Rakuten Group, Inc."
rakuten-crypto-assets.info,"Rakuten Group, Inc."
rakuten-crypto-assets.jp,"Rakuten, Inc."
rakuten-crypto-assets.net,"Rakuten Group, Inc."
rakuten-crypto-currency.com,"Rakuten Group, Inc."
rakuten-crypto.app,"Rakuten Group, Inc."
rakuten-crypto.com,"Rakuten Group, Inc."
rakuten-cryptoasset.com,"Rakuten Group, Inc."
rakuten-cryptoasset.info,"Rakuten Group, Inc."
rakuten-cryptoasset.jp,"Rakuten, Inc."
rakuten-cryptoasset.net,"Rakuten Group, Inc."
rakuten-cryptoassets.com,"Rakuten Group, Inc."
rakuten-cryptoassets.info,"Rakuten Group, Inc."
rakuten-cryptoassets.jp,"Rakuten, Inc."
rakuten-cryptoassets.net,"Rakuten Group, Inc."
rakuten-cryptocurrency.app,"Rakuten Group, Inc."
rakuten-cryptocurrency.com,"Rakuten Group, Inc."
rakuten-cu.net,"Rakuten Group, Inc."
rakuten-cu.org,"Rakuten Group, Inc."
rakuten-data-marketing.com,"Rakuten Group, Inc."
rakuten-data-marketing.jp,"Rakuten, Inc."
rakuten-data-marketing.net,"Rakuten Group, Inc."
rakuten-datamarketing.com,"Rakuten Group, Inc."
rakuten-datamarketing.jp,"Rakuten, Inc."
rakuten-datamarketing.net,"Rakuten Group, Inc."
rakuten-de.com,"Rakuten Group, Inc."
rakuten-digital.com,"Rakuten Group, Inc."
rakuten-direct.net,"Rakuten Group, Inc."
rakuten-drive.com,"Rakuten Group, Inc."
rakuten-drone.com,"Rakuten Group, Inc."
rakuten-drone.info,"Rakuten Group, Inc."
rakuten-drone.jp,"Rakuten, Inc."
rakuten-drone.net,"Rakuten Group, Inc."
rakuten-drone.org,"Rakuten Group, Inc."
rakuten-eagles.com,"Rakuten Group, Inc."
rakuten-eagles.jp,"Rakuten, Inc."
rakuten-eagles.net,"Rakuten Group, Inc."
rakuten-eagles.org,"Rakuten Group, Inc."
rakuten-ecommerce.app,"Rakuten Group, Inc."
rakuten-ecommerce.com,"Rakuten Group, Inc."
rakuten-ecommerce.info,"Rakuten Group, Inc."
rakuten-ecommerce.jp,"Rakuten, Inc."
rakuten-ecommerce.net,"Rakuten Group, Inc."
rakuten-ecommerce.org,"Rakuten Group, Inc."
rakuten-edy.app,"Rakuten Group, Inc."
rakuten-edy.asia,"Rakuten Group, Inc."
rakuten-edy.tel,"Rakuten Group, Inc."
rakuten-email.com,"Rakuten Group, Inc."
rakuten-email.jp,"Rakuten Group, Inc."
rakuten-email.net,"Rakuten Group, Inc."
rakuten-es.com,"Rakuten Group, Inc."
rakuten-es.info,"Rakuten Group, Inc."
rakuten-es.net,"Rakuten Group, Inc."
rakuten-es.org,"Rakuten Group, Inc."
rakuten-europe.com,"Rakuten Group, Inc."
rakuten-europe.info,"Rakuten Group, Inc."
rakuten-europe.net,"Rakuten Group, Inc."
rakuten-europe.org,"Rakuten Group, Inc."
rakuten-event.com,"Rakuten Group, Inc."
rakuten-event.jp,"Rakuten, Inc."
rakuten-event.net,"Rakuten Group, Inc."
rakuten-event.org,"Rakuten Group, Inc."
rakuten-events.com,"Rakuten Group, Inc."
rakuten-events.jp,"Rakuten, Inc."
rakuten-events.net,"Rakuten Group, Inc."
rakuten-events.org,"Rakuten Group, Inc."
rakuten-express.biz,"Rakuten, Inc."
rakuten-express.com,"Rakuten, Inc."
rakuten-express.info,"Rakuten, Inc."
rakuten-express.net,"Rakuten, Inc."
rakuten-fcu.net,"Rakuten Group, Inc."
rakuten-fcu.org,"Rakuten Group, Inc."
rakuten-federal-credit-union.org,"Rakuten Group, Inc."
rakuten-federal-creditunion.net,"Rakuten Group, Inc."
rakuten-federal-creditunion.org,"Rakuten Group, Inc."
rakuten-federalcreditunion.net,"Rakuten Group, Inc."
rakuten-federalcreditunion.org,"Rakuten Group, Inc."
rakuten-finance.net,"Rakuten Group, Inc."
rakuten-finance.org,"Rakuten Group, Inc."
rakuten-financial.com,"Rakuten Group, Inc."
rakuten-financial.net,"Rakuten Group, Inc."
rakuten-financial.org,"Rakuten Group, Inc."
rakuten-financials.com,"Rakuten Group, Inc."
rakuten-financials.net,"Rakuten Group, Inc."
rakuten-financials.org,"Rakuten Group, Inc."
rakuten-fintech.app,"Rakuten Group, Inc."
rakuten-fintech.com,"Rakuten Group, Inc."
rakuten-fintech.info,"Rakuten Group, Inc."
rakuten-fintech.jp,"Rakuten, Inc."
rakuten-fintech.net,"Rakuten Group, Inc."
rakuten-flea-market.com,"Rakuten Group, Inc."
rakuten-flea-market.jp,"Rakuten, Inc."
rakuten-fleamarket.com,"Rakuten Group, Inc."
rakuten-fleamarket.jp,"Rakuten, Inc."
rakuten-fr.com,"Rakuten Group, Inc."
rakuten-fr.info,"Rakuten Group, Inc."
rakuten-fr.net,"Rakuten Group, Inc."
rakuten-fr.org,"Rakuten Group, Inc."
rakuten-free-market.com,"Rakuten Group, Inc."
rakuten-free-market.jp,"Rakuten, Inc."
rakuten-freemarket.com,"Rakuten Group, Inc."
rakuten-freemarket.jp,"Rakuten, Inc."
rakuten-funpay.app,"Rakuten Group, Inc."
rakuten-funpay.biz,"Rakuten Group, Inc."
rakuten-funpay.com,"Rakuten Group, Inc."
rakuten-funpay.info,"Rakuten Group, Inc."
rakuten-funpay.jp,"Rakuten, Inc."
rakuten-funpay.net,"Rakuten Group, Inc."
rakuten-funpay.org,"Rakuten Group, Inc."
rakuten-funpay.page,"Rakuten Group, Inc."
rakuten-games.com,"Rakuten Group, Inc."
rakuten-gift.com,"Rakuten Group, Inc."
rakuten-group-holdings.biz,"Rakuten Group, Inc."
rakuten-group-holdings.co.in,"Rakuten Group, Inc."
rakuten-group-holdings.com,"Rakuten Group, Inc."
rakuten-group-holdings.icu,"Rakuten Group, Inc."
rakuten-group-holdings.in,"Rakuten Group, Inc."
rakuten-group-holdings.info,"Rakuten Group, Inc."
rakuten-group-holdings.jp,"Rakuten Group, Inc."
rakuten-group-holdings.net,"Rakuten Group, Inc."
rakuten-group-holdings.org,"Rakuten Group, Inc."
rakuten-group-holdings.us,"Rakuten Group, Inc."
rakuten-group-holdings.xyz,"Rakuten Group, Inc."
rakuten-group.biz,"Rakuten Group, Inc."
rakuten-group.co.in,"Rakuten Group, Inc."
rakuten-group.com,"Rakuten Group, Inc."
rakuten-group.icu,"Rakuten Group, Inc."
rakuten-group.in,"Rakuten Group, Inc."
rakuten-group.info,"Rakuten Group, Inc."
rakuten-group.jp,"Rakuten Group, Inc."
rakuten-group.net,"Rakuten Group, Inc."
rakuten-group.org,"Rakuten Group, Inc."
rakuten-group.us,"Rakuten Group, Inc."
rakuten-group.xyz,"Rakuten Group, Inc."
rakuten-groupholdings.co.in,"Rakuten Group, Inc."
rakuten-groupholdings.com,"Rakuten Group, Inc."
rakuten-groupholdings.icu,"Rakuten Group, Inc."
rakuten-groupholdings.in,"Rakuten Group, Inc."
rakuten-groupholdings.info,"Rakuten Group, Inc."
rakuten-groupholdings.jp,"Rakuten Group, Inc."
rakuten-groupholdings.net,"Rakuten Group, Inc."
rakuten-groupholdings.org,"Rakuten Group, Inc."
rakuten-groupholdings.us,"Rakuten Group, Inc."
rakuten-groupholdings.xyz,"Rakuten Group, Inc."
rakuten-grp.com,"Rakuten Group, Inc."
rakuten-holdings-group.biz,"Rakuten Group, Inc."
rakuten-holdings-group.co.in,"Rakuten Group, Inc."
rakuten-holdings-group.com,"Rakuten Group, Inc."
rakuten-holdings-group.com.tw,"Rakuten Group, Inc."
rakuten-holdings-group.icu,"Rakuten Group, Inc."
rakuten-holdings-group.in,"Rakuten Group, Inc."
rakuten-holdings-group.info,"Rakuten Group, Inc."
rakuten-holdings-group.jp,"Rakuten Group, Inc."
rakuten-holdings-group.net,"Rakuten Group, Inc."
rakuten-holdings-group.org,"Rakuten Group, Inc."
rakuten-holdings-group.tw,"Rakuten Group, Inc."
rakuten-holdings-group.us,"Rakuten Group, Inc."
rakuten-holdings-group.xyz,"Rakuten Group, Inc."
rakuten-holdings.co.in,"Rakuten Group, Inc."
rakuten-holdings.com,"Rakuten Group, Inc."
rakuten-holdings.icu,"Rakuten Group, Inc."
rakuten-holdings.in,"Rakuten Group, Inc."
rakuten-holdings.info,"Rakuten Group, Inc."
rakuten-holdings.org,"Rakuten Group, Inc."
rakuten-holdings.us,"Rakuten Group, Inc."
rakuten-holdings.xyz,"Rakuten Group, Inc."
rakuten-holdingsgroup.biz,"Rakuten Group, Inc."
rakuten-holdingsgroup.co.in,"Rakuten Group, Inc."
rakuten-holdingsgroup.com,"Rakuten Group, Inc."
rakuten-holdingsgroup.icu,"Rakuten Group, Inc."
rakuten-holdingsgroup.in,"Rakuten Group, Inc."
rakuten-holdingsgroup.info,"Rakuten Group, Inc."
rakuten-holdingsgroup.jp,"Rakuten Group, Inc."
rakuten-holdingsgroup.net,"Rakuten Group, Inc."
rakuten-holdingsgroup.org,"Rakuten Group, Inc."
rakuten-holdingsgroup.us,"Rakuten Group, Inc."
rakuten-holdingsgroup.xyz,"Rakuten Group, Inc."
rakuten-ichiba.asia,"Rakuten Group, Inc."
rakuten-ichiba.com,"Rakuten Group, Inc."
rakuten-ichiba.jp,"Rakuten Group, Inc."
rakuten-ichiba.net,"Rakuten Group, Inc."
rakuten-ichiba.org,"Rakuten Group, Inc."
rakuten-iink.com,"Rakuten Group, Inc."
rakuten-iink.jp,"Rakuten Group, Inc."
rakuten-iink.net,"Rakuten Group, Inc."
rakuten-ilnk.com,"Rakuten Group, Inc."
rakuten-ilnk.jp,"Rakuten Group, Inc."
rakuten-ilnk.net,"Rakuten Group, Inc."
rakuten-in.com,"Rakuten Group, Inc."
rakuten-in.info,"Rakuten Group, Inc."
rakuten-in.net,"Rakuten Group, Inc."
rakuten-in.org,"Rakuten Group, Inc."
rakuten-inc.com,"Rakuten Group, Inc."
rakuten-insight.com,"Rakuten Group, Inc."
rakuten-internet.com,"Rakuten Group, Inc."
rakuten-ipcontent.com,"Rakuten Group, Inc."
rakuten-ipr.com,"Rakuten Group, Inc."
rakuten-it.com,"Rakuten Group, Inc."
rakuten-jp.asia,"Rakuten Group, Inc."
rakuten-jp.info,"Rakuten Group, Inc."
rakuten-jp.net,"Rakuten Group, Inc."
rakuten-jp.org,"Rakuten Group, Inc."
rakuten-jprakuten.com,"Rakuten Group, Inc."
rakuten-jprakuten.jp,"Rakuten Group, Inc."
rakuten-jprakutenlogistics.com,"Rakuten Group, Inc."
rakuten-jprakutenlogistics.jp,"Rakuten Group, Inc."
rakuten-learning.com,"Rakuten Group, Inc."
rakuten-link.jp,"Rakuten Group, Inc."
rakuten-link.net,"Rakuten Group, Inc."
rakuten-llnk.com,"Rakuten Group, Inc."
rakuten-llnk.jp,"Rakuten Group, Inc."
rakuten-llnk.net,"Rakuten Group, Inc."
rakuten-logistics.jp,"Rakuten Group, Inc."
rakuten-lu.com,"Rakuten Group, Inc."
rakuten-lu.info,"Rakuten Group, Inc."
rakuten-lu.net,"Rakuten Group, Inc."
rakuten-lu.org,"Rakuten Group, Inc."
rakuten-mail.com,"Rakuten Group, Inc."
rakuten-mail.net,"Rakuten Group, Inc."
rakuten-maritime.com,"Rakuten Group, Inc."
rakuten-marketing-science-playground.com,primary
rakuten-mindfulness.org,"Rakuten Group, Inc."
rakuten-minibaito.com,"Rakuten Group, Inc."
rakuten-minijob.com,"Rakuten Group, Inc."
rakuten-ml.com,"Rakuten Group, Inc."
rakuten-ml.jp,"Rakuten Group, Inc."
rakuten-ml.net,"Rakuten Group, Inc."
rakuten-mobile-biz.biz,"Rakuten Group, Inc."
rakuten-mobile-biz.com,"Rakuten Group, Inc."
rakuten-mobile-biz.info,"Rakuten Group, Inc."
rakuten-mobile-biz.jp,"Rakuten Group, Inc."
rakuten-mobile-biz.net,"Rakuten Group, Inc."
rakuten-mobile-houjin.biz,"Rakuten Group, Inc."
rakuten-mobile-houjin.com,"Rakuten Group, Inc."
rakuten-mobile-houjin.info,"Rakuten Group, Inc."
rakuten-mobile-houjin.jp,"Rakuten Group, Inc."
rakuten-mobile-houjin.net,"Rakuten Group, Inc."
rakuten-mobile-network.biz,"Rakuten Group, Inc."
rakuten-mobile-network.com,"Rakuten Group, Inc."
rakuten-mobile-network.info,"Rakuten Group, Inc."
rakuten-mobile-network.jp,"Rakuten Group, Inc."
rakuten-mobile-network.net,"Rakuten Group, Inc."
rakuten-mobile-network.org,"Rakuten Group, Inc."
rakuten-mobile.com,"Rakuten Group, Inc."
rakuten-mobile.info,"Rakuten Group, Inc."
rakuten-mobile.jp,"Rakuten Group, Inc."
rakuten-mobile.net,"Rakuten Group, Inc."
rakuten-mobile.org,"Rakuten Group, Inc."
rakuten-mobilebiz.biz,"Rakuten Group, Inc."
rakuten-mobilebiz.com,"Rakuten Group, Inc."
rakuten-mobilebiz.info,"Rakuten Group, Inc."
rakuten-mobilebiz.jp,"Rakuten Group, Inc."
rakuten-mobilebiz.net,"Rakuten Group, Inc."
rakuten-mobilehoujin.biz,"Rakuten Group, Inc."
rakuten-mobilehoujin.com,"Rakuten Group, Inc."
rakuten-mobilehoujin.info,"Rakuten Group, Inc."
rakuten-mobilehoujin.jp,"Rakuten Group, Inc."
rakuten-mobilehoujin.net,"Rakuten Group, Inc."
rakuten-music.com,"Rakuten Group, Inc."
rakuten-music.jp,"Rakuten Group, Inc."
rakuten-music.net,"Rakuten Group, Inc."
rakuten-mvno.com,"Rakuten Group, Inc."
rakuten-mvno.jp,"Rakuten Group, Inc."
rakuten-mvo.com,"Rakuten Group, Inc."
rakuten-mvo.jp,"Rakuten Group, Inc."
rakuten-my.com,"Rakuten Group, Inc."
rakuten-my.info,"Rakuten Group, Inc."
rakuten-my.net,"Rakuten Group, Inc."
rakuten-my.org,"Rakuten Group, Inc."
rakuten-nba.biz,"Rakuten Group, Inc."
rakuten-nba.com,"Rakuten Group, Inc."
rakuten-nba.info,"Rakuten Group, Inc."
rakuten-nba.jp,"Rakuten Group, Inc."
rakuten-nba.net,"Rakuten Group, Inc."
rakuten-nba.org,"Rakuten Group, Inc."
rakuten-neo.app,"Rakuten Group, Inc."
rakuten-neo.com,"Rakuten Group, Inc."
rakuten-neo.jp,"Rakuten Group, Inc."
rakuten-network.biz,"Rakuten Group, Inc."
rakuten-network.com,"Rakuten Group, Inc."
rakuten-network.info,"Rakuten Group, Inc."
rakuten-network.jp,"Rakuten Group, Inc."
rakuten-network.net,"Rakuten Group, Inc."
rakuten-network.org,"Rakuten Group, Inc."
rakuten-one.jp,"Rakuten Group, Inc."
rakuten-one.net,"Rakuten Group, Inc."
rakuten-online.com,"Rakuten Group, Inc."
rakuten-online.jp,"Rakuten Group, Inc."
rakuten-online.net,"Rakuten Group, Inc."
rakuten-online.org,"Rakuten Group, Inc."
rakuten-onlinejp.com,"Rakuten Group, Inc."
rakuten-open.com,"Rakuten Group, Inc."
rakuten-order.com,"Rakuten Group, Inc."
rakuten-order.jp,"Rakuten Group, Inc."
rakuten-order.net,"Rakuten Group, Inc."
rakuten-order.org,"Rakuten Group, Inc."
rakuten-outlet.com,"Rakuten Group, Inc."
rakuten-outlet.jp,"Rakuten Group, Inc."
rakuten-outlet.net,"Rakuten Group, Inc."
rakuten-outlet.org,"Rakuten Group, Inc."
rakuten-pay.app,"Rakuten Group, Inc."
rakuten-pay.com,"Rakuten Group, Inc."
rakuten-pay.jp,"Rakuten Group, Inc."
rakuten-phone.com,"Rakuten Group, Inc."
rakuten-phone.jp,"Rakuten Group, Inc."
rakuten-phone.net,"Rakuten Group, Inc."
rakuten-point-g.biz,"Rakuten Group, Inc."
rakuten-point-g.com,"Rakuten Group, Inc."
rakuten-point-g.info,"Rakuten Group, Inc."
rakuten-point-g.jp,"Rakuten Group, Inc."
rakuten-point-g.net,"Rakuten Group, Inc."
rakuten-point-g.org,"Rakuten Group, Inc."
rakuten-point-gallery.biz,"Rakuten Group, Inc."
rakuten-point-gallery.com,"Rakuten Group, Inc."
rakuten-point-gallery.info,"Rakuten Group, Inc."
rakuten-point-gallery.jp,"Rakuten Group, Inc."
rakuten-point-gallery.net,"Rakuten Group, Inc."
rakuten-point-gallery.org,"Rakuten Group, Inc."
rakuten-point.com,"Rakuten Group, Inc."
rakuten-point.jp,"Rakuten Group, Inc."
rakuten-point.net,"Rakuten Group, Inc."
rakuten-point.org,"Rakuten Group, Inc."
rakuten-pointgallery.biz,"Rakuten Group, Inc."
rakuten-pointgallery.com,"Rakuten Group, Inc."
rakuten-pointgallery.info,"Rakuten Group, Inc."
rakuten-pointgallery.jp,"Rakuten Group, Inc."
rakuten-pointgallery.net,"Rakuten Group, Inc."
rakuten-pointgallery.org,"Rakuten Group, Inc."
rakuten-rakuma.com,"Rakuten Group, Inc."
rakuten-rakuma.jp,"Rakuten Group, Inc."
rakuten-rakuma.net,"Rakuten Group, Inc."
rakuten-rakutenjplogistics.com,"Rakuten Group, Inc."
rakuten-rakutenjplogistics.jp,"Rakuten Group, Inc."
rakuten-raxy.com,"Rakuten Group, Inc."
rakuten-ready.com,"Rakuten Group, Inc."
rakuten-safety.com,"Rakuten Group, Inc."
rakuten-sale.com,"Rakuten Group, Inc."
rakuten-sale.jp,"Rakuten Group, Inc."
rakuten-sale.net,"Rakuten Group, Inc."
rakuten-sale.org,"Rakuten Group, Inc."
rakuten-sales.com,"Rakuten Group, Inc."
rakuten-sales.jp,"Rakuten Group, Inc."
rakuten-sales.net,"Rakuten Group, Inc."
rakuten-sales.org,"Rakuten Group, Inc."
rakuten-sec.app,"Rakuten Group, Inc."
rakuten-securitie.com,"Rakuten Group, Inc."
rakuten-securities.app,"Rakuten Group, Inc."
rakuten-securities.jp,"Rakuten Group, Inc."
rakuten-security.com,"Rakuten Group, Inc."
rakuten-service.com,"Rakuten Group, Inc."
rakuten-service.jp,"Rakuten Group, Inc."
rakuten-service.net,"Rakuten Group, Inc."
rakuten-service.org,"Rakuten Group, Inc."
rakuten-shop.at,"Rakuten Group, Inc."
rakuten-shop.com,"Rakuten Group, Inc."
rakuten-shop.jp,"Rakuten Group, Inc."
rakuten-shop.net,"Rakuten Group, Inc."
rakuten-shop.org,"Rakuten Group, Inc."
rakuten-shopping.jp,"Rakuten Group, Inc."
rakuten-shopping.net,"Rakuten Group, Inc."
rakuten-shopping.org,"Rakuten Group, Inc."
rakuten-showtime.biz,"Rakuten Group, Inc."
rakuten-showtime.com,"Rakuten Group, Inc."
rakuten-showtime.info,"Rakuten Group, Inc."
rakuten-showtime.jp,"Rakuten Group, Inc."
rakuten-showtime.net,"Rakuten Group, Inc."
rakuten-showtime.org,"Rakuten Group, Inc."
rakuten-sinsa-ochi.com,"Rakuten Group, Inc."
rakuten-sinsa.com,"Rakuten Group, Inc."
rakuten-sinsaochi.com,"Rakuten Group, Inc."
rakuten-static.com,"Rakuten Group, Inc."
rakuten-stay-vacation.net,"Rakuten, Inc."
rakuten-stay.com,"Rakuten Group, Inc."
rakuten-stay.jp,"Rakuten Group, Inc."
rakuten-stay.net,"Rakuten Group, Inc."
rakuten-superpoint.com,"Rakuten Group, Inc."
rakuten-superpoint.jp,"Rakuten Group, Inc."
rakuten-superpoint.net,"Rakuten Group, Inc."
rakuten-superpoint.org,"Rakuten Group, Inc."
rakuten-supersale.com,"Rakuten Group, Inc."
rakuten-supersale.jp,"Rakuten Group, Inc."
rakuten-supersale.net,"Rakuten Group, Inc."
rakuten-supersale.org,"Rakuten Group, Inc."
rakuten-takarakuji.com,"Rakuten Group, Inc."
rakuten-takarakuji.jp,"Rakuten Group, Inc."
rakuten-takarakuji.net,"Rakuten Group, Inc."
rakuten-today.biz,"Rakuten Group, Inc."
rakuten-today.com,"Rakuten Group, Inc."
rakuten-today.info,"Rakuten Group, Inc."
rakuten-today.jp,"Rakuten Group, Inc."
rakuten-today.net,"Rakuten Group, Inc."
rakuten-today.org,"Rakuten Group, Inc."
rakuten-token.com,"Rakuten Group, Inc."
rakuten-token.jp,"Rakuten Group, Inc."
rakuten-toto.com,"Rakuten Group, Inc."
rakuten-toto.jp,"Rakuten Group, Inc."
rakuten-toto.net,"Rakuten Group, Inc."
rakuten-travel.jp,"Rakuten Group, Inc."
rakuten-travel.net,"Rakuten Group, Inc."
rakuten-travelexp.net,"Rakuten Group, Inc."
rakuten-tv.com,"Rakuten Group, Inc."
rakuten-tv.info,"Rakuten Group, Inc."
rakuten-tv.jp,"Rakuten Group, Inc."
rakuten-tv.net,"Rakuten Group, Inc."
rakuten-tv.org,"Rakuten Group, Inc."
rakuten-tw.com,"Rakuten Group, Inc."
rakuten-tw.info,"Rakuten Group, Inc."
rakuten-tw.net,"Rakuten Group, Inc."
rakuten-tw.org,"Rakuten Group, Inc."
rakuten-uk.com,"Rakuten Group, Inc."
rakuten-uk.info,"Rakuten Group, Inc."
rakuten-uk.net,"Rakuten Group, Inc."
rakuten-uk.org,"Rakuten Group, Inc."
rakuten-us.com,"Rakuten Group, Inc."
rakuten-us.info,"Rakuten Group, Inc."
rakuten-us.net,"Rakuten Group, Inc."
rakuten-us.org,"Rakuten Group, Inc."
rakuten-usa.com,"Rakuten Group, Inc."
rakuten-usa.info,"Rakuten Group, Inc."
rakuten-usa.net,"Rakuten Group, Inc."
rakuten-usa.org,"Rakuten Group, Inc."
rakuten-viber.org,"Rakuten Group, Inc."
rakuten-wallet.com,"Rakuten Group, Inc."
rakuten-wallet.jp,"Rakuten Group, Inc."
rakuten.ac,"Rakuten Group, Inc."
rakuten.accountant,"Rakuten Group, Inc."
rakuten.ad.jp,"Rakuten Group, Inc."
rakuten.ae,"Rakuten Group, Inc."
rakuten.africa,"Rakuten Group, Inc."
rakuten.ai,"Rakuten Group, Inc."
rakuten.am,"Rakuten Group, Inc."
rakuten.amsterdam,"Rakuten Group, Inc."
rakuten.app,"Rakuten Group, Inc."
rakuten.art,"Rakuten Group, Inc."
rakuten.asia,"Rakuten Group, Inc."
rakuten.at,"Rakuten Group, Inc."
rakuten.au,"Rakuten Group, Inc."
rakuten.audio,"Rakuten Group, Inc."
rakuten.auto,"Rakuten Group, Inc."
rakuten.autos,"Rakuten Group, Inc."
rakuten.barcelona,"Rakuten Group, Inc."
rakuten.basketball,"Rakuten Group, Inc."
rakuten.beer,"Rakuten Group, Inc."
rakuten.berlin,"Rakuten Group, Inc."
rakuten.best,"Rakuten Group, Inc."
rakuten.biz,"Rakuten Group, Inc."
rakuten.bond,"Rakuten Group, Inc."
rakuten.boston,"Rakuten Group, Inc."
rakuten.brussels,"Rakuten Group, Inc."
rakuten.build,"Rakuten Group, Inc."
rakuten.capetown,"Rakuten Group, Inc."
rakuten.car,"Rakuten Group, Inc."
rakuten.career,"Rakuten Group, Inc."
rakuten.careers,"Rakuten Group, Inc."
rakuten.cars,"Rakuten Group, Inc."
rakuten.casa,"Rakuten Group, Inc."
rakuten.cd,"Rakuten, Inc."
rakuten.ceo,"Rakuten Group, Inc."
rakuten.christmas,"Rakuten Group, Inc."
rakuten.cl,"Rakuten Group, Inc."
rakuten.click,"Rakuten Group, Inc."
rakuten.cloud,"Rakuten Group, Inc."
rakuten.club,"Rakuten Group, Inc."
rakuten.co.at,"Rakuten Group, Inc."
rakuten.co.in,"Rakuten Group, Inc."
rakuten.co.jp,"Rakuten Group, Inc."
rakuten.co.om,"Rakuten Group, Inc."
rakuten.cologne,"Rakuten Group, Inc."
rakuten.com,"Rakuten Group, Inc."
rakuten.com.au,"Rakuten Group, Inc."
rakuten.com.om,"Rakuten, Inc."
rakuten.com.ph,"Rakuten Group, Inc."
rakuten.com.ru,"Rakuten Group, Inc."
rakuten.compare,"Rakuten Group, Inc."
rakuten.cooking,"Rakuten Group, Inc."
rakuten.cyou,"Rakuten Group, Inc."
rakuten.cz,"Rakuten Group, Inc."
rakuten.date,"Rakuten Group, Inc."
rakuten.design,"Rakuten Group, Inc."
rakuten.diet,"Rakuten Group, Inc."
rakuten.download,"Rakuten Group, Inc."
rakuten.durban,"Rakuten Group, Inc."
rakuten.earth,"Rakuten Group, Inc."
rakuten.eco,"Rakuten Group, Inc."
rakuten.eus,"Rakuten Group, Inc."
rakuten.faith,"Rakuten Group, Inc."
rakuten.fans,"Rakuten Group, Inc."
rakuten.fashion,"Rakuten Group, Inc."
rakuten.film,"Rakuten Group, Inc."
rakuten.fishing,"Rakuten Group, Inc."
rakuten.fit,"Rakuten Group, Inc."
rakuten.forum,"Rakuten Group, Inc."
rakuten.frl,"Rakuten Group, Inc."
rakuten.game,"Rakuten Group, Inc."
rakuten.garden,"Rakuten Group, Inc."
rakuten.health,"Rakuten Group, Inc."
rakuten.help,"Rakuten Group, Inc."
rakuten.hiv,"Rakuten Group, Inc."
rakuten.homes,"Rakuten Group, Inc."
rakuten.horse,"Rakuten Group, Inc."
rakuten.hosting,"Rakuten Group, Inc."
rakuten.in,"Rakuten Group, Inc."
rakuten.inc,"Rakuten Group, Inc."
rakuten.info,"Rakuten Group, Inc."
rakuten.ink,"Rakuten Group, Inc."
rakuten.is,"Rakuten Group, Inc."
rakuten.jobs,"Rakuten Group, Inc."
rakuten.joburg,"Rakuten Group, Inc."
rakuten.jp,"Rakuten Group, Inc."
rakuten.kids,"Rakuten Group, Inc."
rakuten.kiwi,"Rakuten Group, Inc."
rakuten.koeln,"Rakuten Group, Inc."
rakuten.loan,"Rakuten Group, Inc."
rakuten.london,"Rakuten Group, Inc."
rakuten.love,"Rakuten Group, Inc."
rakuten.madrid,"Rakuten Group, Inc."
rakuten.makeup,"Rakuten Group, Inc."
rakuten.melbourne,"Rakuten Group, Inc."
rakuten.men,"Rakuten Group, Inc."
rakuten.menu,"Rakuten Group, Inc."
rakuten.miami,"Rakuten Group, Inc."
rakuten.mobi,"Rakuten Group, Inc."
rakuten.mobile,"Rakuten Group, Inc."
rakuten.monster,"Rakuten Group, Inc."
rakuten.net,"Rakuten Group, Inc."
rakuten.net.au,"Rakuten Group, Inc."
rakuten.news,"Rakuten Group, Inc."
rakuten.one,"Rakuten Group, Inc."
rakuten.org,"Rakuten Group, Inc."
rakuten.osaka,"Rakuten Group, Inc."
rakuten.page,"Rakuten Group, Inc."
rakuten.ph,"Rakuten Group, Inc."
rakuten.pro,"Rakuten Group, Inc."
rakuten.property,"Rakuten Group, Inc."
rakuten.qpon,"Rakuten Group, Inc."
rakuten.quebec,"Rakuten Group, Inc."
rakuten.racing,"Rakuten Group, Inc."
rakuten.radio,"Rakuten Group, Inc."
rakuten.realestate,"Rakuten Group, Inc."
rakuten.realty,"Rakuten Group, Inc."
rakuten.rent,"Rakuten Group, Inc."
rakuten.review,"Rakuten Group, Inc."
rakuten.rodeo,"Rakuten Group, Inc."
rakuten.ru,"Rakuten Group, Inc."
rakuten.ru.com,"Rakuten Group, Inc."
rakuten.rugby,"Rakuten Group, Inc."
rakuten.science,"Rakuten Group, Inc."
rakuten.security,"Rakuten Group, Inc."
rakuten.select,"Rakuten Group, Inc."
rakuten.ski,"Rakuten Group, Inc."
rakuten.sm,"Rakuten, Inc."
rakuten.space,"Rakuten Group, Inc."
rakuten.sport,"Rakuten Group, Inc."
rakuten.storage,"Rakuten Group, Inc."
rakuten.stream,"Rakuten Group, Inc."
rakuten.sucks,"Rakuten Group, Inc."
rakuten.surf,"Rakuten Group, Inc."
rakuten.sydney,"Rakuten Group, Inc."
rakuten.tc,"Rakuten Group, Inc."
rakuten.tech,"Rakuten Group, Inc."
rakuten.tel,"Rakuten Group, Inc."
rakuten.tickets,"Rakuten Group, Inc."
rakuten.tirol,"Rakuten Group, Inc."
rakuten.today,"Rakuten Group, Inc."
rakuten.trade,"Rakuten Group, Inc."
rakuten.travel,"Rakuten Group, Inc."
rakuten.tube,"Rakuten Group, Inc."
rakuten.tv,"Rakuten Group, Inc."
rakuten.us.com,"Rakuten Group, Inc."
rakuten.vegas,"Rakuten Group, Inc."
rakuten.vip,"Rakuten Group, Inc."
rakuten.vodka,"Rakuten Group, Inc."
rakuten.wedding,"Rakuten Group, Inc."
rakuten.wien,"Rakuten Group, Inc."
rakuten.wiki,"Rakuten Group, Inc."
rakuten.work,"Rakuten Group, Inc."
rakuten.xn--1ck2e1b,"Rakuten Group, Inc."
rakuten.xn--cck2b3b,"Rakuten Group, Inc."
rakuten.xn--tckwe,"Rakuten Group, Inc."
rakuten.yachts,"Rakuten Group, Inc."
rakuten.yoga,"Rakuten Group, Inc."
rakuten1.jp,"Rakuten Group, Inc."
rakuten1.net,"Rakuten Group, Inc."
rakuten24.com,"Rakuten Group, Inc."
rakuten24.jp,"Rakuten Group, Inc."
rakutenadvertising.in,"Rakuten Group, Inc."
rakutenadvertising.net,"Rakuten Group, Inc."
rakutenadvertising.online,"Rakuten Group, Inc."
rakutenadvertising.org,"Rakuten Group, Inc."
rakutenadvertising.tv,"Rakuten Group, Inc."
rakutenadvertising.us,"Rakuten Group, Inc."
rakutenaffiliate.net,"Rakuten Group, Inc."
rakutenaffiliate.org,"Rakuten Group, Inc."
rakutenaffiliatenetwork.net,"Rakuten Group, Inc."
rakutenaffiliatenetwork.org,"Rakuten Group, Inc."
rakutenasia.com,"Rakuten Group, Inc."
rakutenasia.info,"Rakuten Group, Inc."
rakutenasia.net,"Rakuten Group, Inc."
rakutenasia.org,"Rakuten Group, Inc."
rakutenau.com,"Rakuten Group, Inc."
rakutenau.info,"Rakuten Group, Inc."
rakutenau.net,"Rakuten Group, Inc."
rakutenau.org,"Rakuten Group, Inc."
rakutenbank.info,"Rakuten Group, Inc."
rakutenbank.jp,"Rakuten Group, Inc."
rakutenbank.net,"Rakuten Group, Inc."
rakutenbankcards.com,"Rakuten Group, Inc."
rakutenbig.com,"Rakuten Group, Inc."
rakutenbig.jp,"Rakuten Group, Inc."
rakutenbisinessmobile.biz,"Rakuten Group, Inc."
rakutenbisinessmobile.com,"Rakuten Group, Inc."
rakutenbisinessmobile.info,"Rakuten Group, Inc."
rakutenbisinessmobile.jp,"Rakuten Group, Inc."
rakutenbisinessmobile.net,"Rakuten Group, Inc."
rakutenbizmobile.biz,"Rakuten Group, Inc."
rakutenbizmobile.com,"Rakuten Group, Inc."
rakutenbizmobile.info,"Rakuten Group, Inc."
rakutenbizmobile.jp,"Rakuten Group, Inc."
rakutenbizmobile.net,"Rakuten Group, Inc."
rakutenblog.com,"Rakuten Group, Inc."
rakutenblog.jp,"Rakuten Group, Inc."
rakutenbook.com,"Rakuten Group, Inc."
rakutenbook.jp,"Rakuten Group, Inc."
rakutenbook.net,"Rakuten Group, Inc."
rakutenbooks.com,"Rakuten Group, Inc."
rakutenbooks.jp,"Rakuten Group, Inc."
rakutenbooks.net,"Rakuten Group, Inc."
rakutenbr.com,"Rakuten Group, Inc."
rakutenbr.info,"Rakuten Group, Inc."
rakutenbr.net,"Rakuten Group, Inc."
rakutenbr.org,"Rakuten Group, Inc."
rakutenbrowser.biz,"Rakuten Group, Inc."
rakutenbrowser.net,"Rakuten Group, Inc."
rakutenbrowser.org,"Rakuten Group, Inc."
rakutenbusiness.com,"Rakuten Group, Inc."
rakutenbusiness.jp,"Rakuten Group, Inc."
rakutenbusiness.net,"Rakuten Group, Inc."
rakutenbuy-back.com,"Rakuten, Inc."
rakutenbuy-back.net,"Rakuten, Inc."
rakutenbuyback.com,"Rakuten, Inc."
rakutenbuyback.net,"Rakuten, Inc."
rakutenca.com,"Rakuten Group, Inc."
rakutenca.info,"Rakuten Group, Inc."
rakutenca.net,"Rakuten Group, Inc."
rakutenca.org,"Rakuten Group, Inc."
rakutencalendar.biz,"Rakuten Group, Inc."
rakutencalendar.com,"Rakuten Group, Inc."
rakutencalendar.info,"Rakuten Group, Inc."
rakutencalendar.jp,"Rakuten Group, Inc."
rakutencalendar.net,"Rakuten Group, Inc."
rakutencalendar.org,"Rakuten Group, Inc."
rakutencard.biz,"Rakuten Group, Inc."
rakutencard.jp,"Rakuten Group, Inc."
rakutencard.org,"Rakuten Group, Inc."
rakutencard.page,"Rakuten Group, Inc."
rakutencard.website,"Rakuten Group, Inc."
rakutencards.app,"Rakuten Group, Inc."
rakutencards.biz,"Rakuten Group, Inc."
rakutencards.jp,"Rakuten Group, Inc."
rakutencards.net,"Rakuten Group, Inc."
rakutencards.org,"Rakuten Group, Inc."
rakutencards.page,"Rakuten Group, Inc."
rakutencardsupport.app,"Rakuten Group, Inc."
rakutencardsupport.com,"Rakuten Group, Inc."
rakutencardsupport.info,"Rakuten Group, Inc."
rakutencardsupport.jp,"Rakuten Group, Inc."
rakutencardsupport.net,"Rakuten Group, Inc."
rakutencardsupport.org,"Rakuten Group, Inc."
rakutencardsupport.page,"Rakuten Group, Inc."
rakutencarshare.jp,"Rakuten Group, Inc."
rakutencarsharing.jp,"Rakuten Group, Inc."
rakutencheck.com,"Rakuten Group, Inc."
rakutencn.com,"Rakuten Group, Inc."
rakutencn.info,"Rakuten Group, Inc."
rakutencn.net,"Rakuten Group, Inc."
rakutencn.org,"Rakuten Group, Inc."
rakutenco.jp,"Rakuten Group, Inc."
rakutencomm.com,"Rakuten Group, Inc."
rakutencomm.jp,"Rakuten Group, Inc."
rakutencomm.net,"Rakuten Group, Inc."
rakutencommerce.com,"Rakuten Group, Inc."
rakutencommerce.jp,"Rakuten Group, Inc."
rakutencommerce.net,"Rakuten Group, Inc."
rakutencommerce.org,"Rakuten Group, Inc."
rakutencommunications.com,"Rakuten Group, Inc."
rakutencommunications.jp,"Rakuten Group, Inc."
rakutencommunications.net,"Rakuten Group, Inc."
rakutencorp.com,"Rakuten Group, Inc."
rakutencorporate.com,"Rakuten Group, Inc."
rakutencorporation.com,"Rakuten Group, Inc."
rakutencredit.app,"Rakuten Group, Inc."
rakutencredit.biz,"Rakuten Group, Inc."
rakutencredit.com,"Rakuten Group, Inc."
rakutencredit.info,"Rakuten Group, Inc."
rakutencredit.jp,"Rakuten Group, Inc."
rakutencredit.net,"Rakuten Group, Inc."
rakutencredit.org,"Rakuten Group, Inc."
rakutencredit.page,"Rakuten Group, Inc."
rakutencreditcard.app,"Rakuten Group, Inc."
rakutencreditcard.info,"Rakuten Group, Inc."
rakutencreditcard.jp,"Rakuten Group, Inc."
rakutencreditcard.net,"Rakuten Group, Inc."
rakutencreditcard.org,"Rakuten Group, Inc."
rakutencreditcard.page,"Rakuten Group, Inc."
rakutencreditunion.biz,"Rakuten Group, Inc."
rakutencreditunion.com,"Rakuten Group, Inc."
rakutencreditunion.net,"Rakuten Group, Inc."
rakutencreditunion.org,"Rakuten Group, Inc."
rakutencrypto.app,"Rakuten Group, Inc."
rakutencryptoasset.com,"Rakuten Group, Inc."
rakutencryptoasset.info,"Rakuten Group, Inc."
rakutencryptoasset.jp,"Rakuten Group, Inc."
rakutencryptoasset.net,"Rakuten Group, Inc."
rakutencryptoassets.com,"Rakuten Group, Inc."
rakutencryptoassets.info,"Rakuten Group, Inc."
rakutencryptoassets.jp,"Rakuten Group, Inc."
rakutencryptoassets.net,"Rakuten Group, Inc."
rakutencryptocurrency.app,"Rakuten Group, Inc."
rakutencu.biz,"Rakuten Group, Inc."
rakutencu.com,"Rakuten Group, Inc."
rakutencu.org,"Rakuten Group, Inc."
rakutendata-marketing.com,"Rakuten Group, Inc."
rakutendata-marketing.jp,"Rakuten Group, Inc."
rakutendata-marketing.net,"Rakuten Group, Inc."
rakutendatamkt.com,"Rakuten Group, Inc."
rakutende.com,"Rakuten Group, Inc."
rakutendigital.com,"Rakuten Group, Inc."
rakutendisplay.com,"Rakuten Group, Inc."
rakutendrive.com,"Rakuten Group, Inc."
rakutendrone.biz,"Rakuten Group, Inc."
rakutendrone.com,"Rakuten Group, Inc."
rakutendrone.info,"Rakuten Group, Inc."
rakutendrone.jp,"Rakuten Group, Inc."
rakutendrone.net,"Rakuten Group, Inc."
rakutendrone.org,"Rakuten Group, Inc."
rakuteneagles.com,"Rakuten Group, Inc."
rakuteneagles.jp,"Rakuten Group, Inc."
rakuteneagles.net,"Rakuten Group, Inc."
rakuteneagles.org,"Rakuten Group, Inc."
rakutenecommerce.app,"Rakuten Group, Inc."
rakutenecommerce.com,"Rakuten Group, Inc."
rakutenecommerce.info,"Rakuten Group, Inc."
rakutenecommerce.jp,"Rakuten Group, Inc."
rakutenecommerce.net,"Rakuten Group, Inc."
rakutenecommerce.org,"Rakuten Group, Inc."
rakutenedy.app,"Rakuten Group, Inc."
rakutenedy.com,"Rakuten Group, Inc."
rakutenedy.jp,"Rakuten Group, Inc."
rakutenemail.com,"Rakuten Group, Inc."
rakutenemail.jp,"Rakuten Group, Inc."
rakutenemail.net,"Rakuten Group, Inc."
rakutenemploymentalert.com,"Rakuten Group, Inc."
rakutenes.com,"Rakuten Group, Inc."
rakutenes.info,"Rakuten Group, Inc."
rakutenes.net,"Rakuten Group, Inc."
rakutenes.org,"Rakuten Group, Inc."
rakuteneurope.com,"Rakuten Group, Inc."
rakuteneurope.info,"Rakuten Group, Inc."
rakuteneurope.net,"Rakuten Group, Inc."
rakuteneurope.org,"Rakuten Group, Inc."
rakutenevent.com,"Rakuten Group, Inc."
rakutenevent.jp,"Rakuten Group, Inc."
rakutenevent.net,"Rakuten Group, Inc."
rakutenevent.org,"Rakuten Group, Inc."
rakutenevents.com,"Rakuten Group, Inc."
rakutenevents.jp,"Rakuten Group, Inc."
rakutenevents.net,"Rakuten Group, Inc."
rakutenevents.org,"Rakuten Group, Inc."
rakutenexpress.biz,"Rakuten, Inc."
rakutenexpress.info,"Rakuten, Inc."
rakutenexpress.jp,"Rakuten, Inc."
rakutenfans.com,"Rakuten Group, Inc."
rakutenfcu.biz,"Rakuten Group, Inc."
rakutenfcu.com,"Rakuten Group, Inc."
rakutenfcu.net,"Rakuten Group, Inc."
rakutenfcu.org,"Rakuten Group, Inc."
rakutenfed.com,"Rakuten Group, Inc."
rakutenfed.net,"Rakuten Group, Inc."
rakutenfed.org,"Rakuten Group, Inc."
rakutenfederal-credit-union.net,"Rakuten Group, Inc."
rakutenfederal-credit-union.org,"Rakuten Group, Inc."
rakutenfederal-creditunion.net,"Rakuten Group, Inc."
rakutenfederal-creditunion.org,"Rakuten Group, Inc."
rakutenfederalcreditunion.biz,"Rakuten Group, Inc."
rakutenfederalcreditunion.net,"Rakuten Group, Inc."
rakutenfederalcreditunion.org,"Rakuten Group, Inc."
rakutenfinance.net,"Rakuten Group, Inc."
rakutenfinance.org,"Rakuten Group, Inc."
rakutenfinancial.biz,"Rakuten Group, Inc."
rakutenfinancial.com,"Rakuten Group, Inc."
rakutenfinancial.net,"Rakuten Group, Inc."
rakutenfinancial.org,"Rakuten Group, Inc."
rakutenfinancial.us,"Rakuten Group, Inc."
rakutenfinancials.com,"Rakuten Group, Inc."
rakutenfinancials.net,"Rakuten Group, Inc."
rakutenfinancials.org,"Rakuten Group, Inc."
rakutenfintech.app,"Rakuten Group, Inc."
rakutenfintech.com,"Rakuten Group, Inc."
rakutenfintech.info,"Rakuten Group, Inc."
rakutenfintech.jp,"Rakuten Group, Inc."
rakutenfintech.net,"Rakuten Group, Inc."
rakutenfleamarket.com,"Rakuten Group, Inc."
rakutenforbrands.com,"Rakuten Group, Inc."
rakutenfr.com,"Rakuten Group, Inc."
rakutenfr.info,"Rakuten Group, Inc."
rakutenfr.net,"Rakuten Group, Inc."
rakutenfr.org,"Rakuten Group, Inc."
rakutenfs.com,"Rakuten Group, Inc."
rakutenfunpay.app,"Rakuten Group, Inc."
rakutenfunpay.biz,"Rakuten Group, Inc."
rakutenfunpay.com,"Rakuten Group, Inc."
rakutenfunpay.info,"Rakuten Group, Inc."
rakutenfunpay.jp,"Rakuten Group, Inc."
rakutenfunpay.net,"Rakuten Group, Inc."
rakutenfunpay.org,"Rakuten Group, Inc."
rakutenfunpay.page,"Rakuten Group, Inc."
rakutengift.com,"Rakuten Group, Inc."
rakutengroup-holdings.biz,"Rakuten Group, Inc."
rakutengroup-holdings.co.in,"Rakuten Group, Inc."
rakutengroup-holdings.com,"Rakuten Group, Inc."
rakutengroup-holdings.icu,"Rakuten Group, Inc."
rakutengroup-holdings.in,"Rakuten Group, Inc."
rakutengroup-holdings.info,"Rakuten Group, Inc."
rakutengroup-holdings.jp,"Rakuten Group, Inc."
rakutengroup-holdings.net,"Rakuten Group, Inc."
rakutengroup-holdings.org,"Rakuten Group, Inc."
rakutengroup-holdings.us,"Rakuten Group, Inc."
rakutengroup-holdings.xyz,"Rakuten Group, Inc."
rakutengroup.biz,"Rakuten Group, Inc."
rakutengroup.co.in,"Rakuten Group, Inc."
rakutengroup.co.jp,"Rakuten Group, Inc."
rakutengroup.icu,"Rakuten Group, Inc."
rakutengroup.in,"Rakuten Group, Inc."
rakutengroup.info,"Rakuten Group, Inc."
rakutengroup.jp,"Rakuten Group, Inc."
rakutengroup.net,"Rakuten Group, Inc."
rakutengroup.org,"Rakuten Group, Inc."
rakutengroup.us,"Rakuten Group, Inc."
rakutengroup.xyz,"Rakuten Group, Inc."
rakutengroupholdings.biz,"Rakuten Group, Inc."
rakutengroupholdings.co.in,"Rakuten Group, Inc."
rakutengroupholdings.com,"Rakuten Group, Inc."
rakutengroupholdings.icu,"Rakuten Group, Inc."
rakutengroupholdings.in,"Rakuten Group, Inc."
rakutengroupholdings.info,"Rakuten Group, Inc."
rakutengroupholdings.jp,"Rakuten Group, Inc."
rakutengroupholdings.net,"Rakuten Group, Inc."
rakutengroupholdings.org,"Rakuten Group, Inc."
rakutengroupholdings.tw,"Rakuten Group, Inc."
rakutengroupholdings.us,"Rakuten Group, Inc."
rakutengroupholdings.xyz,"Rakuten Group, Inc."
rakutengrp.com,"Rakuten Group, Inc."
rakutenholdings-group.co.in,"Rakuten Group, Inc."
rakutenholdings-group.com,"Rakuten Group, Inc."
rakutenholdings-group.icu,"Rakuten Group, Inc."
rakutenholdings-group.in,"Rakuten Group, Inc."
rakutenholdings-group.info,"Rakuten Group, Inc."
rakutenholdings-group.jp,"Rakuten Group, Inc."
rakutenholdings-group.net,"Rakuten Group, Inc."
rakutenholdings-group.org,"Rakuten Group, Inc."
rakutenholdings-group.us,"Rakuten Group, Inc."
rakutenholdings-group.xyz,"Rakuten Group, Inc."
rakutenholdings.co.in,"Rakuten Group, Inc."
rakutenholdings.com,"Rakuten Group, Inc."
rakutenholdings.icu,"Rakuten Group, Inc."
rakutenholdings.in,"Rakuten Group, Inc."
rakutenholdings.info,"Rakuten Group, Inc."
rakutenholdings.org,"Rakuten Group, Inc."
rakutenholdings.us,"Rakuten Group, Inc."
rakutenholdings.xyz,"Rakuten Group, Inc."
rakutenholdingsgroup.biz,"Rakuten Group, Inc."
rakutenholdingsgroup.co.in,"Rakuten Group, Inc."
rakutenholdingsgroup.com,"Rakuten Group, Inc."
rakutenholdingsgroup.icu,"Rakuten Group, Inc."
rakutenholdingsgroup.in,"Rakuten Group, Inc."
rakutenholdingsgroup.info,"Rakuten Group, Inc."
rakutenholdingsgroup.jp,"Rakuten Group, Inc."
rakutenholdingsgroup.net,"Rakuten Group, Inc."
rakutenholdingsgroup.org,"Rakuten Group, Inc."
rakutenholdingsgroup.us,"Rakuten Group, Inc."
rakutenholdingsgroup.xyz,"Rakuten Group, Inc."
rakutenichiba.asia,"Rakuten Group, Inc."
rakutenichiba.com,"Rakuten Group, Inc."
rakutenichiba.jp,"Rakuten Group, Inc."
rakutenichiba.net,"Rakuten Group, Inc."
rakutenichiba.org,"Rakuten Group, Inc."
rakuteniink.com,"Rakuten Group, Inc."
rakuteniink.jp,"Rakuten Group, Inc."
rakuteniink.net,"Rakuten Group, Inc."
rakutenilnk.com,"Rakuten Group, Inc."
rakutenilnk.jp,"Rakuten Group, Inc."
rakutenilnk.net,"Rakuten Group, Inc."
rakutenin.com,"Rakuten Group, Inc."
rakutenin.info,"Rakuten Group, Inc."
rakutenin.net,"Rakuten Group, Inc."
rakutenin.org,"Rakuten Group, Inc."
rakuteninc.com,"Rakuten Group, Inc."
rakuteninternational.com,"Rakuten Group, Inc."
rakuteninternational.net,"Rakuten Group, Inc."
rakuteninternational.org,"Rakuten Group, Inc."
rakuteninternet.com,"Rakuten Group, Inc."
rakutenjp.asia,"Rakuten Group, Inc."
rakutenjp.info,"Rakuten Group, Inc."
rakutenjp.net,"Rakuten Group, Inc."
rakutenjp.org,"Rakuten Group, Inc."
rakutenjplogistics-rakuten.com,"Rakuten Group, Inc."
rakutenjplogistics-rakuten.jp,"Rakuten Group, Inc."
rakutenjplogisticsrakuten.com,"Rakuten Group, Inc."
rakutenjplogisticsrakuten.jp,"Rakuten Group, Inc."
rakutenjprakuten.com,"Rakuten Group, Inc."
rakutenjprakuten.jp,"Rakuten Group, Inc."
rakutenjprakutenlogistics.com,"Rakuten Group, Inc."
rakutenjprakutenlogistics.jp,"Rakuten Group, Inc."
rakutenkobo.com,"Rakuten Group, Inc."
rakutenl.com,"Rakuten Group, Inc."
rakutenlink.jp,"Rakuten Group, Inc."
rakutenlink.net,"Rakuten Group, Inc."
rakutenlinkshare.com,"Rakuten Group, Inc."
rakutenllnk.com,"Rakuten Group, Inc."
rakutenllnk.jp,"Rakuten Group, Inc."
rakutenllnk.net,"Rakuten Group, Inc."
rakutenlu.com,"Rakuten Group, Inc."
rakutenlu.info,"Rakuten Group, Inc."
rakutenlu.net,"Rakuten Group, Inc."
rakutenlu.org,"Rakuten Group, Inc."
rakutenm.com,"Rakuten Group, Inc."
rakutenmail.jp,"Rakuten Group, Inc."
rakutenmail.net,"Rakuten Group, Inc."
rakutenmarketingaffiliate.com,"Rakuten Group, Inc."
rakutenmarketingaffiliate.net,"Rakuten Group, Inc."
rakutenmarketingaffiliate.org,"Rakuten Group, Inc."
rakutenmarketingaffiliatenetwork.com,"Rakuten Group, Inc."
rakutenmarketingaffiliatenetwork.net,"Rakuten Group, Inc."
rakutenmarketingaffiliatenetwork.org,"Rakuten Group, Inc."
rakutenminibaito.com,"Rakuten Group, Inc."
rakutenminijob.com,"Rakuten Group, Inc."
rakutenml.com,"Rakuten Group, Inc."
rakutenml.jp,"Rakuten Group, Inc."
rakutenml.net,"Rakuten Group, Inc."
rakutenmobile-learning.com,"Rakuten Group, Inc."
rakutenmobile.com,"Rakuten Group, Inc."
rakutenmobile.net,"Rakuten Group, Inc."
rakutenmobilebiz.biz,"Rakuten Group, Inc."
rakutenmobilebiz.com,"Rakuten Group, Inc."
rakutenmobilebiz.info,"Rakuten Group, Inc."
rakutenmobilebiz.jp,"Rakuten Group, Inc."
rakutenmobilebiz.net,"Rakuten Group, Inc."
rakutenmobilehoujin.biz,"Rakuten Group, Inc."
rakutenmobilehoujin.com,"Rakuten Group, Inc."
rakutenmobilehoujin.info,"Rakuten Group, Inc."
rakutenmobilehoujin.jp,"Rakuten Group, Inc."
rakutenmobilehoujin.net,"Rakuten Group, Inc."
rakutenmusic.com,"Rakuten Group, Inc."
rakutenmusic.jp,"Rakuten Group, Inc."
rakutenmusic.net,"Rakuten Group, Inc."
rakutenmvno.com,"Rakuten Group, Inc."
rakutenmvno.jp,"Rakuten Group, Inc."
rakutenmvo.com,"Rakuten Group, Inc."
rakutenmvo.jp,"Rakuten Group, Inc."
rakutenmx.com,"Rakuten Group, Inc."
rakutenmy.com,"Rakuten Group, Inc."
rakutenmy.info,"Rakuten Group, Inc."
rakutenmy.net,"Rakuten Group, Inc."
rakutenmy.org,"Rakuten Group, Inc."
rakutenmyinfo.com,"Rakuten Group, Inc."
rakutenn.info,"Rakuten Group, Inc."
rakutenn.online,"Rakuten Group, Inc."
rakutennba.biz,"Rakuten Group, Inc."
rakutennba.com,"Rakuten Group, Inc."
rakutennba.info,"Rakuten Group, Inc."
rakutennba.jp,"Rakuten Group, Inc."
rakutennba.net,"Rakuten Group, Inc."
rakutennba.org,"Rakuten Group, Inc."
rakutennbank.com,"Rakuten Group, Inc."
rakutenncard.com,"Rakuten Group, Inc."
rakutenne.jp,"Rakuten Group, Inc."
rakutenneo.com,"Rakuten Group, Inc."
rakutenone.jp,"Rakuten Group, Inc."
rakutenone.net,"Rakuten Group, Inc."
rakutenonline.com,"Rakuten Group, Inc."
rakutenonline.jp,"Rakuten Group, Inc."
rakutenonline.net,"Rakuten Group, Inc."
rakutenonline.org,"Rakuten Group, Inc."
rakutenoptimism.com,"Rakuten Group, Inc."
rakutenor.jp,"Rakuten Group, Inc."
rakutenorder.com,"Rakuten Group, Inc."
rakutenorder.jp,"Rakuten Group, Inc."
rakutenorder.net,"Rakuten Group, Inc."
rakutenorder.org,"Rakuten Group, Inc."
rakutenoutlet.com,"Rakuten Group, Inc."
rakutenoutlet.jp,"Rakuten Group, Inc."
rakutenoutlet.net,"Rakuten Group, Inc."
rakutenoutlet.org,"Rakuten Group, Inc."
rakutenpay.app,"Rakuten Group, Inc."
rakutenpay.jp,"Rakuten Group, Inc."
rakutenphone.com,"Rakuten Group, Inc."
rakutenphone.jp,"Rakuten Group, Inc."
rakutenphone.net,"Rakuten Group, Inc."
rakutenplay.com,"Rakuten Group, Inc."
rakutenpoint-g.biz,"Rakuten Group, Inc."
rakutenpoint-g.com,"Rakuten Group, Inc."
rakutenpoint-g.info,"Rakuten Group, Inc."
rakutenpoint-g.jp,"Rakuten Group, Inc."
rakutenpoint-g.net,"Rakuten Group, Inc."
rakutenpoint-g.org,"Rakuten Group, Inc."
rakutenpoint-gallery.biz,"Rakuten Group, Inc."
rakutenpoint-gallery.com,"Rakuten Group, Inc."
rakutenpoint-gallery.info,"Rakuten Group, Inc."
rakutenpoint-gallery.jp,"Rakuten Group, Inc."
rakutenpoint-gallery.net,"Rakuten Group, Inc."
rakutenpoint-gallery.org,"Rakuten Group, Inc."
rakutenpoint.com,"Rakuten Group, Inc."
rakutenpoint.jp,"Rakuten Group, Inc."
rakutenpoint.net,"Rakuten Group, Inc."
rakutenpoint.org,"Rakuten Group, Inc."
rakutenpointgallery.com,"Rakuten Group, Inc."
rakutenpointgallery.info,"Rakuten Group, Inc."
rakutenpointgallery.jp,"Rakuten Group, Inc."
rakutenpointgallery.net,"Rakuten Group, Inc."
rakutenpointgallery.org,"Rakuten Group, Inc."
rakutenrakuma.com,"Rakuten Group, Inc."
rakutenrakuma.jp,"Rakuten Group, Inc."
rakutenrakuma.net,"Rakuten Group, Inc."
rakutenrakutenjplogistics.com,"Rakuten Group, Inc."
rakutenrakutenjplogistics.jp,"Rakuten Group, Inc."
rakutenraxy.com,"Rakuten Group, Inc."
rakutenready.com,"Rakuten Group, Inc."
rakutenrecipe.com,"Rakuten Group, Inc."
rakutenrecipe.jp,"Rakuten Group, Inc."
rakutenrescue.com,"Rakuten Group, Inc."
rakutens.info,"Rakuten Group, Inc."
rakutens.net,"Rakuten Group, Inc."
rakutensale.com,"Rakuten Group, Inc."
rakutensale.jp,"Rakuten Group, Inc."
rakutensale.net,"Rakuten Group, Inc."
rakutensale.org,"Rakuten Group, Inc."
rakutensales.com,"Rakuten Group, Inc."
rakutensales.jp,"Rakuten Group, Inc."
rakutensales.net,"Rakuten Group, Inc."
rakutensales.org,"Rakuten Group, Inc."
rakutensbank.com,"Rakuten Group, Inc."
rakutenscard.com,"Rakuten Group, Inc."
rakutensearch.net,"Rakuten Group, Inc."
rakutensec.app,"Rakuten Group, Inc."
rakutensecuritie.com,"Rakuten Group, Inc."
rakutensecurities.app,"Rakuten Group, Inc."
rakutensecurities.jp,"Rakuten Group, Inc."
rakutensecuritys.com,"Rakuten Group, Inc."
rakutenservice.jp,"Rakuten Group, Inc."
rakutenservice.net,"Rakuten Group, Inc."
rakutenservice.org,"Rakuten Group, Inc."
rakutenservices.com,"Rakuten Group, Inc."
rakutensf.com,"Rakuten Group, Inc."
rakutenshop.com,"Rakuten Group, Inc."
rakutenshop.jp,"Rakuten Group, Inc."
rakutenshop.net,"Rakuten Group, Inc."
rakutenshop.org,"Rakuten Group, Inc."
rakutenshopping.com,"Rakuten Group, Inc."
rakutenshopping.jp,"Rakuten Group, Inc."
rakutenshopping.net,"Rakuten Group, Inc."
rakutenshopping.org,"Rakuten Group, Inc."
rakutenshowtime.biz,"Rakuten Group, Inc."
rakutenshowtime.com,"Rakuten Group, Inc."
rakutenshowtime.info,"Rakuten Group, Inc."
rakutenshowtime.jp,"Rakuten Group, Inc."
rakutenshowtime.net,"Rakuten Group, Inc."
rakutenshowtime.org,"Rakuten Group, Inc."
rakutensinsa.com,"Rakuten Group, Inc."
rakutensinsaochi.com,"Rakuten Group, Inc."
rakutenstay.com,"Rakuten Group, Inc."
rakutenstay.jp,"Rakuten Group, Inc."
rakutenstay.net,"Rakuten Group, Inc."
rakutensucks.com,"Rakuten Group, Inc."
rakutensuperladies.com,"Rakuten Group, Inc."
rakutensuperpoint.com,"Rakuten Group, Inc."
rakutensuperpoint.jp,"Rakuten Group, Inc."
rakutensuperpoint.net,"Rakuten Group, Inc."
rakutensuperpoint.org,"Rakuten Group, Inc."
rakutensuperpoints.com,"Rakuten Group, Inc."
rakutensupersale.com,"Rakuten Group, Inc."
rakutensupersale.jp,"Rakuten Group, Inc."
rakutensupersale.net,"Rakuten Group, Inc."
rakutensupersale.org,"Rakuten Group, Inc."
rakutent.com,"Rakuten Group, Inc."
rakutentakarakuji.com,"Rakuten Group, Inc."
rakutentakarakuji.jp,"Rakuten Group, Inc."
rakutentakarakuji.net,"Rakuten Group, Inc."
rakutentakeout.com,"Rakuten Group, Inc."
rakutentoday.biz,"Rakuten Group, Inc."
rakutentoday.com,"Rakuten Group, Inc."
rakutentoday.info,"Rakuten Group, Inc."
rakutentoday.jp,"Rakuten Group, Inc."
rakutentoday.net,"Rakuten Group, Inc."
rakutentoday.org,"Rakuten Group, Inc."
rakutentoken.jp,"Rakuten Group, Inc."
rakutentoto.jp,"Rakuten Group, Inc."
rakutentoto.net,"Rakuten Group, Inc."
rakutentravel.jp,"Rakuten Group, Inc."
rakutentravel.net,"Rakuten Group, Inc."
rakutentv.biz,"Rakuten Group, Inc."
rakutentv.jp,"Rakuten Group, Inc."
rakutentw.com,"Rakuten Group, Inc."
rakutentw.info,"Rakuten Group, Inc."
rakutentw.net,"Rakuten Group, Inc."
rakutentw.org,"Rakuten Group, Inc."
rakutenuk.com,"Rakuten Group, Inc."
rakutenuk.info,"Rakuten Group, Inc."
rakutenuk.net,"Rakuten Group, Inc."
rakutenuk.org,"Rakuten Group, Inc."
rakutenus.info,"Rakuten Group, Inc."
rakutenus.net,"Rakuten Group, Inc."
rakutenus.org,"Rakuten Group, Inc."
rakutenusa.com,"Rakuten Group, Inc."
rakutenusa.info,"Rakuten Group, Inc."
rakutenusa.org,"Rakuten Group, Inc."
rakutenv.com,"Rakuten Group, Inc."
rakutenviber.biz,"Rakuten Group, Inc."
rakutenviber.org,"Rakuten Group, Inc."
rakutenwallet.jp,"Rakuten Group, Inc."
rakuter.jp,"Rakuten Group, Inc."
rakutern.com,"Rakuten Group, Inc."
rakutes.com,"Rakuten Group, Inc."
rakuteu.com,"Rakuten Group, Inc."
rakutn.info,"Rakuten Group, Inc."
rakutn.jp,"Rakuten Group, Inc."
rakutn.net,"Rakuten Group, Inc."
rakutn.online,"Rakuten Group, Inc."
rakutn.xyz,"Rakuten Group, Inc."
rakutne.com,"Rakuten Group, Inc."
rakutne.info,"Rakuten Group, Inc."
rakutne.jp,"Rakuten Group, Inc."
rakutne.net,"Rakuten Group, Inc."
rakutne.online,"Rakuten Group, Inc."
rakutne.xyz,"Rakuten Group, Inc."
rakutnebank.com,"Rakuten Group, Inc."
rakutnecard.com,"Rakuten Group, Inc."
rakuton.com,"Rakuten Group, Inc."
rakutren.com,"Rakuten Group, Inc."
rakutrn.com,"Rakuten Group, Inc."
rakutrn.info,"Rakuten Group, Inc."
rakutrn.jp,"Rakuten Group, Inc."
rakutrn.net,"Rakuten Group, Inc."
rakutrn.online,"Rakuten Group, Inc."
rakutrn.xyz,"Rakuten Group, Inc."
rakutrnbank.com,"Rakuten Group, Inc."
rakutrncard.com,"Rakuten Group, Inc."
rakutsn.info,"Rakuten Group, Inc."
rakutsn.net,"Rakuten Group, Inc."
rakutsn.online,"Rakuten Group, Inc."
rakutsn.xyz,"Rakuten Group, Inc."
rakutten.info,"Rakuten Group, Inc."
rakutten.jp,"Rakuten Group, Inc."
rakutten.net,"Rakuten Group, Inc."
rakutten.online,"Rakuten Group, Inc."
rakuttenbank.com,"Rakuten Group, Inc."
rakuttencard.com,"Rakuten Group, Inc."
rakutun.com,"Rakuten Group, Inc."
rakutwn.com,"Rakuten Group, Inc."
rakutwn.info,"Rakuten Group, Inc."
rakutwn.net,"Rakuten Group, Inc."
rakutwn.online,"Rakuten Group, Inc."
rakutwn.xyz,"Rakuten Group, Inc."
rakutwnbank.com,"Rakuten Group, Inc."
rakutwncard.com,"Rakuten Group, Inc."
rakutyn.com,"Rakuten Group, Inc."
rakuuten.info,"Rakuten Group, Inc."
rakuuten.jp,"Rakuten Group, Inc."
rakuuten.net,"Rakuten Group, Inc."
rakuuten.online,"Rakuten Group, Inc."
rakuutenbank.com,"Rakuten Group, Inc."
rakuutencard.com,"Rakuten Group, Inc."
rakuyen.info,"Rakuten Group, Inc."
rakuyen.jp,"Rakuten Group, Inc."
rakuyen.online,"Rakuten Group, Inc."
rakuyen.xyz,"Rakuten Group, Inc."
rakvten.com,"Rakuten Group, Inc."
rakyten.info,"Rakuten Group, Inc."
rakyten.jp,"Rakuten Group, Inc."
rakyten.net,"Rakuten Group, Inc."
rakyten.online,"Rakuten Group, Inc."
rakyten.xyz,"Rakuten Group, Inc."
raluten.com,"Rakuten Group, Inc."
raluten.info,"Rakuten Group, Inc."
raluten.jp,"Rakuten Group, Inc."
raluten.net,"Rakuten Group, Inc."
raluten.online,"Rakuten Group, Inc."
raluten.xyz,"Rakuten Group, Inc."
ralutenbank.com,"Rakuten Group, Inc."
ralutencard.com,"Rakuten Group, Inc."
rankuten.com,"Rakuten Group, Inc."
raukten.com,"Rakuten Group, Inc."
raukten.info,"Rakuten Group, Inc."
raukten.jp,"Rakuten Group, Inc."
raukten.net,"Rakuten Group, Inc."
raukten.online,"Rakuten Group, Inc."
raukten.xyz,"Rakuten Group, Inc."
rauktenbank.com,"Rakuten Group, Inc."
rauktencard.com,"Rakuten Group, Inc."
rauten.info,"Rakuten Group, Inc."
rauten.jp,"Rakuten Group, Inc."
rauten.online,"Rakuten Group, Inc."
rauten.xyz,"Rakuten Group, Inc."
rautken.com,"Rakuten Group, Inc."
raxy-rakuten.com,"Rakuten Group, Inc."
raxyrakuten.com,"Rakuten Group, Inc."
rcorplab.com,"Rakuten Group, Inc."
rcprakuten.com,primary
rdcnw.net,"Rakuten Group, Inc."
rdist.io,"Rakuten Group, Inc."
reciperakuten.com,"Rakuten Group, Inc."
reciperakuten.jp,"Rakuten Group, Inc."
reka10.com,"Rakuten Group, Inc."
reka10.net,"Rakuten Group, Inc."
reka10.org,"Rakuten Group, Inc."
rekaten.net,"Rakuten Group, Inc."
rekaten.org,"Rakuten Group, Inc."
reki10.com,"Rakuten Group, Inc."
reki10.net,"Rakuten Group, Inc."
reki10.org,"Rakuten Group, Inc."
rekit10.com,"Rakuten Group, Inc."
rekit10.net,"Rakuten Group, Inc."
rekit10.org,"Rakuten Group, Inc."
rekitan.org,"Rakuten Group, Inc."
rekiten.net,"Rakuten Group, Inc."
rekiten.org,"Rakuten Group, Inc."
rekitten.com,"Rakuten Group, Inc."
rekitten.net,"Rakuten Group, Inc."
rekitten.org,"Rakuten Group, Inc."
rekketan.com,"Rakuten Group, Inc."
rekketan.net,"Rakuten Group, Inc."
rekketan.org,"Rakuten Group, Inc."
rekki10.com,"Rakuten Group, Inc."
rekki10.net,"Rakuten Group, Inc."
rekki10.org,"Rakuten Group, Inc."
rekkiten.com,"Rakuten Group, Inc."
rekkiten.net,"Rakuten Group, Inc."
rekkiten.org,"Rakuten Group, Inc."
rekoo10.com,"Rakuten Group, Inc."
rekoo10.net,"Rakuten Group, Inc."
rekoo10.org,"Rakuten Group, Inc."
rekooten.com,"Rakuten Group, Inc."
rekooten.net,"Rakuten Group, Inc."
rekooten.org,"Rakuten Group, Inc."
reku10.com,"Rakuten Group, Inc."
reku10.net,"Rakuten Group, Inc."
reku10.org,"Rakuten Group, Inc."
rekuten.net,"Rakuten Group, Inc."
rekuten.org,"Rakuten Group, Inc."
rkauten.info,"Rakuten Group, Inc."
rkauten.net,"Rakuten Group, Inc."
rkauten.online,"Rakuten Group, Inc."
rkauten.xyz,"Rakuten Group, Inc."
rkuten.com,"Rakuten Group, Inc."
rkuten.info,"Rakuten Group, Inc."
rkuten.jp,"Rakuten Group, Inc."
rkuten.net,"Rakuten Group, Inc."
rkuten.online,"Rakuten Group, Inc."
rkuten.xyz,"Rakuten Group, Inc."
rkutenbank.com,"Rakuten Group, Inc."
rkutencard.com,"Rakuten Group, Inc."
rm-n.jp,"Rakuten Group, Inc."
rmb-ad.jp,"Rakuten, Inc."
rmb-adtest.jp,"Rakuten Group, Inc."
rmb-cs.jp,"Rakuten Group, Inc."
rmb-it.jp,"Rakuten Group, Inc."
rmb-lab.jp,"Rakuten Group, Inc."
rmb-shop.jp,"Rakuten Group, Inc."
rmb-ss.jp,"Rakuten Group, Inc."
rmccx.xyz,primary
roma-kvs.org,"Rakuten Group, Inc."
rpaas.net,"Rakuten Group, Inc."
rpay.us,"Rakuten Group, Inc."
rpnw.io,"Rakuten Group, Inc."
rpsp.jp,"Rakuten Group, Inc."
rrakuten.info,"Rakuten Group, Inc."
rrakuten.jp,"Rakuten Group, Inc."
rrakuten.net,"Rakuten Group, Inc."
rrakuten.online,"Rakuten Group, Inc."
rskuten.com,"Rakuten Group, Inc."
rskuten.jp,"Rakuten Group, Inc."
rsublab.com,"Rakuten Group, Inc."
rtgsearch.com,primary
rtoon.info,"Rakuten Group, Inc."
rtoon.jp,"Rakuten Group, Inc."
rtoon.org,"Rakuten Group, Inc."
ruakuten.jp,"Rakuten Group, Inc."
rwith.com,"Rakuten Group, Inc."
rwith.jp,"Rakuten Group, Inc."
rwiths.net,"Rakuten Group, Inc."
safety-rakuten.com,"Rakuten Group, Inc."
safetyrakuten.com,"Rakuten Group, Inc."
sale-rakuten.com,"Rakuten Group, Inc."
sale-rakuten.jp,"Rakuten Group, Inc."
sale-rakuten.net,"Rakuten Group, Inc."
sale-rakuten.org,"Rakuten Group, Inc."
salerakuten.com,"Rakuten Group, Inc."
salerakuten.jp,"Rakuten Group, Inc."
salerakuten.net,"Rakuten Group, Inc."
salerakuten.org,"Rakuten Group, Inc."
sales-rakuten.com,"Rakuten Group, Inc."
sales-rakuten.jp,"Rakuten Group, Inc."
sales-rakuten.net,"Rakuten Group, Inc."
sales-rakuten.org,"Rakuten Group, Inc."
salesrakuten.com,"Rakuten Group, Inc."
salesrakuten.jp,"Rakuten Group, Inc."
salesrakuten.net,"Rakuten Group, Inc."
salesrakuten.org,"Rakuten Group, Inc."
securityrakuten.com,"Rakuten Group, Inc."
securitysrakuten.com,"Rakuten Group, Inc."
send-anywhere.com,"Rakuten Group, Inc."
send-web.com,"Rakuten Group, Inc."
sendy.jp,"Rakuten Group, Inc."
sendycloud.com,"Rakuten Group, Inc."
service-rakuten.com,"Rakuten Group, Inc."
service-rakuten.jp,"Rakuten Group, Inc."
service-rakuten.net,"Rakuten Group, Inc."
service-rakuten.org,"Rakuten Group, Inc."
servicerakuten.com,"Rakuten Group, Inc."
servicerakuten.jp,"Rakuten Group, Inc."
servicerakuten.net,"Rakuten Group, Inc."
servicerakuten.org,"Rakuten Group, Inc."
servicesrakuten.com,"Rakuten Group, Inc."
shop-rakuten.com,"Rakuten Group, Inc."
shop-rakuten.jp,"Rakuten Group, Inc."
shop-rakuten.net,"Rakuten Group, Inc."
shop-rakuten.org,"Rakuten Group, Inc."
shopping-rakuten.com,"Rakuten Group, Inc."
shopping-rakuten.jp,"Rakuten Group, Inc."
shopping-rakuten.net,"Rakuten Group, Inc."
shopping-rakuten.org,"Rakuten Group, Inc."
shoppingrakuten.jp,"Rakuten Group, Inc."
shoppingrakuten.net,"Rakuten Group, Inc."
shoppingrakuten.org,"Rakuten Group, Inc."
shoprakuten.com,"Rakuten Group, Inc."
shoprakuten.jp,"Rakuten Group, Inc."
shoprakuten.net,"Rakuten Group, Inc."
shoprakuten.org,"Rakuten Group, Inc."
showtime-rakuten.biz,"Rakuten Group, Inc."
showtime-rakuten.com,"Rakuten Group, Inc."
showtime-rakuten.info,"Rakuten Group, Inc."
showtime-rakuten.jp,"Rakuten Group, Inc."
showtime-rakuten.net,"Rakuten Group, Inc."
showtime-rakuten.org,"Rakuten Group, Inc."
showtime.co.jp,"Rakuten Group, Inc."
showtime.jp,"Rakuten Group, Inc."
showtimerakuten.biz,"Rakuten Group, Inc."
showtimerakuten.com,"Rakuten Group, Inc."
showtimerakuten.info,"Rakuten Group, Inc."
showtimerakuten.jp,"Rakuten Group, Inc."
showtimerakuten.net,"Rakuten Group, Inc."
showtimerakuten.org,"Rakuten Group, Inc."
sim-page.net,"Rakuten Group, Inc."
sinsa-ochi-rakuten.com,"Rakuten Group, Inc."
sinsa-rakuten.com,"Rakuten Group, Inc."
sinsaochi-rakuten.com,"Rakuten Group, Inc."
sinsaochirakuten.com,"Rakuten Group, Inc."
sinsarakuten.com,"Rakuten Group, Inc."
siteforge.com,"Rakuten Group, Inc."
smapo.jp,"Rakuten Group, Inc."
sonpo-rakuten.com,"Rakuten, Inc."
soukai.co.jp,"Rakuten Group, Inc."
soukai.com,"Rakuten Group, Inc."
sourceofspam.com,"Rakuten, Inc."
sp-point.net,"Rakuten Group, Inc."
spamtest3.com,"Rakuten, Inc."
speedmeter.jp,"Rakuten, Inc."
spotribe.jp,"Rakuten Group, Inc."
static-showtime.jp,"Rakuten, Inc."
stay-rakuten.com,"Rakuten Group, Inc."
stay-rakuten.jp,"Rakuten Group, Inc."
stay-rakuten.net,"Rakuten Group, Inc."
stayrakuten.com,"Rakuten Group, Inc."
stg-pet.com,primary
stylife.co.jp,"Rakuten Group, Inc."
stylife.jp,"Rakuten Group, Inc."
superpoint-rakuten.com,"Rakuten Group, Inc."
superpoint-rakuten.jp,"Rakuten Group, Inc."
superpoint-rakuten.net,"Rakuten Group, Inc."
superpoint-rakuten.org,"Rakuten Group, Inc."
superpointrakuten.com,"Rakuten Group, Inc."
superpointrakuten.jp,"Rakuten Group, Inc."
superpointrakuten.net,"Rakuten Group, Inc."
superpointrakuten.org,"Rakuten Group, Inc."
superpoints.com,"Rakuten Group, Inc."
superpoints.info,"Rakuten Group, Inc."
superpoints.net,"Rakuten Group, Inc."
superpoints.tv,"Rakuten Group, Inc."
supersale-rakuten.com,"Rakuten Group, Inc."
supersale-rakuten.jp,"Rakuten Group, Inc."
supersale-rakuten.net,"Rakuten Group, Inc."
supersale-rakuten.org,"Rakuten Group, Inc."
supersalerakuten.com,"Rakuten Group, Inc."
supersalerakuten.jp,"Rakuten Group, Inc."
supersalerakuten.net,"Rakuten Group, Inc."
supersalerakuten.org,"Rakuten Group, Inc."
syf.jp,"Rakuten Group, Inc."
tabimado.jp,"Rakuten Group, Inc."
tabimado.net,"Rakuten Group, Inc."
takarakuji-rakuten.com,"Rakuten Group, Inc."
takarakuji-rakuten.jp,"Rakuten Group, Inc."
takarakuji-rakuten.net,"Rakuten Group, Inc."
takarakujirakuten.com,"Rakuten Group, Inc."
takarakujirakuten.jp,"Rakuten Group, Inc."
takarakujirakuten.net,"Rakuten Group, Inc."
takuten.jp,"Rakuten Group, Inc."
today-rakuten.biz,"Rakuten Group, Inc."
today-rakuten.com,"Rakuten Group, Inc."
today-rakuten.info,"Rakuten Group, Inc."
today-rakuten.jp,"Rakuten Group, Inc."
today-rakuten.net,"Rakuten Group, Inc."
today-rakuten.org,"Rakuten Group, Inc."
todayrakuten.biz,"Rakuten Group, Inc."
todayrakuten.com,"Rakuten Group, Inc."
todayrakuten.info,"Rakuten Group, Inc."
todayrakuten.jp,"Rakuten Group, Inc."
todayrakuten.net,"Rakuten Group, Inc."
todayrakuten.org,"Rakuten Group, Inc."
toto-rakuten.com,"Rakuten Group, Inc."
toto-rakuten.jp,"Rakuten Group, Inc."
toto-rakuten.net,"Rakuten Group, Inc."
totorakuten.com,"Rakuten Group, Inc."
totorakuten.jp,"Rakuten Group, Inc."
totorakuten.net,"Rakuten Group, Inc."
trafficgate.net,"Rakuten Group, Inc."
travel-rakuten.jp,"Rakuten Group, Inc."
travelrakuten.jp,"Rakuten Group, Inc."
travelrakuten.net,"Rakuten Group, Inc."
tstar.jp,"Rakuten Group, Inc."
tv-rakuten.biz,"Rakuten Group, Inc."
tv-rakuten.com,"Rakuten Group, Inc."
tv-rakuten.info,"Rakuten Group, Inc."
tv-rakuten.jp,"Rakuten Group, Inc."
tv-rakuten.net,"Rakuten Group, Inc."
tv-rakuten.org,"Rakuten Group, Inc."
tvrakuten.biz,"Rakuten Group, Inc."
tvrakuten.com,"Rakuten Group, Inc."
tvrakuten.info,"Rakuten Group, Inc."
tvrakuten.jp,"Rakuten Group, Inc."
tvrakuten.net,"Rakuten Group, Inc."
tvrakuten.org,"Rakuten Group, Inc."
tyms.net,"Rakuten Group, Inc."
uchinoco.net,"Rakuten Group, Inc."
viber-rakuten.org,"Rakuten Group, Inc."
viber.co.jp,"Rakuten Group, Inc."
viberrakuten.biz,"Rakuten Group, Inc."
videcom.jp,"Rakuten, Inc."
voyagin.asia,"Rakuten Group, Inc."
voyagin.co.jp,"Rakuten Group, Inc."
voyagin.jp,"Rakuten Group, Inc."
wrakuten.com,"Rakuten Group, Inc."
wubseries.com,"Rakuten Group, Inc."
www-rakuten.com,"Rakuten Group, Inc."
www-rakuten.jp,"Rakuten Group, Inc."
www-rakuten.net,"Rakuten Group, Inc."
www-rakuten.org,"Rakuten Group, Inc."
wwwplayfunds.com,"Rakuten Group, Inc."
wwwplaytrade.com,"Rakuten Group, Inc."
wwwrakuten.com,"Rakuten Group, Inc."
wwwrakuten.info,"Rakuten Group, Inc."
wwwrakuten.jp,"Rakuten Group, Inc."
wwwrakuten.net,"Rakuten Group, Inc."
wwwrakuten.online,"Rakuten Group, Inc."
wwwrakuten.org,"Rakuten Group, Inc."
wwwrakuten.xyz,"Rakuten Group, Inc."
wwwrakutenbank.com,"Rakuten Group, Inc."
wwwrakutenco.jp,"Rakuten Group, Inc."
wwwrakutenne.jp,"Rakuten Group, Inc."
wwwrakutenor.jp,"Rakuten Group, Inc."
xn--4dkua4c838wecr.com,"Rakuten Group, Inc."
xn--4dkua4c838wecr.net,"Rakuten Group, Inc."
xn--4dkua4c8827a.com,"Rakuten Group, Inc."
xn--4dkua4c8827a.jp,"Rakuten Group, Inc."
xn--4dkua4c8827a.net,"Rakuten Group, Inc."
xn--4dkua4cv48wecr.com,"Rakuten Group, Inc."
xn--4dkua4cv48wecr.jp,"Rakuten Group, Inc."
xn--4dkua4cv48wecr.net,"Rakuten Group, Inc."
xn--4dkua8554b.com,"Rakuten Group, Inc."
xn--4dkua8554b.jp,"Rakuten Group, Inc."
xn--4dkua8554b.net,"Rakuten Group, Inc."
xn--ecka5dya6i4e.jp,"Rakuten Group, Inc."
xn--eckvdtc9dr46vtqu.com,"Rakuten Group, Inc."
xn--eckvdtc9dr46vtqu.jp,"Rakuten Group, Inc."
xn--eckvdtc9dr46vtqu.net,"Rakuten Group, Inc."
xn--eckyb5b8ayd5g9bb5763gje8a.net,"Rakuten Group, Inc."
xn--fdk8a7bj0262ctqu.jp,"Rakuten Group, Inc."
xn--kckky6q7b7bx219bok1a.com,"Rakuten, Inc."
xn--kckky6q7b7bx219bok1a.net,"Rakuten, Inc."
xn--lck0cth959mecr.biz,"Rakuten Group, Inc."
xn--lck0cth959mecr.com,"Rakuten Group, Inc."
xn--lck0cth959mecr.jp,"Rakuten Group, Inc."
xn--lck0cth959mecr.net,"Rakuten Group, Inc."
xn--mgbgt0gi59cxh.xn--mgbbh1a,"Rakuten Group, Inc."
xn--mgbt8dp8wrj.xn--mgbgu82a,"Rakuten Group, Inc."
xn--pck0e5a.com,"Rakuten Group, Inc."
xn--pck3b9etb.biz,"Rakuten Group, Inc."
xn--pck3b9etb.com,"Rakuten Group, Inc."
xn--pck3b9etb.jp,"Rakuten Group, Inc."
xn--pck3b9etb.xn--tckwe,"Rakuten Group, Inc."
xn--pcks7au1p209u84xa.com,"Rakuten Group, Inc."
xn--pcks7au1p209u84xa.net,"Rakuten Group, Inc."
xn--pckua2a5e392ytqu.com,"Rakuten Group, Inc."
xn--pckua2a5e392ytqu.jp,"Rakuten Group, Inc."
xn--pckua2a5e392ytqu.net,"Rakuten Group, Inc."
xn--pgbn8d8uvf.xn--mgbbh1a,"Rakuten Group, Inc."
xn--pssd43of2y.jp,"Rakuten Group, Inc."
xn--rls1vl0j3no.jp,"Rakuten Group, Inc."
xn--rssv39a.biz,"Rakuten Group, Inc."
xn--rssv39a.club,"Rakuten Group, Inc."
xn--rssv39a.jp,"Rakuten Group, Inc."
xn--rssv39a.xn--tckwe,"Rakuten Group, Inc."
xn--rssx50b.xn--io0a7i,"Rakuten Group, Inc."
xn--y8j3b9etb.biz,"Rakuten Group, Inc."
xn--y8j3b9etb.jp,"Rakuten Group, Inc."
xn--y8j6ewak87c.com,"Rakuten Group, Inc."
xn--y8j6ewak87c.jp,"Rakuten Group, Inc."
xn--y8j6ewak87c.net,"Rakuten Group, Inc."
xn--yckc3dwa3472ctqu.com,"Rakuten Group, Inc."
xn--yckc3dwa3472ctqu.net,"Rakuten Group, Inc."
xola.biz,"Rakuten Group, Inc."
yoyakusuri.com,"Rakuten Group, Inc."
